geoid,year,measure,value,moe
11001,2010.0,NAICS22_Herfindalh_Hirschman_index,5706.51,
11001,2011.0,NAICS22_Herfindalh_Hirschman_index,5626.65,
11001,2012.0,NAICS22_Herfindalh_Hirschman_index,3570.56,
11001,2013.0,NAICS22_Herfindalh_Hirschman_index,5495.95,
11001,2014.0,NAICS22_Herfindalh_Hirschman_index,5486.78,
11001,2015.0,NAICS22_Herfindalh_Hirschman_index,2509.98,
11001,2016.0,NAICS22_Herfindalh_Hirschman_index,2643.1,
11001,2017.0,NAICS22_Herfindalh_Hirschman_index,2508.76,
11001,2018.0,NAICS22_Herfindalh_Hirschman_index,2348.26,
11001,2019.0,NAICS22_Herfindalh_Hirschman_index,2493.58,
11001,2020.0,NAICS22_Herfindalh_Hirschman_index,2615.55,
24017,2011.0,NAICS22_Herfindalh_Hirschman_index,1104.0,
24017,2012.0,NAICS22_Herfindalh_Hirschman_index,1337.87,
24017,2013.0,NAICS22_Herfindalh_Hirschman_index,1523.55,
24017,2014.0,NAICS22_Herfindalh_Hirschman_index,1578.95,
24017,2015.0,NAICS22_Herfindalh_Hirschman_index,3752.6,
24017,2016.0,NAICS22_Herfindalh_Hirschman_index,2662.5,
24017,2017.0,NAICS22_Herfindalh_Hirschman_index,2724.62,
24017,2018.0,NAICS22_Herfindalh_Hirschman_index,2005.21,
24017,2019.0,NAICS22_Herfindalh_Hirschman_index,2050.7,
24017,2020.0,NAICS22_Herfindalh_Hirschman_index,1441.75,
24021,2010.0,NAICS22_Herfindalh_Hirschman_index,10000.0,
24021,2011.0,NAICS22_Herfindalh_Hirschman_index,1851.85,
24021,2012.0,NAICS22_Herfindalh_Hirschman_index,1698.81,
24021,2013.0,NAICS22_Herfindalh_Hirschman_index,1988.89,
24021,2014.0,NAICS22_Herfindalh_Hirschman_index,1905.4,
24021,2015.0,NAICS22_Herfindalh_Hirschman_index,1409.28,
24021,2016.0,NAICS22_Herfindalh_Hirschman_index,1418.28,
24021,2017.0,NAICS22_Herfindalh_Hirschman_index,1532.88,
24021,2018.0,NAICS22_Herfindalh_Hirschman_index,1156.3,
24021,2019.0,NAICS22_Herfindalh_Hirschman_index,1152.58,
24021,2020.0,NAICS22_Herfindalh_Hirschman_index,1118.16,
24031,2010.0,NAICS22_Herfindalh_Hirschman_index,977.78,
24031,2011.0,NAICS22_Herfindalh_Hirschman_index,483.23,
24031,2012.0,NAICS22_Herfindalh_Hirschman_index,510.05,
24031,2013.0,NAICS22_Herfindalh_Hirschman_index,691.87,
24031,2014.0,NAICS22_Herfindalh_Hirschman_index,503.65,
24031,2015.0,NAICS22_Herfindalh_Hirschman_index,769.5,
24031,2016.0,NAICS22_Herfindalh_Hirschman_index,656.02,
24031,2017.0,NAICS22_Herfindalh_Hirschman_index,1550.39,
24031,2018.0,NAICS22_Herfindalh_Hirschman_index,1398.27,
24031,2019.0,NAICS22_Herfindalh_Hirschman_index,1161.26,
24031,2020.0,NAICS22_Herfindalh_Hirschman_index,936.65,
24033,2010.0,NAICS22_Herfindalh_Hirschman_index,2800.0,
24033,2011.0,NAICS22_Herfindalh_Hirschman_index,7460.43,
24033,2012.0,NAICS22_Herfindalh_Hirschman_index,7320.44,
24033,2013.0,NAICS22_Herfindalh_Hirschman_index,7252.61,
24033,2014.0,NAICS22_Herfindalh_Hirschman_index,7065.73,
24033,2015.0,NAICS22_Herfindalh_Hirschman_index,6390.04,
24033,2016.0,NAICS22_Herfindalh_Hirschman_index,7413.95,
24033,2017.0,NAICS22_Herfindalh_Hirschman_index,7038.76,
24033,2018.0,NAICS22_Herfindalh_Hirschman_index,6111.63,
24033,2019.0,NAICS22_Herfindalh_Hirschman_index,5803.35,
24033,2020.0,NAICS22_Herfindalh_Hirschman_index,6008.34,
51013,2010.0,NAICS22_Herfindalh_Hirschman_index,3750.0,
51013,2011.0,NAICS22_Herfindalh_Hirschman_index,4116.8,
51013,2012.0,NAICS22_Herfindalh_Hirschman_index,3947.06,
51013,2013.0,NAICS22_Herfindalh_Hirschman_index,3878.43,
51013,2014.0,NAICS22_Herfindalh_Hirschman_index,3912.59,
51013,2015.0,NAICS22_Herfindalh_Hirschman_index,3660.49,
51013,2016.0,NAICS22_Herfindalh_Hirschman_index,3569.97,
51013,2017.0,NAICS22_Herfindalh_Hirschman_index,3511.08,
51013,2018.0,NAICS22_Herfindalh_Hirschman_index,2889.75,
51013,2019.0,NAICS22_Herfindalh_Hirschman_index,2421.35,
51013,2020.0,NAICS22_Herfindalh_Hirschman_index,2324.76,
51059,2010.0,NAICS22_Herfindalh_Hirschman_index,1288.89,
51059,2011.0,NAICS22_Herfindalh_Hirschman_index,1930.81,
51059,2012.0,NAICS22_Herfindalh_Hirschman_index,2048.29,
51059,2013.0,NAICS22_Herfindalh_Hirschman_index,2479.89,
51059,2014.0,NAICS22_Herfindalh_Hirschman_index,2288.29,
51059,2015.0,NAICS22_Herfindalh_Hirschman_index,1487.67,
51059,2016.0,NAICS22_Herfindalh_Hirschman_index,1346.08,
51059,2017.0,NAICS22_Herfindalh_Hirschman_index,1377.89,
51059,2018.0,NAICS22_Herfindalh_Hirschman_index,1381.89,
51059,2019.0,NAICS22_Herfindalh_Hirschman_index,1359.06,
51059,2020.0,NAICS22_Herfindalh_Hirschman_index,1346.11,
51107,2010.0,NAICS22_Herfindalh_Hirschman_index,1715.98,
51107,2011.0,NAICS22_Herfindalh_Hirschman_index,1570.51,
51107,2012.0,NAICS22_Herfindalh_Hirschman_index,1570.51,
51107,2013.0,NAICS22_Herfindalh_Hirschman_index,1841.46,
51107,2014.0,NAICS22_Herfindalh_Hirschman_index,1659.84,
51107,2015.0,NAICS22_Herfindalh_Hirschman_index,1490.05,
51107,2016.0,NAICS22_Herfindalh_Hirschman_index,1446.32,
51107,2017.0,NAICS22_Herfindalh_Hirschman_index,1412.35,
51107,2018.0,NAICS22_Herfindalh_Hirschman_index,3757.01,
51107,2019.0,NAICS22_Herfindalh_Hirschman_index,3118.59,
51107,2020.0,NAICS22_Herfindalh_Hirschman_index,1059.24,
51153,2010.0,NAICS22_Herfindalh_Hirschman_index,2812.5,
51153,2011.0,NAICS22_Herfindalh_Hirschman_index,3088.23,
51153,2012.0,NAICS22_Herfindalh_Hirschman_index,3112.7,
51153,2013.0,NAICS22_Herfindalh_Hirschman_index,3040.7,
51153,2014.0,NAICS22_Herfindalh_Hirschman_index,3124.48,
51153,2015.0,NAICS22_Herfindalh_Hirschman_index,3051.68,
51153,2016.0,NAICS22_Herfindalh_Hirschman_index,3004.23,
51153,2017.0,NAICS22_Herfindalh_Hirschman_index,2977.02,
51153,2018.0,NAICS22_Herfindalh_Hirschman_index,2439.93,
51153,2019.0,NAICS22_Herfindalh_Hirschman_index,2455.23,
51153,2020.0,NAICS22_Herfindalh_Hirschman_index,2818.79,
51510,2011.0,NAICS22_Herfindalh_Hirschman_index,6147.59,
51510,2012.0,NAICS22_Herfindalh_Hirschman_index,5080.31,
51510,2013.0,NAICS22_Herfindalh_Hirschman_index,5312.5,
51510,2014.0,NAICS22_Herfindalh_Hirschman_index,6475.53,
51510,2015.0,NAICS22_Herfindalh_Hirschman_index,5318.87,
51510,2016.0,NAICS22_Herfindalh_Hirschman_index,4039.51,
51510,2017.0,NAICS22_Herfindalh_Hirschman_index,3533.85,
51510,2018.0,NAICS22_Herfindalh_Hirschman_index,4481.29,
51510,2019.0,NAICS22_Herfindalh_Hirschman_index,4769.09,
51510,2020.0,NAICS22_Herfindalh_Hirschman_index,5498.67,
51600,2011.0,NAICS22_Herfindalh_Hirschman_index,3469.39,
51600,2012.0,NAICS22_Herfindalh_Hirschman_index,5000.0,
51600,2013.0,NAICS22_Herfindalh_Hirschman_index,5000.0,
51600,2014.0,NAICS22_Herfindalh_Hirschman_index,5000.0,
51600,2015.0,NAICS22_Herfindalh_Hirschman_index,7278.11,
51600,2016.0,NAICS22_Herfindalh_Hirschman_index,6859.5,
51600,2017.0,NAICS22_Herfindalh_Hirschman_index,4048.0,
51600,2018.0,NAICS22_Herfindalh_Hirschman_index,4166.67,
51600,2019.0,NAICS22_Herfindalh_Hirschman_index,4173.55,
51600,2020.0,NAICS22_Herfindalh_Hirschman_index,2916.67,
51610,2011.0,NAICS22_Herfindalh_Hirschman_index,10000.0,
51610,2012.0,NAICS22_Herfindalh_Hirschman_index,5555.56,
51610,2013.0,NAICS22_Herfindalh_Hirschman_index,5555.56,
51610,2014.0,NAICS22_Herfindalh_Hirschman_index,5555.56,
51610,2015.0,NAICS22_Herfindalh_Hirschman_index,5555.56,
51610,2016.0,NAICS22_Herfindalh_Hirschman_index,5555.56,
51610,2017.0,NAICS22_Herfindalh_Hirschman_index,4285.71,
51610,2018.0,NAICS22_Herfindalh_Hirschman_index,6800.0,
51610,2019.0,NAICS22_Herfindalh_Hirschman_index,6800.0,
51610,2020.0,NAICS22_Herfindalh_Hirschman_index,6800.0,
51683,2011.0,NAICS22_Herfindalh_Hirschman_index,5555.56,
51683,2012.0,NAICS22_Herfindalh_Hirschman_index,5555.56,
51683,2013.0,NAICS22_Herfindalh_Hirschman_index,10000.0,
51683,2014.0,NAICS22_Herfindalh_Hirschman_index,10000.0,
51683,2015.0,NAICS22_Herfindalh_Hirschman_index,10000.0,
51683,2016.0,NAICS22_Herfindalh_Hirschman_index,5000.0,
51683,2017.0,NAICS22_Herfindalh_Hirschman_index,4710.74,
51683,2018.0,NAICS22_Herfindalh_Hirschman_index,4400.0,
51683,2019.0,NAICS22_Herfindalh_Hirschman_index,2291.67,
51683,2020.0,NAICS22_Herfindalh_Hirschman_index,2130.18,
51041,2010.0,NAICS22_Herfindalh_Hirschman_index,7500.38,
51041,2011.0,NAICS22_Herfindalh_Hirschman_index,2812.62,
51041,2012.0,NAICS22_Herfindalh_Hirschman_index,3038.87,
51041,2013.0,NAICS22_Herfindalh_Hirschman_index,2982.08,
51041,2014.0,NAICS22_Herfindalh_Hirschman_index,3947.37,
51041,2015.0,NAICS22_Herfindalh_Hirschman_index,2102.47,
51041,2016.0,NAICS22_Herfindalh_Hirschman_index,1872.05,
51041,2017.0,NAICS22_Herfindalh_Hirschman_index,1425.02,
51041,2018.0,NAICS22_Herfindalh_Hirschman_index,1394.67,
51041,2019.0,NAICS22_Herfindalh_Hirschman_index,1363.4,
51041,2020.0,NAICS22_Herfindalh_Hirschman_index,1308.25,
51087,2010.0,NAICS22_Herfindalh_Hirschman_index,9309.18,
51087,2011.0,NAICS22_Herfindalh_Hirschman_index,9202.4,
51087,2012.0,NAICS22_Herfindalh_Hirschman_index,9214.18,
51087,2013.0,NAICS22_Herfindalh_Hirschman_index,9214.18,
51087,2014.0,NAICS22_Herfindalh_Hirschman_index,9208.29,
51087,2015.0,NAICS22_Herfindalh_Hirschman_index,6008.59,
51087,2016.0,NAICS22_Herfindalh_Hirschman_index,9048.69,
51087,2017.0,NAICS22_Herfindalh_Hirschman_index,9074.48,
51087,2018.0,NAICS22_Herfindalh_Hirschman_index,9045.77,
51087,2019.0,NAICS22_Herfindalh_Hirschman_index,8942.89,
51087,2020.0,NAICS22_Herfindalh_Hirschman_index,8977.39,
51059,2010.0,NAICS22_Herfindalh_Hirschman_index,8575.5,
51059,2011.0,NAICS22_Herfindalh_Hirschman_index,3422.95,
51059,2012.0,NAICS22_Herfindalh_Hirschman_index,3460.61,
51059,2013.0,NAICS22_Herfindalh_Hirschman_index,3329.48,
51059,2014.0,NAICS22_Herfindalh_Hirschman_index,3120.09,
51059,2015.0,NAICS22_Herfindalh_Hirschman_index,1949.11,
51059,2016.0,NAICS22_Herfindalh_Hirschman_index,1775.67,
51059,2017.0,NAICS22_Herfindalh_Hirschman_index,1830.96,
51059,2018.0,NAICS22_Herfindalh_Hirschman_index,1673.63,
51059,2019.0,NAICS22_Herfindalh_Hirschman_index,1460.5,
51059,2020.0,NAICS22_Herfindalh_Hirschman_index,1406.18,
