geoid,year,measure,value,moe
11001000101,2021.0,othr_boys_pov_pct,0.0,
11001000102,2021.0,othr_boys_pov_pct,,
11001000201,2021.0,othr_boys_pov_pct,,
11001000202,2021.0,othr_boys_pov_pct,0.0,
11001000300,2021.0,othr_boys_pov_pct,0.0,
11001000400,2021.0,othr_boys_pov_pct,0.0,
11001000501,2021.0,othr_boys_pov_pct,0.0,
11001000502,2021.0,othr_boys_pov_pct,0.0,
11001000600,2021.0,othr_boys_pov_pct,0.0,
11001000702,2021.0,othr_boys_pov_pct,,
11001000703,2021.0,othr_boys_pov_pct,,
11001000704,2021.0,othr_boys_pov_pct,100.0,
11001000802,2021.0,othr_boys_pov_pct,0.0,
11001000803,2021.0,othr_boys_pov_pct,,
11001000804,2021.0,othr_boys_pov_pct,,
11001000902,2021.0,othr_boys_pov_pct,0.0,
11001000903,2021.0,othr_boys_pov_pct,0.0,
11001000904,2021.0,othr_boys_pov_pct,0.0,
11001001002,2021.0,othr_boys_pov_pct,0.0,
11001001003,2021.0,othr_boys_pov_pct,0.0,
11001001004,2021.0,othr_boys_pov_pct,0.0,
11001001100,2021.0,othr_boys_pov_pct,0.0,
11001001200,2021.0,othr_boys_pov_pct,0.0,
11001001301,2021.0,othr_boys_pov_pct,0.0,
11001001303,2021.0,othr_boys_pov_pct,,
11001001304,2021.0,othr_boys_pov_pct,0.0,
11001001401,2021.0,othr_boys_pov_pct,0.0,
11001001402,2021.0,othr_boys_pov_pct,0.0,
11001001500,2021.0,othr_boys_pov_pct,0.0,
11001001600,2021.0,othr_boys_pov_pct,0.0,
11001001702,2021.0,othr_boys_pov_pct,0.0,
11001001803,2021.0,othr_boys_pov_pct,4.697986577181208,
11001001804,2021.0,othr_boys_pov_pct,2.857142857142857,
11001001901,2021.0,othr_boys_pov_pct,0.0,
11001001902,2021.0,othr_boys_pov_pct,0.0,
11001002001,2021.0,othr_boys_pov_pct,37.34015345268542,
11001002002,2021.0,othr_boys_pov_pct,0.0,
11001002101,2021.0,othr_boys_pov_pct,0.0,
11001002102,2021.0,othr_boys_pov_pct,0.0,
11001002201,2021.0,othr_boys_pov_pct,0.0,
11001002202,2021.0,othr_boys_pov_pct,0.0,
11001002301,2021.0,othr_boys_pov_pct,0.0,
11001002302,2021.0,othr_boys_pov_pct,0.0,
11001002400,2021.0,othr_boys_pov_pct,0.0,
11001002501,2021.0,othr_boys_pov_pct,0.0,
11001002503,2021.0,othr_boys_pov_pct,9.848484848484848,
11001002504,2021.0,othr_boys_pov_pct,0.0,
11001002600,2021.0,othr_boys_pov_pct,0.0,
11001002702,2021.0,othr_boys_pov_pct,0.0,
11001002703,2021.0,othr_boys_pov_pct,,
11001002704,2021.0,othr_boys_pov_pct,0.0,
11001002801,2021.0,othr_boys_pov_pct,67.53731343283582,
11001002802,2021.0,othr_boys_pov_pct,59.60591133004926,
11001002900,2021.0,othr_boys_pov_pct,0.0,
11001003000,2021.0,othr_boys_pov_pct,0.0,
11001003100,2021.0,othr_boys_pov_pct,0.0,
11001003200,2021.0,othr_boys_pov_pct,0.0,
11001003301,2021.0,othr_boys_pov_pct,,
11001003302,2021.0,othr_boys_pov_pct,0.0,
11001003400,2021.0,othr_boys_pov_pct,0.0,
11001003500,2021.0,othr_boys_pov_pct,0.0,
11001003600,2021.0,othr_boys_pov_pct,0.0,
11001003701,2021.0,othr_boys_pov_pct,0.0,
11001003702,2021.0,othr_boys_pov_pct,,
11001003801,2021.0,othr_boys_pov_pct,0.0,
11001003802,2021.0,othr_boys_pov_pct,,
11001003901,2021.0,othr_boys_pov_pct,0.0,
11001003902,2021.0,othr_boys_pov_pct,0.0,
11001004001,2021.0,othr_boys_pov_pct,,
11001004002,2021.0,othr_boys_pov_pct,0.0,
11001004100,2021.0,othr_boys_pov_pct,,
11001004201,2021.0,othr_boys_pov_pct,,
11001004202,2021.0,othr_boys_pov_pct,0.0,
11001004300,2021.0,othr_boys_pov_pct,,
11001004401,2021.0,othr_boys_pov_pct,,
11001004402,2021.0,othr_boys_pov_pct,0.0,
11001004600,2021.0,othr_boys_pov_pct,0.0,
11001004702,2021.0,othr_boys_pov_pct,0.0,
11001004703,2021.0,othr_boys_pov_pct,,
11001004704,2021.0,othr_boys_pov_pct,,
11001004801,2021.0,othr_boys_pov_pct,0.0,
11001004802,2021.0,othr_boys_pov_pct,0.0,
11001004901,2021.0,othr_boys_pov_pct,0.0,
11001004902,2021.0,othr_boys_pov_pct,,
11001005001,2021.0,othr_boys_pov_pct,0.0,
11001005003,2021.0,othr_boys_pov_pct,,
11001005004,2021.0,othr_boys_pov_pct,0.0,
11001005202,2021.0,othr_boys_pov_pct,,
11001005203,2021.0,othr_boys_pov_pct,0.0,
11001005302,2021.0,othr_boys_pov_pct,0.0,
11001005303,2021.0,othr_boys_pov_pct,,
11001005501,2021.0,othr_boys_pov_pct,,
11001005502,2021.0,othr_boys_pov_pct,,
11001005503,2021.0,othr_boys_pov_pct,,
11001005601,2021.0,othr_boys_pov_pct,,
11001005602,2021.0,othr_boys_pov_pct,,
11001005801,2021.0,othr_boys_pov_pct,,
11001005802,2021.0,othr_boys_pov_pct,0.0,
11001005900,2021.0,othr_boys_pov_pct,,
11001006400,2021.0,othr_boys_pov_pct,0.0,
11001006500,2021.0,othr_boys_pov_pct,,
11001006600,2021.0,othr_boys_pov_pct,0.0,
11001006700,2021.0,othr_boys_pov_pct,0.0,
11001006801,2021.0,othr_boys_pov_pct,0.0,
11001006802,2021.0,othr_boys_pov_pct,0.0,
11001006804,2021.0,othr_boys_pov_pct,,
11001006900,2021.0,othr_boys_pov_pct,0.0,
11001007000,2021.0,othr_boys_pov_pct,0.0,
11001007100,2021.0,othr_boys_pov_pct,,
11001007201,2021.0,othr_boys_pov_pct,,
11001007202,2021.0,othr_boys_pov_pct,0.0,
11001007203,2021.0,othr_boys_pov_pct,,
11001007301,2021.0,othr_boys_pov_pct,0.0,
11001007304,2021.0,othr_boys_pov_pct,0.0,
11001007401,2021.0,othr_boys_pov_pct,,
11001007403,2021.0,othr_boys_pov_pct,100.0,
11001007404,2021.0,othr_boys_pov_pct,100.0,
11001007406,2021.0,othr_boys_pov_pct,71.23287671232876,
11001007407,2021.0,othr_boys_pov_pct,,
11001007408,2021.0,othr_boys_pov_pct,,
11001007409,2021.0,othr_boys_pov_pct,100.0,
11001007502,2021.0,othr_boys_pov_pct,,
11001007503,2021.0,othr_boys_pov_pct,,
11001007504,2021.0,othr_boys_pov_pct,,
11001007601,2021.0,othr_boys_pov_pct,0.0,
11001007603,2021.0,othr_boys_pov_pct,,
11001007604,2021.0,othr_boys_pov_pct,74.07407407407408,
11001007605,2021.0,othr_boys_pov_pct,,
11001007703,2021.0,othr_boys_pov_pct,100.0,
11001007707,2021.0,othr_boys_pov_pct,,
11001007708,2021.0,othr_boys_pov_pct,100.0,
11001007709,2021.0,othr_boys_pov_pct,0.0,
11001007803,2021.0,othr_boys_pov_pct,0.0,
11001007804,2021.0,othr_boys_pov_pct,49.20634920634921,
11001007806,2021.0,othr_boys_pov_pct,,
11001007807,2021.0,othr_boys_pov_pct,0.0,
11001007808,2021.0,othr_boys_pov_pct,,
11001007809,2021.0,othr_boys_pov_pct,100.0,
11001007901,2021.0,othr_boys_pov_pct,0.0,
11001007903,2021.0,othr_boys_pov_pct,0.0,
11001008001,2021.0,othr_boys_pov_pct,0.0,
11001008002,2021.0,othr_boys_pov_pct,0.0,
11001008100,2021.0,othr_boys_pov_pct,,
11001008200,2021.0,othr_boys_pov_pct,0.0,
11001008301,2021.0,othr_boys_pov_pct,0.0,
11001008302,2021.0,othr_boys_pov_pct,0.0,
11001008402,2021.0,othr_boys_pov_pct,0.0,
11001008410,2021.0,othr_boys_pov_pct,0.0,
11001008701,2021.0,othr_boys_pov_pct,0.0,
11001008702,2021.0,othr_boys_pov_pct,,
11001008802,2021.0,othr_boys_pov_pct,0.0,
11001008803,2021.0,othr_boys_pov_pct,0.0,
11001008804,2021.0,othr_boys_pov_pct,100.0,
11001008903,2021.0,othr_boys_pov_pct,,
11001008904,2021.0,othr_boys_pov_pct,48.41269841269841,
11001009000,2021.0,othr_boys_pov_pct,0.0,
11001009102,2021.0,othr_boys_pov_pct,90.65420560747664,
11001009201,2021.0,othr_boys_pov_pct,0.0,
11001009203,2021.0,othr_boys_pov_pct,0.0,
11001009204,2021.0,othr_boys_pov_pct,0.0,
11001009301,2021.0,othr_boys_pov_pct,0.0,
11001009302,2021.0,othr_boys_pov_pct,0.0,
11001009400,2021.0,othr_boys_pov_pct,0.0,
11001009503,2021.0,othr_boys_pov_pct,,
11001009504,2021.0,othr_boys_pov_pct,0.0,
11001009505,2021.0,othr_boys_pov_pct,,
11001009507,2021.0,othr_boys_pov_pct,0.0,
11001009508,2021.0,othr_boys_pov_pct,44.0,
11001009509,2021.0,othr_boys_pov_pct,0.0,
11001009510,2021.0,othr_boys_pov_pct,0.0,
11001009511,2021.0,othr_boys_pov_pct,,
11001009601,2021.0,othr_boys_pov_pct,,
11001009602,2021.0,othr_boys_pov_pct,0.0,
11001009603,2021.0,othr_boys_pov_pct,0.0,
11001009604,2021.0,othr_boys_pov_pct,,
11001009700,2021.0,othr_boys_pov_pct,,
11001009801,2021.0,othr_boys_pov_pct,,
11001009802,2021.0,othr_boys_pov_pct,,
11001009803,2021.0,othr_boys_pov_pct,0.0,
11001009804,2021.0,othr_boys_pov_pct,78.4090909090909,
11001009807,2021.0,othr_boys_pov_pct,0.0,
11001009810,2021.0,othr_boys_pov_pct,0.0,
11001009811,2021.0,othr_boys_pov_pct,,
11001009901,2021.0,othr_boys_pov_pct,0.0,
11001009902,2021.0,othr_boys_pov_pct,,
11001009903,2021.0,othr_boys_pov_pct,,
11001009904,2021.0,othr_boys_pov_pct,51.16279069767442,
11001009905,2021.0,othr_boys_pov_pct,100.0,
11001009906,2021.0,othr_boys_pov_pct,,
11001009907,2021.0,othr_boys_pov_pct,,
11001010100,2021.0,othr_boys_pov_pct,,
11001010201,2021.0,othr_boys_pov_pct,0.0,
11001010202,2021.0,othr_boys_pov_pct,0.0,
11001010300,2021.0,othr_boys_pov_pct,25.602409638554217,
11001010400,2021.0,othr_boys_pov_pct,,
11001010500,2021.0,othr_boys_pov_pct,0.0,
11001010601,2021.0,othr_boys_pov_pct,,
11001010602,2021.0,othr_boys_pov_pct,0.0,
11001010603,2021.0,othr_boys_pov_pct,,
11001010700,2021.0,othr_boys_pov_pct,0.0,
11001010800,2021.0,othr_boys_pov_pct,,
11001010900,2021.0,othr_boys_pov_pct,0.0,
11001011001,2021.0,othr_boys_pov_pct,,
11001011002,2021.0,othr_boys_pov_pct,,
11001011100,2021.0,othr_boys_pov_pct,0.0,
11001980000,2021.0,othr_boys_pov_pct,,
24017850101,2021.0,othr_boys_pov_pct,,
24017850102,2021.0,othr_boys_pov_pct,,
24017850201,2021.0,othr_boys_pov_pct,,
24017850202,2021.0,othr_boys_pov_pct,0.0,
24017850300,2021.0,othr_boys_pov_pct,0.0,
24017850400,2021.0,othr_boys_pov_pct,0.0,
24017850500,2021.0,othr_boys_pov_pct,0.0,
24017850600,2021.0,othr_boys_pov_pct,0.0,
24017850706,2021.0,othr_boys_pov_pct,0.0,
24017850708,2021.0,othr_boys_pov_pct,0.0,
24017850709,2021.0,othr_boys_pov_pct,0.0,
24017850710,2021.0,othr_boys_pov_pct,10.96774193548387,
24017850711,2021.0,othr_boys_pov_pct,,
24017850712,2021.0,othr_boys_pov_pct,0.0,
24017850713,2021.0,othr_boys_pov_pct,0.0,
24017850801,2021.0,othr_boys_pov_pct,0.0,
24017850802,2021.0,othr_boys_pov_pct,37.5234521575985,
24017850901,2021.0,othr_boys_pov_pct,57.48031496062992,
24017850902,2021.0,othr_boys_pov_pct,0.0,
24017850904,2021.0,othr_boys_pov_pct,0.0,
24017850905,2021.0,othr_boys_pov_pct,0.0,
24017850906,2021.0,othr_boys_pov_pct,78.26086956521739,
24017851001,2021.0,othr_boys_pov_pct,0.0,
24017851003,2021.0,othr_boys_pov_pct,0.0,
24017851004,2021.0,othr_boys_pov_pct,0.0,
24017851100,2021.0,othr_boys_pov_pct,21.73913043478261,
24017851200,2021.0,othr_boys_pov_pct,0.0,
24017851301,2021.0,othr_boys_pov_pct,11.864406779661016,
24017851302,2021.0,othr_boys_pov_pct,26.98961937716263,
24017851401,2021.0,othr_boys_pov_pct,53.2258064516129,
24017851402,2021.0,othr_boys_pov_pct,0.0,
24017851403,2021.0,othr_boys_pov_pct,0.0,
24017851501,2021.0,othr_boys_pov_pct,,
24017851502,2021.0,othr_boys_pov_pct,57.28155339805825,
24017990000,2021.0,othr_boys_pov_pct,,
24021740200,2021.0,othr_boys_pov_pct,0.0,
24021750100,2021.0,othr_boys_pov_pct,0.0,
24021750200,2021.0,othr_boys_pov_pct,,
24021750300,2021.0,othr_boys_pov_pct,0.0,
24021750504,2021.0,othr_boys_pov_pct,19.90049751243781,
24021750505,2021.0,othr_boys_pov_pct,9.223300970873789,
24021750506,2021.0,othr_boys_pov_pct,10.20408163265306,
24021750507,2021.0,othr_boys_pov_pct,0.0,
24021750508,2021.0,othr_boys_pov_pct,,
24021750600,2021.0,othr_boys_pov_pct,,
24021750701,2021.0,othr_boys_pov_pct,17.56756756756757,
24021750702,2021.0,othr_boys_pov_pct,0.0,
24021750801,2021.0,othr_boys_pov_pct,0.0,
24021750802,2021.0,othr_boys_pov_pct,34.86238532110092,
24021750804,2021.0,othr_boys_pov_pct,,
24021750805,2021.0,othr_boys_pov_pct,0.0,
24021751001,2021.0,othr_boys_pov_pct,0.0,
24021751002,2021.0,othr_boys_pov_pct,0.0,
24021751003,2021.0,othr_boys_pov_pct,37.83783783783784,
24021751004,2021.0,othr_boys_pov_pct,22.54901960784314,
24021751201,2021.0,othr_boys_pov_pct,0.0,
24021751202,2021.0,othr_boys_pov_pct,89.05660377358491,
24021751203,2021.0,othr_boys_pov_pct,,
24021751301,2021.0,othr_boys_pov_pct,14.545454545454543,
24021751302,2021.0,othr_boys_pov_pct,0.0,
24021751600,2021.0,othr_boys_pov_pct,29.166666666666668,
24021751701,2021.0,othr_boys_pov_pct,,
24021751702,2021.0,othr_boys_pov_pct,,
24021751801,2021.0,othr_boys_pov_pct,0.0,
24021751802,2021.0,othr_boys_pov_pct,0.0,
24021751902,2021.0,othr_boys_pov_pct,0.0,
24021751903,2021.0,othr_boys_pov_pct,,
24021751904,2021.0,othr_boys_pov_pct,0.0,
24021751905,2021.0,othr_boys_pov_pct,0.0,
24021751906,2021.0,othr_boys_pov_pct,0.0,
24021752001,2021.0,othr_boys_pov_pct,37.333333333333336,
24021752101,2021.0,othr_boys_pov_pct,0.0,
24021752102,2021.0,othr_boys_pov_pct,0.0,
24021752201,2021.0,othr_boys_pov_pct,0.0,
24021752202,2021.0,othr_boys_pov_pct,0.0,
24021752205,2021.0,othr_boys_pov_pct,0.0,
24021752206,2021.0,othr_boys_pov_pct,0.0,
24021752301,2021.0,othr_boys_pov_pct,13.709677419354838,
24021752302,2021.0,othr_boys_pov_pct,0.0,
24021752303,2021.0,othr_boys_pov_pct,0.0,
24021752501,2021.0,othr_boys_pov_pct,60.869565217391305,
24021752502,2021.0,othr_boys_pov_pct,19.565217391304348,
24021752601,2021.0,othr_boys_pov_pct,0.0,
24021752602,2021.0,othr_boys_pov_pct,,
24021752603,2021.0,othr_boys_pov_pct,0.0,
24021752801,2021.0,othr_boys_pov_pct,0.0,
24021752802,2021.0,othr_boys_pov_pct,12.903225806451612,
24021752900,2021.0,othr_boys_pov_pct,0.0,
24021753001,2021.0,othr_boys_pov_pct,0.0,
24021753002,2021.0,othr_boys_pov_pct,71.875,
24021765100,2021.0,othr_boys_pov_pct,0.0,
24021766800,2021.0,othr_boys_pov_pct,0.0,
24021767500,2021.0,othr_boys_pov_pct,0.0,
24021767600,2021.0,othr_boys_pov_pct,0.0,
24021770700,2021.0,othr_boys_pov_pct,0.0,
24021772200,2021.0,othr_boys_pov_pct,51.35135135135136,
24021773500,2021.0,othr_boys_pov_pct,0.0,
24021775302,2021.0,othr_boys_pov_pct,18.33333333333333,
24021775400,2021.0,othr_boys_pov_pct,0.0,
24021775600,2021.0,othr_boys_pov_pct,0.0,
24031700101,2021.0,othr_boys_pov_pct,0.0,
24031700103,2021.0,othr_boys_pov_pct,0.0,
24031700104,2021.0,othr_boys_pov_pct,0.0,
24031700105,2021.0,othr_boys_pov_pct,2.644628099173554,
24031700204,2021.0,othr_boys_pov_pct,0.0,
24031700206,2021.0,othr_boys_pov_pct,0.0,
24031700207,2021.0,othr_boys_pov_pct,9.352517985611511,
24031700208,2021.0,othr_boys_pov_pct,0.0,
24031700209,2021.0,othr_boys_pov_pct,,
24031700210,2021.0,othr_boys_pov_pct,14.733542319749215,
24031700306,2021.0,othr_boys_pov_pct,0.0,
24031700308,2021.0,othr_boys_pov_pct,0.0,
24031700309,2021.0,othr_boys_pov_pct,0.0,
24031700310,2021.0,othr_boys_pov_pct,75.86206896551724,
24031700313,2021.0,othr_boys_pov_pct,0.0,
24031700314,2021.0,othr_boys_pov_pct,0.0,
24031700315,2021.0,othr_boys_pov_pct,0.0,
24031700316,2021.0,othr_boys_pov_pct,0.0,
24031700317,2021.0,othr_boys_pov_pct,0.0,
24031700318,2021.0,othr_boys_pov_pct,0.0,
24031700400,2021.0,othr_boys_pov_pct,0.0,
24031700500,2021.0,othr_boys_pov_pct,0.0,
24031700604,2021.0,othr_boys_pov_pct,0.0,
24031700606,2021.0,othr_boys_pov_pct,0.0,
24031700608,2021.0,othr_boys_pov_pct,0.0,
24031700610,2021.0,othr_boys_pov_pct,2.631578947368421,
24031700611,2021.0,othr_boys_pov_pct,0.0,
24031700613,2021.0,othr_boys_pov_pct,0.0,
24031700614,2021.0,othr_boys_pov_pct,0.0,
24031700615,2021.0,othr_boys_pov_pct,0.0,
24031700616,2021.0,othr_boys_pov_pct,0.0,
24031700617,2021.0,othr_boys_pov_pct,0.0,
24031700618,2021.0,othr_boys_pov_pct,0.0,
24031700706,2021.0,othr_boys_pov_pct,0.0,
24031700710,2021.0,othr_boys_pov_pct,0.0,
24031700711,2021.0,othr_boys_pov_pct,0.0,
24031700713,2021.0,othr_boys_pov_pct,28.76949740034662,
24031700715,2021.0,othr_boys_pov_pct,8.60655737704918,
24031700718,2021.0,othr_boys_pov_pct,43.58974358974359,
24031700720,2021.0,othr_boys_pov_pct,0.0,
24031700721,2021.0,othr_boys_pov_pct,6.077348066298343,
24031700723,2021.0,othr_boys_pov_pct,0.0,
24031700724,2021.0,othr_boys_pov_pct,36.97478991596638,
24031700725,2021.0,othr_boys_pov_pct,71.96652719665272,
24031700726,2021.0,othr_boys_pov_pct,43.17548746518106,
24031700727,2021.0,othr_boys_pov_pct,37.22943722943723,
24031700728,2021.0,othr_boys_pov_pct,18.26086956521739,
24031700729,2021.0,othr_boys_pov_pct,0.0,
24031700730,2021.0,othr_boys_pov_pct,0.0,
24031700731,2021.0,othr_boys_pov_pct,26.277372262773724,
24031700732,2021.0,othr_boys_pov_pct,54.42176870748299,
24031700733,2021.0,othr_boys_pov_pct,60.869565217391305,
24031700810,2021.0,othr_boys_pov_pct,14.218009478672986,
24031700811,2021.0,othr_boys_pov_pct,0.0,
24031700812,2021.0,othr_boys_pov_pct,0.0,
24031700813,2021.0,othr_boys_pov_pct,8.088235294117647,
24031700815,2021.0,othr_boys_pov_pct,11.608623548922056,
24031700818,2021.0,othr_boys_pov_pct,57.80051150895141,
24031700819,2021.0,othr_boys_pov_pct,0.0,
24031700820,2021.0,othr_boys_pov_pct,1.0416666666666667,
24031700822,2021.0,othr_boys_pov_pct,0.0,
24031700823,2021.0,othr_boys_pov_pct,0.0,
24031700824,2021.0,othr_boys_pov_pct,0.0,
24031700826,2021.0,othr_boys_pov_pct,0.0,
24031700828,2021.0,othr_boys_pov_pct,0.0,
24031700829,2021.0,othr_boys_pov_pct,0.0,
24031700830,2021.0,othr_boys_pov_pct,15.789473684210526,
24031700832,2021.0,othr_boys_pov_pct,0.0,
24031700833,2021.0,othr_boys_pov_pct,41.66666666666666,
24031700834,2021.0,othr_boys_pov_pct,87.35955056179775,
24031700835,2021.0,othr_boys_pov_pct,0.0,
24031700836,2021.0,othr_boys_pov_pct,,
24031700837,2021.0,othr_boys_pov_pct,28.185328185328185,
24031700838,2021.0,othr_boys_pov_pct,,
24031700839,2021.0,othr_boys_pov_pct,0.0,
24031700901,2021.0,othr_boys_pov_pct,0.0,
24031700902,2021.0,othr_boys_pov_pct,8.878504672897197,
24031700903,2021.0,othr_boys_pov_pct,40.12738853503185,
24031700904,2021.0,othr_boys_pov_pct,0.0,
24031700905,2021.0,othr_boys_pov_pct,0.0,
24031701001,2021.0,othr_boys_pov_pct,0.0,
24031701002,2021.0,othr_boys_pov_pct,0.0,
24031701004,2021.0,othr_boys_pov_pct,0.0,
24031701005,2021.0,othr_boys_pov_pct,0.0,
24031701006,2021.0,othr_boys_pov_pct,0.0,
24031701007,2021.0,othr_boys_pov_pct,0.0,
24031701101,2021.0,othr_boys_pov_pct,0.0,
24031701102,2021.0,othr_boys_pov_pct,89.89583333333333,
24031701201,2021.0,othr_boys_pov_pct,0.0,
24031701202,2021.0,othr_boys_pov_pct,0.0,
24031701205,2021.0,othr_boys_pov_pct,0.0,
24031701206,2021.0,othr_boys_pov_pct,0.0,
24031701210,2021.0,othr_boys_pov_pct,0.0,
24031701211,2021.0,othr_boys_pov_pct,0.0,
24031701212,2021.0,othr_boys_pov_pct,0.0,
24031701214,2021.0,othr_boys_pov_pct,0.0,
24031701215,2021.0,othr_boys_pov_pct,0.0,
24031701216,2021.0,othr_boys_pov_pct,0.0,
24031701218,2021.0,othr_boys_pov_pct,0.0,
24031701219,2021.0,othr_boys_pov_pct,0.0,
24031701220,2021.0,othr_boys_pov_pct,0.0,
24031701221,2021.0,othr_boys_pov_pct,0.0,
24031701222,2021.0,othr_boys_pov_pct,0.0,
24031701223,2021.0,othr_boys_pov_pct,0.0,
24031701303,2021.0,othr_boys_pov_pct,0.0,
24031701304,2021.0,othr_boys_pov_pct,0.0,
24031701306,2021.0,othr_boys_pov_pct,,
24031701307,2021.0,othr_boys_pov_pct,0.0,
24031701308,2021.0,othr_boys_pov_pct,0.0,
24031701312,2021.0,othr_boys_pov_pct,0.0,
24031701313,2021.0,othr_boys_pov_pct,0.0,
24031701314,2021.0,othr_boys_pov_pct,0.0,
24031701315,2021.0,othr_boys_pov_pct,0.0,
24031701316,2021.0,othr_boys_pov_pct,0.0,
24031701317,2021.0,othr_boys_pov_pct,0.0,
24031701407,2021.0,othr_boys_pov_pct,0.0,
24031701408,2021.0,othr_boys_pov_pct,0.0,
24031701409,2021.0,othr_boys_pov_pct,0.0,
24031701414,2021.0,othr_boys_pov_pct,0.0,
24031701415,2021.0,othr_boys_pov_pct,0.0,
24031701417,2021.0,othr_boys_pov_pct,0.0,
24031701418,2021.0,othr_boys_pov_pct,0.0,
24031701422,2021.0,othr_boys_pov_pct,0.0,
24031701423,2021.0,othr_boys_pov_pct,0.0,
24031701424,2021.0,othr_boys_pov_pct,0.0,
24031701425,2021.0,othr_boys_pov_pct,22.36842105263158,
24031701426,2021.0,othr_boys_pov_pct,0.0,
24031701427,2021.0,othr_boys_pov_pct,0.0,
24031701503,2021.0,othr_boys_pov_pct,0.0,
24031701505,2021.0,othr_boys_pov_pct,9.345794392523365,
24031701506,2021.0,othr_boys_pov_pct,9.16030534351145,
24031701507,2021.0,othr_boys_pov_pct,32.41379310344828,
24031701508,2021.0,othr_boys_pov_pct,0.0,
24031701509,2021.0,othr_boys_pov_pct,4.644808743169399,
24031701601,2021.0,othr_boys_pov_pct,24.17582417582417,
24031701602,2021.0,othr_boys_pov_pct,7.285714285714286,
24031701701,2021.0,othr_boys_pov_pct,0.0,
24031701702,2021.0,othr_boys_pov_pct,0.0,
24031701703,2021.0,othr_boys_pov_pct,43.75,
24031701704,2021.0,othr_boys_pov_pct,0.0,
24031701800,2021.0,othr_boys_pov_pct,16.071428571428573,
24031701900,2021.0,othr_boys_pov_pct,72.02970297029702,
24031702000,2021.0,othr_boys_pov_pct,9.987966305655837,
24031702101,2021.0,othr_boys_pov_pct,15.514993481095177,
24031702102,2021.0,othr_boys_pov_pct,0.0,
24031702200,2021.0,othr_boys_pov_pct,0.0,
24031702301,2021.0,othr_boys_pov_pct,9.642857142857142,
24031702302,2021.0,othr_boys_pov_pct,8.98876404494382,
24031702401,2021.0,othr_boys_pov_pct,7.407407407407407,
24031702402,2021.0,othr_boys_pov_pct,0.0,
24031702501,2021.0,othr_boys_pov_pct,,
24031702502,2021.0,othr_boys_pov_pct,,
24031702503,2021.0,othr_boys_pov_pct,0.0,
24031702602,2021.0,othr_boys_pov_pct,0.0,
24031702603,2021.0,othr_boys_pov_pct,0.0,
24031702604,2021.0,othr_boys_pov_pct,100.0,
24031702700,2021.0,othr_boys_pov_pct,24.17582417582417,
24031702800,2021.0,othr_boys_pov_pct,0.0,
24031702900,2021.0,othr_boys_pov_pct,0.0,
24031703000,2021.0,othr_boys_pov_pct,0.0,
24031703100,2021.0,othr_boys_pov_pct,0.0,
24031703201,2021.0,othr_boys_pov_pct,0.0,
24031703202,2021.0,othr_boys_pov_pct,0.0,
24031703206,2021.0,othr_boys_pov_pct,0.0,
24031703207,2021.0,othr_boys_pov_pct,27.075812274368232,
24031703208,2021.0,othr_boys_pov_pct,0.0,
24031703209,2021.0,othr_boys_pov_pct,,
24031703210,2021.0,othr_boys_pov_pct,0.0,
24031703213,2021.0,othr_boys_pov_pct,0.0,
24031703214,2021.0,othr_boys_pov_pct,23.36065573770492,
24031703215,2021.0,othr_boys_pov_pct,22.131147540983605,
24031703216,2021.0,othr_boys_pov_pct,,
24031703218,2021.0,othr_boys_pov_pct,,
24031703219,2021.0,othr_boys_pov_pct,,
24031703220,2021.0,othr_boys_pov_pct,16.740088105726873,
24031703221,2021.0,othr_boys_pov_pct,0.0,
24031703222,2021.0,othr_boys_pov_pct,18.95734597156398,
24031703223,2021.0,othr_boys_pov_pct,0.0,
24031703301,2021.0,othr_boys_pov_pct,0.0,
24031703302,2021.0,othr_boys_pov_pct,2.2222222222222223,
24031703401,2021.0,othr_boys_pov_pct,25.95419847328244,
24031703402,2021.0,othr_boys_pov_pct,0.0,
24031703403,2021.0,othr_boys_pov_pct,5.135135135135135,
24031703404,2021.0,othr_boys_pov_pct,22.696629213483146,
24031703501,2021.0,othr_boys_pov_pct,35.03937007874016,
24031703502,2021.0,othr_boys_pov_pct,0.0,
24031703601,2021.0,othr_boys_pov_pct,0.0,
24031703602,2021.0,othr_boys_pov_pct,0.0,
24031703701,2021.0,othr_boys_pov_pct,61.66180758017493,
24031703702,2021.0,othr_boys_pov_pct,41.09090909090909,
24031703800,2021.0,othr_boys_pov_pct,20.16806722689076,
24031703901,2021.0,othr_boys_pov_pct,0.0,
24031703902,2021.0,othr_boys_pov_pct,0.2079002079002079,
24031704000,2021.0,othr_boys_pov_pct,47.986577181208055,
24031704100,2021.0,othr_boys_pov_pct,0.0,
24031704200,2021.0,othr_boys_pov_pct,72.72727272727273,
24031704300,2021.0,othr_boys_pov_pct,21.6,
24031704401,2021.0,othr_boys_pov_pct,0.0,
24031704403,2021.0,othr_boys_pov_pct,,
24031704404,2021.0,othr_boys_pov_pct,0.0,
24031704501,2021.0,othr_boys_pov_pct,0.0,
24031704502,2021.0,othr_boys_pov_pct,26.95035460992908,
24031704503,2021.0,othr_boys_pov_pct,0.0,
24031704600,2021.0,othr_boys_pov_pct,0.0,
24031704700,2021.0,othr_boys_pov_pct,0.0,
24031704803,2021.0,othr_boys_pov_pct,0.0,
24031704804,2021.0,othr_boys_pov_pct,0.0,
24031704805,2021.0,othr_boys_pov_pct,100.0,
24031704806,2021.0,othr_boys_pov_pct,0.0,
24031705000,2021.0,othr_boys_pov_pct,0.0,
24031705100,2021.0,othr_boys_pov_pct,0.0,
24031705200,2021.0,othr_boys_pov_pct,0.0,
24031705300,2021.0,othr_boys_pov_pct,0.0,
24031705400,2021.0,othr_boys_pov_pct,0.0,
24031705501,2021.0,othr_boys_pov_pct,,
24031705502,2021.0,othr_boys_pov_pct,0.0,
24031705601,2021.0,othr_boys_pov_pct,0.0,
24031705602,2021.0,othr_boys_pov_pct,0.0,
24031705701,2021.0,othr_boys_pov_pct,0.0,
24031705702,2021.0,othr_boys_pov_pct,0.0,
24031705800,2021.0,othr_boys_pov_pct,0.0,
24031705901,2021.0,othr_boys_pov_pct,0.0,
24031705902,2021.0,othr_boys_pov_pct,0.0,
24031705903,2021.0,othr_boys_pov_pct,0.0,
24031706005,2021.0,othr_boys_pov_pct,21.73913043478261,
24031706007,2021.0,othr_boys_pov_pct,0.0,
24031706008,2021.0,othr_boys_pov_pct,69.04761904761905,
24031706009,2021.0,othr_boys_pov_pct,0.0,
24031706010,2021.0,othr_boys_pov_pct,0.0,
24031706011,2021.0,othr_boys_pov_pct,0.0,
24031706012,2021.0,othr_boys_pov_pct,0.0,
24031706013,2021.0,othr_boys_pov_pct,0.0,
24033800102,2021.0,othr_boys_pov_pct,0.0,
24033800103,2021.0,othr_boys_pov_pct,22.22222222222222,
24033800105,2021.0,othr_boys_pov_pct,0.0,
24033800106,2021.0,othr_boys_pov_pct,70.86092715231788,
24033800108,2021.0,othr_boys_pov_pct,0.0,
24033800109,2021.0,othr_boys_pov_pct,34.0,
24033800203,2021.0,othr_boys_pov_pct,0.0,
24033800206,2021.0,othr_boys_pov_pct,0.0,
24033800209,2021.0,othr_boys_pov_pct,28.668941979522184,
24033800210,2021.0,othr_boys_pov_pct,0.0,
24033800211,2021.0,othr_boys_pov_pct,0.0,
24033800212,2021.0,othr_boys_pov_pct,0.0,
24033800213,2021.0,othr_boys_pov_pct,0.0,
24033800216,2021.0,othr_boys_pov_pct,0.0,
24033800217,2021.0,othr_boys_pov_pct,0.0,
24033800218,2021.0,othr_boys_pov_pct,48.78892733564014,
24033800401,2021.0,othr_boys_pov_pct,0.0,
24033800402,2021.0,othr_boys_pov_pct,0.0,
24033800403,2021.0,othr_boys_pov_pct,0.0,
24033800408,2021.0,othr_boys_pov_pct,0.0,
24033800409,2021.0,othr_boys_pov_pct,0.0,
24033800410,2021.0,othr_boys_pov_pct,2.395209580838323,
24033800411,2021.0,othr_boys_pov_pct,10.091743119266056,
24033800412,2021.0,othr_boys_pov_pct,11.428571428571429,
24033800413,2021.0,othr_boys_pov_pct,,
24033800504,2021.0,othr_boys_pov_pct,0.0,
24033800505,2021.0,othr_boys_pov_pct,0.0,
24033800507,2021.0,othr_boys_pov_pct,0.0,
24033800511,2021.0,othr_boys_pov_pct,0.0,
24033800513,2021.0,othr_boys_pov_pct,0.0,
24033800514,2021.0,othr_boys_pov_pct,0.0,
24033800515,2021.0,othr_boys_pov_pct,,
24033800516,2021.0,othr_boys_pov_pct,,
24033800517,2021.0,othr_boys_pov_pct,0.0,
24033800518,2021.0,othr_boys_pov_pct,0.0,
24033800519,2021.0,othr_boys_pov_pct,0.0,
24033800520,2021.0,othr_boys_pov_pct,0.0,
24033800521,2021.0,othr_boys_pov_pct,,
24033800522,2021.0,othr_boys_pov_pct,,
24033800605,2021.0,othr_boys_pov_pct,,
24033800606,2021.0,othr_boys_pov_pct,,
24033800607,2021.0,othr_boys_pov_pct,0.0,
24033800608,2021.0,othr_boys_pov_pct,0.0,
24033800609,2021.0,othr_boys_pov_pct,13.953488372093023,
24033800701,2021.0,othr_boys_pov_pct,0.0,
24033800704,2021.0,othr_boys_pov_pct,0.0,
24033800705,2021.0,othr_boys_pov_pct,0.0,
24033800706,2021.0,othr_boys_pov_pct,,
24033800707,2021.0,othr_boys_pov_pct,0.0,
24033800800,2021.0,othr_boys_pov_pct,0.0,
24033800900,2021.0,othr_boys_pov_pct,0.0,
24033801003,2021.0,othr_boys_pov_pct,0.0,
24033801004,2021.0,othr_boys_pov_pct,0.0,
24033801005,2021.0,othr_boys_pov_pct,0.0,
24033801006,2021.0,othr_boys_pov_pct,38.23529411764706,
24033801105,2021.0,othr_boys_pov_pct,14.285714285714286,
24033801106,2021.0,othr_boys_pov_pct,0.0,
24033801207,2021.0,othr_boys_pov_pct,0.0,
24033801208,2021.0,othr_boys_pov_pct,,
24033801209,2021.0,othr_boys_pov_pct,,
24033801210,2021.0,othr_boys_pov_pct,0.0,
24033801211,2021.0,othr_boys_pov_pct,,
24033801212,2021.0,othr_boys_pov_pct,,
24033801213,2021.0,othr_boys_pov_pct,0.0,
24033801214,2021.0,othr_boys_pov_pct,7.857142857142857,
24033801215,2021.0,othr_boys_pov_pct,45.45454545454545,
24033801216,2021.0,othr_boys_pov_pct,0.0,
24033801217,2021.0,othr_boys_pov_pct,0.0,
24033801302,2021.0,othr_boys_pov_pct,0.0,
24033801305,2021.0,othr_boys_pov_pct,47.21407624633431,
24033801307,2021.0,othr_boys_pov_pct,0.0,
24033801308,2021.0,othr_boys_pov_pct,9.554140127388536,
24033801309,2021.0,othr_boys_pov_pct,0.0,
24033801310,2021.0,othr_boys_pov_pct,0.0,
24033801311,2021.0,othr_boys_pov_pct,0.0,
24033801312,2021.0,othr_boys_pov_pct,7.928388746803069,
24033801313,2021.0,othr_boys_pov_pct,,
24033801404,2021.0,othr_boys_pov_pct,0.0,
24033801405,2021.0,othr_boys_pov_pct,9.293680297397769,
24033801406,2021.0,othr_boys_pov_pct,6.849315068493151,
24033801407,2021.0,othr_boys_pov_pct,0.0,
24033801408,2021.0,othr_boys_pov_pct,,
24033801409,2021.0,othr_boys_pov_pct,0.0,
24033801410,2021.0,othr_boys_pov_pct,0.0,
24033801411,2021.0,othr_boys_pov_pct,0.0,
24033801500,2021.0,othr_boys_pov_pct,0.0,
24033801600,2021.0,othr_boys_pov_pct,25.174825174825173,
24033801701,2021.0,othr_boys_pov_pct,0.0,
24033801702,2021.0,othr_boys_pov_pct,0.0,
24033801704,2021.0,othr_boys_pov_pct,16.483516483516482,
24033801707,2021.0,othr_boys_pov_pct,34.82849604221636,
24033801709,2021.0,othr_boys_pov_pct,20.786516853932586,
24033801801,2021.0,othr_boys_pov_pct,,
24033801802,2021.0,othr_boys_pov_pct,,
24033801807,2021.0,othr_boys_pov_pct,0.0,
24033801808,2021.0,othr_boys_pov_pct,73.46938775510205,
24033801809,2021.0,othr_boys_pov_pct,0.0,
24033801901,2021.0,othr_boys_pov_pct,21.008403361344534,
24033801904,2021.0,othr_boys_pov_pct,0.0,
24033801905,2021.0,othr_boys_pov_pct,11.494252873563218,
24033801906,2021.0,othr_boys_pov_pct,0.0,
24033801907,2021.0,othr_boys_pov_pct,0.0,
24033801908,2021.0,othr_boys_pov_pct,0.0,
24033802001,2021.0,othr_boys_pov_pct,0.0,
24033802002,2021.0,othr_boys_pov_pct,,
24033802103,2021.0,othr_boys_pov_pct,0.0,
24033802104,2021.0,othr_boys_pov_pct,0.0,
24033802106,2021.0,othr_boys_pov_pct,0.0,
24033802107,2021.0,othr_boys_pov_pct,0.0,
24033802201,2021.0,othr_boys_pov_pct,0.0,
24033802203,2021.0,othr_boys_pov_pct,32.98429319371728,
24033802204,2021.0,othr_boys_pov_pct,14.054054054054054,
24033802301,2021.0,othr_boys_pov_pct,0.0,
24033802404,2021.0,othr_boys_pov_pct,0.0,
24033802405,2021.0,othr_boys_pov_pct,0.0,
24033802406,2021.0,othr_boys_pov_pct,51.61290322580645,
24033802407,2021.0,othr_boys_pov_pct,,
24033802408,2021.0,othr_boys_pov_pct,0.0,
24033802501,2021.0,othr_boys_pov_pct,0.0,
24033802502,2021.0,othr_boys_pov_pct,0.0,
24033802600,2021.0,othr_boys_pov_pct,11.956521739130435,
24033802700,2021.0,othr_boys_pov_pct,0.0,
24033802803,2021.0,othr_boys_pov_pct,,
24033802804,2021.0,othr_boys_pov_pct,,
24033802805,2021.0,othr_boys_pov_pct,0.0,
24033802901,2021.0,othr_boys_pov_pct,0.0,
24033803001,2021.0,othr_boys_pov_pct,37.755102040816325,
24033803002,2021.0,othr_boys_pov_pct,0.0,
24033803100,2021.0,othr_boys_pov_pct,46.15384615384615,
24033803200,2021.0,othr_boys_pov_pct,35.08771929824562,
24033803300,2021.0,othr_boys_pov_pct,14.18918918918919,
24033803403,2021.0,othr_boys_pov_pct,32.241813602015114,
24033803508,2021.0,othr_boys_pov_pct,60.869565217391305,
24033803509,2021.0,othr_boys_pov_pct,47.252747252747255,
24033803512,2021.0,othr_boys_pov_pct,46.51162790697674,
24033803513,2021.0,othr_boys_pov_pct,0.0,
24033803514,2021.0,othr_boys_pov_pct,0.0,
24033803516,2021.0,othr_boys_pov_pct,54.54545454545455,
24033803519,2021.0,othr_boys_pov_pct,0.0,
24033803520,2021.0,othr_boys_pov_pct,0.0,
24033803521,2021.0,othr_boys_pov_pct,0.0,
24033803524,2021.0,othr_boys_pov_pct,0.0,
24033803525,2021.0,othr_boys_pov_pct,,
24033803526,2021.0,othr_boys_pov_pct,,
24033803527,2021.0,othr_boys_pov_pct,0.0,
24033803528,2021.0,othr_boys_pov_pct,0.0,
24033803601,2021.0,othr_boys_pov_pct,0.0,
24033803602,2021.0,othr_boys_pov_pct,0.0,
24033803605,2021.0,othr_boys_pov_pct,0.0,
24033803606,2021.0,othr_boys_pov_pct,25.871559633027523,
24033803607,2021.0,othr_boys_pov_pct,0.0,
24033803608,2021.0,othr_boys_pov_pct,5.69620253164557,
24033803610,2021.0,othr_boys_pov_pct,0.0,
24033803612,2021.0,othr_boys_pov_pct,20.11173184357542,
24033803613,2021.0,othr_boys_pov_pct,0.0,
24033803700,2021.0,othr_boys_pov_pct,4.472843450479234,
24033803801,2021.0,othr_boys_pov_pct,1.4634146341463414,
24033803803,2021.0,othr_boys_pov_pct,9.21198668146504,
24033803900,2021.0,othr_boys_pov_pct,3.342245989304813,
24033804001,2021.0,othr_boys_pov_pct,7.540983606557377,
24033804002,2021.0,othr_boys_pov_pct,0.0,
24033804101,2021.0,othr_boys_pov_pct,0.0,
24033804102,2021.0,othr_boys_pov_pct,6.764705882352941,
24033804200,2021.0,othr_boys_pov_pct,0.0,
24033804300,2021.0,othr_boys_pov_pct,4.827586206896552,
24033804400,2021.0,othr_boys_pov_pct,1.6877637130801688,
24033804600,2021.0,othr_boys_pov_pct,15.050167224080267,
24033804700,2021.0,othr_boys_pov_pct,0.0,
24033804801,2021.0,othr_boys_pov_pct,0.0,
24033804802,2021.0,othr_boys_pov_pct,14.814814814814817,
24033804900,2021.0,othr_boys_pov_pct,18.99441340782123,
24033805000,2021.0,othr_boys_pov_pct,0.0,
24033805101,2021.0,othr_boys_pov_pct,38.23529411764706,
24033805201,2021.0,othr_boys_pov_pct,21.25114995400184,
24033805202,2021.0,othr_boys_pov_pct,31.632653061224488,
24033805500,2021.0,othr_boys_pov_pct,46.74556213017752,
24033805601,2021.0,othr_boys_pov_pct,23.630417007358957,
24033805602,2021.0,othr_boys_pov_pct,44.33701657458563,
24033805700,2021.0,othr_boys_pov_pct,35.91240875912409,
24033805801,2021.0,othr_boys_pov_pct,5.134474327628362,
24033805802,2021.0,othr_boys_pov_pct,24.686192468619247,
24033805904,2021.0,othr_boys_pov_pct,2.1447721179624666,
24033805906,2021.0,othr_boys_pov_pct,30.26874115983027,
24033805907,2021.0,othr_boys_pov_pct,32.77310924369748,
24033805908,2021.0,othr_boys_pov_pct,62.66666666666666,
24033805909,2021.0,othr_boys_pov_pct,0.0,
24033806000,2021.0,othr_boys_pov_pct,23.218997361477573,
24033806100,2021.0,othr_boys_pov_pct,25.23076923076923,
24033806400,2021.0,othr_boys_pov_pct,0.0,
24033806501,2021.0,othr_boys_pov_pct,8.507853403141361,
24033806601,2021.0,othr_boys_pov_pct,16.182572614107883,
24033806602,2021.0,othr_boys_pov_pct,15.022091310751104,
24033806706,2021.0,othr_boys_pov_pct,0.0,
24033806708,2021.0,othr_boys_pov_pct,0.0,
24033806710,2021.0,othr_boys_pov_pct,,
24033806711,2021.0,othr_boys_pov_pct,0.0,
24033806712,2021.0,othr_boys_pov_pct,33.333333333333336,
24033806713,2021.0,othr_boys_pov_pct,39.04382470119522,
24033806714,2021.0,othr_boys_pov_pct,52.91479820627803,
24033806800,2021.0,othr_boys_pov_pct,0.0,
24033806900,2021.0,othr_boys_pov_pct,8.178438661710038,
24033807000,2021.0,othr_boys_pov_pct,19.88636363636364,
24033807102,2021.0,othr_boys_pov_pct,0.0,
24033807301,2021.0,othr_boys_pov_pct,34.08360128617363,
24033807304,2021.0,othr_boys_pov_pct,30.89887640449438,
24033807305,2021.0,othr_boys_pov_pct,17.92717086834734,
24033807404,2021.0,othr_boys_pov_pct,0.0,
24033807405,2021.0,othr_boys_pov_pct,0.0,
24033807407,2021.0,othr_boys_pov_pct,46.799116997792495,
24033807408,2021.0,othr_boys_pov_pct,0.0,
24033807409,2021.0,othr_boys_pov_pct,30.337078651685392,
24033807410,2021.0,othr_boys_pov_pct,67.54658385093168,
24033807500,2021.0,othr_boys_pov_pct,17.724867724867725,
24033980000,2021.0,othr_boys_pov_pct,0.0,
51013100100,2021.0,othr_boys_pov_pct,0.0,
51013100200,2021.0,othr_boys_pov_pct,0.0,
51013100300,2021.0,othr_boys_pov_pct,0.0,
51013100400,2021.0,othr_boys_pov_pct,0.0,
51013100500,2021.0,othr_boys_pov_pct,0.0,
51013100600,2021.0,othr_boys_pov_pct,0.0,
51013100700,2021.0,othr_boys_pov_pct,0.0,
51013100800,2021.0,othr_boys_pov_pct,0.0,
51013100900,2021.0,othr_boys_pov_pct,0.0,
51013101000,2021.0,othr_boys_pov_pct,0.0,
51013101100,2021.0,othr_boys_pov_pct,39.0625,
51013101200,2021.0,othr_boys_pov_pct,16.875,
51013101300,2021.0,othr_boys_pov_pct,0.0,
51013101401,2021.0,othr_boys_pov_pct,0.0,
51013101402,2021.0,othr_boys_pov_pct,,
51013101405,2021.0,othr_boys_pov_pct,,
51013101406,2021.0,othr_boys_pov_pct,,
51013101407,2021.0,othr_boys_pov_pct,100.0,
51013101408,2021.0,othr_boys_pov_pct,,
51013101409,2021.0,othr_boys_pov_pct,,
51013101501,2021.0,othr_boys_pov_pct,0.0,
51013101502,2021.0,othr_boys_pov_pct,0.0,
51013101503,2021.0,othr_boys_pov_pct,0.0,
51013101601,2021.0,othr_boys_pov_pct,0.0,
51013101602,2021.0,othr_boys_pov_pct,,
51013101603,2021.0,othr_boys_pov_pct,0.0,
51013101701,2021.0,othr_boys_pov_pct,0.0,
51013101703,2021.0,othr_boys_pov_pct,53.333333333333336,
51013101704,2021.0,othr_boys_pov_pct,,
51013101705,2021.0,othr_boys_pov_pct,0.0,
51013101801,2021.0,othr_boys_pov_pct,0.0,
51013101803,2021.0,othr_boys_pov_pct,,
51013101804,2021.0,othr_boys_pov_pct,52.0,
51013101805,2021.0,othr_boys_pov_pct,,
51013101900,2021.0,othr_boys_pov_pct,,
51013102001,2021.0,othr_boys_pov_pct,28.720626631853783,
51013102002,2021.0,othr_boys_pov_pct,0.0,
51013102003,2021.0,othr_boys_pov_pct,0.0,
51013102100,2021.0,othr_boys_pov_pct,0.0,
51013102200,2021.0,othr_boys_pov_pct,0.0,
51013102301,2021.0,othr_boys_pov_pct,0.0,
51013102302,2021.0,othr_boys_pov_pct,0.0,
51013102400,2021.0,othr_boys_pov_pct,25.274725274725277,
51013102500,2021.0,othr_boys_pov_pct,70.58823529411765,
51013102600,2021.0,othr_boys_pov_pct,0.0,
51013102701,2021.0,othr_boys_pov_pct,0.0,
51013102702,2021.0,othr_boys_pov_pct,0.0,
51013102802,2021.0,othr_boys_pov_pct,,
51013102803,2021.0,othr_boys_pov_pct,0.0,
51013102804,2021.0,othr_boys_pov_pct,0.0,
51013102901,2021.0,othr_boys_pov_pct,0.0,
51013102903,2021.0,othr_boys_pov_pct,0.0,
51013102904,2021.0,othr_boys_pov_pct,0.0,
51013103000,2021.0,othr_boys_pov_pct,0.0,
51013103100,2021.0,othr_boys_pov_pct,0.0,
51013103200,2021.0,othr_boys_pov_pct,31.543624161073826,
51013103300,2021.0,othr_boys_pov_pct,0.0,
51013103401,2021.0,othr_boys_pov_pct,,
51013103403,2021.0,othr_boys_pov_pct,0.0,
51013103404,2021.0,othr_boys_pov_pct,,
51013103405,2021.0,othr_boys_pov_pct,,
51013103501,2021.0,othr_boys_pov_pct,0.0,
51013103503,2021.0,othr_boys_pov_pct,0.0,
51013103504,2021.0,othr_boys_pov_pct,,
51013103505,2021.0,othr_boys_pov_pct,,
51013103601,2021.0,othr_boys_pov_pct,22.52252252252252,
51013103602,2021.0,othr_boys_pov_pct,,
51013103700,2021.0,othr_boys_pov_pct,0.0,
51013103800,2021.0,othr_boys_pov_pct,0.0,
51013980100,2021.0,othr_boys_pov_pct,,
51013980200,2021.0,othr_boys_pov_pct,,
51059415100,2021.0,othr_boys_pov_pct,0.0,
51059415200,2021.0,othr_boys_pov_pct,0.0,
51059415300,2021.0,othr_boys_pov_pct,3.103448275862069,
51059415401,2021.0,othr_boys_pov_pct,26.38623326959847,
51059415402,2021.0,othr_boys_pov_pct,0.0,
51059415500,2021.0,othr_boys_pov_pct,67.0391061452514,
51059415600,2021.0,othr_boys_pov_pct,0.0,
51059415700,2021.0,othr_boys_pov_pct,0.0,
51059415800,2021.0,othr_boys_pov_pct,0.0,
51059415900,2021.0,othr_boys_pov_pct,0.0,
51059416000,2021.0,othr_boys_pov_pct,0.0,
51059416100,2021.0,othr_boys_pov_pct,0.0,
51059416200,2021.0,othr_boys_pov_pct,0.3968253968253968,
51059416300,2021.0,othr_boys_pov_pct,0.0,
51059420100,2021.0,othr_boys_pov_pct,0.0,
51059420201,2021.0,othr_boys_pov_pct,0.0,
51059420202,2021.0,othr_boys_pov_pct,0.0,
51059420203,2021.0,othr_boys_pov_pct,0.0,
51059420300,2021.0,othr_boys_pov_pct,24.761904761904763,
51059420400,2021.0,othr_boys_pov_pct,0.0,
51059420501,2021.0,othr_boys_pov_pct,,
51059420502,2021.0,othr_boys_pov_pct,2.6041666666666665,
51059420503,2021.0,othr_boys_pov_pct,0.0,
51059420600,2021.0,othr_boys_pov_pct,35.53719008264463,
51059420700,2021.0,othr_boys_pov_pct,6.358381502890174,
51059420800,2021.0,othr_boys_pov_pct,0.0,
51059421001,2021.0,othr_boys_pov_pct,0.0,
51059421002,2021.0,othr_boys_pov_pct,0.0,
51059421101,2021.0,othr_boys_pov_pct,0.0,
51059421102,2021.0,othr_boys_pov_pct,0.0,
51059421103,2021.0,othr_boys_pov_pct,0.0,
51059421200,2021.0,othr_boys_pov_pct,0.0,
51059421300,2021.0,othr_boys_pov_pct,6.153846153846154,
51059421400,2021.0,othr_boys_pov_pct,55.71428571428572,
51059421500,2021.0,othr_boys_pov_pct,0.0,
51059421600,2021.0,othr_boys_pov_pct,6.896551724137931,
51059421701,2021.0,othr_boys_pov_pct,83.63636363636364,
51059421702,2021.0,othr_boys_pov_pct,11.583011583011585,
51059421800,2021.0,othr_boys_pov_pct,0.0,
51059421900,2021.0,othr_boys_pov_pct,6.698564593301436,
51059422000,2021.0,othr_boys_pov_pct,17.081850533807827,
51059422101,2021.0,othr_boys_pov_pct,0.0,
51059422102,2021.0,othr_boys_pov_pct,0.0,
51059422201,2021.0,othr_boys_pov_pct,0.0,
51059422202,2021.0,othr_boys_pov_pct,0.0,
51059422301,2021.0,othr_boys_pov_pct,0.0,
51059422302,2021.0,othr_boys_pov_pct,5.555555555555555,
51059422401,2021.0,othr_boys_pov_pct,0.0,
51059422402,2021.0,othr_boys_pov_pct,0.0,
51059422403,2021.0,othr_boys_pov_pct,0.0,
51059430101,2021.0,othr_boys_pov_pct,0.0,
51059430102,2021.0,othr_boys_pov_pct,0.0,
51059430201,2021.0,othr_boys_pov_pct,7.619047619047619,
51059430202,2021.0,othr_boys_pov_pct,0.0,
51059430203,2021.0,othr_boys_pov_pct,10.638297872340424,
51059430400,2021.0,othr_boys_pov_pct,0.0,
51059430500,2021.0,othr_boys_pov_pct,0.0,
51059430600,2021.0,othr_boys_pov_pct,0.0,
51059430700,2021.0,othr_boys_pov_pct,0.0,
51059430801,2021.0,othr_boys_pov_pct,0.0,
51059430802,2021.0,othr_boys_pov_pct,50.0,
51059430901,2021.0,othr_boys_pov_pct,6.432748538011696,
51059430902,2021.0,othr_boys_pov_pct,0.0,
51059431001,2021.0,othr_boys_pov_pct,11.764705882352942,
51059431002,2021.0,othr_boys_pov_pct,0.0,
51059431300,2021.0,othr_boys_pov_pct,0.0,
51059431400,2021.0,othr_boys_pov_pct,0.0,
51059431500,2021.0,othr_boys_pov_pct,0.0,
51059431601,2021.0,othr_boys_pov_pct,,
51059431602,2021.0,othr_boys_pov_pct,0.0,
51059431801,2021.0,othr_boys_pov_pct,0.0,
51059431802,2021.0,othr_boys_pov_pct,0.0,
51059431900,2021.0,othr_boys_pov_pct,0.0,
51059432000,2021.0,othr_boys_pov_pct,0.0,
51059432100,2021.0,othr_boys_pov_pct,0.0,
51059432201,2021.0,othr_boys_pov_pct,0.0,
51059432202,2021.0,othr_boys_pov_pct,0.0,
51059432300,2021.0,othr_boys_pov_pct,0.0,
51059432401,2021.0,othr_boys_pov_pct,0.0,
51059432402,2021.0,othr_boys_pov_pct,0.0,
51059432500,2021.0,othr_boys_pov_pct,0.0,
51059432600,2021.0,othr_boys_pov_pct,0.0,
51059432701,2021.0,othr_boys_pov_pct,0.0,
51059432702,2021.0,othr_boys_pov_pct,0.0,
51059432800,2021.0,othr_boys_pov_pct,0.0,
51059440100,2021.0,othr_boys_pov_pct,0.0,
51059440201,2021.0,othr_boys_pov_pct,0.0,
51059440202,2021.0,othr_boys_pov_pct,0.0,
51059440300,2021.0,othr_boys_pov_pct,0.0,
51059440501,2021.0,othr_boys_pov_pct,0.0,
51059440503,2021.0,othr_boys_pov_pct,0.0,
51059440504,2021.0,othr_boys_pov_pct,,
51059440505,2021.0,othr_boys_pov_pct,0.0,
51059440600,2021.0,othr_boys_pov_pct,0.0,
51059440701,2021.0,othr_boys_pov_pct,0.0,
51059440702,2021.0,othr_boys_pov_pct,0.0,
51059440800,2021.0,othr_boys_pov_pct,0.0,
51059450100,2021.0,othr_boys_pov_pct,0.0,
51059450200,2021.0,othr_boys_pov_pct,7.582938388625592,
51059450300,2021.0,othr_boys_pov_pct,0.0,
51059450400,2021.0,othr_boys_pov_pct,0.0,
51059450500,2021.0,othr_boys_pov_pct,0.0,
51059450601,2021.0,othr_boys_pov_pct,0.0,
51059450602,2021.0,othr_boys_pov_pct,36.25730994152047,
51059450701,2021.0,othr_boys_pov_pct,11.904761904761903,
51059450702,2021.0,othr_boys_pov_pct,11.538461538461538,
51059450800,2021.0,othr_boys_pov_pct,0.0,
51059450900,2021.0,othr_boys_pov_pct,0.0,
51059451000,2021.0,othr_boys_pov_pct,0.0,
51059451100,2021.0,othr_boys_pov_pct,0.0,
51059451200,2021.0,othr_boys_pov_pct,0.0,
51059451300,2021.0,othr_boys_pov_pct,15.789473684210526,
51059451400,2021.0,othr_boys_pov_pct,47.75086505190311,
51059451501,2021.0,othr_boys_pov_pct,54.123711340206185,
51059451502,2021.0,othr_boys_pov_pct,26.25,
51059451601,2021.0,othr_boys_pov_pct,41.1764705882353,
51059451602,2021.0,othr_boys_pov_pct,61.90476190476191,
51059451800,2021.0,othr_boys_pov_pct,0.0,
51059451900,2021.0,othr_boys_pov_pct,0.0,
51059452000,2021.0,othr_boys_pov_pct,0.0,
51059452101,2021.0,othr_boys_pov_pct,0.0,
51059452102,2021.0,othr_boys_pov_pct,0.0,
51059452200,2021.0,othr_boys_pov_pct,46.39175257731959,
51059452301,2021.0,othr_boys_pov_pct,89.70588235294117,
51059452302,2021.0,othr_boys_pov_pct,22.82608695652174,
51059452400,2021.0,othr_boys_pov_pct,18.33333333333333,
51059452501,2021.0,othr_boys_pov_pct,0.0,
51059452502,2021.0,othr_boys_pov_pct,27.488151658767773,
51059452600,2021.0,othr_boys_pov_pct,26.804123711340207,
51059452700,2021.0,othr_boys_pov_pct,0.0,
51059452801,2021.0,othr_boys_pov_pct,79.62962962962963,
51059452802,2021.0,othr_boys_pov_pct,0.0,
51059460100,2021.0,othr_boys_pov_pct,9.174311926605505,
51059460200,2021.0,othr_boys_pov_pct,0.0,
51059460300,2021.0,othr_boys_pov_pct,0.0,
51059460400,2021.0,othr_boys_pov_pct,0.0,
51059460501,2021.0,othr_boys_pov_pct,0.0,
51059460503,2021.0,othr_boys_pov_pct,0.0,
51059460504,2021.0,othr_boys_pov_pct,0.0,
51059460600,2021.0,othr_boys_pov_pct,0.0,
51059460701,2021.0,othr_boys_pov_pct,0.0,
51059460702,2021.0,othr_boys_pov_pct,0.0,
51059460800,2021.0,othr_boys_pov_pct,0.0,
51059460900,2021.0,othr_boys_pov_pct,0.0,
51059461000,2021.0,othr_boys_pov_pct,0.0,
51059461100,2021.0,othr_boys_pov_pct,20.88888888888889,
51059461201,2021.0,othr_boys_pov_pct,0.0,
51059461202,2021.0,othr_boys_pov_pct,,
51059461500,2021.0,othr_boys_pov_pct,0.0,
51059461603,2021.0,othr_boys_pov_pct,0.0,
51059461604,2021.0,othr_boys_pov_pct,8.51063829787234,
51059461605,2021.0,othr_boys_pov_pct,0.0,
51059461606,2021.0,othr_boys_pov_pct,0.0,
51059461700,2021.0,othr_boys_pov_pct,73.21428571428571,
51059461801,2021.0,othr_boys_pov_pct,0.0,
51059461802,2021.0,othr_boys_pov_pct,0.0,
51059461901,2021.0,othr_boys_pov_pct,0.0,
51059461902,2021.0,othr_boys_pov_pct,50.0,
51059470100,2021.0,othr_boys_pov_pct,0.0,
51059470300,2021.0,othr_boys_pov_pct,0.0,
51059470400,2021.0,othr_boys_pov_pct,0.0,
51059470500,2021.0,othr_boys_pov_pct,0.0,
51059470600,2021.0,othr_boys_pov_pct,0.0,
51059470700,2021.0,othr_boys_pov_pct,0.0,
51059470800,2021.0,othr_boys_pov_pct,0.0,
51059470900,2021.0,othr_boys_pov_pct,0.0,
51059471000,2021.0,othr_boys_pov_pct,0.0,
51059471100,2021.0,othr_boys_pov_pct,0.0,
51059471201,2021.0,othr_boys_pov_pct,0.0,
51059471203,2021.0,othr_boys_pov_pct,0.0,
51059471204,2021.0,othr_boys_pov_pct,0.0,
51059471301,2021.0,othr_boys_pov_pct,0.0,
51059471303,2021.0,othr_boys_pov_pct,0.0,
51059471304,2021.0,othr_boys_pov_pct,0.0,
51059471401,2021.0,othr_boys_pov_pct,8.461538461538462,
51059471402,2021.0,othr_boys_pov_pct,74.12587412587412,
51059480100,2021.0,othr_boys_pov_pct,0.0,
51059480201,2021.0,othr_boys_pov_pct,0.0,
51059480203,2021.0,othr_boys_pov_pct,28.571428571428573,
51059480204,2021.0,othr_boys_pov_pct,0.0,
51059480205,2021.0,othr_boys_pov_pct,,
51059480301,2021.0,othr_boys_pov_pct,0.0,
51059480302,2021.0,othr_boys_pov_pct,0.0,
51059480401,2021.0,othr_boys_pov_pct,0.0,
51059480402,2021.0,othr_boys_pov_pct,0.0,
51059480501,2021.0,othr_boys_pov_pct,0.0,
51059480502,2021.0,othr_boys_pov_pct,0.0,
51059480503,2021.0,othr_boys_pov_pct,0.0,
51059480504,2021.0,othr_boys_pov_pct,0.0,
51059480505,2021.0,othr_boys_pov_pct,0.0,
51059480801,2021.0,othr_boys_pov_pct,29.20110192837465,
51059480802,2021.0,othr_boys_pov_pct,0.0,
51059480901,2021.0,othr_boys_pov_pct,0.0,
51059480902,2021.0,othr_boys_pov_pct,6.986899563318778,
51059480903,2021.0,othr_boys_pov_pct,0.0,
51059481000,2021.0,othr_boys_pov_pct,34.11927877947296,
51059481101,2021.0,othr_boys_pov_pct,,
51059481102,2021.0,othr_boys_pov_pct,0.0,
51059481103,2021.0,othr_boys_pov_pct,0.0,
51059481104,2021.0,othr_boys_pov_pct,0.0,
51059481105,2021.0,othr_boys_pov_pct,0.0,
51059481106,2021.0,othr_boys_pov_pct,8.661417322834646,
51059481201,2021.0,othr_boys_pov_pct,0.0,
51059481202,2021.0,othr_boys_pov_pct,17.687074829931973,
51059481400,2021.0,othr_boys_pov_pct,0.0,
51059481500,2021.0,othr_boys_pov_pct,0.0,
51059481600,2021.0,othr_boys_pov_pct,0.0,
51059481701,2021.0,othr_boys_pov_pct,0.0,
51059481702,2021.0,othr_boys_pov_pct,0.0,
51059481900,2021.0,othr_boys_pov_pct,0.0,
51059482001,2021.0,othr_boys_pov_pct,0.0,
51059482002,2021.0,othr_boys_pov_pct,4.895104895104895,
51059482100,2021.0,othr_boys_pov_pct,58.19672131147541,
51059482201,2021.0,othr_boys_pov_pct,0.0,
51059482203,2021.0,othr_boys_pov_pct,,
51059482204,2021.0,othr_boys_pov_pct,0.0,
51059482205,2021.0,othr_boys_pov_pct,0.0,
51059482206,2021.0,othr_boys_pov_pct,,
51059482301,2021.0,othr_boys_pov_pct,,
51059482302,2021.0,othr_boys_pov_pct,0.0,
51059482303,2021.0,othr_boys_pov_pct,0.0,
51059482400,2021.0,othr_boys_pov_pct,0.0,
51059482502,2021.0,othr_boys_pov_pct,0.0,
51059482503,2021.0,othr_boys_pov_pct,0.0,
51059482504,2021.0,othr_boys_pov_pct,0.0,
51059482505,2021.0,othr_boys_pov_pct,36.53846153846154,
51059482506,2021.0,othr_boys_pov_pct,,
51059482507,2021.0,othr_boys_pov_pct,100.0,
51059482601,2021.0,othr_boys_pov_pct,0.0,
51059482603,2021.0,othr_boys_pov_pct,0.0,
51059482604,2021.0,othr_boys_pov_pct,0.0,
51059490101,2021.0,othr_boys_pov_pct,0.0,
51059490104,2021.0,othr_boys_pov_pct,0.0,
51059490105,2021.0,othr_boys_pov_pct,58.86792452830189,
51059490501,2021.0,othr_boys_pov_pct,0.0,
51059490502,2021.0,othr_boys_pov_pct,0.0,
51059491000,2021.0,othr_boys_pov_pct,0.0,
51059491101,2021.0,othr_boys_pov_pct,0.0,
51059491102,2021.0,othr_boys_pov_pct,0.0,
51059491103,2021.0,othr_boys_pov_pct,77.37226277372262,
51059491201,2021.0,othr_boys_pov_pct,13.043478260869565,
51059491202,2021.0,othr_boys_pov_pct,4.545454545454546,
51059491301,2021.0,othr_boys_pov_pct,40.72727272727273,
51059491302,2021.0,othr_boys_pov_pct,0.0,
51059491303,2021.0,othr_boys_pov_pct,35.95505617977528,
51059491401,2021.0,othr_boys_pov_pct,14.864864864864863,
51059491402,2021.0,othr_boys_pov_pct,31.31313131313131,
51059491403,2021.0,othr_boys_pov_pct,0.0,
51059491404,2021.0,othr_boys_pov_pct,0.0,
51059491405,2021.0,othr_boys_pov_pct,0.0,
51059491501,2021.0,othr_boys_pov_pct,0.0,
51059491502,2021.0,othr_boys_pov_pct,0.0,
51059491601,2021.0,othr_boys_pov_pct,0.0,
51059491602,2021.0,othr_boys_pov_pct,13.452914798206278,
51059491701,2021.0,othr_boys_pov_pct,0.0,
51059491703,2021.0,othr_boys_pov_pct,11.11111111111111,
51059491704,2021.0,othr_boys_pov_pct,0.0,
51059491705,2021.0,othr_boys_pov_pct,0.0,
51059491706,2021.0,othr_boys_pov_pct,,
51059491707,2021.0,othr_boys_pov_pct,0.0,
51059491801,2021.0,othr_boys_pov_pct,,
51059491802,2021.0,othr_boys_pov_pct,0.0,
51059491803,2021.0,othr_boys_pov_pct,0.0,
51059492000,2021.0,othr_boys_pov_pct,0.0,
51059492100,2021.0,othr_boys_pov_pct,,
51059492201,2021.0,othr_boys_pov_pct,6.989247311827957,
51059492202,2021.0,othr_boys_pov_pct,0.0,
51059492203,2021.0,othr_boys_pov_pct,0.0,
51059492300,2021.0,othr_boys_pov_pct,0.0,
51059492400,2021.0,othr_boys_pov_pct,19.29824561403509,
51059492500,2021.0,othr_boys_pov_pct,0.0,
51059980100,2021.0,othr_boys_pov_pct,,
51059980200,2021.0,othr_boys_pov_pct,,
51059980300,2021.0,othr_boys_pov_pct,,
51107610101,2021.0,othr_boys_pov_pct,0.0,
51107610102,2021.0,othr_boys_pov_pct,100.0,
51107610201,2021.0,othr_boys_pov_pct,0.0,
51107610202,2021.0,othr_boys_pov_pct,51.42857142857143,
51107610300,2021.0,othr_boys_pov_pct,0.0,
51107610400,2021.0,othr_boys_pov_pct,0.0,
51107610503,2021.0,othr_boys_pov_pct,0.0,
51107610504,2021.0,othr_boys_pov_pct,0.0,
51107610505,2021.0,othr_boys_pov_pct,23.549488054607508,
51107610506,2021.0,othr_boys_pov_pct,6.043956043956044,
51107610507,2021.0,othr_boys_pov_pct,0.0,
51107610601,2021.0,othr_boys_pov_pct,0.0,
51107610602,2021.0,othr_boys_pov_pct,0.0,
51107610603,2021.0,othr_boys_pov_pct,9.67741935483871,
51107610604,2021.0,othr_boys_pov_pct,0.0,
51107610701,2021.0,othr_boys_pov_pct,0.0,
51107610702,2021.0,othr_boys_pov_pct,0.0,
51107610703,2021.0,othr_boys_pov_pct,0.0,
51107610800,2021.0,othr_boys_pov_pct,0.0,
51107610900,2021.0,othr_boys_pov_pct,10.714285714285714,
51107611002,2021.0,othr_boys_pov_pct,0.0,
51107611004,2021.0,othr_boys_pov_pct,0.0,
51107611005,2021.0,othr_boys_pov_pct,0.0,
51107611006,2021.0,othr_boys_pov_pct,0.0,
51107611009,2021.0,othr_boys_pov_pct,5.714285714285714,
51107611010,2021.0,othr_boys_pov_pct,,
51107611011,2021.0,othr_boys_pov_pct,0.0,
51107611012,2021.0,othr_boys_pov_pct,0.0,
51107611013,2021.0,othr_boys_pov_pct,0.0,
51107611014,2021.0,othr_boys_pov_pct,1.4705882352941178,
51107611015,2021.0,othr_boys_pov_pct,0.0,
51107611016,2021.0,othr_boys_pov_pct,0.0,
51107611017,2021.0,othr_boys_pov_pct,0.0,
51107611018,2021.0,othr_boys_pov_pct,0.0,
51107611019,2021.0,othr_boys_pov_pct,0.0,
51107611020,2021.0,othr_boys_pov_pct,0.0,
51107611022,2021.0,othr_boys_pov_pct,0.0,
51107611023,2021.0,othr_boys_pov_pct,0.0,
51107611026,2021.0,othr_boys_pov_pct,0.0,
51107611027,2021.0,othr_boys_pov_pct,0.0,
51107611028,2021.0,othr_boys_pov_pct,0.0,
51107611029,2021.0,othr_boys_pov_pct,0.0,
51107611030,2021.0,othr_boys_pov_pct,0.0,
51107611031,2021.0,othr_boys_pov_pct,,
51107611032,2021.0,othr_boys_pov_pct,0.0,
51107611101,2021.0,othr_boys_pov_pct,0.0,
51107611102,2021.0,othr_boys_pov_pct,0.0,
51107611202,2021.0,othr_boys_pov_pct,0.0,
51107611204,2021.0,othr_boys_pov_pct,0.0,
51107611205,2021.0,othr_boys_pov_pct,0.0,
51107611206,2021.0,othr_boys_pov_pct,0.0,
51107611207,2021.0,othr_boys_pov_pct,0.0,
51107611208,2021.0,othr_boys_pov_pct,0.0,
51107611209,2021.0,othr_boys_pov_pct,0.0,
51107611300,2021.0,othr_boys_pov_pct,0.0,
51107611400,2021.0,othr_boys_pov_pct,24.0,
51107611501,2021.0,othr_boys_pov_pct,71.1864406779661,
51107611502,2021.0,othr_boys_pov_pct,0.6546644844517185,
51107611601,2021.0,othr_boys_pov_pct,0.0,
51107611602,2021.0,othr_boys_pov_pct,44.48398576512456,
51107611701,2021.0,othr_boys_pov_pct,0.0,
51107611702,2021.0,othr_boys_pov_pct,,
51107611803,2021.0,othr_boys_pov_pct,0.0,
51107611804,2021.0,othr_boys_pov_pct,0.0,
51107611805,2021.0,othr_boys_pov_pct,0.0,
51107611807,2021.0,othr_boys_pov_pct,0.0,
51107611808,2021.0,othr_boys_pov_pct,0.0,
51107611809,2021.0,othr_boys_pov_pct,0.0,
51107611810,2021.0,othr_boys_pov_pct,0.0,
51107611811,2021.0,othr_boys_pov_pct,0.0,
51107611812,2021.0,othr_boys_pov_pct,0.0,
51107611813,2021.0,othr_boys_pov_pct,0.0,
51107611901,2021.0,othr_boys_pov_pct,0.0,
51107611902,2021.0,othr_boys_pov_pct,0.0,
51107980100,2021.0,othr_boys_pov_pct,,
51153900100,2021.0,othr_boys_pov_pct,0.0,
51153900201,2021.0,othr_boys_pov_pct,0.0,
51153900202,2021.0,othr_boys_pov_pct,2.0779220779220777,
51153900203,2021.0,othr_boys_pov_pct,0.0,
51153900301,2021.0,othr_boys_pov_pct,12.5,
51153900302,2021.0,othr_boys_pov_pct,0.0,
51153900403,2021.0,othr_boys_pov_pct,0.0,
51153900404,2021.0,othr_boys_pov_pct,14.35897435897436,
51153900407,2021.0,othr_boys_pov_pct,16.338028169014084,
51153900408,2021.0,othr_boys_pov_pct,0.0,
51153900409,2021.0,othr_boys_pov_pct,0.0,
51153900410,2021.0,othr_boys_pov_pct,0.0,
51153900502,2021.0,othr_boys_pov_pct,0.0,
51153900503,2021.0,othr_boys_pov_pct,0.0,
51153900504,2021.0,othr_boys_pov_pct,7.570977917981073,
51153900601,2021.0,othr_boys_pov_pct,0.0,
51153900602,2021.0,othr_boys_pov_pct,0.0,
51153900701,2021.0,othr_boys_pov_pct,0.0,
51153900702,2021.0,othr_boys_pov_pct,22.075055187637968,
51153900801,2021.0,othr_boys_pov_pct,12.903225806451612,
51153900803,2021.0,othr_boys_pov_pct,33.61344537815126,
51153900804,2021.0,othr_boys_pov_pct,0.0,
51153900901,2021.0,othr_boys_pov_pct,27.607361963190183,
51153900904,2021.0,othr_boys_pov_pct,54.9645390070922,
51153900905,2021.0,othr_boys_pov_pct,37.828947368421055,
51153901005,2021.0,othr_boys_pov_pct,0.0,
51153901009,2021.0,othr_boys_pov_pct,0.0,
51153901010,2021.0,othr_boys_pov_pct,0.0,
51153901011,2021.0,othr_boys_pov_pct,6.432748538011696,
51153901012,2021.0,othr_boys_pov_pct,0.0,
51153901013,2021.0,othr_boys_pov_pct,0.0,
51153901014,2021.0,othr_boys_pov_pct,0.0,
51153901015,2021.0,othr_boys_pov_pct,2.857142857142857,
51153901016,2021.0,othr_boys_pov_pct,47.20496894409938,
51153901101,2021.0,othr_boys_pov_pct,0.0,
51153901102,2021.0,othr_boys_pov_pct,0.0,
51153901203,2021.0,othr_boys_pov_pct,49.24242424242424,
51153901208,2021.0,othr_boys_pov_pct,0.0,
51153901209,2021.0,othr_boys_pov_pct,0.0,
51153901211,2021.0,othr_boys_pov_pct,53.98981324278438,
51153901212,2021.0,othr_boys_pov_pct,0.0,
51153901219,2021.0,othr_boys_pov_pct,0.0,
51153901221,2021.0,othr_boys_pov_pct,0.0,
51153901222,2021.0,othr_boys_pov_pct,0.0,
51153901223,2021.0,othr_boys_pov_pct,0.0,
51153901224,2021.0,othr_boys_pov_pct,52.12355212355212,
51153901225,2021.0,othr_boys_pov_pct,0.0,
51153901226,2021.0,othr_boys_pov_pct,0.0,
51153901227,2021.0,othr_boys_pov_pct,0.0,
51153901228,2021.0,othr_boys_pov_pct,6.542056074766355,
51153901229,2021.0,othr_boys_pov_pct,0.0,
51153901230,2021.0,othr_boys_pov_pct,0.0,
51153901231,2021.0,othr_boys_pov_pct,0.0,
51153901232,2021.0,othr_boys_pov_pct,0.0,
51153901233,2021.0,othr_boys_pov_pct,0.0,
51153901234,2021.0,othr_boys_pov_pct,0.0,
51153901235,2021.0,othr_boys_pov_pct,0.0,
51153901236,2021.0,othr_boys_pov_pct,0.0,
51153901237,2021.0,othr_boys_pov_pct,27.536231884057973,
51153901303,2021.0,othr_boys_pov_pct,0.0,
51153901304,2021.0,othr_boys_pov_pct,13.66120218579235,
51153901305,2021.0,othr_boys_pov_pct,0.0,
51153901306,2021.0,othr_boys_pov_pct,0.0,
51153901403,2021.0,othr_boys_pov_pct,0.0,
51153901407,2021.0,othr_boys_pov_pct,21.05263157894737,
51153901409,2021.0,othr_boys_pov_pct,8.461538461538462,
51153901411,2021.0,othr_boys_pov_pct,4.591836734693878,
51153901412,2021.0,othr_boys_pov_pct,0.0,
51153901413,2021.0,othr_boys_pov_pct,0.0,
51153901414,2021.0,othr_boys_pov_pct,0.0,
51153901415,2021.0,othr_boys_pov_pct,0.0,
51153901416,2021.0,othr_boys_pov_pct,0.0,
51153901417,2021.0,othr_boys_pov_pct,81.31868131868131,
51153901418,2021.0,othr_boys_pov_pct,0.0,
51153901419,2021.0,othr_boys_pov_pct,0.0,
51153901420,2021.0,othr_boys_pov_pct,0.0,
51153901421,2021.0,othr_boys_pov_pct,69.85645933014354,
51153901503,2021.0,othr_boys_pov_pct,0.0,
51153901504,2021.0,othr_boys_pov_pct,0.0,
51153901505,2021.0,othr_boys_pov_pct,0.0,
51153901506,2021.0,othr_boys_pov_pct,0.0,
51153901507,2021.0,othr_boys_pov_pct,3.10077519379845,
51153901508,2021.0,othr_boys_pov_pct,0.0,
51153901509,2021.0,othr_boys_pov_pct,0.0,
51153901510,2021.0,othr_boys_pov_pct,0.0,
51153901511,2021.0,othr_boys_pov_pct,0.0,
51153901601,2021.0,othr_boys_pov_pct,55.33980582524272,
51153901602,2021.0,othr_boys_pov_pct,,
51153901702,2021.0,othr_boys_pov_pct,0.0,
51153901703,2021.0,othr_boys_pov_pct,0.0,
51153901704,2021.0,othr_boys_pov_pct,0.0,
51153901900,2021.0,othr_boys_pov_pct,5.537459283387622,
51153980100,2021.0,othr_boys_pov_pct,,
51510200102,2021.0,othr_boys_pov_pct,4.651162790697675,
51510200104,2021.0,othr_boys_pov_pct,30.43478260869565,
51510200105,2021.0,othr_boys_pov_pct,,
51510200106,2021.0,othr_boys_pov_pct,0.0,
51510200108,2021.0,othr_boys_pov_pct,,
51510200109,2021.0,othr_boys_pov_pct,17.857142857142858,
51510200110,2021.0,othr_boys_pov_pct,,
51510200111,2021.0,othr_boys_pov_pct,0.0,
51510200201,2021.0,othr_boys_pov_pct,0.0,
51510200202,2021.0,othr_boys_pov_pct,0.0,
51510200301,2021.0,othr_boys_pov_pct,0.0,
51510200302,2021.0,othr_boys_pov_pct,33.44709897610922,
51510200304,2021.0,othr_boys_pov_pct,,
51510200305,2021.0,othr_boys_pov_pct,0.0,
51510200403,2021.0,othr_boys_pov_pct,0.0,
51510200404,2021.0,othr_boys_pov_pct,0.0,
51510200406,2021.0,othr_boys_pov_pct,0.0,
51510200407,2021.0,othr_boys_pov_pct,,
51510200408,2021.0,othr_boys_pov_pct,,
51510200409,2021.0,othr_boys_pov_pct,35.483870967741936,
51510200500,2021.0,othr_boys_pov_pct,,
51510200600,2021.0,othr_boys_pov_pct,0.0,
51510200701,2021.0,othr_boys_pov_pct,,
51510200703,2021.0,othr_boys_pov_pct,0.0,
51510200704,2021.0,othr_boys_pov_pct,0.0,
51510200705,2021.0,othr_boys_pov_pct,0.0,
51510200801,2021.0,othr_boys_pov_pct,0.0,
51510200802,2021.0,othr_boys_pov_pct,94.92753623188406,
51510200900,2021.0,othr_boys_pov_pct,0.0,
51510201000,2021.0,othr_boys_pov_pct,0.0,
51510201100,2021.0,othr_boys_pov_pct,27.678571428571427,
51510201202,2021.0,othr_boys_pov_pct,20.76923076923077,
51510201204,2021.0,othr_boys_pov_pct,0.0,
51510201205,2021.0,othr_boys_pov_pct,0.0,
51510201206,2021.0,othr_boys_pov_pct,99.24050632911391,
51510201300,2021.0,othr_boys_pov_pct,0.0,
51510201400,2021.0,othr_boys_pov_pct,0.0,
51510201500,2021.0,othr_boys_pov_pct,0.0,
51510201601,2021.0,othr_boys_pov_pct,100.0,
51510201602,2021.0,othr_boys_pov_pct,,
51510201802,2021.0,othr_boys_pov_pct,0.0,
51510201803,2021.0,othr_boys_pov_pct,0.0,
51510201804,2021.0,othr_boys_pov_pct,,
51510201805,2021.0,othr_boys_pov_pct,0.0,
51510201900,2021.0,othr_boys_pov_pct,0.0,
51510202001,2021.0,othr_boys_pov_pct,,
51510202002,2021.0,othr_boys_pov_pct,0.0,
51510980000,2021.0,othr_boys_pov_pct,,
51600300100,2021.0,othr_boys_pov_pct,0.0,
51600300200,2021.0,othr_boys_pov_pct,0.0,
51600300300,2021.0,othr_boys_pov_pct,0.0,
51600300400,2021.0,othr_boys_pov_pct,0.0,
51600300500,2021.0,othr_boys_pov_pct,0.0,
51610500100,2021.0,othr_boys_pov_pct,0.0,
51610500200,2021.0,othr_boys_pov_pct,0.0,
51610500300,2021.0,othr_boys_pov_pct,0.0,
51683910100,2021.0,othr_boys_pov_pct,2.696078431372549,
51683910201,2021.0,othr_boys_pov_pct,0.0,
51683910202,2021.0,othr_boys_pov_pct,5.871559633027523,
51683910301,2021.0,othr_boys_pov_pct,0.0,
51683910302,2021.0,othr_boys_pov_pct,0.0,
51683910401,2021.0,othr_boys_pov_pct,54.77707006369427,
51683910402,2021.0,othr_boys_pov_pct,0.0,
51685920100,2021.0,othr_boys_pov_pct,9.770114942528735,
51685920201,2021.0,othr_boys_pov_pct,0.0,
51685920202,2021.0,othr_boys_pov_pct,35.37906137184115,
