geoid,year,measure,value,moe
11001000101,2021.0,wht_nonhis_women_cnt,473.0,
11001000102,2021.0,wht_nonhis_women_cnt,1177.0,
11001000201,2021.0,wht_nonhis_women_cnt,0.0,
11001000202,2021.0,wht_nonhis_women_cnt,1504.0,
11001000300,2021.0,wht_nonhis_women_cnt,1806.0,
11001000400,2021.0,wht_nonhis_women_cnt,440.0,
11001000501,2021.0,wht_nonhis_women_cnt,1126.0,
11001000502,2021.0,wht_nonhis_women_cnt,1093.0,
11001000600,2021.0,wht_nonhis_women_cnt,1443.0,
11001000702,2021.0,wht_nonhis_women_cnt,1017.0,
11001000703,2021.0,wht_nonhis_women_cnt,1255.0,
11001000704,2021.0,wht_nonhis_women_cnt,1025.0,
11001000802,2021.0,wht_nonhis_women_cnt,821.0,
11001000803,2021.0,wht_nonhis_women_cnt,782.0,
11001000804,2021.0,wht_nonhis_women_cnt,988.0,
11001000902,2021.0,wht_nonhis_women_cnt,688.0,
11001000903,2021.0,wht_nonhis_women_cnt,422.0,
11001000904,2021.0,wht_nonhis_women_cnt,931.0,
11001001002,2021.0,wht_nonhis_women_cnt,1061.0,
11001001003,2021.0,wht_nonhis_women_cnt,841.0,
11001001004,2021.0,wht_nonhis_women_cnt,1233.0,
11001001100,2021.0,wht_nonhis_women_cnt,1372.0,
11001001200,2021.0,wht_nonhis_women_cnt,1541.0,
11001001301,2021.0,wht_nonhis_women_cnt,1297.0,
11001001303,2021.0,wht_nonhis_women_cnt,1518.0,
11001001304,2021.0,wht_nonhis_women_cnt,1588.0,
11001001401,2021.0,wht_nonhis_women_cnt,799.0,
11001001402,2021.0,wht_nonhis_women_cnt,853.0,
11001001500,2021.0,wht_nonhis_women_cnt,1495.0,
11001001600,2021.0,wht_nonhis_women_cnt,388.0,
11001001702,2021.0,wht_nonhis_women_cnt,708.0,
11001001803,2021.0,wht_nonhis_women_cnt,138.0,
11001001804,2021.0,wht_nonhis_women_cnt,62.0,
11001001901,2021.0,wht_nonhis_women_cnt,326.0,
11001001902,2021.0,wht_nonhis_women_cnt,195.0,
11001002001,2021.0,wht_nonhis_women_cnt,115.0,
11001002002,2021.0,wht_nonhis_women_cnt,483.0,
11001002101,2021.0,wht_nonhis_women_cnt,235.0,
11001002102,2021.0,wht_nonhis_women_cnt,241.0,
11001002201,2021.0,wht_nonhis_women_cnt,258.0,
11001002202,2021.0,wht_nonhis_women_cnt,436.0,
11001002301,2021.0,wht_nonhis_women_cnt,267.0,
11001002302,2021.0,wht_nonhis_women_cnt,143.0,
11001002400,2021.0,wht_nonhis_women_cnt,594.0,
11001002501,2021.0,wht_nonhis_women_cnt,168.0,
11001002503,2021.0,wht_nonhis_women_cnt,491.0,
11001002504,2021.0,wht_nonhis_women_cnt,369.0,
11001002600,2021.0,wht_nonhis_women_cnt,353.0,
11001002702,2021.0,wht_nonhis_women_cnt,1244.0,
11001002703,2021.0,wht_nonhis_women_cnt,523.0,
11001002704,2021.0,wht_nonhis_women_cnt,506.0,
11001002801,2021.0,wht_nonhis_women_cnt,512.0,
11001002802,2021.0,wht_nonhis_women_cnt,715.0,
11001002900,2021.0,wht_nonhis_women_cnt,751.0,
11001003000,2021.0,wht_nonhis_women_cnt,554.0,
11001003100,2021.0,wht_nonhis_women_cnt,791.0,
11001003200,2021.0,wht_nonhis_women_cnt,412.0,
11001003301,2021.0,wht_nonhis_women_cnt,798.0,
11001003302,2021.0,wht_nonhis_women_cnt,366.0,
11001003400,2021.0,wht_nonhis_women_cnt,311.0,
11001003500,2021.0,wht_nonhis_women_cnt,392.0,
11001003600,2021.0,wht_nonhis_women_cnt,1356.0,
11001003701,2021.0,wht_nonhis_women_cnt,401.0,
11001003702,2021.0,wht_nonhis_women_cnt,295.0,
11001003801,2021.0,wht_nonhis_women_cnt,438.0,
11001003802,2021.0,wht_nonhis_women_cnt,600.0,
11001003901,2021.0,wht_nonhis_women_cnt,749.0,
11001003902,2021.0,wht_nonhis_women_cnt,591.0,
11001004001,2021.0,wht_nonhis_women_cnt,1561.0,
11001004002,2021.0,wht_nonhis_women_cnt,1395.0,
11001004100,2021.0,wht_nonhis_women_cnt,787.0,
11001004201,2021.0,wht_nonhis_women_cnt,1274.0,
11001004202,2021.0,wht_nonhis_women_cnt,715.0,
11001004300,2021.0,wht_nonhis_women_cnt,1156.0,
11001004401,2021.0,wht_nonhis_women_cnt,703.0,
11001004402,2021.0,wht_nonhis_women_cnt,583.0,
11001004600,2021.0,wht_nonhis_women_cnt,603.0,
11001004702,2021.0,wht_nonhis_women_cnt,1192.0,
11001004703,2021.0,wht_nonhis_women_cnt,626.0,
11001004704,2021.0,wht_nonhis_women_cnt,23.0,
11001004801,2021.0,wht_nonhis_women_cnt,526.0,
11001004802,2021.0,wht_nonhis_women_cnt,500.0,
11001004901,2021.0,wht_nonhis_women_cnt,764.0,
11001004902,2021.0,wht_nonhis_women_cnt,892.0,
11001005001,2021.0,wht_nonhis_women_cnt,551.0,
11001005003,2021.0,wht_nonhis_women_cnt,390.0,
11001005004,2021.0,wht_nonhis_women_cnt,637.0,
11001005202,2021.0,wht_nonhis_women_cnt,818.0,
11001005203,2021.0,wht_nonhis_women_cnt,824.0,
11001005302,2021.0,wht_nonhis_women_cnt,796.0,
11001005303,2021.0,wht_nonhis_women_cnt,1085.0,
11001005501,2021.0,wht_nonhis_women_cnt,526.0,
11001005502,2021.0,wht_nonhis_women_cnt,807.0,
11001005503,2021.0,wht_nonhis_women_cnt,864.0,
11001005601,2021.0,wht_nonhis_women_cnt,688.0,
11001005602,2021.0,wht_nonhis_women_cnt,682.0,
11001005801,2021.0,wht_nonhis_women_cnt,524.0,
11001005802,2021.0,wht_nonhis_women_cnt,459.0,
11001005900,2021.0,wht_nonhis_women_cnt,565.0,
11001006400,2021.0,wht_nonhis_women_cnt,177.0,
11001006500,2021.0,wht_nonhis_women_cnt,916.0,
11001006600,2021.0,wht_nonhis_women_cnt,846.0,
11001006700,2021.0,wht_nonhis_women_cnt,1502.0,
11001006801,2021.0,wht_nonhis_women_cnt,391.0,
11001006802,2021.0,wht_nonhis_women_cnt,611.0,
11001006804,2021.0,wht_nonhis_women_cnt,56.0,
11001006900,2021.0,wht_nonhis_women_cnt,772.0,
11001007000,2021.0,wht_nonhis_women_cnt,773.0,
11001007100,2021.0,wht_nonhis_women_cnt,440.0,
11001007201,2021.0,wht_nonhis_women_cnt,600.0,
11001007202,2021.0,wht_nonhis_women_cnt,1476.0,
11001007203,2021.0,wht_nonhis_women_cnt,831.0,
11001007301,2021.0,wht_nonhis_women_cnt,536.0,
11001007304,2021.0,wht_nonhis_women_cnt,89.0,
11001007401,2021.0,wht_nonhis_women_cnt,24.0,
11001007403,2021.0,wht_nonhis_women_cnt,0.0,
11001007404,2021.0,wht_nonhis_women_cnt,26.0,
11001007406,2021.0,wht_nonhis_women_cnt,0.0,
11001007407,2021.0,wht_nonhis_women_cnt,41.0,
11001007408,2021.0,wht_nonhis_women_cnt,11.0,
11001007409,2021.0,wht_nonhis_women_cnt,9.0,
11001007502,2021.0,wht_nonhis_women_cnt,0.0,
11001007503,2021.0,wht_nonhis_women_cnt,63.0,
11001007504,2021.0,wht_nonhis_women_cnt,4.0,
11001007601,2021.0,wht_nonhis_women_cnt,69.0,
11001007603,2021.0,wht_nonhis_women_cnt,73.0,
11001007604,2021.0,wht_nonhis_women_cnt,130.0,
11001007605,2021.0,wht_nonhis_women_cnt,79.0,
11001007703,2021.0,wht_nonhis_women_cnt,0.0,
11001007707,2021.0,wht_nonhis_women_cnt,45.0,
11001007708,2021.0,wht_nonhis_women_cnt,0.0,
11001007709,2021.0,wht_nonhis_women_cnt,17.0,
11001007803,2021.0,wht_nonhis_women_cnt,45.0,
11001007804,2021.0,wht_nonhis_women_cnt,11.0,
11001007806,2021.0,wht_nonhis_women_cnt,70.0,
11001007807,2021.0,wht_nonhis_women_cnt,0.0,
11001007808,2021.0,wht_nonhis_women_cnt,8.0,
11001007809,2021.0,wht_nonhis_women_cnt,30.0,
11001007901,2021.0,wht_nonhis_women_cnt,435.0,
11001007903,2021.0,wht_nonhis_women_cnt,199.0,
11001008001,2021.0,wht_nonhis_women_cnt,615.0,
11001008002,2021.0,wht_nonhis_women_cnt,894.0,
11001008100,2021.0,wht_nonhis_women_cnt,1124.0,
11001008200,2021.0,wht_nonhis_women_cnt,1045.0,
11001008301,2021.0,wht_nonhis_women_cnt,877.0,
11001008302,2021.0,wht_nonhis_women_cnt,873.0,
11001008402,2021.0,wht_nonhis_women_cnt,618.0,
11001008410,2021.0,wht_nonhis_women_cnt,439.0,
11001008701,2021.0,wht_nonhis_women_cnt,528.0,
11001008702,2021.0,wht_nonhis_women_cnt,532.0,
11001008802,2021.0,wht_nonhis_women_cnt,379.0,
11001008803,2021.0,wht_nonhis_women_cnt,156.0,
11001008804,2021.0,wht_nonhis_women_cnt,132.0,
11001008903,2021.0,wht_nonhis_women_cnt,172.0,
11001008904,2021.0,wht_nonhis_women_cnt,178.0,
11001009000,2021.0,wht_nonhis_women_cnt,105.0,
11001009102,2021.0,wht_nonhis_women_cnt,182.0,
11001009201,2021.0,wht_nonhis_women_cnt,567.0,
11001009203,2021.0,wht_nonhis_women_cnt,345.0,
11001009204,2021.0,wht_nonhis_women_cnt,131.0,
11001009301,2021.0,wht_nonhis_women_cnt,732.0,
11001009302,2021.0,wht_nonhis_women_cnt,158.0,
11001009400,2021.0,wht_nonhis_women_cnt,340.0,
11001009503,2021.0,wht_nonhis_women_cnt,252.0,
11001009504,2021.0,wht_nonhis_women_cnt,329.0,
11001009505,2021.0,wht_nonhis_women_cnt,125.0,
11001009507,2021.0,wht_nonhis_women_cnt,45.0,
11001009508,2021.0,wht_nonhis_women_cnt,59.0,
11001009509,2021.0,wht_nonhis_women_cnt,266.0,
11001009510,2021.0,wht_nonhis_women_cnt,82.0,
11001009511,2021.0,wht_nonhis_women_cnt,0.0,
11001009601,2021.0,wht_nonhis_women_cnt,20.0,
11001009602,2021.0,wht_nonhis_women_cnt,35.0,
11001009603,2021.0,wht_nonhis_women_cnt,0.0,
11001009604,2021.0,wht_nonhis_women_cnt,40.0,
11001009700,2021.0,wht_nonhis_women_cnt,0.0,
11001009801,2021.0,wht_nonhis_women_cnt,22.0,
11001009802,2021.0,wht_nonhis_women_cnt,14.0,
11001009803,2021.0,wht_nonhis_women_cnt,33.0,
11001009804,2021.0,wht_nonhis_women_cnt,5.0,
11001009807,2021.0,wht_nonhis_women_cnt,26.0,
11001009810,2021.0,wht_nonhis_women_cnt,3.0,
11001009811,2021.0,wht_nonhis_women_cnt,0.0,
11001009901,2021.0,wht_nonhis_women_cnt,62.0,
11001009902,2021.0,wht_nonhis_women_cnt,30.0,
11001009903,2021.0,wht_nonhis_women_cnt,51.0,
11001009904,2021.0,wht_nonhis_women_cnt,18.0,
11001009905,2021.0,wht_nonhis_women_cnt,2.0,
11001009906,2021.0,wht_nonhis_women_cnt,46.0,
11001009907,2021.0,wht_nonhis_women_cnt,12.0,
11001010100,2021.0,wht_nonhis_women_cnt,755.0,
11001010201,2021.0,wht_nonhis_women_cnt,583.0,
11001010202,2021.0,wht_nonhis_women_cnt,462.0,
11001010300,2021.0,wht_nonhis_women_cnt,264.0,
11001010400,2021.0,wht_nonhis_women_cnt,234.0,
11001010500,2021.0,wht_nonhis_women_cnt,915.0,
11001010601,2021.0,wht_nonhis_women_cnt,371.0,
11001010602,2021.0,wht_nonhis_women_cnt,1302.0,
11001010603,2021.0,wht_nonhis_women_cnt,1319.0,
11001010700,2021.0,wht_nonhis_women_cnt,529.0,
11001010800,2021.0,wht_nonhis_women_cnt,232.0,
11001010900,2021.0,wht_nonhis_women_cnt,6.0,
11001011001,2021.0,wht_nonhis_women_cnt,493.0,
11001011002,2021.0,wht_nonhis_women_cnt,532.0,
11001011100,2021.0,wht_nonhis_women_cnt,225.0,
11001980000,2021.0,wht_nonhis_women_cnt,0.0,
24017850101,2021.0,wht_nonhis_women_cnt,495.0,
24017850102,2021.0,wht_nonhis_women_cnt,426.0,
24017850201,2021.0,wht_nonhis_women_cnt,112.0,
24017850202,2021.0,wht_nonhis_women_cnt,976.0,
24017850300,2021.0,wht_nonhis_women_cnt,373.0,
24017850400,2021.0,wht_nonhis_women_cnt,806.0,
24017850500,2021.0,wht_nonhis_women_cnt,879.0,
24017850600,2021.0,wht_nonhis_women_cnt,986.0,
24017850706,2021.0,wht_nonhis_women_cnt,489.0,
24017850708,2021.0,wht_nonhis_women_cnt,418.0,
24017850709,2021.0,wht_nonhis_women_cnt,611.0,
24017850710,2021.0,wht_nonhis_women_cnt,605.0,
24017850711,2021.0,wht_nonhis_women_cnt,429.0,
24017850712,2021.0,wht_nonhis_women_cnt,948.0,
24017850713,2021.0,wht_nonhis_women_cnt,800.0,
24017850801,2021.0,wht_nonhis_women_cnt,857.0,
24017850802,2021.0,wht_nonhis_women_cnt,629.0,
24017850901,2021.0,wht_nonhis_women_cnt,331.0,
24017850902,2021.0,wht_nonhis_women_cnt,849.0,
24017850904,2021.0,wht_nonhis_women_cnt,1234.0,
24017850905,2021.0,wht_nonhis_women_cnt,469.0,
24017850906,2021.0,wht_nonhis_women_cnt,294.0,
24017851001,2021.0,wht_nonhis_women_cnt,931.0,
24017851003,2021.0,wht_nonhis_women_cnt,1133.0,
24017851004,2021.0,wht_nonhis_women_cnt,1086.0,
24017851100,2021.0,wht_nonhis_women_cnt,1015.0,
24017851200,2021.0,wht_nonhis_women_cnt,1520.0,
24017851301,2021.0,wht_nonhis_women_cnt,1691.0,
24017851302,2021.0,wht_nonhis_women_cnt,1151.0,
24017851401,2021.0,wht_nonhis_women_cnt,519.0,
24017851402,2021.0,wht_nonhis_women_cnt,885.0,
24017851403,2021.0,wht_nonhis_women_cnt,325.0,
24017851501,2021.0,wht_nonhis_women_cnt,312.0,
24017851502,2021.0,wht_nonhis_women_cnt,329.0,
24017990000,2021.0,wht_nonhis_women_cnt,0.0,
24021740200,2021.0,wht_nonhis_women_cnt,1795.0,
24021750100,2021.0,wht_nonhis_women_cnt,600.0,
24021750200,2021.0,wht_nonhis_women_cnt,750.0,
24021750300,2021.0,wht_nonhis_women_cnt,380.0,
24021750504,2021.0,wht_nonhis_women_cnt,941.0,
24021750505,2021.0,wht_nonhis_women_cnt,1088.0,
24021750506,2021.0,wht_nonhis_women_cnt,708.0,
24021750507,2021.0,wht_nonhis_women_cnt,243.0,
24021750508,2021.0,wht_nonhis_women_cnt,534.0,
24021750600,2021.0,wht_nonhis_women_cnt,928.0,
24021750701,2021.0,wht_nonhis_women_cnt,1440.0,
24021750702,2021.0,wht_nonhis_women_cnt,1127.0,
24021750801,2021.0,wht_nonhis_women_cnt,858.0,
24021750802,2021.0,wht_nonhis_women_cnt,2072.0,
24021750804,2021.0,wht_nonhis_women_cnt,705.0,
24021750805,2021.0,wht_nonhis_women_cnt,1161.0,
24021751001,2021.0,wht_nonhis_women_cnt,256.0,
24021751002,2021.0,wht_nonhis_women_cnt,1862.0,
24021751003,2021.0,wht_nonhis_women_cnt,1270.0,
24021751004,2021.0,wht_nonhis_women_cnt,1163.0,
24021751201,2021.0,wht_nonhis_women_cnt,1587.0,
24021751202,2021.0,wht_nonhis_women_cnt,2212.0,
24021751203,2021.0,wht_nonhis_women_cnt,779.0,
24021751301,2021.0,wht_nonhis_women_cnt,1491.0,
24021751302,2021.0,wht_nonhis_women_cnt,1195.0,
24021751600,2021.0,wht_nonhis_women_cnt,1079.0,
24021751701,2021.0,wht_nonhis_women_cnt,955.0,
24021751702,2021.0,wht_nonhis_women_cnt,1299.0,
24021751801,2021.0,wht_nonhis_women_cnt,1599.0,
24021751802,2021.0,wht_nonhis_women_cnt,1255.0,
24021751902,2021.0,wht_nonhis_women_cnt,2068.0,
24021751903,2021.0,wht_nonhis_women_cnt,2540.0,
24021751904,2021.0,wht_nonhis_women_cnt,1160.0,
24021751905,2021.0,wht_nonhis_women_cnt,890.0,
24021751906,2021.0,wht_nonhis_women_cnt,753.0,
24021752001,2021.0,wht_nonhis_women_cnt,1494.0,
24021752101,2021.0,wht_nonhis_women_cnt,905.0,
24021752102,2021.0,wht_nonhis_women_cnt,1831.0,
24021752201,2021.0,wht_nonhis_women_cnt,753.0,
24021752202,2021.0,wht_nonhis_women_cnt,717.0,
24021752205,2021.0,wht_nonhis_women_cnt,603.0,
24021752206,2021.0,wht_nonhis_women_cnt,1163.0,
24021752301,2021.0,wht_nonhis_women_cnt,1159.0,
24021752302,2021.0,wht_nonhis_women_cnt,1284.0,
24021752303,2021.0,wht_nonhis_women_cnt,903.0,
24021752501,2021.0,wht_nonhis_women_cnt,1868.0,
24021752502,2021.0,wht_nonhis_women_cnt,1046.0,
24021752601,2021.0,wht_nonhis_women_cnt,1439.0,
24021752602,2021.0,wht_nonhis_women_cnt,772.0,
24021752603,2021.0,wht_nonhis_women_cnt,1439.0,
24021752801,2021.0,wht_nonhis_women_cnt,733.0,
24021752802,2021.0,wht_nonhis_women_cnt,1276.0,
24021752900,2021.0,wht_nonhis_women_cnt,1447.0,
24021753001,2021.0,wht_nonhis_women_cnt,1903.0,
24021753002,2021.0,wht_nonhis_women_cnt,958.0,
24021765100,2021.0,wht_nonhis_women_cnt,1178.0,
24021766800,2021.0,wht_nonhis_women_cnt,1383.0,
24021767500,2021.0,wht_nonhis_women_cnt,1036.0,
24021767600,2021.0,wht_nonhis_women_cnt,1217.0,
24021770700,2021.0,wht_nonhis_women_cnt,1476.0,
24021772200,2021.0,wht_nonhis_women_cnt,542.0,
24021773500,2021.0,wht_nonhis_women_cnt,1221.0,
24021775302,2021.0,wht_nonhis_women_cnt,1568.0,
24021775400,2021.0,wht_nonhis_women_cnt,1155.0,
24021775600,2021.0,wht_nonhis_women_cnt,1397.0,
24031700101,2021.0,wht_nonhis_women_cnt,1401.0,
24031700103,2021.0,wht_nonhis_women_cnt,1509.0,
24031700104,2021.0,wht_nonhis_women_cnt,625.0,
24031700105,2021.0,wht_nonhis_women_cnt,1084.0,
24031700204,2021.0,wht_nonhis_women_cnt,782.0,
24031700206,2021.0,wht_nonhis_women_cnt,1713.0,
24031700207,2021.0,wht_nonhis_women_cnt,1051.0,
24031700208,2021.0,wht_nonhis_women_cnt,724.0,
24031700209,2021.0,wht_nonhis_women_cnt,1564.0,
24031700210,2021.0,wht_nonhis_women_cnt,876.0,
24031700306,2021.0,wht_nonhis_women_cnt,801.0,
24031700308,2021.0,wht_nonhis_women_cnt,1004.0,
24031700309,2021.0,wht_nonhis_women_cnt,564.0,
24031700310,2021.0,wht_nonhis_women_cnt,1166.0,
24031700313,2021.0,wht_nonhis_women_cnt,523.0,
24031700314,2021.0,wht_nonhis_women_cnt,241.0,
24031700315,2021.0,wht_nonhis_women_cnt,686.0,
24031700316,2021.0,wht_nonhis_women_cnt,284.0,
24031700317,2021.0,wht_nonhis_women_cnt,1050.0,
24031700318,2021.0,wht_nonhis_women_cnt,380.0,
24031700400,2021.0,wht_nonhis_women_cnt,835.0,
24031700500,2021.0,wht_nonhis_women_cnt,2109.0,
24031700604,2021.0,wht_nonhis_women_cnt,1772.0,
24031700606,2021.0,wht_nonhis_women_cnt,713.0,
24031700608,2021.0,wht_nonhis_women_cnt,1146.0,
24031700610,2021.0,wht_nonhis_women_cnt,581.0,
24031700611,2021.0,wht_nonhis_women_cnt,491.0,
24031700613,2021.0,wht_nonhis_women_cnt,1184.0,
24031700614,2021.0,wht_nonhis_women_cnt,538.0,
24031700615,2021.0,wht_nonhis_women_cnt,704.0,
24031700616,2021.0,wht_nonhis_women_cnt,1207.0,
24031700617,2021.0,wht_nonhis_women_cnt,220.0,
24031700618,2021.0,wht_nonhis_women_cnt,543.0,
24031700706,2021.0,wht_nonhis_women_cnt,456.0,
24031700710,2021.0,wht_nonhis_women_cnt,1096.0,
24031700711,2021.0,wht_nonhis_women_cnt,1102.0,
24031700713,2021.0,wht_nonhis_women_cnt,296.0,
24031700715,2021.0,wht_nonhis_women_cnt,523.0,
24031700718,2021.0,wht_nonhis_women_cnt,1639.0,
24031700720,2021.0,wht_nonhis_women_cnt,400.0,
24031700721,2021.0,wht_nonhis_women_cnt,341.0,
24031700723,2021.0,wht_nonhis_women_cnt,987.0,
24031700724,2021.0,wht_nonhis_women_cnt,339.0,
24031700725,2021.0,wht_nonhis_women_cnt,320.0,
24031700726,2021.0,wht_nonhis_women_cnt,213.0,
24031700727,2021.0,wht_nonhis_women_cnt,188.0,
24031700728,2021.0,wht_nonhis_women_cnt,332.0,
24031700729,2021.0,wht_nonhis_women_cnt,108.0,
24031700730,2021.0,wht_nonhis_women_cnt,720.0,
24031700731,2021.0,wht_nonhis_women_cnt,267.0,
24031700732,2021.0,wht_nonhis_women_cnt,152.0,
24031700733,2021.0,wht_nonhis_women_cnt,625.0,
24031700810,2021.0,wht_nonhis_women_cnt,694.0,
24031700811,2021.0,wht_nonhis_women_cnt,340.0,
24031700812,2021.0,wht_nonhis_women_cnt,737.0,
24031700813,2021.0,wht_nonhis_women_cnt,551.0,
24031700815,2021.0,wht_nonhis_women_cnt,715.0,
24031700818,2021.0,wht_nonhis_women_cnt,463.0,
24031700819,2021.0,wht_nonhis_women_cnt,741.0,
24031700820,2021.0,wht_nonhis_women_cnt,294.0,
24031700822,2021.0,wht_nonhis_women_cnt,183.0,
24031700823,2021.0,wht_nonhis_women_cnt,593.0,
24031700824,2021.0,wht_nonhis_women_cnt,703.0,
24031700826,2021.0,wht_nonhis_women_cnt,1689.0,
24031700828,2021.0,wht_nonhis_women_cnt,524.0,
24031700829,2021.0,wht_nonhis_women_cnt,596.0,
24031700830,2021.0,wht_nonhis_women_cnt,163.0,
24031700832,2021.0,wht_nonhis_women_cnt,212.0,
24031700833,2021.0,wht_nonhis_women_cnt,597.0,
24031700834,2021.0,wht_nonhis_women_cnt,390.0,
24031700835,2021.0,wht_nonhis_women_cnt,468.0,
24031700836,2021.0,wht_nonhis_women_cnt,248.0,
24031700837,2021.0,wht_nonhis_women_cnt,603.0,
24031700838,2021.0,wht_nonhis_women_cnt,675.0,
24031700839,2021.0,wht_nonhis_women_cnt,1081.0,
24031700901,2021.0,wht_nonhis_women_cnt,1316.0,
24031700902,2021.0,wht_nonhis_women_cnt,789.0,
24031700903,2021.0,wht_nonhis_women_cnt,205.0,
24031700904,2021.0,wht_nonhis_women_cnt,387.0,
24031700905,2021.0,wht_nonhis_women_cnt,857.0,
24031701001,2021.0,wht_nonhis_women_cnt,1057.0,
24031701002,2021.0,wht_nonhis_women_cnt,1203.0,
24031701004,2021.0,wht_nonhis_women_cnt,1217.0,
24031701005,2021.0,wht_nonhis_women_cnt,760.0,
24031701006,2021.0,wht_nonhis_women_cnt,1218.0,
24031701007,2021.0,wht_nonhis_women_cnt,563.0,
24031701101,2021.0,wht_nonhis_women_cnt,841.0,
24031701102,2021.0,wht_nonhis_women_cnt,1023.0,
24031701201,2021.0,wht_nonhis_women_cnt,1120.0,
24031701202,2021.0,wht_nonhis_women_cnt,815.0,
24031701205,2021.0,wht_nonhis_women_cnt,1853.0,
24031701206,2021.0,wht_nonhis_women_cnt,1454.0,
24031701210,2021.0,wht_nonhis_women_cnt,1022.0,
24031701211,2021.0,wht_nonhis_women_cnt,909.0,
24031701212,2021.0,wht_nonhis_women_cnt,645.0,
24031701214,2021.0,wht_nonhis_women_cnt,781.0,
24031701215,2021.0,wht_nonhis_women_cnt,1776.0,
24031701216,2021.0,wht_nonhis_women_cnt,1304.0,
24031701218,2021.0,wht_nonhis_women_cnt,521.0,
24031701219,2021.0,wht_nonhis_women_cnt,384.0,
24031701220,2021.0,wht_nonhis_women_cnt,736.0,
24031701221,2021.0,wht_nonhis_women_cnt,767.0,
24031701222,2021.0,wht_nonhis_women_cnt,952.0,
24031701223,2021.0,wht_nonhis_women_cnt,1023.0,
24031701303,2021.0,wht_nonhis_women_cnt,1131.0,
24031701304,2021.0,wht_nonhis_women_cnt,2076.0,
24031701306,2021.0,wht_nonhis_women_cnt,780.0,
24031701307,2021.0,wht_nonhis_women_cnt,805.0,
24031701308,2021.0,wht_nonhis_women_cnt,748.0,
24031701312,2021.0,wht_nonhis_women_cnt,1348.0,
24031701313,2021.0,wht_nonhis_women_cnt,858.0,
24031701314,2021.0,wht_nonhis_women_cnt,650.0,
24031701315,2021.0,wht_nonhis_women_cnt,865.0,
24031701316,2021.0,wht_nonhis_women_cnt,1679.0,
24031701317,2021.0,wht_nonhis_women_cnt,1118.0,
24031701407,2021.0,wht_nonhis_women_cnt,959.0,
24031701408,2021.0,wht_nonhis_women_cnt,1115.0,
24031701409,2021.0,wht_nonhis_women_cnt,757.0,
24031701414,2021.0,wht_nonhis_women_cnt,494.0,
24031701415,2021.0,wht_nonhis_women_cnt,945.0,
24031701417,2021.0,wht_nonhis_women_cnt,237.0,
24031701418,2021.0,wht_nonhis_women_cnt,365.0,
24031701422,2021.0,wht_nonhis_women_cnt,26.0,
24031701423,2021.0,wht_nonhis_women_cnt,198.0,
24031701424,2021.0,wht_nonhis_women_cnt,340.0,
24031701425,2021.0,wht_nonhis_women_cnt,750.0,
24031701426,2021.0,wht_nonhis_women_cnt,437.0,
24031701427,2021.0,wht_nonhis_women_cnt,115.0,
24031701503,2021.0,wht_nonhis_women_cnt,704.0,
24031701505,2021.0,wht_nonhis_women_cnt,654.0,
24031701506,2021.0,wht_nonhis_women_cnt,847.0,
24031701507,2021.0,wht_nonhis_women_cnt,1026.0,
24031701508,2021.0,wht_nonhis_women_cnt,182.0,
24031701509,2021.0,wht_nonhis_women_cnt,353.0,
24031701601,2021.0,wht_nonhis_women_cnt,30.0,
24031701602,2021.0,wht_nonhis_women_cnt,207.0,
24031701701,2021.0,wht_nonhis_women_cnt,930.0,
24031701702,2021.0,wht_nonhis_women_cnt,365.0,
24031701703,2021.0,wht_nonhis_women_cnt,472.0,
24031701704,2021.0,wht_nonhis_women_cnt,512.0,
24031701800,2021.0,wht_nonhis_women_cnt,696.0,
24031701900,2021.0,wht_nonhis_women_cnt,500.0,
24031702000,2021.0,wht_nonhis_women_cnt,233.0,
24031702101,2021.0,wht_nonhis_women_cnt,288.0,
24031702102,2021.0,wht_nonhis_women_cnt,839.0,
24031702200,2021.0,wht_nonhis_women_cnt,1106.0,
24031702301,2021.0,wht_nonhis_women_cnt,356.0,
24031702302,2021.0,wht_nonhis_women_cnt,952.0,
24031702401,2021.0,wht_nonhis_women_cnt,731.0,
24031702402,2021.0,wht_nonhis_women_cnt,892.0,
24031702501,2021.0,wht_nonhis_women_cnt,657.0,
24031702502,2021.0,wht_nonhis_women_cnt,172.0,
24031702503,2021.0,wht_nonhis_women_cnt,521.0,
24031702602,2021.0,wht_nonhis_women_cnt,1001.0,
24031702603,2021.0,wht_nonhis_women_cnt,416.0,
24031702604,2021.0,wht_nonhis_women_cnt,576.0,
24031702700,2021.0,wht_nonhis_women_cnt,1079.0,
24031702800,2021.0,wht_nonhis_women_cnt,1194.0,
24031702900,2021.0,wht_nonhis_women_cnt,1629.0,
24031703000,2021.0,wht_nonhis_women_cnt,602.0,
24031703100,2021.0,wht_nonhis_women_cnt,776.0,
24031703201,2021.0,wht_nonhis_women_cnt,1967.0,
24031703202,2021.0,wht_nonhis_women_cnt,1712.0,
24031703206,2021.0,wht_nonhis_women_cnt,423.0,
24031703207,2021.0,wht_nonhis_women_cnt,558.0,
24031703208,2021.0,wht_nonhis_women_cnt,1316.0,
24031703209,2021.0,wht_nonhis_women_cnt,749.0,
24031703210,2021.0,wht_nonhis_women_cnt,763.0,
24031703213,2021.0,wht_nonhis_women_cnt,275.0,
24031703214,2021.0,wht_nonhis_women_cnt,427.0,
24031703215,2021.0,wht_nonhis_women_cnt,430.0,
24031703216,2021.0,wht_nonhis_women_cnt,939.0,
24031703218,2021.0,wht_nonhis_women_cnt,884.0,
24031703219,2021.0,wht_nonhis_women_cnt,1652.0,
24031703220,2021.0,wht_nonhis_women_cnt,524.0,
24031703221,2021.0,wht_nonhis_women_cnt,766.0,
24031703222,2021.0,wht_nonhis_women_cnt,310.0,
24031703223,2021.0,wht_nonhis_women_cnt,616.0,
24031703301,2021.0,wht_nonhis_women_cnt,603.0,
24031703302,2021.0,wht_nonhis_women_cnt,328.0,
24031703401,2021.0,wht_nonhis_women_cnt,427.0,
24031703402,2021.0,wht_nonhis_women_cnt,369.0,
24031703403,2021.0,wht_nonhis_women_cnt,316.0,
24031703404,2021.0,wht_nonhis_women_cnt,154.0,
24031703501,2021.0,wht_nonhis_women_cnt,526.0,
24031703502,2021.0,wht_nonhis_women_cnt,637.0,
24031703601,2021.0,wht_nonhis_women_cnt,1047.0,
24031703602,2021.0,wht_nonhis_women_cnt,682.0,
24031703701,2021.0,wht_nonhis_women_cnt,158.0,
24031703702,2021.0,wht_nonhis_women_cnt,387.0,
24031703800,2021.0,wht_nonhis_women_cnt,535.0,
24031703901,2021.0,wht_nonhis_women_cnt,774.0,
24031703902,2021.0,wht_nonhis_women_cnt,929.0,
24031704000,2021.0,wht_nonhis_women_cnt,1081.0,
24031704100,2021.0,wht_nonhis_women_cnt,1514.0,
24031704200,2021.0,wht_nonhis_women_cnt,481.0,
24031704300,2021.0,wht_nonhis_women_cnt,1196.0,
24031704401,2021.0,wht_nonhis_women_cnt,624.0,
24031704403,2021.0,wht_nonhis_women_cnt,488.0,
24031704404,2021.0,wht_nonhis_women_cnt,1411.0,
24031704501,2021.0,wht_nonhis_women_cnt,619.0,
24031704502,2021.0,wht_nonhis_women_cnt,775.0,
24031704503,2021.0,wht_nonhis_women_cnt,1013.0,
24031704600,2021.0,wht_nonhis_women_cnt,1208.0,
24031704700,2021.0,wht_nonhis_women_cnt,1252.0,
24031704803,2021.0,wht_nonhis_women_cnt,1228.0,
24031704804,2021.0,wht_nonhis_women_cnt,679.0,
24031704805,2021.0,wht_nonhis_women_cnt,751.0,
24031704806,2021.0,wht_nonhis_women_cnt,1180.0,
24031705000,2021.0,wht_nonhis_women_cnt,1186.0,
24031705100,2021.0,wht_nonhis_women_cnt,1650.0,
24031705200,2021.0,wht_nonhis_women_cnt,1176.0,
24031705300,2021.0,wht_nonhis_women_cnt,643.0,
24031705400,2021.0,wht_nonhis_women_cnt,907.0,
24031705501,2021.0,wht_nonhis_women_cnt,762.0,
24031705502,2021.0,wht_nonhis_women_cnt,1552.0,
24031705601,2021.0,wht_nonhis_women_cnt,798.0,
24031705602,2021.0,wht_nonhis_women_cnt,1663.0,
24031705701,2021.0,wht_nonhis_women_cnt,1480.0,
24031705702,2021.0,wht_nonhis_women_cnt,1474.0,
24031705800,2021.0,wht_nonhis_women_cnt,2022.0,
24031705901,2021.0,wht_nonhis_women_cnt,1169.0,
24031705902,2021.0,wht_nonhis_women_cnt,1039.0,
24031705903,2021.0,wht_nonhis_women_cnt,1201.0,
24031706005,2021.0,wht_nonhis_women_cnt,1170.0,
24031706007,2021.0,wht_nonhis_women_cnt,1647.0,
24031706008,2021.0,wht_nonhis_women_cnt,1401.0,
24031706009,2021.0,wht_nonhis_women_cnt,1417.0,
24031706010,2021.0,wht_nonhis_women_cnt,887.0,
24031706011,2021.0,wht_nonhis_women_cnt,1112.0,
24031706012,2021.0,wht_nonhis_women_cnt,750.0,
24031706013,2021.0,wht_nonhis_women_cnt,659.0,
24033800102,2021.0,wht_nonhis_women_cnt,519.0,
24033800103,2021.0,wht_nonhis_women_cnt,148.0,
24033800105,2021.0,wht_nonhis_women_cnt,311.0,
24033800106,2021.0,wht_nonhis_women_cnt,238.0,
24033800108,2021.0,wht_nonhis_women_cnt,298.0,
24033800109,2021.0,wht_nonhis_women_cnt,248.0,
24033800203,2021.0,wht_nonhis_women_cnt,916.0,
24033800206,2021.0,wht_nonhis_women_cnt,336.0,
24033800209,2021.0,wht_nonhis_women_cnt,169.0,
24033800210,2021.0,wht_nonhis_women_cnt,164.0,
24033800211,2021.0,wht_nonhis_women_cnt,166.0,
24033800212,2021.0,wht_nonhis_women_cnt,585.0,
24033800213,2021.0,wht_nonhis_women_cnt,336.0,
24033800216,2021.0,wht_nonhis_women_cnt,348.0,
24033800217,2021.0,wht_nonhis_women_cnt,283.0,
24033800218,2021.0,wht_nonhis_women_cnt,247.0,
24033800401,2021.0,wht_nonhis_women_cnt,498.0,
24033800402,2021.0,wht_nonhis_women_cnt,984.0,
24033800403,2021.0,wht_nonhis_women_cnt,813.0,
24033800408,2021.0,wht_nonhis_women_cnt,425.0,
24033800409,2021.0,wht_nonhis_women_cnt,644.0,
24033800410,2021.0,wht_nonhis_women_cnt,579.0,
24033800411,2021.0,wht_nonhis_women_cnt,429.0,
24033800412,2021.0,wht_nonhis_women_cnt,252.0,
24033800413,2021.0,wht_nonhis_women_cnt,52.0,
24033800504,2021.0,wht_nonhis_women_cnt,910.0,
24033800505,2021.0,wht_nonhis_women_cnt,602.0,
24033800507,2021.0,wht_nonhis_women_cnt,464.0,
24033800511,2021.0,wht_nonhis_women_cnt,518.0,
24033800513,2021.0,wht_nonhis_women_cnt,885.0,
24033800514,2021.0,wht_nonhis_women_cnt,87.0,
24033800515,2021.0,wht_nonhis_women_cnt,426.0,
24033800516,2021.0,wht_nonhis_women_cnt,316.0,
24033800517,2021.0,wht_nonhis_women_cnt,179.0,
24033800518,2021.0,wht_nonhis_women_cnt,143.0,
24033800519,2021.0,wht_nonhis_women_cnt,307.0,
24033800520,2021.0,wht_nonhis_women_cnt,32.0,
24033800521,2021.0,wht_nonhis_women_cnt,314.0,
24033800522,2021.0,wht_nonhis_women_cnt,0.0,
24033800605,2021.0,wht_nonhis_women_cnt,266.0,
24033800606,2021.0,wht_nonhis_women_cnt,226.0,
24033800607,2021.0,wht_nonhis_women_cnt,196.0,
24033800608,2021.0,wht_nonhis_women_cnt,182.0,
24033800609,2021.0,wht_nonhis_women_cnt,89.0,
24033800701,2021.0,wht_nonhis_women_cnt,130.0,
24033800704,2021.0,wht_nonhis_women_cnt,181.0,
24033800705,2021.0,wht_nonhis_women_cnt,239.0,
24033800706,2021.0,wht_nonhis_women_cnt,102.0,
24033800707,2021.0,wht_nonhis_women_cnt,275.0,
24033800800,2021.0,wht_nonhis_women_cnt,857.0,
24033800900,2021.0,wht_nonhis_women_cnt,316.0,
24033801003,2021.0,wht_nonhis_women_cnt,245.0,
24033801004,2021.0,wht_nonhis_women_cnt,405.0,
24033801005,2021.0,wht_nonhis_women_cnt,209.0,
24033801006,2021.0,wht_nonhis_women_cnt,128.0,
24033801105,2021.0,wht_nonhis_women_cnt,135.0,
24033801106,2021.0,wht_nonhis_women_cnt,237.0,
24033801207,2021.0,wht_nonhis_women_cnt,198.0,
24033801208,2021.0,wht_nonhis_women_cnt,198.0,
24033801209,2021.0,wht_nonhis_women_cnt,140.0,
24033801210,2021.0,wht_nonhis_women_cnt,91.0,
24033801211,2021.0,wht_nonhis_women_cnt,159.0,
24033801212,2021.0,wht_nonhis_women_cnt,61.0,
24033801213,2021.0,wht_nonhis_women_cnt,81.0,
24033801214,2021.0,wht_nonhis_women_cnt,246.0,
24033801215,2021.0,wht_nonhis_women_cnt,55.0,
24033801216,2021.0,wht_nonhis_women_cnt,146.0,
24033801217,2021.0,wht_nonhis_women_cnt,135.0,
24033801302,2021.0,wht_nonhis_women_cnt,470.0,
24033801305,2021.0,wht_nonhis_women_cnt,185.0,
24033801307,2021.0,wht_nonhis_women_cnt,206.0,
24033801308,2021.0,wht_nonhis_women_cnt,58.0,
24033801309,2021.0,wht_nonhis_women_cnt,504.0,
24033801310,2021.0,wht_nonhis_women_cnt,456.0,
24033801311,2021.0,wht_nonhis_women_cnt,275.0,
24033801312,2021.0,wht_nonhis_women_cnt,135.0,
24033801313,2021.0,wht_nonhis_women_cnt,123.0,
24033801404,2021.0,wht_nonhis_women_cnt,226.0,
24033801405,2021.0,wht_nonhis_women_cnt,100.0,
24033801406,2021.0,wht_nonhis_women_cnt,45.0,
24033801407,2021.0,wht_nonhis_women_cnt,111.0,
24033801408,2021.0,wht_nonhis_women_cnt,31.0,
24033801409,2021.0,wht_nonhis_women_cnt,112.0,
24033801410,2021.0,wht_nonhis_women_cnt,123.0,
24033801411,2021.0,wht_nonhis_women_cnt,47.0,
24033801500,2021.0,wht_nonhis_women_cnt,74.0,
24033801600,2021.0,wht_nonhis_women_cnt,56.0,
24033801701,2021.0,wht_nonhis_women_cnt,71.0,
24033801702,2021.0,wht_nonhis_women_cnt,33.0,
24033801704,2021.0,wht_nonhis_women_cnt,29.0,
24033801707,2021.0,wht_nonhis_women_cnt,64.0,
24033801709,2021.0,wht_nonhis_women_cnt,15.0,
24033801801,2021.0,wht_nonhis_women_cnt,57.0,
24033801802,2021.0,wht_nonhis_women_cnt,26.0,
24033801807,2021.0,wht_nonhis_women_cnt,8.0,
24033801808,2021.0,wht_nonhis_women_cnt,86.0,
24033801809,2021.0,wht_nonhis_women_cnt,45.0,
24033801901,2021.0,wht_nonhis_women_cnt,134.0,
24033801904,2021.0,wht_nonhis_women_cnt,138.0,
24033801905,2021.0,wht_nonhis_women_cnt,305.0,
24033801906,2021.0,wht_nonhis_women_cnt,148.0,
24033801907,2021.0,wht_nonhis_women_cnt,48.0,
24033801908,2021.0,wht_nonhis_women_cnt,24.0,
24033802001,2021.0,wht_nonhis_women_cnt,120.0,
24033802002,2021.0,wht_nonhis_women_cnt,20.0,
24033802103,2021.0,wht_nonhis_women_cnt,138.0,
24033802104,2021.0,wht_nonhis_women_cnt,17.0,
24033802106,2021.0,wht_nonhis_women_cnt,19.0,
24033802107,2021.0,wht_nonhis_women_cnt,44.0,
24033802201,2021.0,wht_nonhis_women_cnt,189.0,
24033802203,2021.0,wht_nonhis_women_cnt,62.0,
24033802204,2021.0,wht_nonhis_women_cnt,61.0,
24033802301,2021.0,wht_nonhis_women_cnt,72.0,
24033802404,2021.0,wht_nonhis_women_cnt,0.0,
24033802405,2021.0,wht_nonhis_women_cnt,14.0,
24033802406,2021.0,wht_nonhis_women_cnt,18.0,
24033802407,2021.0,wht_nonhis_women_cnt,52.0,
24033802408,2021.0,wht_nonhis_women_cnt,19.0,
24033802501,2021.0,wht_nonhis_women_cnt,16.0,
24033802502,2021.0,wht_nonhis_women_cnt,6.0,
24033802600,2021.0,wht_nonhis_women_cnt,55.0,
24033802700,2021.0,wht_nonhis_women_cnt,49.0,
24033802803,2021.0,wht_nonhis_women_cnt,44.0,
24033802804,2021.0,wht_nonhis_women_cnt,0.0,
24033802805,2021.0,wht_nonhis_women_cnt,49.0,
24033802901,2021.0,wht_nonhis_women_cnt,30.0,
24033803001,2021.0,wht_nonhis_women_cnt,14.0,
24033803002,2021.0,wht_nonhis_women_cnt,11.0,
24033803100,2021.0,wht_nonhis_women_cnt,82.0,
24033803200,2021.0,wht_nonhis_women_cnt,16.0,
24033803300,2021.0,wht_nonhis_women_cnt,33.0,
24033803403,2021.0,wht_nonhis_women_cnt,121.0,
24033803508,2021.0,wht_nonhis_women_cnt,0.0,
24033803509,2021.0,wht_nonhis_women_cnt,55.0,
24033803512,2021.0,wht_nonhis_women_cnt,131.0,
24033803513,2021.0,wht_nonhis_women_cnt,48.0,
24033803514,2021.0,wht_nonhis_women_cnt,90.0,
24033803516,2021.0,wht_nonhis_women_cnt,112.0,
24033803519,2021.0,wht_nonhis_women_cnt,56.0,
24033803520,2021.0,wht_nonhis_women_cnt,77.0,
24033803521,2021.0,wht_nonhis_women_cnt,345.0,
24033803524,2021.0,wht_nonhis_women_cnt,15.0,
24033803525,2021.0,wht_nonhis_women_cnt,0.0,
24033803526,2021.0,wht_nonhis_women_cnt,30.0,
24033803527,2021.0,wht_nonhis_women_cnt,18.0,
24033803528,2021.0,wht_nonhis_women_cnt,87.0,
24033803601,2021.0,wht_nonhis_women_cnt,7.0,
24033803602,2021.0,wht_nonhis_women_cnt,0.0,
24033803605,2021.0,wht_nonhis_women_cnt,323.0,
24033803606,2021.0,wht_nonhis_women_cnt,219.0,
24033803607,2021.0,wht_nonhis_women_cnt,117.0,
24033803608,2021.0,wht_nonhis_women_cnt,188.0,
24033803610,2021.0,wht_nonhis_women_cnt,140.0,
24033803612,2021.0,wht_nonhis_women_cnt,49.0,
24033803613,2021.0,wht_nonhis_women_cnt,70.0,
24033803700,2021.0,wht_nonhis_women_cnt,100.0,
24033803801,2021.0,wht_nonhis_women_cnt,66.0,
24033803803,2021.0,wht_nonhis_women_cnt,99.0,
24033803900,2021.0,wht_nonhis_women_cnt,48.0,
24033804001,2021.0,wht_nonhis_women_cnt,15.0,
24033804002,2021.0,wht_nonhis_women_cnt,74.0,
24033804101,2021.0,wht_nonhis_women_cnt,203.0,
24033804102,2021.0,wht_nonhis_women_cnt,63.0,
24033804200,2021.0,wht_nonhis_women_cnt,583.0,
24033804300,2021.0,wht_nonhis_women_cnt,14.0,
24033804400,2021.0,wht_nonhis_women_cnt,82.0,
24033804600,2021.0,wht_nonhis_women_cnt,250.0,
24033804700,2021.0,wht_nonhis_women_cnt,523.0,
24033804801,2021.0,wht_nonhis_women_cnt,18.0,
24033804802,2021.0,wht_nonhis_women_cnt,21.0,
24033804900,2021.0,wht_nonhis_women_cnt,198.0,
24033805000,2021.0,wht_nonhis_women_cnt,178.0,
24033805101,2021.0,wht_nonhis_women_cnt,41.0,
24033805201,2021.0,wht_nonhis_women_cnt,14.0,
24033805202,2021.0,wht_nonhis_women_cnt,9.0,
24033805500,2021.0,wht_nonhis_women_cnt,49.0,
24033805601,2021.0,wht_nonhis_women_cnt,0.0,
24033805602,2021.0,wht_nonhis_women_cnt,14.0,
24033805700,2021.0,wht_nonhis_women_cnt,137.0,
24033805801,2021.0,wht_nonhis_women_cnt,35.0,
24033805802,2021.0,wht_nonhis_women_cnt,52.0,
24033805904,2021.0,wht_nonhis_women_cnt,242.0,
24033805906,2021.0,wht_nonhis_women_cnt,51.0,
24033805907,2021.0,wht_nonhis_women_cnt,82.0,
24033805908,2021.0,wht_nonhis_women_cnt,55.0,
24033805909,2021.0,wht_nonhis_women_cnt,474.0,
24033806000,2021.0,wht_nonhis_women_cnt,271.0,
24033806100,2021.0,wht_nonhis_women_cnt,556.0,
24033806400,2021.0,wht_nonhis_women_cnt,1057.0,
24033806501,2021.0,wht_nonhis_women_cnt,236.0,
24033806601,2021.0,wht_nonhis_women_cnt,177.0,
24033806602,2021.0,wht_nonhis_women_cnt,195.0,
24033806706,2021.0,wht_nonhis_women_cnt,345.0,
24033806708,2021.0,wht_nonhis_women_cnt,893.0,
24033806710,2021.0,wht_nonhis_women_cnt,307.0,
24033806711,2021.0,wht_nonhis_women_cnt,118.0,
24033806712,2021.0,wht_nonhis_women_cnt,113.0,
24033806713,2021.0,wht_nonhis_women_cnt,72.0,
24033806714,2021.0,wht_nonhis_women_cnt,152.0,
24033806800,2021.0,wht_nonhis_women_cnt,754.0,
24033806900,2021.0,wht_nonhis_women_cnt,558.0,
24033807000,2021.0,wht_nonhis_women_cnt,1305.0,
24033807102,2021.0,wht_nonhis_women_cnt,665.0,
24033807301,2021.0,wht_nonhis_women_cnt,243.0,
24033807304,2021.0,wht_nonhis_women_cnt,167.0,
24033807305,2021.0,wht_nonhis_women_cnt,205.0,
24033807404,2021.0,wht_nonhis_women_cnt,384.0,
24033807405,2021.0,wht_nonhis_women_cnt,828.0,
24033807407,2021.0,wht_nonhis_women_cnt,330.0,
24033807408,2021.0,wht_nonhis_women_cnt,1144.0,
24033807409,2021.0,wht_nonhis_women_cnt,171.0,
24033807410,2021.0,wht_nonhis_women_cnt,963.0,
24033807500,2021.0,wht_nonhis_women_cnt,1002.0,
24033980000,2021.0,wht_nonhis_women_cnt,1091.0,
51013100100,2021.0,wht_nonhis_women_cnt,1413.0,
51013100200,2021.0,wht_nonhis_women_cnt,2210.0,
51013100300,2021.0,wht_nonhis_women_cnt,1644.0,
51013100400,2021.0,wht_nonhis_women_cnt,1212.0,
51013100500,2021.0,wht_nonhis_women_cnt,1311.0,
51013100600,2021.0,wht_nonhis_women_cnt,852.0,
51013100700,2021.0,wht_nonhis_women_cnt,1452.0,
51013100800,2021.0,wht_nonhis_women_cnt,150.0,
51013100900,2021.0,wht_nonhis_women_cnt,983.0,
51013101000,2021.0,wht_nonhis_women_cnt,907.0,
51013101100,2021.0,wht_nonhis_women_cnt,1737.0,
51013101200,2021.0,wht_nonhis_women_cnt,910.0,
51013101300,2021.0,wht_nonhis_women_cnt,1811.0,
51013101401,2021.0,wht_nonhis_women_cnt,486.0,
51013101402,2021.0,wht_nonhis_women_cnt,656.0,
51013101405,2021.0,wht_nonhis_women_cnt,639.0,
51013101406,2021.0,wht_nonhis_women_cnt,1053.0,
51013101407,2021.0,wht_nonhis_women_cnt,961.0,
51013101408,2021.0,wht_nonhis_women_cnt,185.0,
51013101409,2021.0,wht_nonhis_women_cnt,606.0,
51013101501,2021.0,wht_nonhis_women_cnt,1012.0,
51013101502,2021.0,wht_nonhis_women_cnt,766.0,
51013101503,2021.0,wht_nonhis_women_cnt,612.0,
51013101601,2021.0,wht_nonhis_women_cnt,499.0,
51013101602,2021.0,wht_nonhis_women_cnt,545.0,
51013101603,2021.0,wht_nonhis_women_cnt,1012.0,
51013101701,2021.0,wht_nonhis_women_cnt,1554.0,
51013101703,2021.0,wht_nonhis_women_cnt,574.0,
51013101704,2021.0,wht_nonhis_women_cnt,521.0,
51013101705,2021.0,wht_nonhis_women_cnt,800.0,
51013101801,2021.0,wht_nonhis_women_cnt,986.0,
51013101803,2021.0,wht_nonhis_women_cnt,1282.0,
51013101804,2021.0,wht_nonhis_women_cnt,603.0,
51013101805,2021.0,wht_nonhis_women_cnt,1351.0,
51013101900,2021.0,wht_nonhis_women_cnt,1172.0,
51013102001,2021.0,wht_nonhis_women_cnt,873.0,
51013102002,2021.0,wht_nonhis_women_cnt,274.0,
51013102003,2021.0,wht_nonhis_women_cnt,900.0,
51013102100,2021.0,wht_nonhis_women_cnt,536.0,
51013102200,2021.0,wht_nonhis_women_cnt,634.0,
51013102301,2021.0,wht_nonhis_women_cnt,351.0,
51013102302,2021.0,wht_nonhis_women_cnt,906.0,
51013102400,2021.0,wht_nonhis_women_cnt,620.0,
51013102500,2021.0,wht_nonhis_women_cnt,1329.0,
51013102600,2021.0,wht_nonhis_women_cnt,615.0,
51013102701,2021.0,wht_nonhis_women_cnt,144.0,
51013102702,2021.0,wht_nonhis_women_cnt,278.0,
51013102802,2021.0,wht_nonhis_women_cnt,416.0,
51013102803,2021.0,wht_nonhis_women_cnt,781.0,
51013102804,2021.0,wht_nonhis_women_cnt,702.0,
51013102901,2021.0,wht_nonhis_women_cnt,1211.0,
51013102903,2021.0,wht_nonhis_women_cnt,530.0,
51013102904,2021.0,wht_nonhis_women_cnt,646.0,
51013103000,2021.0,wht_nonhis_women_cnt,1163.0,
51013103100,2021.0,wht_nonhis_women_cnt,1138.0,
51013103200,2021.0,wht_nonhis_women_cnt,1376.0,
51013103300,2021.0,wht_nonhis_women_cnt,442.0,
51013103401,2021.0,wht_nonhis_women_cnt,46.0,
51013103403,2021.0,wht_nonhis_women_cnt,267.0,
51013103404,2021.0,wht_nonhis_women_cnt,347.0,
51013103405,2021.0,wht_nonhis_women_cnt,772.0,
51013103501,2021.0,wht_nonhis_women_cnt,821.0,
51013103503,2021.0,wht_nonhis_women_cnt,1229.0,
51013103504,2021.0,wht_nonhis_women_cnt,934.0,
51013103505,2021.0,wht_nonhis_women_cnt,536.0,
51013103601,2021.0,wht_nonhis_women_cnt,882.0,
51013103602,2021.0,wht_nonhis_women_cnt,227.0,
51013103700,2021.0,wht_nonhis_women_cnt,749.0,
51013103800,2021.0,wht_nonhis_women_cnt,1330.0,
51013980100,2021.0,wht_nonhis_women_cnt,0.0,
51013980200,2021.0,wht_nonhis_women_cnt,0.0,
51059415100,2021.0,wht_nonhis_women_cnt,908.0,
51059415200,2021.0,wht_nonhis_women_cnt,1083.0,
51059415300,2021.0,wht_nonhis_women_cnt,896.0,
51059415401,2021.0,wht_nonhis_women_cnt,693.0,
51059415402,2021.0,wht_nonhis_women_cnt,570.0,
51059415500,2021.0,wht_nonhis_women_cnt,1397.0,
51059415600,2021.0,wht_nonhis_women_cnt,876.0,
51059415700,2021.0,wht_nonhis_women_cnt,1139.0,
51059415800,2021.0,wht_nonhis_women_cnt,1576.0,
51059415900,2021.0,wht_nonhis_women_cnt,975.0,
51059416000,2021.0,wht_nonhis_women_cnt,1063.0,
51059416100,2021.0,wht_nonhis_women_cnt,1218.0,
51059416200,2021.0,wht_nonhis_women_cnt,688.0,
51059416300,2021.0,wht_nonhis_women_cnt,540.0,
51059420100,2021.0,wht_nonhis_women_cnt,676.0,
51059420201,2021.0,wht_nonhis_women_cnt,777.0,
51059420202,2021.0,wht_nonhis_women_cnt,476.0,
51059420203,2021.0,wht_nonhis_women_cnt,725.0,
51059420300,2021.0,wht_nonhis_women_cnt,1421.0,
51059420400,2021.0,wht_nonhis_women_cnt,692.0,
51059420501,2021.0,wht_nonhis_women_cnt,353.0,
51059420502,2021.0,wht_nonhis_women_cnt,608.0,
51059420503,2021.0,wht_nonhis_women_cnt,597.0,
51059420600,2021.0,wht_nonhis_women_cnt,891.0,
51059420700,2021.0,wht_nonhis_women_cnt,822.0,
51059420800,2021.0,wht_nonhis_women_cnt,754.0,
51059421001,2021.0,wht_nonhis_women_cnt,515.0,
51059421002,2021.0,wht_nonhis_women_cnt,744.0,
51059421101,2021.0,wht_nonhis_women_cnt,946.0,
51059421102,2021.0,wht_nonhis_women_cnt,693.0,
51059421103,2021.0,wht_nonhis_women_cnt,1269.0,
51059421200,2021.0,wht_nonhis_women_cnt,640.0,
51059421300,2021.0,wht_nonhis_women_cnt,763.0,
51059421400,2021.0,wht_nonhis_women_cnt,511.0,
51059421500,2021.0,wht_nonhis_women_cnt,360.0,
51059421600,2021.0,wht_nonhis_women_cnt,207.0,
51059421701,2021.0,wht_nonhis_women_cnt,180.0,
51059421702,2021.0,wht_nonhis_women_cnt,350.0,
51059421800,2021.0,wht_nonhis_women_cnt,616.0,
51059421900,2021.0,wht_nonhis_women_cnt,429.0,
51059422000,2021.0,wht_nonhis_women_cnt,526.0,
51059422101,2021.0,wht_nonhis_women_cnt,753.0,
51059422102,2021.0,wht_nonhis_women_cnt,533.0,
51059422201,2021.0,wht_nonhis_women_cnt,594.0,
51059422202,2021.0,wht_nonhis_women_cnt,1052.0,
51059422301,2021.0,wht_nonhis_women_cnt,628.0,
51059422302,2021.0,wht_nonhis_women_cnt,1143.0,
51059422401,2021.0,wht_nonhis_women_cnt,583.0,
51059422402,2021.0,wht_nonhis_women_cnt,1076.0,
51059422403,2021.0,wht_nonhis_women_cnt,694.0,
51059430101,2021.0,wht_nonhis_women_cnt,1187.0,
51059430102,2021.0,wht_nonhis_women_cnt,782.0,
51059430201,2021.0,wht_nonhis_women_cnt,1121.0,
51059430202,2021.0,wht_nonhis_women_cnt,1322.0,
51059430203,2021.0,wht_nonhis_women_cnt,753.0,
51059430400,2021.0,wht_nonhis_women_cnt,1572.0,
51059430500,2021.0,wht_nonhis_women_cnt,418.0,
51059430600,2021.0,wht_nonhis_women_cnt,497.0,
51059430700,2021.0,wht_nonhis_women_cnt,432.0,
51059430801,2021.0,wht_nonhis_women_cnt,975.0,
51059430802,2021.0,wht_nonhis_women_cnt,751.0,
51059430901,2021.0,wht_nonhis_women_cnt,528.0,
51059430902,2021.0,wht_nonhis_women_cnt,666.0,
51059431001,2021.0,wht_nonhis_women_cnt,905.0,
51059431002,2021.0,wht_nonhis_women_cnt,243.0,
51059431300,2021.0,wht_nonhis_women_cnt,862.0,
51059431400,2021.0,wht_nonhis_women_cnt,747.0,
51059431500,2021.0,wht_nonhis_women_cnt,1280.0,
51059431601,2021.0,wht_nonhis_women_cnt,1272.0,
51059431602,2021.0,wht_nonhis_women_cnt,838.0,
51059431801,2021.0,wht_nonhis_women_cnt,842.0,
51059431802,2021.0,wht_nonhis_women_cnt,615.0,
51059431900,2021.0,wht_nonhis_women_cnt,1091.0,
51059432000,2021.0,wht_nonhis_women_cnt,789.0,
51059432100,2021.0,wht_nonhis_women_cnt,1111.0,
51059432201,2021.0,wht_nonhis_women_cnt,600.0,
51059432202,2021.0,wht_nonhis_women_cnt,898.0,
51059432300,2021.0,wht_nonhis_women_cnt,1230.0,
51059432401,2021.0,wht_nonhis_women_cnt,773.0,
51059432402,2021.0,wht_nonhis_women_cnt,1277.0,
51059432500,2021.0,wht_nonhis_women_cnt,1560.0,
51059432600,2021.0,wht_nonhis_women_cnt,1001.0,
51059432701,2021.0,wht_nonhis_women_cnt,640.0,
51059432702,2021.0,wht_nonhis_women_cnt,597.0,
51059432800,2021.0,wht_nonhis_women_cnt,343.0,
51059440100,2021.0,wht_nonhis_women_cnt,1811.0,
51059440201,2021.0,wht_nonhis_women_cnt,713.0,
51059440202,2021.0,wht_nonhis_women_cnt,1305.0,
51059440300,2021.0,wht_nonhis_women_cnt,731.0,
51059440501,2021.0,wht_nonhis_women_cnt,1218.0,
51059440503,2021.0,wht_nonhis_women_cnt,153.0,
51059440504,2021.0,wht_nonhis_women_cnt,0.0,
51059440505,2021.0,wht_nonhis_women_cnt,288.0,
51059440600,2021.0,wht_nonhis_women_cnt,564.0,
51059440701,2021.0,wht_nonhis_women_cnt,800.0,
51059440702,2021.0,wht_nonhis_women_cnt,1417.0,
51059440800,2021.0,wht_nonhis_women_cnt,1516.0,
51059450100,2021.0,wht_nonhis_women_cnt,878.0,
51059450200,2021.0,wht_nonhis_women_cnt,640.0,
51059450300,2021.0,wht_nonhis_women_cnt,934.0,
51059450400,2021.0,wht_nonhis_women_cnt,666.0,
51059450500,2021.0,wht_nonhis_women_cnt,403.0,
51059450601,2021.0,wht_nonhis_women_cnt,811.0,
51059450602,2021.0,wht_nonhis_women_cnt,575.0,
51059450701,2021.0,wht_nonhis_women_cnt,450.0,
51059450702,2021.0,wht_nonhis_women_cnt,470.0,
51059450800,2021.0,wht_nonhis_women_cnt,677.0,
51059450900,2021.0,wht_nonhis_women_cnt,383.0,
51059451000,2021.0,wht_nonhis_women_cnt,718.0,
51059451100,2021.0,wht_nonhis_women_cnt,531.0,
51059451200,2021.0,wht_nonhis_women_cnt,586.0,
51059451300,2021.0,wht_nonhis_women_cnt,683.0,
51059451400,2021.0,wht_nonhis_women_cnt,261.0,
51059451501,2021.0,wht_nonhis_women_cnt,838.0,
51059451502,2021.0,wht_nonhis_women_cnt,912.0,
51059451601,2021.0,wht_nonhis_women_cnt,171.0,
51059451602,2021.0,wht_nonhis_women_cnt,634.0,
51059451800,2021.0,wht_nonhis_women_cnt,651.0,
51059451900,2021.0,wht_nonhis_women_cnt,965.0,
51059452000,2021.0,wht_nonhis_women_cnt,493.0,
51059452101,2021.0,wht_nonhis_women_cnt,789.0,
51059452102,2021.0,wht_nonhis_women_cnt,450.0,
51059452200,2021.0,wht_nonhis_women_cnt,503.0,
51059452301,2021.0,wht_nonhis_women_cnt,289.0,
51059452302,2021.0,wht_nonhis_women_cnt,326.0,
51059452400,2021.0,wht_nonhis_women_cnt,963.0,
51059452501,2021.0,wht_nonhis_women_cnt,523.0,
51059452502,2021.0,wht_nonhis_women_cnt,268.0,
51059452600,2021.0,wht_nonhis_women_cnt,788.0,
51059452700,2021.0,wht_nonhis_women_cnt,508.0,
51059452801,2021.0,wht_nonhis_women_cnt,734.0,
51059452802,2021.0,wht_nonhis_women_cnt,688.0,
51059460100,2021.0,wht_nonhis_women_cnt,933.0,
51059460200,2021.0,wht_nonhis_women_cnt,1287.0,
51059460300,2021.0,wht_nonhis_women_cnt,808.0,
51059460400,2021.0,wht_nonhis_women_cnt,940.0,
51059460501,2021.0,wht_nonhis_women_cnt,627.0,
51059460503,2021.0,wht_nonhis_women_cnt,482.0,
51059460504,2021.0,wht_nonhis_women_cnt,790.0,
51059460600,2021.0,wht_nonhis_women_cnt,1063.0,
51059460701,2021.0,wht_nonhis_women_cnt,631.0,
51059460702,2021.0,wht_nonhis_women_cnt,1292.0,
51059460800,2021.0,wht_nonhis_women_cnt,992.0,
51059460900,2021.0,wht_nonhis_women_cnt,690.0,
51059461000,2021.0,wht_nonhis_women_cnt,587.0,
51059461100,2021.0,wht_nonhis_women_cnt,1848.0,
51059461201,2021.0,wht_nonhis_women_cnt,1128.0,
51059461202,2021.0,wht_nonhis_women_cnt,1268.0,
51059461500,2021.0,wht_nonhis_women_cnt,1435.0,
51059461603,2021.0,wht_nonhis_women_cnt,895.0,
51059461604,2021.0,wht_nonhis_women_cnt,329.0,
51059461605,2021.0,wht_nonhis_women_cnt,900.0,
51059461606,2021.0,wht_nonhis_women_cnt,385.0,
51059461700,2021.0,wht_nonhis_women_cnt,977.0,
51059461801,2021.0,wht_nonhis_women_cnt,543.0,
51059461802,2021.0,wht_nonhis_women_cnt,1092.0,
51059461901,2021.0,wht_nonhis_women_cnt,529.0,
51059461902,2021.0,wht_nonhis_women_cnt,196.0,
51059470100,2021.0,wht_nonhis_women_cnt,676.0,
51059470300,2021.0,wht_nonhis_women_cnt,1053.0,
51059470400,2021.0,wht_nonhis_women_cnt,1489.0,
51059470500,2021.0,wht_nonhis_women_cnt,1131.0,
51059470600,2021.0,wht_nonhis_women_cnt,725.0,
51059470700,2021.0,wht_nonhis_women_cnt,1251.0,
51059470800,2021.0,wht_nonhis_women_cnt,730.0,
51059470900,2021.0,wht_nonhis_women_cnt,2141.0,
51059471000,2021.0,wht_nonhis_women_cnt,540.0,
51059471100,2021.0,wht_nonhis_women_cnt,1288.0,
51059471201,2021.0,wht_nonhis_women_cnt,533.0,
51059471203,2021.0,wht_nonhis_women_cnt,880.0,
51059471204,2021.0,wht_nonhis_women_cnt,685.0,
51059471301,2021.0,wht_nonhis_women_cnt,634.0,
51059471303,2021.0,wht_nonhis_women_cnt,893.0,
51059471304,2021.0,wht_nonhis_women_cnt,445.0,
51059471401,2021.0,wht_nonhis_women_cnt,788.0,
51059471402,2021.0,wht_nonhis_women_cnt,487.0,
51059480100,2021.0,wht_nonhis_women_cnt,1225.0,
51059480201,2021.0,wht_nonhis_women_cnt,1091.0,
51059480203,2021.0,wht_nonhis_women_cnt,691.0,
51059480204,2021.0,wht_nonhis_women_cnt,1062.0,
51059480205,2021.0,wht_nonhis_women_cnt,737.0,
51059480301,2021.0,wht_nonhis_women_cnt,759.0,
51059480302,2021.0,wht_nonhis_women_cnt,864.0,
51059480401,2021.0,wht_nonhis_women_cnt,923.0,
51059480402,2021.0,wht_nonhis_women_cnt,1328.0,
51059480501,2021.0,wht_nonhis_women_cnt,762.0,
51059480502,2021.0,wht_nonhis_women_cnt,1635.0,
51059480503,2021.0,wht_nonhis_women_cnt,792.0,
51059480504,2021.0,wht_nonhis_women_cnt,562.0,
51059480505,2021.0,wht_nonhis_women_cnt,942.0,
51059480801,2021.0,wht_nonhis_women_cnt,809.0,
51059480802,2021.0,wht_nonhis_women_cnt,810.0,
51059480901,2021.0,wht_nonhis_women_cnt,755.0,
51059480902,2021.0,wht_nonhis_women_cnt,608.0,
51059480903,2021.0,wht_nonhis_women_cnt,484.0,
51059481000,2021.0,wht_nonhis_women_cnt,624.0,
51059481101,2021.0,wht_nonhis_women_cnt,349.0,
51059481102,2021.0,wht_nonhis_women_cnt,367.0,
51059481103,2021.0,wht_nonhis_women_cnt,275.0,
51059481104,2021.0,wht_nonhis_women_cnt,286.0,
51059481105,2021.0,wht_nonhis_women_cnt,834.0,
51059481106,2021.0,wht_nonhis_women_cnt,1402.0,
51059481201,2021.0,wht_nonhis_women_cnt,269.0,
51059481202,2021.0,wht_nonhis_women_cnt,751.0,
51059481400,2021.0,wht_nonhis_women_cnt,1898.0,
51059481500,2021.0,wht_nonhis_women_cnt,628.0,
51059481600,2021.0,wht_nonhis_women_cnt,1090.0,
51059481701,2021.0,wht_nonhis_women_cnt,1635.0,
51059481702,2021.0,wht_nonhis_women_cnt,922.0,
51059481900,2021.0,wht_nonhis_women_cnt,1657.0,
51059482001,2021.0,wht_nonhis_women_cnt,1328.0,
51059482002,2021.0,wht_nonhis_women_cnt,1154.0,
51059482100,2021.0,wht_nonhis_women_cnt,727.0,
51059482201,2021.0,wht_nonhis_women_cnt,538.0,
51059482203,2021.0,wht_nonhis_women_cnt,1646.0,
51059482204,2021.0,wht_nonhis_women_cnt,841.0,
51059482205,2021.0,wht_nonhis_women_cnt,607.0,
51059482206,2021.0,wht_nonhis_women_cnt,199.0,
51059482301,2021.0,wht_nonhis_women_cnt,1553.0,
51059482302,2021.0,wht_nonhis_women_cnt,673.0,
51059482303,2021.0,wht_nonhis_women_cnt,1007.0,
51059482400,2021.0,wht_nonhis_women_cnt,607.0,
51059482502,2021.0,wht_nonhis_women_cnt,506.0,
51059482503,2021.0,wht_nonhis_women_cnt,1006.0,
51059482504,2021.0,wht_nonhis_women_cnt,1356.0,
51059482505,2021.0,wht_nonhis_women_cnt,348.0,
51059482506,2021.0,wht_nonhis_women_cnt,525.0,
51059482507,2021.0,wht_nonhis_women_cnt,915.0,
51059482601,2021.0,wht_nonhis_women_cnt,1130.0,
51059482603,2021.0,wht_nonhis_women_cnt,754.0,
51059482604,2021.0,wht_nonhis_women_cnt,649.0,
51059490101,2021.0,wht_nonhis_women_cnt,1259.0,
51059490104,2021.0,wht_nonhis_women_cnt,597.0,
51059490105,2021.0,wht_nonhis_women_cnt,672.0,
51059490501,2021.0,wht_nonhis_women_cnt,419.0,
51059490502,2021.0,wht_nonhis_women_cnt,1495.0,
51059491000,2021.0,wht_nonhis_women_cnt,551.0,
51059491101,2021.0,wht_nonhis_women_cnt,1116.0,
51059491102,2021.0,wht_nonhis_women_cnt,729.0,
51059491103,2021.0,wht_nonhis_women_cnt,1189.0,
51059491201,2021.0,wht_nonhis_women_cnt,1113.0,
51059491202,2021.0,wht_nonhis_women_cnt,324.0,
51059491301,2021.0,wht_nonhis_women_cnt,1151.0,
51059491302,2021.0,wht_nonhis_women_cnt,599.0,
51059491303,2021.0,wht_nonhis_women_cnt,499.0,
51059491401,2021.0,wht_nonhis_women_cnt,653.0,
51059491402,2021.0,wht_nonhis_women_cnt,526.0,
51059491403,2021.0,wht_nonhis_women_cnt,851.0,
51059491404,2021.0,wht_nonhis_women_cnt,721.0,
51059491405,2021.0,wht_nonhis_women_cnt,588.0,
51059491501,2021.0,wht_nonhis_women_cnt,505.0,
51059491502,2021.0,wht_nonhis_women_cnt,1423.0,
51059491601,2021.0,wht_nonhis_women_cnt,518.0,
51059491602,2021.0,wht_nonhis_women_cnt,662.0,
51059491701,2021.0,wht_nonhis_women_cnt,1141.0,
51059491703,2021.0,wht_nonhis_women_cnt,1218.0,
51059491704,2021.0,wht_nonhis_women_cnt,1012.0,
51059491705,2021.0,wht_nonhis_women_cnt,457.0,
51059491706,2021.0,wht_nonhis_women_cnt,558.0,
51059491707,2021.0,wht_nonhis_women_cnt,769.0,
51059491801,2021.0,wht_nonhis_women_cnt,524.0,
51059491802,2021.0,wht_nonhis_women_cnt,643.0,
51059491803,2021.0,wht_nonhis_women_cnt,1474.0,
51059492000,2021.0,wht_nonhis_women_cnt,1890.0,
51059492100,2021.0,wht_nonhis_women_cnt,1822.0,
51059492201,2021.0,wht_nonhis_women_cnt,701.0,
51059492202,2021.0,wht_nonhis_women_cnt,1649.0,
51059492203,2021.0,wht_nonhis_women_cnt,832.0,
51059492300,2021.0,wht_nonhis_women_cnt,738.0,
51059492400,2021.0,wht_nonhis_women_cnt,809.0,
51059492500,2021.0,wht_nonhis_women_cnt,1224.0,
51059980100,2021.0,wht_nonhis_women_cnt,5.0,
51059980200,2021.0,wht_nonhis_women_cnt,0.0,
51059980300,2021.0,wht_nonhis_women_cnt,0.0,
51107610101,2021.0,wht_nonhis_women_cnt,1508.0,
51107610102,2021.0,wht_nonhis_women_cnt,1210.0,
51107610201,2021.0,wht_nonhis_women_cnt,1882.0,
51107610202,2021.0,wht_nonhis_women_cnt,1401.0,
51107610300,2021.0,wht_nonhis_women_cnt,2266.0,
51107610400,2021.0,wht_nonhis_women_cnt,1548.0,
51107610503,2021.0,wht_nonhis_women_cnt,1834.0,
51107610504,2021.0,wht_nonhis_women_cnt,1693.0,
51107610505,2021.0,wht_nonhis_women_cnt,1018.0,
51107610506,2021.0,wht_nonhis_women_cnt,861.0,
51107610507,2021.0,wht_nonhis_women_cnt,1533.0,
51107610601,2021.0,wht_nonhis_women_cnt,1939.0,
51107610602,2021.0,wht_nonhis_women_cnt,593.0,
51107610603,2021.0,wht_nonhis_women_cnt,843.0,
51107610604,2021.0,wht_nonhis_women_cnt,1483.0,
51107610701,2021.0,wht_nonhis_women_cnt,1545.0,
51107610702,2021.0,wht_nonhis_women_cnt,1892.0,
51107610703,2021.0,wht_nonhis_women_cnt,1575.0,
51107610800,2021.0,wht_nonhis_women_cnt,2200.0,
51107610900,2021.0,wht_nonhis_women_cnt,958.0,
51107611002,2021.0,wht_nonhis_women_cnt,972.0,
51107611004,2021.0,wht_nonhis_women_cnt,1710.0,
51107611005,2021.0,wht_nonhis_women_cnt,1278.0,
51107611006,2021.0,wht_nonhis_women_cnt,1044.0,
51107611009,2021.0,wht_nonhis_women_cnt,1176.0,
51107611010,2021.0,wht_nonhis_women_cnt,958.0,
51107611011,2021.0,wht_nonhis_women_cnt,814.0,
51107611012,2021.0,wht_nonhis_women_cnt,901.0,
51107611013,2021.0,wht_nonhis_women_cnt,813.0,
51107611014,2021.0,wht_nonhis_women_cnt,1215.0,
51107611015,2021.0,wht_nonhis_women_cnt,793.0,
51107611016,2021.0,wht_nonhis_women_cnt,1477.0,
51107611017,2021.0,wht_nonhis_women_cnt,963.0,
51107611018,2021.0,wht_nonhis_women_cnt,1276.0,
51107611019,2021.0,wht_nonhis_women_cnt,1281.0,
51107611020,2021.0,wht_nonhis_women_cnt,1273.0,
51107611022,2021.0,wht_nonhis_women_cnt,1279.0,
51107611023,2021.0,wht_nonhis_women_cnt,1304.0,
51107611026,2021.0,wht_nonhis_women_cnt,1655.0,
51107611027,2021.0,wht_nonhis_women_cnt,377.0,
51107611028,2021.0,wht_nonhis_women_cnt,923.0,
51107611029,2021.0,wht_nonhis_women_cnt,1659.0,
51107611030,2021.0,wht_nonhis_women_cnt,496.0,
51107611031,2021.0,wht_nonhis_women_cnt,380.0,
51107611032,2021.0,wht_nonhis_women_cnt,367.0,
51107611101,2021.0,wht_nonhis_women_cnt,900.0,
51107611102,2021.0,wht_nonhis_women_cnt,1715.0,
51107611202,2021.0,wht_nonhis_women_cnt,1245.0,
51107611204,2021.0,wht_nonhis_women_cnt,766.0,
51107611205,2021.0,wht_nonhis_women_cnt,1064.0,
51107611206,2021.0,wht_nonhis_women_cnt,938.0,
51107611207,2021.0,wht_nonhis_women_cnt,915.0,
51107611208,2021.0,wht_nonhis_women_cnt,955.0,
51107611209,2021.0,wht_nonhis_women_cnt,1913.0,
51107611300,2021.0,wht_nonhis_women_cnt,915.0,
51107611400,2021.0,wht_nonhis_women_cnt,801.0,
51107611501,2021.0,wht_nonhis_women_cnt,459.0,
51107611502,2021.0,wht_nonhis_women_cnt,789.0,
51107611601,2021.0,wht_nonhis_women_cnt,641.0,
51107611602,2021.0,wht_nonhis_women_cnt,222.0,
51107611701,2021.0,wht_nonhis_women_cnt,901.0,
51107611702,2021.0,wht_nonhis_women_cnt,285.0,
51107611803,2021.0,wht_nonhis_women_cnt,1076.0,
51107611804,2021.0,wht_nonhis_women_cnt,953.0,
51107611805,2021.0,wht_nonhis_women_cnt,977.0,
51107611807,2021.0,wht_nonhis_women_cnt,905.0,
51107611808,2021.0,wht_nonhis_women_cnt,741.0,
51107611809,2021.0,wht_nonhis_women_cnt,1400.0,
51107611810,2021.0,wht_nonhis_women_cnt,1214.0,
51107611811,2021.0,wht_nonhis_women_cnt,1173.0,
51107611812,2021.0,wht_nonhis_women_cnt,467.0,
51107611813,2021.0,wht_nonhis_women_cnt,1535.0,
51107611901,2021.0,wht_nonhis_women_cnt,889.0,
51107611902,2021.0,wht_nonhis_women_cnt,776.0,
51107980100,2021.0,wht_nonhis_women_cnt,0.0,
51153900100,2021.0,wht_nonhis_women_cnt,686.0,
51153900201,2021.0,wht_nonhis_women_cnt,257.0,
51153900202,2021.0,wht_nonhis_women_cnt,682.0,
51153900203,2021.0,wht_nonhis_women_cnt,224.0,
51153900301,2021.0,wht_nonhis_women_cnt,785.0,
51153900302,2021.0,wht_nonhis_women_cnt,595.0,
51153900403,2021.0,wht_nonhis_women_cnt,568.0,
51153900404,2021.0,wht_nonhis_women_cnt,390.0,
51153900407,2021.0,wht_nonhis_women_cnt,627.0,
51153900408,2021.0,wht_nonhis_women_cnt,730.0,
51153900409,2021.0,wht_nonhis_women_cnt,469.0,
51153900410,2021.0,wht_nonhis_women_cnt,384.0,
51153900502,2021.0,wht_nonhis_women_cnt,640.0,
51153900503,2021.0,wht_nonhis_women_cnt,269.0,
51153900504,2021.0,wht_nonhis_women_cnt,237.0,
51153900601,2021.0,wht_nonhis_women_cnt,196.0,
51153900602,2021.0,wht_nonhis_women_cnt,302.0,
51153900701,2021.0,wht_nonhis_women_cnt,606.0,
51153900702,2021.0,wht_nonhis_women_cnt,860.0,
51153900801,2021.0,wht_nonhis_women_cnt,1015.0,
51153900803,2021.0,wht_nonhis_women_cnt,460.0,
51153900804,2021.0,wht_nonhis_women_cnt,592.0,
51153900901,2021.0,wht_nonhis_women_cnt,378.0,
51153900904,2021.0,wht_nonhis_women_cnt,469.0,
51153900905,2021.0,wht_nonhis_women_cnt,486.0,
51153901005,2021.0,wht_nonhis_women_cnt,1240.0,
51153901009,2021.0,wht_nonhis_women_cnt,1471.0,
51153901010,2021.0,wht_nonhis_women_cnt,1008.0,
51153901011,2021.0,wht_nonhis_women_cnt,922.0,
51153901012,2021.0,wht_nonhis_women_cnt,1232.0,
51153901013,2021.0,wht_nonhis_women_cnt,330.0,
51153901014,2021.0,wht_nonhis_women_cnt,625.0,
51153901015,2021.0,wht_nonhis_women_cnt,271.0,
51153901016,2021.0,wht_nonhis_women_cnt,457.0,
51153901101,2021.0,wht_nonhis_women_cnt,252.0,
51153901102,2021.0,wht_nonhis_women_cnt,453.0,
51153901203,2021.0,wht_nonhis_women_cnt,432.0,
51153901208,2021.0,wht_nonhis_women_cnt,877.0,
51153901209,2021.0,wht_nonhis_women_cnt,1129.0,
51153901211,2021.0,wht_nonhis_women_cnt,362.0,
51153901212,2021.0,wht_nonhis_women_cnt,723.0,
51153901219,2021.0,wht_nonhis_women_cnt,1667.0,
51153901221,2021.0,wht_nonhis_women_cnt,1146.0,
51153901222,2021.0,wht_nonhis_women_cnt,651.0,
51153901223,2021.0,wht_nonhis_women_cnt,1270.0,
51153901224,2021.0,wht_nonhis_women_cnt,911.0,
51153901225,2021.0,wht_nonhis_women_cnt,810.0,
51153901226,2021.0,wht_nonhis_women_cnt,881.0,
51153901227,2021.0,wht_nonhis_women_cnt,569.0,
51153901228,2021.0,wht_nonhis_women_cnt,707.0,
51153901229,2021.0,wht_nonhis_women_cnt,581.0,
51153901230,2021.0,wht_nonhis_women_cnt,592.0,
51153901231,2021.0,wht_nonhis_women_cnt,1649.0,
51153901232,2021.0,wht_nonhis_women_cnt,1047.0,
51153901233,2021.0,wht_nonhis_women_cnt,1675.0,
51153901234,2021.0,wht_nonhis_women_cnt,867.0,
51153901235,2021.0,wht_nonhis_women_cnt,635.0,
51153901236,2021.0,wht_nonhis_women_cnt,1085.0,
51153901237,2021.0,wht_nonhis_women_cnt,538.0,
51153901303,2021.0,wht_nonhis_women_cnt,899.0,
51153901304,2021.0,wht_nonhis_women_cnt,682.0,
51153901305,2021.0,wht_nonhis_women_cnt,1218.0,
51153901306,2021.0,wht_nonhis_women_cnt,1486.0,
51153901403,2021.0,wht_nonhis_women_cnt,759.0,
51153901407,2021.0,wht_nonhis_women_cnt,361.0,
51153901409,2021.0,wht_nonhis_women_cnt,1393.0,
51153901411,2021.0,wht_nonhis_women_cnt,1217.0,
51153901412,2021.0,wht_nonhis_women_cnt,1661.0,
51153901413,2021.0,wht_nonhis_women_cnt,812.0,
51153901414,2021.0,wht_nonhis_women_cnt,1197.0,
51153901415,2021.0,wht_nonhis_women_cnt,995.0,
51153901416,2021.0,wht_nonhis_women_cnt,1056.0,
51153901417,2021.0,wht_nonhis_women_cnt,768.0,
51153901418,2021.0,wht_nonhis_women_cnt,668.0,
51153901419,2021.0,wht_nonhis_women_cnt,240.0,
51153901420,2021.0,wht_nonhis_women_cnt,805.0,
51153901421,2021.0,wht_nonhis_women_cnt,899.0,
51153901503,2021.0,wht_nonhis_women_cnt,1495.0,
51153901504,2021.0,wht_nonhis_women_cnt,1648.0,
51153901505,2021.0,wht_nonhis_women_cnt,1895.0,
51153901506,2021.0,wht_nonhis_women_cnt,1003.0,
51153901507,2021.0,wht_nonhis_women_cnt,486.0,
51153901508,2021.0,wht_nonhis_women_cnt,845.0,
51153901509,2021.0,wht_nonhis_women_cnt,1747.0,
51153901510,2021.0,wht_nonhis_women_cnt,1334.0,
51153901511,2021.0,wht_nonhis_women_cnt,1409.0,
51153901601,2021.0,wht_nonhis_women_cnt,556.0,
51153901602,2021.0,wht_nonhis_women_cnt,1222.0,
51153901702,2021.0,wht_nonhis_women_cnt,410.0,
51153901703,2021.0,wht_nonhis_women_cnt,188.0,
51153901704,2021.0,wht_nonhis_women_cnt,447.0,
51153901900,2021.0,wht_nonhis_women_cnt,814.0,
51153980100,2021.0,wht_nonhis_women_cnt,0.0,
51510200102,2021.0,wht_nonhis_women_cnt,606.0,
51510200104,2021.0,wht_nonhis_women_cnt,487.0,
51510200105,2021.0,wht_nonhis_women_cnt,188.0,
51510200106,2021.0,wht_nonhis_women_cnt,658.0,
51510200108,2021.0,wht_nonhis_women_cnt,238.0,
51510200109,2021.0,wht_nonhis_women_cnt,502.0,
51510200110,2021.0,wht_nonhis_women_cnt,914.0,
51510200111,2021.0,wht_nonhis_women_cnt,768.0,
51510200201,2021.0,wht_nonhis_women_cnt,974.0,
51510200202,2021.0,wht_nonhis_women_cnt,421.0,
51510200301,2021.0,wht_nonhis_women_cnt,469.0,
51510200302,2021.0,wht_nonhis_women_cnt,736.0,
51510200304,2021.0,wht_nonhis_women_cnt,417.0,
51510200305,2021.0,wht_nonhis_women_cnt,506.0,
51510200403,2021.0,wht_nonhis_women_cnt,328.0,
51510200404,2021.0,wht_nonhis_women_cnt,1310.0,
51510200406,2021.0,wht_nonhis_women_cnt,600.0,
51510200407,2021.0,wht_nonhis_women_cnt,952.0,
51510200408,2021.0,wht_nonhis_women_cnt,201.0,
51510200409,2021.0,wht_nonhis_women_cnt,865.0,
51510200500,2021.0,wht_nonhis_women_cnt,780.0,
51510200600,2021.0,wht_nonhis_women_cnt,750.0,
51510200701,2021.0,wht_nonhis_women_cnt,199.0,
51510200703,2021.0,wht_nonhis_women_cnt,927.0,
51510200704,2021.0,wht_nonhis_women_cnt,743.0,
51510200705,2021.0,wht_nonhis_women_cnt,795.0,
51510200801,2021.0,wht_nonhis_women_cnt,788.0,
51510200802,2021.0,wht_nonhis_women_cnt,781.0,
51510200900,2021.0,wht_nonhis_women_cnt,1509.0,
51510201000,2021.0,wht_nonhis_women_cnt,1315.0,
51510201100,2021.0,wht_nonhis_women_cnt,767.0,
51510201202,2021.0,wht_nonhis_women_cnt,1090.0,
51510201204,2021.0,wht_nonhis_women_cnt,655.0,
51510201205,2021.0,wht_nonhis_women_cnt,527.0,
51510201206,2021.0,wht_nonhis_women_cnt,228.0,
51510201300,2021.0,wht_nonhis_women_cnt,1155.0,
51510201400,2021.0,wht_nonhis_women_cnt,1375.0,
51510201500,2021.0,wht_nonhis_women_cnt,1407.0,
51510201601,2021.0,wht_nonhis_women_cnt,1162.0,
51510201602,2021.0,wht_nonhis_women_cnt,794.0,
51510201802,2021.0,wht_nonhis_women_cnt,609.0,
51510201803,2021.0,wht_nonhis_women_cnt,882.0,
51510201804,2021.0,wht_nonhis_women_cnt,715.0,
51510201805,2021.0,wht_nonhis_women_cnt,1329.0,
51510201900,2021.0,wht_nonhis_women_cnt,703.0,
51510202001,2021.0,wht_nonhis_women_cnt,1001.0,
51510202002,2021.0,wht_nonhis_women_cnt,914.0,
51510980000,2021.0,wht_nonhis_women_cnt,0.0,
51600300100,2021.0,wht_nonhis_women_cnt,925.0,
51600300200,2021.0,wht_nonhis_women_cnt,997.0,
51600300300,2021.0,wht_nonhis_women_cnt,1201.0,
51600300400,2021.0,wht_nonhis_women_cnt,848.0,
51600300500,2021.0,wht_nonhis_women_cnt,1215.0,
51610500100,2021.0,wht_nonhis_women_cnt,1099.0,
51610500200,2021.0,wht_nonhis_women_cnt,1665.0,
51610500300,2021.0,wht_nonhis_women_cnt,1198.0,
51683910100,2021.0,wht_nonhis_women_cnt,837.0,
51683910201,2021.0,wht_nonhis_women_cnt,1122.0,
51683910202,2021.0,wht_nonhis_women_cnt,815.0,
51683910301,2021.0,wht_nonhis_women_cnt,848.0,
51683910302,2021.0,wht_nonhis_women_cnt,1021.0,
51683910401,2021.0,wht_nonhis_women_cnt,911.0,
51683910402,2021.0,wht_nonhis_women_cnt,1330.0,
51685920100,2021.0,wht_nonhis_women_cnt,862.0,
51685920201,2021.0,wht_nonhis_women_cnt,247.0,
51685920202,2021.0,wht_nonhis_women_cnt,1021.0,
