geoid,year,measure,value,moe
51001,2014.0,inadequate,86.0,
51003,2014.0,inadequate,36.0,
51005,2014.0,inadequate,1.0,
51007,2014.0,inadequate,4.0,
51009,2014.0,inadequate,8.0,
51011,2014.0,inadequate,6.0,
51013,2014.0,inadequate,410.0,
51015,2014.0,inadequate,81.0,
51017,2014.0,inadequate,3.0,
51019,2014.0,inadequate,13.0,
51021,2014.0,inadequate,2.0,
51023,2014.0,inadequate,4.0,
51025,2014.0,inadequate,17.0,
51027,2014.0,inadequate,12.0,
51029,2014.0,inadequate,11.0,
51031,2014.0,inadequate,4.0,
51033,2014.0,inadequate,37.0,
51035,2014.0,inadequate,19.0,
51036,2014.0,inadequate,8.0,
51037,2014.0,inadequate,31.0,
51041,2014.0,inadequate,110.0,
51043,2014.0,inadequate,12.0,
51045,2014.0,inadequate,3.0,
51047,2014.0,inadequate,71.0,
51049,2014.0,inadequate,3.0,
51051,2014.0,inadequate,19.0,
51053,2014.0,inadequate,12.0,
51057,2014.0,inadequate,14.0,
51059,2014.0,inadequate,1656.0,
51061,2014.0,inadequate,69.0,
51063,2014.0,inadequate,6.0,
51065,2014.0,inadequate,8.0,
51067,2014.0,inadequate,6.0,
51069,2014.0,inadequate,83.0,
51071,2014.0,inadequate,21.0,
51073,2014.0,inadequate,17.0,
51075,2014.0,inadequate,10.0,
51077,2014.0,inadequate,11.0,
51079,2014.0,inadequate,10.0,
51081,2014.0,inadequate,23.0,
51083,2014.0,inadequate,44.0,
51085,2014.0,inadequate,58.0,
51087,2014.0,inadequate,255.0,
51089,2014.0,inadequate,50.0,
51091,2014.0,inadequate,3.0,
51093,2014.0,inadequate,33.0,
51095,2014.0,inadequate,86.0,
51097,2014.0,inadequate,12.0,
51099,2014.0,inadequate,21.0,
51101,2014.0,inadequate,13.0,
51103,2014.0,inadequate,10.0,
51105,2014.0,inadequate,39.0,
51107,2014.0,inadequate,266.0,
51109,2014.0,inadequate,21.0,
51111,2014.0,inadequate,21.0,
51113,2014.0,inadequate,9.0,
51115,2014.0,inadequate,4.0,
51117,2014.0,inadequate,40.0,
51119,2014.0,inadequate,12.0,
51121,2014.0,inadequate,58.0,
51125,2014.0,inadequate,10.0,
51127,2014.0,inadequate,17.0,
51131,2014.0,inadequate,23.0,
51133,2014.0,inadequate,19.0,
51135,2014.0,inadequate,19.0,
51137,2014.0,inadequate,31.0,
51139,2014.0,inadequate,33.0,
51141,2014.0,inadequate,4.0,
51143,2014.0,inadequate,28.0,
51145,2014.0,inadequate,6.0,
51147,2014.0,inadequate,24.0,
51149,2014.0,inadequate,17.0,
51153,2014.0,inadequate,715.0,
51155,2014.0,inadequate,19.0,
51157,2014.0,inadequate,5.0,
51159,2014.0,inadequate,6.0,
51161,2014.0,inadequate,9.0,
51163,2014.0,inadequate,20.0,
51165,2014.0,inadequate,105.0,
51167,2014.0,inadequate,9.0,
51169,2014.0,inadequate,6.0,
51171,2014.0,inadequate,52.0,
51173,2014.0,inadequate,5.0,
51175,2014.0,inadequate,24.0,
51177,2014.0,inadequate,173.0,
51179,2014.0,inadequate,159.0,
51181,2014.0,inadequate,6.0,
51183,2014.0,inadequate,16.0,
51185,2014.0,inadequate,18.0,
51187,2014.0,inadequate,68.0,
51191,2014.0,inadequate,3.0,
51193,2014.0,inadequate,26.0,
51195,2014.0,inadequate,57.0,
51197,2014.0,inadequate,18.0,
51199,2014.0,inadequate,23.0,
51510,2014.0,inadequate,321.0,
51520,2014.0,inadequate,0.0,
51530,2014.0,inadequate,2.0,
51540,2014.0,inadequate,33.0,
51550,2014.0,inadequate,231.0,
51570,2014.0,inadequate,20.0,
51590,2014.0,inadequate,85.0,
51600,2014.0,inadequate,63.0,
51610,2014.0,inadequate,22.0,
51620,2014.0,inadequate,26.0,
51630,2014.0,inadequate,70.0,
51640,2014.0,inadequate,5.0,
51650,2014.0,inadequate,77.0,
51660,2014.0,inadequate,113.0,
51670,2014.0,inadequate,42.0,
51680,2014.0,inadequate,16.0,
51683,2014.0,inadequate,87.0,
51685,2014.0,inadequate,0.0,
51690,2014.0,inadequate,31.0,
51700,2014.0,inadequate,112.0,
51710,2014.0,inadequate,389.0,
51720,2014.0,inadequate,2.0,
51730,2014.0,inadequate,87.0,
51735,2014.0,inadequate,2.0,
51740,2014.0,inadequate,202.0,
51750,2014.0,inadequate,11.0,
51760,2014.0,inadequate,178.0,
51770,2014.0,inadequate,30.0,
51775,2014.0,inadequate,12.0,
51790,2014.0,inadequate,53.0,
51800,2014.0,inadequate,145.0,
51810,2014.0,inadequate,320.0,
51820,2014.0,inadequate,34.0,
51830,2014.0,inadequate,18.0,
51840,2014.0,inadequate,69.0,
51001,2015.0,inadequate,74.0,
51003,2015.0,inadequate,134.0,
51005,2015.0,inadequate,4.0,
51007,2015.0,inadequate,5.0,
51009,2015.0,inadequate,26.0,
51011,2015.0,inadequate,16.0,
51013,2015.0,inadequate,437.0,
51015,2015.0,inadequate,63.0,
51017,2015.0,inadequate,3.0,
51019,2015.0,inadequate,28.0,
51021,2015.0,inadequate,4.0,
51023,2015.0,inadequate,5.0,
51025,2015.0,inadequate,24.0,
51027,2015.0,inadequate,13.0,
51029,2015.0,inadequate,17.0,
51031,2015.0,inadequate,28.0,
51033,2015.0,inadequate,32.0,
51035,2015.0,inadequate,16.0,
51036,2015.0,inadequate,5.0,
51037,2015.0,inadequate,31.0,
51041,2015.0,inadequate,224.0,
51043,2015.0,inadequate,15.0,
51045,2015.0,inadequate,2.0,
51047,2015.0,inadequate,66.0,
51049,2015.0,inadequate,8.0,
51051,2015.0,inadequate,10.0,
51053,2015.0,inadequate,12.0,
51057,2015.0,inadequate,24.0,
51059,2015.0,inadequate,1712.0,
51061,2015.0,inadequate,62.0,
51063,2015.0,inadequate,8.0,
51065,2015.0,inadequate,22.0,
51067,2015.0,inadequate,6.0,
51069,2015.0,inadequate,127.0,
51071,2015.0,inadequate,14.0,
51073,2015.0,inadequate,30.0,
51075,2015.0,inadequate,9.0,
51077,2015.0,inadequate,4.0,
51079,2015.0,inadequate,33.0,
51081,2015.0,inadequate,23.0,
51083,2015.0,inadequate,48.0,
51085,2015.0,inadequate,60.0,
51087,2015.0,inadequate,332.0,
51089,2015.0,inadequate,36.0,
51091,2015.0,inadequate,2.0,
51093,2015.0,inadequate,46.0,
51095,2015.0,inadequate,103.0,
51097,2015.0,inadequate,6.0,
51099,2015.0,inadequate,23.0,
51101,2015.0,inadequate,27.0,
51103,2015.0,inadequate,15.0,
51105,2015.0,inadequate,28.0,
51107,2015.0,inadequate,409.0,
51109,2015.0,inadequate,51.0,
51111,2015.0,inadequate,21.0,
51113,2015.0,inadequate,11.0,
51115,2015.0,inadequate,6.0,
51117,2015.0,inadequate,44.0,
51119,2015.0,inadequate,19.0,
51121,2015.0,inadequate,63.0,
51125,2015.0,inadequate,15.0,
51127,2015.0,inadequate,10.0,
51131,2015.0,inadequate,17.0,
51133,2015.0,inadequate,13.0,
51135,2015.0,inadequate,16.0,
51137,2015.0,inadequate,47.0,
51139,2015.0,inadequate,32.0,
51141,2015.0,inadequate,8.0,
51143,2015.0,inadequate,36.0,
51145,2015.0,inadequate,6.0,
51147,2015.0,inadequate,27.0,
51149,2015.0,inadequate,20.0,
51153,2015.0,inadequate,936.0,
51155,2015.0,inadequate,18.0,
51157,2015.0,inadequate,8.0,
51159,2015.0,inadequate,5.0,
51161,2015.0,inadequate,13.0,
51163,2015.0,inadequate,19.0,
51165,2015.0,inadequate,85.0,
51167,2015.0,inadequate,8.0,
51169,2015.0,inadequate,0.0,
51171,2015.0,inadequate,61.0,
51173,2015.0,inadequate,16.0,
51175,2015.0,inadequate,21.0,
51177,2015.0,inadequate,192.0,
51179,2015.0,inadequate,170.0,
51181,2015.0,inadequate,4.0,
51183,2015.0,inadequate,12.0,
51185,2015.0,inadequate,18.0,
51187,2015.0,inadequate,77.0,
51191,2015.0,inadequate,20.0,
51193,2015.0,inadequate,28.0,
51195,2015.0,inadequate,52.0,
51197,2015.0,inadequate,23.0,
51199,2015.0,inadequate,69.0,
51510,2015.0,inadequate,371.0,
51520,2015.0,inadequate,6.0,
51530,2015.0,inadequate,0.0,
51540,2015.0,inadequate,73.0,
51550,2015.0,inadequate,262.0,
51570,2015.0,inadequate,29.0,
51580,2015.0,inadequate,0.0,
51590,2015.0,inadequate,83.0,
51600,2015.0,inadequate,53.0,
51610,2015.0,inadequate,20.0,
51620,2015.0,inadequate,20.0,
51630,2015.0,inadequate,68.0,
51640,2015.0,inadequate,5.0,
51650,2015.0,inadequate,224.0,
51660,2015.0,inadequate,115.0,
51670,2015.0,inadequate,39.0,
51678,2015.0,inadequate,0.0,
51680,2015.0,inadequate,85.0,
51683,2015.0,inadequate,148.0,
51685,2015.0,inadequate,1.0,
51690,2015.0,inadequate,32.0,
51700,2015.0,inadequate,460.0,
51710,2015.0,inadequate,425.0,
51720,2015.0,inadequate,3.0,
51730,2015.0,inadequate,117.0,
51735,2015.0,inadequate,6.0,
51740,2015.0,inadequate,243.0,
51750,2015.0,inadequate,8.0,
51760,2015.0,inadequate,436.0,
51770,2015.0,inadequate,33.0,
51775,2015.0,inadequate,9.0,
51790,2015.0,inadequate,47.0,
51800,2015.0,inadequate,190.0,
51810,2015.0,inadequate,476.0,
51820,2015.0,inadequate,50.0,
51830,2015.0,inadequate,29.0,
51840,2015.0,inadequate,92.0,
51001,2016.0,inadequate,84.0,
51003,2016.0,inadequate,149.0,
51005,2016.0,inadequate,6.0,
51007,2016.0,inadequate,11.0,
51009,2016.0,inadequate,42.0,
51011,2016.0,inadequate,21.0,
51013,2016.0,inadequate,385.0,
51015,2016.0,inadequate,80.0,
51017,2016.0,inadequate,7.0,
51019,2016.0,inadequate,53.0,
51021,2016.0,inadequate,2.0,
51023,2016.0,inadequate,19.0,
51025,2016.0,inadequate,23.0,
51027,2016.0,inadequate,19.0,
51029,2016.0,inadequate,13.0,
51031,2016.0,inadequate,37.0,
51033,2016.0,inadequate,43.0,
51035,2016.0,inadequate,11.0,
51036,2016.0,inadequate,4.0,
51037,2016.0,inadequate,27.0,
51041,2016.0,inadequate,351.0,
51043,2016.0,inadequate,17.0,
51045,2016.0,inadequate,3.0,
51047,2016.0,inadequate,77.0,
51049,2016.0,inadequate,13.0,
51051,2016.0,inadequate,6.0,
51053,2016.0,inadequate,12.0,
51057,2016.0,inadequate,12.0,
51059,2016.0,inadequate,1605.0,
51061,2016.0,inadequate,84.0,
51063,2016.0,inadequate,13.0,
51065,2016.0,inadequate,24.0,
51067,2016.0,inadequate,57.0,
51069,2016.0,inadequate,135.0,
51071,2016.0,inadequate,22.0,
51073,2016.0,inadequate,33.0,
51075,2016.0,inadequate,18.0,
51077,2016.0,inadequate,7.0,
51079,2016.0,inadequate,29.0,
51081,2016.0,inadequate,20.0,
51083,2016.0,inadequate,48.0,
51085,2016.0,inadequate,68.0,
51087,2016.0,inadequate,358.0,
51089,2016.0,inadequate,60.0,
51091,2016.0,inadequate,4.0,
51093,2016.0,inadequate,50.0,
51095,2016.0,inadequate,131.0,
51097,2016.0,inadequate,6.0,
51099,2016.0,inadequate,20.0,
51101,2016.0,inadequate,18.0,
51103,2016.0,inadequate,18.0,
51105,2016.0,inadequate,23.0,
51107,2016.0,inadequate,450.0,
51109,2016.0,inadequate,35.0,
51111,2016.0,inadequate,20.0,
51113,2016.0,inadequate,22.0,
51115,2016.0,inadequate,7.0,
51117,2016.0,inadequate,46.0,
51119,2016.0,inadequate,11.0,
51121,2016.0,inadequate,84.0,
51125,2016.0,inadequate,20.0,
51127,2016.0,inadequate,16.0,
51131,2016.0,inadequate,22.0,
51133,2016.0,inadequate,7.0,
51135,2016.0,inadequate,23.0,
51137,2016.0,inadequate,55.0,
51139,2016.0,inadequate,42.0,
51141,2016.0,inadequate,16.0,
51143,2016.0,inadequate,53.0,
51145,2016.0,inadequate,7.0,
51147,2016.0,inadequate,28.0,
51149,2016.0,inadequate,29.0,
51153,2016.0,inadequate,957.0,
51155,2016.0,inadequate,27.0,
51157,2016.0,inadequate,9.0,
51159,2016.0,inadequate,10.0,
51161,2016.0,inadequate,70.0,
51163,2016.0,inadequate,18.0,
51165,2016.0,inadequate,105.0,
51167,2016.0,inadequate,14.0,
51169,2016.0,inadequate,3.0,
51171,2016.0,inadequate,84.0,
51173,2016.0,inadequate,17.0,
51175,2016.0,inadequate,14.0,
51177,2016.0,inadequate,175.0,
51179,2016.0,inadequate,197.0,
51181,2016.0,inadequate,6.0,
51183,2016.0,inadequate,18.0,
51185,2016.0,inadequate,30.0,
51187,2016.0,inadequate,79.0,
51191,2016.0,inadequate,17.0,
51193,2016.0,inadequate,27.0,
51195,2016.0,inadequate,46.0,
51197,2016.0,inadequate,37.0,
51199,2016.0,inadequate,64.0,
51510,2016.0,inadequate,297.0,
51520,2016.0,inadequate,2.0,
51530,2016.0,inadequate,0.0,
51540,2016.0,inadequate,103.0,
51550,2016.0,inadequate,216.0,
51570,2016.0,inadequate,25.0,
51590,2016.0,inadequate,99.0,
51600,2016.0,inadequate,57.0,
51610,2016.0,inadequate,14.0,
51620,2016.0,inadequate,30.0,
51630,2016.0,inadequate,66.0,
51640,2016.0,inadequate,7.0,
51650,2016.0,inadequate,267.0,
51660,2016.0,inadequate,132.0,
51670,2016.0,inadequate,55.0,
51678,2016.0,inadequate,3.0,
51680,2016.0,inadequate,145.0,
51683,2016.0,inadequate,151.0,
51685,2016.0,inadequate,1.0,
51690,2016.0,inadequate,34.0,
51700,2016.0,inadequate,440.0,
51710,2016.0,inadequate,412.0,
51720,2016.0,inadequate,7.0,
51730,2016.0,inadequate,112.0,
51735,2016.0,inadequate,6.0,
51740,2016.0,inadequate,193.0,
51750,2016.0,inadequate,10.0,
51760,2016.0,inadequate,525.0,
51770,2016.0,inadequate,215.0,
51775,2016.0,inadequate,24.0,
51790,2016.0,inadequate,39.0,
51800,2016.0,inadequate,190.0,
51810,2016.0,inadequate,586.0,
51820,2016.0,inadequate,48.0,
51830,2016.0,inadequate,21.0,
51840,2016.0,inadequate,89.0,
51001,2017.0,inadequate,90.0,
51003,2017.0,inadequate,145.0,
51005,2017.0,inadequate,6.0,
51007,2017.0,inadequate,5.0,
51009,2017.0,inadequate,38.0,
51011,2017.0,inadequate,18.0,
51013,2017.0,inadequate,354.0,
51015,2017.0,inadequate,62.0,
51017,2017.0,inadequate,1.0,
51019,2017.0,inadequate,71.0,
51021,2017.0,inadequate,4.0,
51023,2017.0,inadequate,23.0,
51025,2017.0,inadequate,28.0,
51027,2017.0,inadequate,15.0,
51029,2017.0,inadequate,23.0,
51031,2017.0,inadequate,46.0,
51033,2017.0,inadequate,41.0,
51035,2017.0,inadequate,11.0,
51036,2017.0,inadequate,3.0,
51037,2017.0,inadequate,31.0,
51041,2017.0,inadequate,292.0,
51043,2017.0,inadequate,15.0,
51045,2017.0,inadequate,1.0,
51047,2017.0,inadequate,69.0,
51049,2017.0,inadequate,4.0,
51051,2017.0,inadequate,10.0,
51053,2017.0,inadequate,17.0,
51057,2017.0,inadequate,10.0,
51059,2017.0,inadequate,1636.0,
51061,2017.0,inadequate,72.0,
51063,2017.0,inadequate,10.0,
51065,2017.0,inadequate,33.0,
51067,2017.0,inadequate,49.0,
51069,2017.0,inadequate,137.0,
51071,2017.0,inadequate,11.0,
51073,2017.0,inadequate,38.0,
51075,2017.0,inadequate,8.0,
51077,2017.0,inadequate,11.0,
51079,2017.0,inadequate,32.0,
51081,2017.0,inadequate,14.0,
51083,2017.0,inadequate,75.0,
51085,2017.0,inadequate,75.0,
51087,2017.0,inadequate,332.0,
51089,2017.0,inadequate,57.0,
51091,2017.0,inadequate,5.0,
51093,2017.0,inadequate,51.0,
51095,2017.0,inadequate,120.0,
51097,2017.0,inadequate,8.0,
51099,2017.0,inadequate,22.0,
51101,2017.0,inadequate,15.0,
51103,2017.0,inadequate,9.0,
51105,2017.0,inadequate,25.0,
51107,2017.0,inadequate,436.0,
51109,2017.0,inadequate,36.0,
51111,2017.0,inadequate,18.0,
51113,2017.0,inadequate,18.0,
51115,2017.0,inadequate,5.0,
51117,2017.0,inadequate,57.0,
51119,2017.0,inadequate,11.0,
51121,2017.0,inadequate,64.0,
51125,2017.0,inadequate,20.0,
51127,2017.0,inadequate,23.0,
51131,2017.0,inadequate,17.0,
51133,2017.0,inadequate,12.0,
51135,2017.0,inadequate,14.0,
51137,2017.0,inadequate,62.0,
51139,2017.0,inadequate,41.0,
51141,2017.0,inadequate,16.0,
51143,2017.0,inadequate,60.0,
51145,2017.0,inadequate,10.0,
51147,2017.0,inadequate,32.0,
51149,2017.0,inadequate,25.0,
51153,2017.0,inadequate,1088.0,
51155,2017.0,inadequate,39.0,
51157,2017.0,inadequate,7.0,
51159,2017.0,inadequate,9.0,
51161,2017.0,inadequate,56.0,
51163,2017.0,inadequate,17.0,
51165,2017.0,inadequate,103.0,
51167,2017.0,inadequate,8.0,
51169,2017.0,inadequate,3.0,
51171,2017.0,inadequate,50.0,
51173,2017.0,inadequate,24.0,
51175,2017.0,inadequate,28.0,
51177,2017.0,inadequate,189.0,
51179,2017.0,inadequate,204.0,
51181,2017.0,inadequate,7.0,
51183,2017.0,inadequate,18.0,
51185,2017.0,inadequate,24.0,
51187,2017.0,inadequate,81.0,
51191,2017.0,inadequate,12.0,
51193,2017.0,inadequate,24.0,
51195,2017.0,inadequate,45.0,
51197,2017.0,inadequate,30.0,
51199,2017.0,inadequate,68.0,
51510,2017.0,inadequate,285.0,
51520,2017.0,inadequate,6.0,
51530,2017.0,inadequate,13.0,
51540,2017.0,inadequate,81.0,
51550,2017.0,inadequate,206.0,
51570,2017.0,inadequate,27.0,
51580,2017.0,inadequate,9.0,
51590,2017.0,inadequate,96.0,
51595,2017.0,inadequate,9.0,
51600,2017.0,inadequate,51.0,
51610,2017.0,inadequate,9.0,
51620,2017.0,inadequate,40.0,
51630,2017.0,inadequate,81.0,
51640,2017.0,inadequate,10.0,
51650,2017.0,inadequate,232.0,
51660,2017.0,inadequate,96.0,
51670,2017.0,inadequate,48.0,
51678,2017.0,inadequate,15.0,
51680,2017.0,inadequate,146.0,
51683,2017.0,inadequate,212.0,
51685,2017.0,inadequate,1.0,
51690,2017.0,inadequate,36.0,
51700,2017.0,inadequate,450.0,
51710,2017.0,inadequate,414.0,
51720,2017.0,inadequate,5.0,
51730,2017.0,inadequate,136.0,
51735,2017.0,inadequate,8.0,
51740,2017.0,inadequate,207.0,
51750,2017.0,inadequate,10.0,
51760,2017.0,inadequate,535.0,
51770,2017.0,inadequate,218.0,
51775,2017.0,inadequate,29.0,
51790,2017.0,inadequate,49.0,
51800,2017.0,inadequate,152.0,
51810,2017.0,inadequate,523.0,
51820,2017.0,inadequate,51.0,
51830,2017.0,inadequate,32.0,
51840,2017.0,inadequate,81.0,
51001,2018.0,inadequate,47.0,
51003,2018.0,inadequate,167.0,
51005,2018.0,inadequate,9.0,
51007,2018.0,inadequate,6.0,
51009,2018.0,inadequate,31.0,
51011,2018.0,inadequate,20.0,
51013,2018.0,inadequate,279.0,
51015,2018.0,inadequate,67.0,
51017,2018.0,inadequate,6.0,
51019,2018.0,inadequate,75.0,
51021,2018.0,inadequate,1.0,
51023,2018.0,inadequate,21.0,
51025,2018.0,inadequate,15.0,
51027,2018.0,inadequate,7.0,
51029,2018.0,inadequate,17.0,
51031,2018.0,inadequate,56.0,
51033,2018.0,inadequate,39.0,
51035,2018.0,inadequate,27.0,
51036,2018.0,inadequate,4.0,
51037,2018.0,inadequate,34.0,
51041,2018.0,inadequate,298.0,
51043,2018.0,inadequate,12.0,
51045,2018.0,inadequate,4.0,
51047,2018.0,inadequate,97.0,
51049,2018.0,inadequate,10.0,
51051,2018.0,inadequate,6.0,
51053,2018.0,inadequate,20.0,
51057,2018.0,inadequate,13.0,
51059,2018.0,inadequate,1469.0,
51061,2018.0,inadequate,112.0,
51063,2018.0,inadequate,13.0,
51065,2018.0,inadequate,33.0,
51067,2018.0,inadequate,65.0,
51069,2018.0,inadequate,139.0,
51071,2018.0,inadequate,17.0,
51073,2018.0,inadequate,38.0,
51075,2018.0,inadequate,9.0,
51077,2018.0,inadequate,9.0,
51079,2018.0,inadequate,32.0,
51081,2018.0,inadequate,19.0,
51083,2018.0,inadequate,64.0,
51085,2018.0,inadequate,68.0,
51087,2018.0,inadequate,338.0,
51089,2018.0,inadequate,70.0,
51091,2018.0,inadequate,2.0,
51093,2018.0,inadequate,48.0,
51095,2018.0,inadequate,120.0,
51097,2018.0,inadequate,10.0,
51099,2018.0,inadequate,25.0,
51101,2018.0,inadequate,18.0,
51103,2018.0,inadequate,9.0,
51105,2018.0,inadequate,18.0,
51107,2018.0,inadequate,430.0,
51109,2018.0,inadequate,49.0,
51111,2018.0,inadequate,18.0,
51113,2018.0,inadequate,12.0,
51115,2018.0,inadequate,5.0,
51117,2018.0,inadequate,59.0,
51119,2018.0,inadequate,10.0,
51121,2018.0,inadequate,74.0,
51125,2018.0,inadequate,36.0,
51127,2018.0,inadequate,14.0,
51131,2018.0,inadequate,23.0,
51133,2018.0,inadequate,8.0,
51135,2018.0,inadequate,15.0,
51137,2018.0,inadequate,60.0,
51139,2018.0,inadequate,39.0,
51141,2018.0,inadequate,13.0,
51143,2018.0,inadequate,55.0,
51145,2018.0,inadequate,8.0,
51147,2018.0,inadequate,45.0,
51149,2018.0,inadequate,30.0,
51153,2018.0,inadequate,1197.0,
51155,2018.0,inadequate,31.0,
51157,2018.0,inadequate,6.0,
51159,2018.0,inadequate,10.0,
51161,2018.0,inadequate,67.0,
51163,2018.0,inadequate,21.0,
51165,2018.0,inadequate,106.0,
51167,2018.0,inadequate,13.0,
51169,2018.0,inadequate,2.0,
51171,2018.0,inadequate,68.0,
51173,2018.0,inadequate,28.0,
51175,2018.0,inadequate,17.0,
51177,2018.0,inadequate,186.0,
51179,2018.0,inadequate,222.0,
51181,2018.0,inadequate,13.0,
51183,2018.0,inadequate,19.0,
51185,2018.0,inadequate,36.0,
51187,2018.0,inadequate,97.0,
51191,2018.0,inadequate,28.0,
51193,2018.0,inadequate,20.0,
51195,2018.0,inadequate,41.0,
51197,2018.0,inadequate,38.0,
51199,2018.0,inadequate,62.0,
51510,2018.0,inadequate,240.0,
51520,2018.0,inadequate,5.0,
51530,2018.0,inadequate,18.0,
51540,2018.0,inadequate,94.0,
51550,2018.0,inadequate,226.0,
51570,2018.0,inadequate,34.0,
51580,2018.0,inadequate,18.0,
51590,2018.0,inadequate,109.0,
51595,2018.0,inadequate,22.0,
51600,2018.0,inadequate,71.0,
51610,2018.0,inadequate,14.0,
51620,2018.0,inadequate,39.0,
51630,2018.0,inadequate,61.0,
51640,2018.0,inadequate,18.0,
51650,2018.0,inadequate,232.0,
51660,2018.0,inadequate,125.0,
51670,2018.0,inadequate,55.0,
51678,2018.0,inadequate,17.0,
51680,2018.0,inadequate,131.0,
51683,2018.0,inadequate,204.0,
51685,2018.0,inadequate,3.0,
51690,2018.0,inadequate,57.0,
51700,2018.0,inadequate,414.0,
51710,2018.0,inadequate,453.0,
51720,2018.0,inadequate,13.0,
51730,2018.0,inadequate,143.0,
51735,2018.0,inadequate,4.0,
51740,2018.0,inadequate,214.0,
51750,2018.0,inadequate,21.0,
51760,2018.0,inadequate,519.0,
51770,2018.0,inadequate,250.0,
51775,2018.0,inadequate,27.0,
51790,2018.0,inadequate,68.0,
51800,2018.0,inadequate,180.0,
51810,2018.0,inadequate,549.0,
51820,2018.0,inadequate,69.0,
51830,2018.0,inadequate,25.0,
51840,2018.0,inadequate,77.0,
51001,2019.0,inadequate,47.0,
51003,2019.0,inadequate,159.0,
51005,2019.0,inadequate,7.0,
51007,2019.0,inadequate,9.0,
51009,2019.0,inadequate,32.0,
51011,2019.0,inadequate,14.0,
51013,2019.0,inadequate,270.0,
51015,2019.0,inadequate,58.0,
51017,2019.0,inadequate,4.0,
51019,2019.0,inadequate,68.0,
51021,2019.0,inadequate,3.0,
51023,2019.0,inadequate,19.0,
51025,2019.0,inadequate,15.0,
51027,2019.0,inadequate,14.0,
51029,2019.0,inadequate,21.0,
51031,2019.0,inadequate,32.0,
51033,2019.0,inadequate,39.0,
51035,2019.0,inadequate,21.0,
51036,2019.0,inadequate,3.0,
51037,2019.0,inadequate,36.0,
51041,2019.0,inadequate,443.0,
51043,2019.0,inadequate,21.0,
51045,2019.0,inadequate,5.0,
51047,2019.0,inadequate,83.0,
51049,2019.0,inadequate,14.0,
51051,2019.0,inadequate,10.0,
51053,2019.0,inadequate,24.0,
51057,2019.0,inadequate,19.0,
51059,2019.0,inadequate,1670.0,
51061,2019.0,inadequate,104.0,
51063,2019.0,inadequate,15.0,
51065,2019.0,inadequate,24.0,
51067,2019.0,inadequate,61.0,
51069,2019.0,inadequate,139.0,
51071,2019.0,inadequate,10.0,
51073,2019.0,inadequate,46.0,
51075,2019.0,inadequate,7.0,
51077,2019.0,inadequate,15.0,
51079,2019.0,inadequate,23.0,
51081,2019.0,inadequate,20.0,
51083,2019.0,inadequate,52.0,
51085,2019.0,inadequate,72.0,
51087,2019.0,inadequate,312.0,
51089,2019.0,inadequate,68.0,
51091,2019.0,inadequate,1.0,
51093,2019.0,inadequate,59.0,
51095,2019.0,inadequate,138.0,
51097,2019.0,inadequate,9.0,
51099,2019.0,inadequate,18.0,
51101,2019.0,inadequate,17.0,
51103,2019.0,inadequate,16.0,
51105,2019.0,inadequate,23.0,
51107,2019.0,inadequate,393.0,
51109,2019.0,inadequate,62.0,
51111,2019.0,inadequate,15.0,
51113,2019.0,inadequate,14.0,
51115,2019.0,inadequate,10.0,
51117,2019.0,inadequate,31.0,
51119,2019.0,inadequate,10.0,
51121,2019.0,inadequate,50.0,
51125,2019.0,inadequate,27.0,
51127,2019.0,inadequate,18.0,
51131,2019.0,inadequate,14.0,
51133,2019.0,inadequate,14.0,
51135,2019.0,inadequate,16.0,
51137,2019.0,inadequate,48.0,
51139,2019.0,inadequate,55.0,
51141,2019.0,inadequate,13.0,
51143,2019.0,inadequate,47.0,
51145,2019.0,inadequate,12.0,
51147,2019.0,inadequate,35.0,
51149,2019.0,inadequate,38.0,
51153,2019.0,inadequate,1121.0,
51155,2019.0,inadequate,35.0,
51157,2019.0,inadequate,7.0,
51159,2019.0,inadequate,9.0,
51161,2019.0,inadequate,68.0,
51163,2019.0,inadequate,20.0,
51165,2019.0,inadequate,94.0,
51167,2019.0,inadequate,26.0,
51169,2019.0,inadequate,3.0,
51171,2019.0,inadequate,82.0,
51173,2019.0,inadequate,33.0,
51175,2019.0,inadequate,20.0,
51177,2019.0,inadequate,164.0,
51179,2019.0,inadequate,198.0,
51181,2019.0,inadequate,9.0,
51183,2019.0,inadequate,16.0,
51185,2019.0,inadequate,44.0,
51187,2019.0,inadequate,95.0,
51191,2019.0,inadequate,50.0,
51193,2019.0,inadequate,20.0,
51195,2019.0,inadequate,39.0,
51197,2019.0,inadequate,28.0,
51199,2019.0,inadequate,90.0,
51510,2019.0,inadequate,259.0,
51520,2019.0,inadequate,8.0,
51530,2019.0,inadequate,16.0,
51540,2019.0,inadequate,86.0,
51550,2019.0,inadequate,229.0,
51570,2019.0,inadequate,44.0,
51580,2019.0,inadequate,9.0,
51590,2019.0,inadequate,79.0,
51595,2019.0,inadequate,17.0,
51600,2019.0,inadequate,54.0,
51610,2019.0,inadequate,13.0,
51620,2019.0,inadequate,41.0,
51630,2019.0,inadequate,36.0,
51640,2019.0,inadequate,11.0,
51650,2019.0,inadequate,274.0,
51660,2019.0,inadequate,124.0,
51670,2019.0,inadequate,69.0,
51678,2019.0,inadequate,21.0,
51680,2019.0,inadequate,96.0,
51683,2019.0,inadequate,186.0,
51685,2019.0,inadequate,17.0,
51690,2019.0,inadequate,64.0,
51700,2019.0,inadequate,541.0,
51710,2019.0,inadequate,438.0,
51720,2019.0,inadequate,8.0,
51730,2019.0,inadequate,126.0,
51735,2019.0,inadequate,8.0,
51740,2019.0,inadequate,180.0,
51750,2019.0,inadequate,12.0,
51760,2019.0,inadequate,584.0,
51770,2019.0,inadequate,258.0,
51775,2019.0,inadequate,32.0,
51790,2019.0,inadequate,55.0,
51800,2019.0,inadequate,180.0,
51810,2019.0,inadequate,482.0,
51820,2019.0,inadequate,52.0,
51830,2019.0,inadequate,27.0,
51840,2019.0,inadequate,95.0,
51001,2020.0,inadequate,40.0,
51003,2020.0,inadequate,155.0,
51005,2020.0,inadequate,7.0,
51007,2020.0,inadequate,14.0,
51009,2020.0,inadequate,22.0,
51011,2020.0,inadequate,24.0,
51013,2020.0,inadequate,569.0,
51015,2020.0,inadequate,59.0,
51017,2020.0,inadequate,5.0,
51019,2020.0,inadequate,48.0,
51021,2020.0,inadequate,3.0,
51023,2020.0,inadequate,17.0,
51025,2020.0,inadequate,20.0,
51027,2020.0,inadequate,13.0,
51029,2020.0,inadequate,24.0,
51031,2020.0,inadequate,30.0,
51033,2020.0,inadequate,29.0,
51035,2020.0,inadequate,21.0,
51036,2020.0,inadequate,8.0,
51037,2020.0,inadequate,23.0,
51041,2020.0,inadequate,460.0,
51043,2020.0,inadequate,18.0,
51045,2020.0,inadequate,7.0,
51047,2020.0,inadequate,83.0,
51049,2020.0,inadequate,9.0,
51051,2020.0,inadequate,9.0,
51053,2020.0,inadequate,18.0,
51057,2020.0,inadequate,14.0,
51059,2020.0,inadequate,1726.0,
51061,2020.0,inadequate,81.0,
51063,2020.0,inadequate,11.0,
51065,2020.0,inadequate,47.0,
51067,2020.0,inadequate,44.0,
51069,2020.0,inadequate,126.0,
51071,2020.0,inadequate,16.0,
51073,2020.0,inadequate,39.0,
51075,2020.0,inadequate,10.0,
51077,2020.0,inadequate,7.0,
51079,2020.0,inadequate,54.0,
51081,2020.0,inadequate,23.0,
51083,2020.0,inadequate,53.0,
51085,2020.0,inadequate,61.0,
51087,2020.0,inadequate,286.0,
51089,2020.0,inadequate,64.0,
51091,2020.0,inadequate,3.0,
51093,2020.0,inadequate,44.0,
51095,2020.0,inadequate,113.0,
51097,2020.0,inadequate,8.0,
51099,2020.0,inadequate,16.0,
51101,2020.0,inadequate,12.0,
51103,2020.0,inadequate,6.0,
51105,2020.0,inadequate,17.0,
51107,2020.0,inadequate,487.0,
51109,2020.0,inadequate,63.0,
51111,2020.0,inadequate,24.0,
51113,2020.0,inadequate,16.0,
51115,2020.0,inadequate,3.0,
51117,2020.0,inadequate,31.0,
51119,2020.0,inadequate,8.0,
51121,2020.0,inadequate,35.0,
51125,2020.0,inadequate,27.0,
51127,2020.0,inadequate,27.0,
51131,2020.0,inadequate,14.0,
51133,2020.0,inadequate,5.0,
51135,2020.0,inadequate,14.0,
51137,2020.0,inadequate,43.0,
51139,2020.0,inadequate,38.0,
51141,2020.0,inadequate,10.0,
51143,2020.0,inadequate,43.0,
51145,2020.0,inadequate,12.0,
51147,2020.0,inadequate,30.0,
51149,2020.0,inadequate,40.0,
51153,2020.0,inadequate,1071.0,
51155,2020.0,inadequate,23.0,
51157,2020.0,inadequate,5.0,
51159,2020.0,inadequate,6.0,
51161,2020.0,inadequate,65.0,
51163,2020.0,inadequate,24.0,
51165,2020.0,inadequate,111.0,
51167,2020.0,inadequate,20.0,
51169,2020.0,inadequate,4.0,
51171,2020.0,inadequate,86.0,
51173,2020.0,inadequate,43.0,
51175,2020.0,inadequate,14.0,
51177,2020.0,inadequate,135.0,
51179,2020.0,inadequate,216.0,
51181,2020.0,inadequate,10.0,
51183,2020.0,inadequate,30.0,
51185,2020.0,inadequate,26.0,
51187,2020.0,inadequate,89.0,
51191,2020.0,inadequate,40.0,
51193,2020.0,inadequate,16.0,
51195,2020.0,inadequate,38.0,
51197,2020.0,inadequate,32.0,
51199,2020.0,inadequate,77.0,
51510,2020.0,inadequate,340.0,
51520,2020.0,inadequate,6.0,
51530,2020.0,inadequate,15.0,
51540,2020.0,inadequate,69.0,
51550,2020.0,inadequate,198.0,
51570,2020.0,inadequate,33.0,
51580,2020.0,inadequate,10.0,
51590,2020.0,inadequate,71.0,
51595,2020.0,inadequate,19.0,
51600,2020.0,inadequate,55.0,
51610,2020.0,inadequate,25.0,
51620,2020.0,inadequate,21.0,
51630,2020.0,inadequate,47.0,
51640,2020.0,inadequate,15.0,
51650,2020.0,inadequate,241.0,
51660,2020.0,inadequate,89.0,
51670,2020.0,inadequate,46.0,
51678,2020.0,inadequate,20.0,
51680,2020.0,inadequate,102.0,
51683,2020.0,inadequate,202.0,
51685,2020.0,inadequate,11.0,
51690,2020.0,inadequate,55.0,
51700,2020.0,inadequate,477.0,
51710,2020.0,inadequate,413.0,
51720,2020.0,inadequate,5.0,
51730,2020.0,inadequate,148.0,
51735,2020.0,inadequate,5.0,
51740,2020.0,inadequate,168.0,
51750,2020.0,inadequate,20.0,
51760,2020.0,inadequate,536.0,
51770,2020.0,inadequate,218.0,
51775,2020.0,inadequate,35.0,
51790,2020.0,inadequate,53.0,
51800,2020.0,inadequate,171.0,
51810,2020.0,inadequate,513.0,
51820,2020.0,inadequate,43.0,
51830,2020.0,inadequate,20.0,
51840,2020.0,inadequate,88.0,
