geoid,year,measure,value,moe
,,total_operations,,
51043,2017.0,total_operations,14.0,
51047,2017.0,total_operations,36.0,
51059,2017.0,total_operations,17.0,
51061,2017.0,total_operations,71.0,
51069,2017.0,total_operations,13.0,
51107,2017.0,total_operations,74.0,
51113,2017.0,total_operations,26.0,
51139,2017.0,total_operations,10.0,
51153,2017.0,total_operations,30.0,
51157,2017.0,total_operations,20.0,
51165,2017.0,total_operations,160.0,
51171,2017.0,total_operations,38.0,
51179,2017.0,total_operations,10.0,
51187,2017.0,total_operations,10.0,
51015,2017.0,total_operations,64.0,
51017,2017.0,total_operations,2.0,
51023,2017.0,total_operations,4.0,
51045,2017.0,total_operations,10.0,
51091,2017.0,total_operations,4.0,
51161,2017.0,total_operations,16.0,
51163,2017.0,total_operations,17.0,
51003,2017.0,total_operations,67.0,
51007,2017.0,total_operations,14.0,
51009,2017.0,total_operations,12.0,
51011,2017.0,total_operations,11.0,
51019,2017.0,total_operations,30.0,
51029,2017.0,total_operations,9.0,
51031,2017.0,total_operations,24.0,
51033,2017.0,total_operations,19.0,
51041,2017.0,total_operations,23.0,
51049,2017.0,total_operations,11.0,
51065,2017.0,total_operations,16.0,
51075,2017.0,total_operations,14.0,
51079,2017.0,total_operations,12.0,
51085,2017.0,total_operations,58.0,
51087,2017.0,total_operations,16.0,
51109,2017.0,total_operations,43.0,
51125,2017.0,total_operations,39.0,
51137,2017.0,total_operations,16.0,
51145,2017.0,total_operations,11.0,
51147,2017.0,total_operations,10.0,
51177,2017.0,total_operations,16.0,
51001,2017.0,total_operations,36.0,
51036,2017.0,total_operations,10.0,
51057,2017.0,total_operations,5.0,
51073,2017.0,total_operations,8.0,
51095,2017.0,total_operations,9.0,
51097,2017.0,total_operations,16.0,
51099,2017.0,total_operations,4.0,
51101,2017.0,total_operations,10.0,
51103,2017.0,total_operations,8.0,
51115,2017.0,total_operations,4.0,
51119,2017.0,total_operations,10.0,
51127,2017.0,total_operations,18.0,
51131,2017.0,total_operations,33.0,
51159,2017.0,total_operations,9.0,
51193,2017.0,total_operations,37.0,
51199,2017.0,total_operations,7.0,
51021,2017.0,total_operations,7.0,
51027,2017.0,total_operations,3.0,
51035,2017.0,total_operations,16.0,
51063,2017.0,total_operations,46.0,
51071,2017.0,total_operations,12.0,
51077,2017.0,total_operations,16.0,
51105,2017.0,total_operations,12.0,
51121,2017.0,total_operations,18.0,
51155,2017.0,total_operations,9.0,
51167,2017.0,total_operations,3.0,
51169,2017.0,total_operations,8.0,
51173,2017.0,total_operations,7.0,
51185,2017.0,total_operations,3.0,
51191,2017.0,total_operations,33.0,
51195,2017.0,total_operations,9.0,
51197,2017.0,total_operations,10.0,
51037,2017.0,total_operations,37.0,
51067,2017.0,total_operations,50.0,
51083,2017.0,total_operations,40.0,
51089,2017.0,total_operations,9.0,
51111,2017.0,total_operations,29.0,
51135,2017.0,total_operations,14.0,
51141,2017.0,total_operations,24.0,
51143,2017.0,total_operations,54.0,
51025,2017.0,total_operations,22.0,
51053,2017.0,total_operations,22.0,
51081,2017.0,total_operations,5.0,
51093,2017.0,total_operations,18.0,
51117,2017.0,total_operations,74.0,
51149,2017.0,total_operations,5.0,
51175,2017.0,total_operations,15.0,
51181,2017.0,total_operations,13.0,
51183,2017.0,total_operations,8.0,
51550,2017.0,total_operations,19.0,
51800,2017.0,total_operations,12.0,
51810,2017.0,total_operations,30.0,
