geoid,year,measure,value,moe
,,total_acres,,
51043,2017.0,total_acres,2484.0,
51047,2017.0,total_acres,2979.0,
51059,2017.0,total_acres,1468.0,
51061,2017.0,total_acres,4931.0,
51069,2017.0,total_acres,6842.0,
51107,2017.0,total_acres,3384.0,
51113,2017.0,total_acres,799.0,
51139,2017.0,total_acres,1433.0,
51153,2017.0,total_acres,5142.0,
51157,2017.0,total_acres,585.0,
51165,2017.0,total_acres,29495.0,
51171,2017.0,total_acres,6855.0,
51179,2017.0,total_acres,160.0,
51187,2017.0,total_acres,62.0,
51015,2017.0,total_acres,15891.0,
51017,2017.0,total_acres,,
51023,2017.0,total_acres,818.0,
51045,2017.0,total_acres,878.0,
51091,2017.0,total_acres,383.0,
51161,2017.0,total_acres,754.0,
51163,2017.0,total_acres,1713.0,
51003,2017.0,total_acres,27509.0,
51007,2017.0,total_acres,4773.0,
51009,2017.0,total_acres,1410.0,
51011,2017.0,total_acres,995.0,
51019,2017.0,total_acres,1274.0,
51029,2017.0,total_acres,575.0,
51031,2017.0,total_acres,5256.0,
51033,2017.0,total_acres,21059.0,
51041,2017.0,total_acres,1127.0,
51049,2017.0,total_acres,708.0,
51065,2017.0,total_acres,3106.0,
51075,2017.0,total_acres,761.0,
51079,2017.0,total_acres,688.0,
51085,2017.0,total_acres,19568.0,
51087,2017.0,total_acres,,
51109,2017.0,total_acres,2333.0,
51125,2017.0,total_acres,8024.0,
51137,2017.0,total_acres,1447.0,
51145,2017.0,total_acres,,
51147,2017.0,total_acres,398.0,
51177,2017.0,total_acres,1299.0,
51001,2017.0,total_acres,32498.0,
51036,2017.0,total_acres,15548.0,
51057,2017.0,total_acres,,
51073,2017.0,total_acres,526.0,
51095,2017.0,total_acres,1149.0,
51097,2017.0,total_acres,12371.0,
51099,2017.0,total_acres,,
51101,2017.0,total_acres,13105.0,
51103,2017.0,total_acres,255.0,
51115,2017.0,total_acres,27.0,
51119,2017.0,total_acres,3907.0,
51127,2017.0,total_acres,2184.0,
51131,2017.0,total_acres,24692.0,
51159,2017.0,total_acres,315.0,
51193,2017.0,total_acres,9495.0,
51199,2017.0,total_acres,80.0,
51021,2017.0,total_acres,5299.0,
51027,2017.0,total_acres,25.0,
51035,2017.0,total_acres,5548.0,
51063,2017.0,total_acres,5832.0,
51071,2017.0,total_acres,291.0,
51077,2017.0,total_acres,3659.0,
51105,2017.0,total_acres,1320.0,
51121,2017.0,total_acres,3852.0,
51155,2017.0,total_acres,170.0,
51167,2017.0,total_acres,172.0,
51169,2017.0,total_acres,1299.0,
51173,2017.0,total_acres,210.0,
51185,2017.0,total_acres,264.0,
51191,2017.0,total_acres,3317.0,
51195,2017.0,total_acres,148.0,
51197,2017.0,total_acres,543.0,
51037,2017.0,total_acres,12813.0,
51067,2017.0,total_acres,5128.0,
51083,2017.0,total_acres,19854.0,
51089,2017.0,total_acres,422.0,
51111,2017.0,total_acres,9396.0,
51135,2017.0,total_acres,1470.0,
51141,2017.0,total_acres,33722.0,
51143,2017.0,total_acres,35283.0,
51025,2017.0,total_acres,16080.0,
51053,2017.0,total_acres,22853.0,
51081,2017.0,total_acres,,
51093,2017.0,total_acres,10152.0,
51117,2017.0,total_acres,39967.0,
51149,2017.0,total_acres,,
51175,2017.0,total_acres,22556.0,
51181,2017.0,total_acres,8632.0,
51183,2017.0,total_acres,6958.0,
51550,2017.0,total_acres,392.0,
51800,2017.0,total_acres,2169.0,
51810,2017.0,total_acres,2114.0,
