geoid,year,measure,value,moe
11001000101,2021.0,wht_nonhis_women_pov_pct,0.0,
11001000102,2021.0,wht_nonhis_women_pov_pct,5.437553101104503,
11001000201,2021.0,wht_nonhis_women_pov_pct,,
11001000202,2021.0,wht_nonhis_women_pov_pct,17.68617021276596,
11001000300,2021.0,wht_nonhis_women_pov_pct,19.43521594684385,
11001000400,2021.0,wht_nonhis_women_pov_pct,7.954545454545454,
11001000501,2021.0,wht_nonhis_women_pov_pct,3.463587921847247,
11001000502,2021.0,wht_nonhis_women_pov_pct,1.280878316559927,
11001000600,2021.0,wht_nonhis_women_pov_pct,1.178101178101178,
11001000702,2021.0,wht_nonhis_women_pov_pct,10.32448377581121,
11001000703,2021.0,wht_nonhis_women_pov_pct,2.549800796812749,
11001000704,2021.0,wht_nonhis_women_pov_pct,8.585365853658537,
11001000802,2021.0,wht_nonhis_women_pov_pct,3.775883069427528,
11001000803,2021.0,wht_nonhis_women_pov_pct,21.22762148337596,
11001000804,2021.0,wht_nonhis_women_pov_pct,7.08502024291498,
11001000902,2021.0,wht_nonhis_women_pov_pct,4.215116279069767,
11001000903,2021.0,wht_nonhis_women_pov_pct,24.881516587677726,
11001000904,2021.0,wht_nonhis_women_pov_pct,2.4704618689581097,
11001001002,2021.0,wht_nonhis_women_pov_pct,7.163053722902922,
11001001003,2021.0,wht_nonhis_women_pov_pct,5.945303210463734,
11001001004,2021.0,wht_nonhis_women_pov_pct,12.1654501216545,
11001001100,2021.0,wht_nonhis_women_pov_pct,6.778425655976676,
11001001200,2021.0,wht_nonhis_women_pov_pct,5.515898767034393,
11001001301,2021.0,wht_nonhis_women_pov_pct,5.628373168851195,
11001001303,2021.0,wht_nonhis_women_pov_pct,7.378129117259552,
11001001304,2021.0,wht_nonhis_women_pov_pct,3.0856423173803527,
11001001401,2021.0,wht_nonhis_women_pov_pct,5.131414267834794,
11001001402,2021.0,wht_nonhis_women_pov_pct,1.5240328253223916,
11001001500,2021.0,wht_nonhis_women_pov_pct,2.0735785953177257,
11001001600,2021.0,wht_nonhis_women_pov_pct,8.505154639175258,
11001001702,2021.0,wht_nonhis_women_pov_pct,2.401129943502825,
11001001803,2021.0,wht_nonhis_women_pov_pct,0.0,
11001001804,2021.0,wht_nonhis_women_pov_pct,1.6129032258064515,
11001001901,2021.0,wht_nonhis_women_pov_pct,1.8404907975460123,
11001001902,2021.0,wht_nonhis_women_pov_pct,0.0,
11001002001,2021.0,wht_nonhis_women_pov_pct,6.086956521739131,
11001002002,2021.0,wht_nonhis_women_pov_pct,0.0,
11001002101,2021.0,wht_nonhis_women_pov_pct,9.787234042553193,
11001002102,2021.0,wht_nonhis_women_pov_pct,4.149377593360996,
11001002201,2021.0,wht_nonhis_women_pov_pct,2.3255813953488373,
11001002202,2021.0,wht_nonhis_women_pov_pct,7.568807339449541,
11001002301,2021.0,wht_nonhis_women_pov_pct,0.0,
11001002302,2021.0,wht_nonhis_women_pov_pct,51.04895104895105,
11001002400,2021.0,wht_nonhis_women_pov_pct,7.575757575757576,
11001002501,2021.0,wht_nonhis_women_pov_pct,11.30952380952381,
11001002503,2021.0,wht_nonhis_women_pov_pct,11.20162932790224,
11001002504,2021.0,wht_nonhis_women_pov_pct,0.0,
11001002600,2021.0,wht_nonhis_women_pov_pct,3.966005665722379,
11001002702,2021.0,wht_nonhis_women_pov_pct,0.8842443729903537,
11001002703,2021.0,wht_nonhis_women_pov_pct,0.0,
11001002704,2021.0,wht_nonhis_women_pov_pct,7.905138339920948,
11001002801,2021.0,wht_nonhis_women_pov_pct,3.125,
11001002802,2021.0,wht_nonhis_women_pov_pct,0.0,
11001002900,2021.0,wht_nonhis_women_pov_pct,4.660452729693741,
11001003000,2021.0,wht_nonhis_women_pov_pct,1.8050541516245489,
11001003100,2021.0,wht_nonhis_women_pov_pct,3.666245259165613,
11001003200,2021.0,wht_nonhis_women_pov_pct,0.4854368932038835,
11001003301,2021.0,wht_nonhis_women_pov_pct,3.508771929824561,
11001003302,2021.0,wht_nonhis_women_pov_pct,5.737704918032787,
11001003400,2021.0,wht_nonhis_women_pov_pct,0.0,
11001003500,2021.0,wht_nonhis_women_pov_pct,5.1020408163265305,
11001003600,2021.0,wht_nonhis_women_pov_pct,5.383480825958702,
11001003701,2021.0,wht_nonhis_women_pov_pct,3.740648379052369,
11001003702,2021.0,wht_nonhis_women_pov_pct,2.0338983050847457,
11001003801,2021.0,wht_nonhis_women_pov_pct,0.0,
11001003802,2021.0,wht_nonhis_women_pov_pct,2.833333333333333,
11001003901,2021.0,wht_nonhis_women_pov_pct,2.136181575433912,
11001003902,2021.0,wht_nonhis_women_pov_pct,0.0,
11001004001,2021.0,wht_nonhis_women_pov_pct,4.356181934657271,
11001004002,2021.0,wht_nonhis_women_pov_pct,1.7921146953405018,
11001004100,2021.0,wht_nonhis_women_pov_pct,3.0495552731893265,
11001004201,2021.0,wht_nonhis_women_pov_pct,0.6279434850863422,
11001004202,2021.0,wht_nonhis_women_pov_pct,5.734265734265734,
11001004300,2021.0,wht_nonhis_women_pov_pct,3.546712802768166,
11001004401,2021.0,wht_nonhis_women_pov_pct,3.5561877667140824,
11001004402,2021.0,wht_nonhis_women_pov_pct,0.0,
11001004600,2021.0,wht_nonhis_women_pov_pct,4.1459369817578775,
11001004702,2021.0,wht_nonhis_women_pov_pct,4.530201342281879,
11001004703,2021.0,wht_nonhis_women_pov_pct,14.217252396166137,
11001004704,2021.0,wht_nonhis_women_pov_pct,100.0,
11001004801,2021.0,wht_nonhis_women_pov_pct,9.125475285171104,
11001004802,2021.0,wht_nonhis_women_pov_pct,1.8,
11001004901,2021.0,wht_nonhis_women_pov_pct,17.801047120418847,
11001004902,2021.0,wht_nonhis_women_pov_pct,4.260089686098655,
11001005001,2021.0,wht_nonhis_women_pov_pct,4.718693284936479,
11001005003,2021.0,wht_nonhis_women_pov_pct,7.435897435897436,
11001005004,2021.0,wht_nonhis_women_pov_pct,2.0408163265306123,
11001005202,2021.0,wht_nonhis_women_pov_pct,3.545232273838631,
11001005203,2021.0,wht_nonhis_women_pov_pct,14.441747572815531,
11001005302,2021.0,wht_nonhis_women_pov_pct,2.763819095477387,
11001005303,2021.0,wht_nonhis_women_pov_pct,9.861751152073731,
11001005501,2021.0,wht_nonhis_women_pov_pct,15.209125475285171,
11001005502,2021.0,wht_nonhis_women_pov_pct,4.4609665427509295,
11001005503,2021.0,wht_nonhis_women_pov_pct,32.986111111111114,
11001005601,2021.0,wht_nonhis_women_pov_pct,33.13953488372093,
11001005602,2021.0,wht_nonhis_women_pov_pct,13.343108504398828,
11001005801,2021.0,wht_nonhis_women_pov_pct,11.450381679389311,
11001005802,2021.0,wht_nonhis_women_pov_pct,2.832244008714597,
11001005900,2021.0,wht_nonhis_women_pov_pct,19.646017699115045,
11001006400,2021.0,wht_nonhis_women_pov_pct,6.779661016949152,
11001006500,2021.0,wht_nonhis_women_pov_pct,15.065502183406114,
11001006600,2021.0,wht_nonhis_women_pov_pct,4.018912529550828,
11001006700,2021.0,wht_nonhis_women_pov_pct,0.7989347536617842,
11001006801,2021.0,wht_nonhis_women_pov_pct,4.092071611253197,
11001006802,2021.0,wht_nonhis_women_pov_pct,1.9639934533551555,
11001006804,2021.0,wht_nonhis_women_pov_pct,50.0,
11001006900,2021.0,wht_nonhis_women_pov_pct,0.9067357512953368,
11001007000,2021.0,wht_nonhis_women_pov_pct,5.692108667529108,
11001007100,2021.0,wht_nonhis_women_pov_pct,3.636363636363636,
11001007201,2021.0,wht_nonhis_women_pov_pct,2.6666666666666665,
11001007202,2021.0,wht_nonhis_women_pov_pct,4.336043360433604,
11001007203,2021.0,wht_nonhis_women_pov_pct,0.0,
11001007301,2021.0,wht_nonhis_women_pov_pct,5.223880597014926,
11001007304,2021.0,wht_nonhis_women_pov_pct,23.59550561797753,
11001007401,2021.0,wht_nonhis_women_pov_pct,16.666666666666668,
11001007403,2021.0,wht_nonhis_women_pov_pct,,
11001007404,2021.0,wht_nonhis_women_pov_pct,30.76923076923077,
11001007406,2021.0,wht_nonhis_women_pov_pct,,
11001007407,2021.0,wht_nonhis_women_pov_pct,4.878048780487805,
11001007408,2021.0,wht_nonhis_women_pov_pct,0.0,
11001007409,2021.0,wht_nonhis_women_pov_pct,0.0,
11001007502,2021.0,wht_nonhis_women_pov_pct,,
11001007503,2021.0,wht_nonhis_women_pov_pct,14.285714285714286,
11001007504,2021.0,wht_nonhis_women_pov_pct,100.0,
11001007601,2021.0,wht_nonhis_women_pov_pct,18.84057971014493,
11001007603,2021.0,wht_nonhis_women_pov_pct,0.0,
11001007604,2021.0,wht_nonhis_women_pov_pct,0.0,
11001007605,2021.0,wht_nonhis_women_pov_pct,0.0,
11001007703,2021.0,wht_nonhis_women_pov_pct,,
11001007707,2021.0,wht_nonhis_women_pov_pct,73.33333333333333,
11001007708,2021.0,wht_nonhis_women_pov_pct,,
11001007709,2021.0,wht_nonhis_women_pov_pct,0.0,
11001007803,2021.0,wht_nonhis_women_pov_pct,0.0,
11001007804,2021.0,wht_nonhis_women_pov_pct,0.0,
11001007806,2021.0,wht_nonhis_women_pov_pct,0.0,
11001007807,2021.0,wht_nonhis_women_pov_pct,,
11001007808,2021.0,wht_nonhis_women_pov_pct,0.0,
11001007809,2021.0,wht_nonhis_women_pov_pct,20.0,
11001007901,2021.0,wht_nonhis_women_pov_pct,1.839080459770115,
11001007903,2021.0,wht_nonhis_women_pov_pct,0.0,
11001008001,2021.0,wht_nonhis_women_pov_pct,1.4634146341463414,
11001008002,2021.0,wht_nonhis_women_pov_pct,4.362416107382551,
11001008100,2021.0,wht_nonhis_women_pov_pct,1.5124555160142348,
11001008200,2021.0,wht_nonhis_women_pov_pct,8.421052631578947,
11001008301,2021.0,wht_nonhis_women_pov_pct,1.8244013683010265,
11001008302,2021.0,wht_nonhis_women_pov_pct,0.3436426116838488,
11001008402,2021.0,wht_nonhis_women_pov_pct,0.0,
11001008410,2021.0,wht_nonhis_women_pov_pct,1.8223234624145783,
11001008701,2021.0,wht_nonhis_women_pov_pct,4.545454545454546,
11001008702,2021.0,wht_nonhis_women_pov_pct,4.887218045112782,
11001008802,2021.0,wht_nonhis_women_pov_pct,1.8469656992084436,
11001008803,2021.0,wht_nonhis_women_pov_pct,7.6923076923076925,
11001008804,2021.0,wht_nonhis_women_pov_pct,6.818181818181818,
11001008903,2021.0,wht_nonhis_women_pov_pct,6.395348837209302,
11001008904,2021.0,wht_nonhis_women_pov_pct,9.55056179775281,
11001009000,2021.0,wht_nonhis_women_pov_pct,0.0,
11001009102,2021.0,wht_nonhis_women_pov_pct,25.824175824175825,
11001009201,2021.0,wht_nonhis_women_pov_pct,32.804232804232804,
11001009203,2021.0,wht_nonhis_women_pov_pct,0.0,
11001009204,2021.0,wht_nonhis_women_pov_pct,0.0,
11001009301,2021.0,wht_nonhis_women_pov_pct,14.207650273224044,
11001009302,2021.0,wht_nonhis_women_pov_pct,4.430379746835443,
11001009400,2021.0,wht_nonhis_women_pov_pct,0.0,
11001009503,2021.0,wht_nonhis_women_pov_pct,20.63492063492064,
11001009504,2021.0,wht_nonhis_women_pov_pct,0.0,
11001009505,2021.0,wht_nonhis_women_pov_pct,0.0,
11001009507,2021.0,wht_nonhis_women_pov_pct,0.0,
11001009508,2021.0,wht_nonhis_women_pov_pct,0.0,
11001009509,2021.0,wht_nonhis_women_pov_pct,2.631578947368421,
11001009510,2021.0,wht_nonhis_women_pov_pct,12.195121951219512,
11001009511,2021.0,wht_nonhis_women_pov_pct,,
11001009601,2021.0,wht_nonhis_women_pov_pct,10.0,
11001009602,2021.0,wht_nonhis_women_pov_pct,0.0,
11001009603,2021.0,wht_nonhis_women_pov_pct,,
11001009604,2021.0,wht_nonhis_women_pov_pct,0.0,
11001009700,2021.0,wht_nonhis_women_pov_pct,,
11001009801,2021.0,wht_nonhis_women_pov_pct,0.0,
11001009802,2021.0,wht_nonhis_women_pov_pct,100.0,
11001009803,2021.0,wht_nonhis_women_pov_pct,0.0,
11001009804,2021.0,wht_nonhis_women_pov_pct,0.0,
11001009807,2021.0,wht_nonhis_women_pov_pct,7.6923076923076925,
11001009810,2021.0,wht_nonhis_women_pov_pct,0.0,
11001009811,2021.0,wht_nonhis_women_pov_pct,,
11001009901,2021.0,wht_nonhis_women_pov_pct,0.0,
11001009902,2021.0,wht_nonhis_women_pov_pct,66.66666666666667,
11001009903,2021.0,wht_nonhis_women_pov_pct,0.0,
11001009904,2021.0,wht_nonhis_women_pov_pct,27.77777777777778,
11001009905,2021.0,wht_nonhis_women_pov_pct,100.0,
11001009906,2021.0,wht_nonhis_women_pov_pct,0.0,
11001009907,2021.0,wht_nonhis_women_pov_pct,0.0,
11001010100,2021.0,wht_nonhis_women_pov_pct,0.1324503311258278,
11001010201,2021.0,wht_nonhis_women_pov_pct,6.174957118353345,
11001010202,2021.0,wht_nonhis_women_pov_pct,3.896103896103896,
11001010300,2021.0,wht_nonhis_women_pov_pct,3.409090909090909,
11001010400,2021.0,wht_nonhis_women_pov_pct,0.0,
11001010500,2021.0,wht_nonhis_women_pov_pct,4.918032786885246,
11001010601,2021.0,wht_nonhis_women_pov_pct,26.684636118598384,
11001010602,2021.0,wht_nonhis_women_pov_pct,4.99231950844854,
11001010603,2021.0,wht_nonhis_women_pov_pct,0.6823351023502654,
11001010700,2021.0,wht_nonhis_women_pov_pct,3.780718336483932,
11001010800,2021.0,wht_nonhis_women_pov_pct,40.94827586206897,
11001010900,2021.0,wht_nonhis_women_pov_pct,0.0,
11001011001,2021.0,wht_nonhis_women_pov_pct,0.0,
11001011002,2021.0,wht_nonhis_women_pov_pct,16.917293233082706,
11001011100,2021.0,wht_nonhis_women_pov_pct,7.555555555555555,
11001980000,2021.0,wht_nonhis_women_pov_pct,,
24017850101,2021.0,wht_nonhis_women_pov_pct,0.0,
24017850102,2021.0,wht_nonhis_women_pov_pct,3.5211267605633805,
24017850201,2021.0,wht_nonhis_women_pov_pct,0.0,
24017850202,2021.0,wht_nonhis_women_pov_pct,8.299180327868852,
24017850300,2021.0,wht_nonhis_women_pov_pct,7.506702412868632,
24017850400,2021.0,wht_nonhis_women_pov_pct,16.501240694789082,
24017850500,2021.0,wht_nonhis_women_pov_pct,9.670079635949945,
24017850600,2021.0,wht_nonhis_women_pov_pct,4.158215010141988,
24017850706,2021.0,wht_nonhis_women_pov_pct,0.0,
24017850708,2021.0,wht_nonhis_women_pov_pct,0.0,
24017850709,2021.0,wht_nonhis_women_pov_pct,11.947626841243862,
24017850710,2021.0,wht_nonhis_women_pov_pct,2.1487603305785123,
24017850711,2021.0,wht_nonhis_women_pov_pct,3.0303030303030303,
24017850712,2021.0,wht_nonhis_women_pov_pct,2.637130801687764,
24017850713,2021.0,wht_nonhis_women_pov_pct,12.375,
24017850801,2021.0,wht_nonhis_women_pov_pct,5.017502917152859,
24017850802,2021.0,wht_nonhis_women_pov_pct,3.8155802861685215,
24017850901,2021.0,wht_nonhis_women_pov_pct,0.0,
24017850902,2021.0,wht_nonhis_women_pov_pct,14.840989399293289,
24017850904,2021.0,wht_nonhis_women_pov_pct,1.3776337115072934,
24017850905,2021.0,wht_nonhis_women_pov_pct,4.477611940298507,
24017850906,2021.0,wht_nonhis_women_pov_pct,9.183673469387756,
24017851001,2021.0,wht_nonhis_women_pov_pct,1.933404940923738,
24017851003,2021.0,wht_nonhis_women_pov_pct,0.8826125330979699,
24017851004,2021.0,wht_nonhis_women_pov_pct,0.0,
24017851100,2021.0,wht_nonhis_women_pov_pct,12.118226600985222,
24017851200,2021.0,wht_nonhis_women_pov_pct,5.131578947368421,
24017851301,2021.0,wht_nonhis_women_pov_pct,7.155529272619751,
24017851302,2021.0,wht_nonhis_women_pov_pct,4.344048653344918,
24017851401,2021.0,wht_nonhis_women_pov_pct,7.707129094412331,
24017851402,2021.0,wht_nonhis_women_pov_pct,7.231638418079096,
24017851403,2021.0,wht_nonhis_women_pov_pct,0.0,
24017851501,2021.0,wht_nonhis_women_pov_pct,4.487179487179487,
24017851502,2021.0,wht_nonhis_women_pov_pct,12.462006079027356,
24017990000,2021.0,wht_nonhis_women_pov_pct,,
24021740200,2021.0,wht_nonhis_women_pov_pct,2.896935933147632,
24021750100,2021.0,wht_nonhis_women_pov_pct,7.166666666666667,
24021750200,2021.0,wht_nonhis_women_pov_pct,3.6,
24021750300,2021.0,wht_nonhis_women_pov_pct,5.2631578947368425,
24021750504,2021.0,wht_nonhis_women_pov_pct,10.73326248671626,
24021750505,2021.0,wht_nonhis_women_pov_pct,26.93014705882353,
24021750506,2021.0,wht_nonhis_women_pov_pct,4.096045197740113,
24021750507,2021.0,wht_nonhis_women_pov_pct,0.0,
24021750508,2021.0,wht_nonhis_women_pov_pct,13.48314606741573,
24021750600,2021.0,wht_nonhis_women_pov_pct,3.663793103448276,
24021750701,2021.0,wht_nonhis_women_pov_pct,7.430555555555555,
24021750702,2021.0,wht_nonhis_women_pov_pct,12.244897959183673,
24021750801,2021.0,wht_nonhis_women_pov_pct,11.305361305361306,
24021750802,2021.0,wht_nonhis_women_pov_pct,3.667953667953668,
24021750804,2021.0,wht_nonhis_women_pov_pct,0.5673758865248227,
24021750805,2021.0,wht_nonhis_women_pov_pct,0.0861326442721791,
24021751001,2021.0,wht_nonhis_women_pov_pct,1.953125,
24021751002,2021.0,wht_nonhis_women_pov_pct,14.554242749731472,
24021751003,2021.0,wht_nonhis_women_pov_pct,11.88976377952756,
24021751004,2021.0,wht_nonhis_women_pov_pct,0.7738607050730868,
24021751201,2021.0,wht_nonhis_women_pov_pct,3.213610586011342,
24021751202,2021.0,wht_nonhis_women_pov_pct,11.030741410488243,
24021751203,2021.0,wht_nonhis_women_pov_pct,2.952503209242619,
24021751301,2021.0,wht_nonhis_women_pov_pct,5.298457411133468,
24021751302,2021.0,wht_nonhis_women_pov_pct,2.8451882845188283,
24021751600,2021.0,wht_nonhis_women_pov_pct,15.291936978683967,
24021751701,2021.0,wht_nonhis_women_pov_pct,17.277486910994764,
24021751702,2021.0,wht_nonhis_women_pov_pct,10.0846805234796,
24021751801,2021.0,wht_nonhis_women_pov_pct,0.9380863039399624,
24021751802,2021.0,wht_nonhis_women_pov_pct,6.454183266932271,
24021751902,2021.0,wht_nonhis_women_pov_pct,5.367504835589942,
24021751903,2021.0,wht_nonhis_women_pov_pct,0.2755905511811023,
24021751904,2021.0,wht_nonhis_women_pov_pct,2.5,
24021751905,2021.0,wht_nonhis_women_pov_pct,0.7865168539325843,
24021751906,2021.0,wht_nonhis_women_pov_pct,5.046480743691899,
24021752001,2021.0,wht_nonhis_women_pov_pct,2.9451137884872827,
24021752101,2021.0,wht_nonhis_women_pov_pct,0.0,
24021752102,2021.0,wht_nonhis_women_pov_pct,2.512288367012561,
24021752201,2021.0,wht_nonhis_women_pov_pct,3.98406374501992,
24021752202,2021.0,wht_nonhis_women_pov_pct,12.97071129707113,
24021752205,2021.0,wht_nonhis_women_pov_pct,0.0,
24021752206,2021.0,wht_nonhis_women_pov_pct,0.0,
24021752301,2021.0,wht_nonhis_women_pov_pct,12.251941328731665,
24021752302,2021.0,wht_nonhis_women_pov_pct,2.336448598130841,
24021752303,2021.0,wht_nonhis_women_pov_pct,3.986710963455149,
24021752501,2021.0,wht_nonhis_women_pov_pct,5.139186295503212,
24021752502,2021.0,wht_nonhis_women_pov_pct,2.0076481835564053,
24021752601,2021.0,wht_nonhis_women_pov_pct,5.350938151494093,
24021752602,2021.0,wht_nonhis_women_pov_pct,2.461139896373057,
24021752603,2021.0,wht_nonhis_women_pov_pct,1.320361362056984,
24021752801,2021.0,wht_nonhis_women_pov_pct,2.4556616643929057,
24021752802,2021.0,wht_nonhis_women_pov_pct,5.015673981191223,
24021752900,2021.0,wht_nonhis_women_pov_pct,6.288873531444367,
24021753001,2021.0,wht_nonhis_women_pov_pct,8.039936941671046,
24021753002,2021.0,wht_nonhis_women_pov_pct,5.7411273486430074,
24021765100,2021.0,wht_nonhis_women_pov_pct,7.894736842105263,
24021766800,2021.0,wht_nonhis_women_pov_pct,11.424439624005784,
24021767500,2021.0,wht_nonhis_women_pov_pct,11.1003861003861,
24021767600,2021.0,wht_nonhis_women_pov_pct,7.066557107641742,
24021770700,2021.0,wht_nonhis_women_pov_pct,6.504065040650406,
24021772200,2021.0,wht_nonhis_women_pov_pct,20.29520295202952,
24021773500,2021.0,wht_nonhis_women_pov_pct,5.487305487305488,
24021775302,2021.0,wht_nonhis_women_pov_pct,6.186224489795919,
24021775400,2021.0,wht_nonhis_women_pov_pct,20.432900432900432,
24021775600,2021.0,wht_nonhis_women_pov_pct,2.863278453829635,
24031700101,2021.0,wht_nonhis_women_pov_pct,2.926481084939329,
24031700103,2021.0,wht_nonhis_women_pov_pct,3.8436050364479786,
24031700104,2021.0,wht_nonhis_women_pov_pct,3.84,
24031700105,2021.0,wht_nonhis_women_pov_pct,5.166051660516605,
24031700204,2021.0,wht_nonhis_women_pov_pct,1.0230179028132993,
24031700206,2021.0,wht_nonhis_women_pov_pct,1.3426736719206072,
24031700207,2021.0,wht_nonhis_women_pov_pct,3.7107516650808754,
24031700208,2021.0,wht_nonhis_women_pov_pct,0.0,
24031700209,2021.0,wht_nonhis_women_pov_pct,3.772378516624041,
24031700210,2021.0,wht_nonhis_women_pov_pct,0.0,
24031700306,2021.0,wht_nonhis_women_pov_pct,0.0,
24031700308,2021.0,wht_nonhis_women_pov_pct,4.780876494023905,
24031700309,2021.0,wht_nonhis_women_pov_pct,20.21276595744681,
24031700310,2021.0,wht_nonhis_women_pov_pct,15.008576329331046,
24031700313,2021.0,wht_nonhis_women_pov_pct,3.2504780114722758,
24031700314,2021.0,wht_nonhis_women_pov_pct,0.0,
24031700315,2021.0,wht_nonhis_women_pov_pct,0.0,
24031700316,2021.0,wht_nonhis_women_pov_pct,8.098591549295774,
24031700317,2021.0,wht_nonhis_women_pov_pct,5.904761904761905,
24031700318,2021.0,wht_nonhis_women_pov_pct,6.052631578947368,
24031700400,2021.0,wht_nonhis_women_pov_pct,3.2335329341317367,
24031700500,2021.0,wht_nonhis_women_pov_pct,1.9914651493598865,
24031700604,2021.0,wht_nonhis_women_pov_pct,0.9029345372460496,
24031700606,2021.0,wht_nonhis_women_pov_pct,0.2805049088359046,
24031700608,2021.0,wht_nonhis_women_pov_pct,2.8795811518324608,
24031700610,2021.0,wht_nonhis_women_pov_pct,2.0654044750430294,
24031700611,2021.0,wht_nonhis_women_pov_pct,3.4623217922606924,
24031700613,2021.0,wht_nonhis_women_pov_pct,0.7601351351351351,
24031700614,2021.0,wht_nonhis_women_pov_pct,9.479553903345725,
24031700615,2021.0,wht_nonhis_women_pov_pct,0.0,
24031700616,2021.0,wht_nonhis_women_pov_pct,0.0,
24031700617,2021.0,wht_nonhis_women_pov_pct,0.0,
24031700618,2021.0,wht_nonhis_women_pov_pct,0.0,
24031700706,2021.0,wht_nonhis_women_pov_pct,5.482456140350878,
24031700710,2021.0,wht_nonhis_women_pov_pct,2.645985401459854,
24031700711,2021.0,wht_nonhis_women_pov_pct,5.535390199637024,
24031700713,2021.0,wht_nonhis_women_pov_pct,0.3378378378378378,
24031700715,2021.0,wht_nonhis_women_pov_pct,3.4416826003824093,
24031700718,2021.0,wht_nonhis_women_pov_pct,1.586333129957291,
24031700720,2021.0,wht_nonhis_women_pov_pct,3.0,
24031700721,2021.0,wht_nonhis_women_pov_pct,5.571847507331379,
24031700723,2021.0,wht_nonhis_women_pov_pct,4.457953394123607,
24031700724,2021.0,wht_nonhis_women_pov_pct,1.7699115044247788,
24031700725,2021.0,wht_nonhis_women_pov_pct,11.875,
24031700726,2021.0,wht_nonhis_women_pov_pct,5.633802816901408,
24031700727,2021.0,wht_nonhis_women_pov_pct,4.787234042553192,
24031700728,2021.0,wht_nonhis_women_pov_pct,0.0,
24031700729,2021.0,wht_nonhis_women_pov_pct,0.0,
24031700730,2021.0,wht_nonhis_women_pov_pct,10.555555555555555,
24031700731,2021.0,wht_nonhis_women_pov_pct,0.0,
24031700732,2021.0,wht_nonhis_women_pov_pct,0.0,
24031700733,2021.0,wht_nonhis_women_pov_pct,12.32,
24031700810,2021.0,wht_nonhis_women_pov_pct,2.7377521613832854,
24031700811,2021.0,wht_nonhis_women_pov_pct,4.117647058823529,
24031700812,2021.0,wht_nonhis_women_pov_pct,14.246947082767978,
24031700813,2021.0,wht_nonhis_women_pov_pct,3.8112522686025407,
24031700815,2021.0,wht_nonhis_women_pov_pct,16.363636363636363,
24031700818,2021.0,wht_nonhis_women_pov_pct,23.326133909287257,
24031700819,2021.0,wht_nonhis_women_pov_pct,0.0,
24031700820,2021.0,wht_nonhis_women_pov_pct,19.047619047619047,
24031700822,2021.0,wht_nonhis_women_pov_pct,0.0,
24031700823,2021.0,wht_nonhis_women_pov_pct,2.866779089376054,
24031700824,2021.0,wht_nonhis_women_pov_pct,0.0,
24031700826,2021.0,wht_nonhis_women_pov_pct,0.0,
24031700828,2021.0,wht_nonhis_women_pov_pct,3.2442748091603053,
24031700829,2021.0,wht_nonhis_women_pov_pct,2.348993288590604,
24031700830,2021.0,wht_nonhis_women_pov_pct,0.0,
24031700832,2021.0,wht_nonhis_women_pov_pct,12.735849056603774,
24031700833,2021.0,wht_nonhis_women_pov_pct,2.345058626465661,
24031700834,2021.0,wht_nonhis_women_pov_pct,23.58974358974359,
24031700835,2021.0,wht_nonhis_women_pov_pct,0.8547008547008547,
24031700836,2021.0,wht_nonhis_women_pov_pct,9.67741935483871,
24031700837,2021.0,wht_nonhis_women_pov_pct,0.0,
24031700838,2021.0,wht_nonhis_women_pov_pct,4.296296296296297,
24031700839,2021.0,wht_nonhis_women_pov_pct,3.700277520814061,
24031700901,2021.0,wht_nonhis_women_pov_pct,8.206686930091186,
24031700902,2021.0,wht_nonhis_women_pov_pct,1.267427122940431,
24031700903,2021.0,wht_nonhis_women_pov_pct,3.902439024390244,
24031700904,2021.0,wht_nonhis_women_pov_pct,21.188630490956072,
24031700905,2021.0,wht_nonhis_women_pov_pct,5.367561260210035,
24031701001,2021.0,wht_nonhis_women_pov_pct,4.7303689687795645,
24031701002,2021.0,wht_nonhis_women_pov_pct,3.990024937655861,
24031701004,2021.0,wht_nonhis_women_pov_pct,2.629416598192276,
24031701005,2021.0,wht_nonhis_women_pov_pct,3.5526315789473686,
24031701006,2021.0,wht_nonhis_women_pov_pct,2.7914614121510675,
24031701007,2021.0,wht_nonhis_women_pov_pct,3.730017761989343,
24031701101,2021.0,wht_nonhis_women_pov_pct,3.329369797859691,
24031701102,2021.0,wht_nonhis_women_pov_pct,1.9550342130987293,
24031701201,2021.0,wht_nonhis_women_pov_pct,9.285714285714286,
24031701202,2021.0,wht_nonhis_women_pov_pct,1.1042944785276074,
24031701205,2021.0,wht_nonhis_women_pov_pct,2.212628170534269,
24031701206,2021.0,wht_nonhis_women_pov_pct,1.4442916093535076,
24031701210,2021.0,wht_nonhis_women_pov_pct,0.0,
24031701211,2021.0,wht_nonhis_women_pov_pct,5.060506050605061,
24031701212,2021.0,wht_nonhis_women_pov_pct,2.1705426356589146,
24031701214,2021.0,wht_nonhis_women_pov_pct,8.450704225352112,
24031701215,2021.0,wht_nonhis_women_pov_pct,6.756756756756757,
24031701216,2021.0,wht_nonhis_women_pov_pct,15.337423312883436,
24031701218,2021.0,wht_nonhis_women_pov_pct,17.850287907869482,
24031701219,2021.0,wht_nonhis_women_pov_pct,10.677083333333334,
24031701220,2021.0,wht_nonhis_women_pov_pct,0.8152173913043478,
24031701221,2021.0,wht_nonhis_women_pov_pct,15.90612777053455,
24031701222,2021.0,wht_nonhis_women_pov_pct,15.966386554621849,
24031701223,2021.0,wht_nonhis_women_pov_pct,3.9100684261974585,
24031701303,2021.0,wht_nonhis_women_pov_pct,5.835543766578249,
24031701304,2021.0,wht_nonhis_women_pov_pct,0.8670520231213873,
24031701306,2021.0,wht_nonhis_women_pov_pct,2.435897435897436,
24031701307,2021.0,wht_nonhis_women_pov_pct,3.9751552795031055,
24031701308,2021.0,wht_nonhis_women_pov_pct,2.406417112299465,
24031701312,2021.0,wht_nonhis_women_pov_pct,3.264094955489614,
24031701313,2021.0,wht_nonhis_women_pov_pct,2.6806526806526807,
24031701314,2021.0,wht_nonhis_women_pov_pct,1.2307692307692308,
24031701315,2021.0,wht_nonhis_women_pov_pct,4.393063583815029,
24031701316,2021.0,wht_nonhis_women_pov_pct,0.0,
24031701317,2021.0,wht_nonhis_women_pov_pct,4.382826475849732,
24031701407,2021.0,wht_nonhis_women_pov_pct,4.692387904066736,
24031701408,2021.0,wht_nonhis_women_pov_pct,7.174887892376682,
24031701409,2021.0,wht_nonhis_women_pov_pct,2.3778071334214004,
24031701414,2021.0,wht_nonhis_women_pov_pct,4.8582995951417,
24031701415,2021.0,wht_nonhis_women_pov_pct,2.6455026455026456,
24031701417,2021.0,wht_nonhis_women_pov_pct,0.0,
24031701418,2021.0,wht_nonhis_women_pov_pct,0.0,
24031701422,2021.0,wht_nonhis_women_pov_pct,0.0,
24031701423,2021.0,wht_nonhis_women_pov_pct,18.181818181818183,
24031701424,2021.0,wht_nonhis_women_pov_pct,1.4705882352941178,
24031701425,2021.0,wht_nonhis_women_pov_pct,3.2,
24031701426,2021.0,wht_nonhis_women_pov_pct,2.059496567505721,
24031701427,2021.0,wht_nonhis_women_pov_pct,0.0,
24031701503,2021.0,wht_nonhis_women_pov_pct,12.784090909090908,
24031701505,2021.0,wht_nonhis_women_pov_pct,2.4464831804281344,
24031701506,2021.0,wht_nonhis_women_pov_pct,2.833530106257379,
24031701507,2021.0,wht_nonhis_women_pov_pct,5.165692007797271,
24031701508,2021.0,wht_nonhis_women_pov_pct,41.20879120879121,
24031701509,2021.0,wht_nonhis_women_pov_pct,4.2492917847025495,
24031701601,2021.0,wht_nonhis_women_pov_pct,16.666666666666668,
24031701602,2021.0,wht_nonhis_women_pov_pct,7.246376811594203,
24031701701,2021.0,wht_nonhis_women_pov_pct,1.7204301075268815,
24031701702,2021.0,wht_nonhis_women_pov_pct,6.027397260273973,
24031701703,2021.0,wht_nonhis_women_pov_pct,15.042372881355933,
24031701704,2021.0,wht_nonhis_women_pov_pct,1.5625,
24031701800,2021.0,wht_nonhis_women_pov_pct,1.5804597701149423,
24031701900,2021.0,wht_nonhis_women_pov_pct,8.6,
24031702000,2021.0,wht_nonhis_women_pov_pct,9.012875536480689,
24031702101,2021.0,wht_nonhis_women_pov_pct,1.7361111111111112,
24031702102,2021.0,wht_nonhis_women_pov_pct,0.0,
24031702200,2021.0,wht_nonhis_women_pov_pct,1.1754068716094033,
24031702301,2021.0,wht_nonhis_women_pov_pct,16.292134831460675,
24031702302,2021.0,wht_nonhis_women_pov_pct,0.8403361344537815,
24031702401,2021.0,wht_nonhis_women_pov_pct,3.556771545827633,
24031702402,2021.0,wht_nonhis_women_pov_pct,0.0,
24031702501,2021.0,wht_nonhis_women_pov_pct,1.06544901065449,
24031702502,2021.0,wht_nonhis_women_pov_pct,0.0,
24031702503,2021.0,wht_nonhis_women_pov_pct,0.0,
24031702602,2021.0,wht_nonhis_women_pov_pct,6.293706293706293,
24031702603,2021.0,wht_nonhis_women_pov_pct,0.0,
24031702604,2021.0,wht_nonhis_women_pov_pct,12.84722222222222,
24031702700,2021.0,wht_nonhis_women_pov_pct,3.243744207599629,
24031702800,2021.0,wht_nonhis_women_pov_pct,4.271356783919598,
24031702900,2021.0,wht_nonhis_women_pov_pct,1.7188459177409454,
24031703000,2021.0,wht_nonhis_women_pov_pct,1.32890365448505,
24031703100,2021.0,wht_nonhis_women_pov_pct,5.412371134020619,
24031703201,2021.0,wht_nonhis_women_pov_pct,5.846466700559227,
24031703202,2021.0,wht_nonhis_women_pov_pct,2.8621495327102804,
24031703206,2021.0,wht_nonhis_women_pov_pct,0.4728132387706856,
24031703207,2021.0,wht_nonhis_women_pov_pct,2.3297491039426523,
24031703208,2021.0,wht_nonhis_women_pov_pct,2.507598784194529,
24031703209,2021.0,wht_nonhis_women_pov_pct,0.0,
24031703210,2021.0,wht_nonhis_women_pov_pct,2.8833551769331587,
24031703213,2021.0,wht_nonhis_women_pov_pct,8.727272727272727,
24031703214,2021.0,wht_nonhis_women_pov_pct,37.93911007025761,
24031703215,2021.0,wht_nonhis_women_pov_pct,7.209302325581396,
24031703216,2021.0,wht_nonhis_women_pov_pct,7.348242811501597,
24031703218,2021.0,wht_nonhis_women_pov_pct,5.769230769230769,
24031703219,2021.0,wht_nonhis_women_pov_pct,11.682808716707022,
24031703220,2021.0,wht_nonhis_women_pov_pct,8.969465648854962,
24031703221,2021.0,wht_nonhis_women_pov_pct,0.0,
24031703222,2021.0,wht_nonhis_women_pov_pct,5.161290322580645,
24031703223,2021.0,wht_nonhis_women_pov_pct,9.415584415584416,
24031703301,2021.0,wht_nonhis_women_pov_pct,2.6533996683250414,
24031703302,2021.0,wht_nonhis_women_pov_pct,4.2682926829268295,
24031703401,2021.0,wht_nonhis_women_pov_pct,7.259953161592506,
24031703402,2021.0,wht_nonhis_women_pov_pct,0.0,
24031703403,2021.0,wht_nonhis_women_pov_pct,1.5822784810126582,
24031703404,2021.0,wht_nonhis_women_pov_pct,26.623376623376625,
24031703501,2021.0,wht_nonhis_women_pov_pct,4.752851711026616,
24031703502,2021.0,wht_nonhis_women_pov_pct,2.9827315541601256,
24031703601,2021.0,wht_nonhis_women_pov_pct,2.387774594078319,
24031703602,2021.0,wht_nonhis_women_pov_pct,2.346041055718475,
24031703701,2021.0,wht_nonhis_women_pov_pct,0.0,
24031703702,2021.0,wht_nonhis_women_pov_pct,5.684754521963824,
24031703800,2021.0,wht_nonhis_women_pov_pct,19.81308411214953,
24031703901,2021.0,wht_nonhis_women_pov_pct,0.0,
24031703902,2021.0,wht_nonhis_women_pov_pct,1.3993541442411197,
24031704000,2021.0,wht_nonhis_women_pov_pct,3.145235892691952,
24031704100,2021.0,wht_nonhis_women_pov_pct,8.850726552179657,
24031704200,2021.0,wht_nonhis_women_pov_pct,2.494802494802495,
24031704300,2021.0,wht_nonhis_women_pov_pct,6.020066889632108,
24031704401,2021.0,wht_nonhis_women_pov_pct,3.525641025641025,
24031704403,2021.0,wht_nonhis_women_pov_pct,18.0327868852459,
24031704404,2021.0,wht_nonhis_women_pov_pct,4.181431608788094,
24031704501,2021.0,wht_nonhis_women_pov_pct,3.877221324717286,
24031704502,2021.0,wht_nonhis_women_pov_pct,7.096774193548387,
24031704503,2021.0,wht_nonhis_women_pov_pct,4.442250740375124,
24031704600,2021.0,wht_nonhis_women_pov_pct,1.7384105960264902,
24031704700,2021.0,wht_nonhis_women_pov_pct,2.955271565495208,
24031704803,2021.0,wht_nonhis_women_pov_pct,4.071661237785016,
24031704804,2021.0,wht_nonhis_women_pov_pct,3.0927835051546397,
24031704805,2021.0,wht_nonhis_women_pov_pct,4.92676431424767,
24031704806,2021.0,wht_nonhis_women_pov_pct,5.593220338983051,
24031705000,2021.0,wht_nonhis_women_pov_pct,3.4569983136593594,
24031705100,2021.0,wht_nonhis_women_pov_pct,1.6363636363636365,
24031705200,2021.0,wht_nonhis_women_pov_pct,1.7006802721088434,
24031705300,2021.0,wht_nonhis_women_pov_pct,0.3110419906687403,
24031705400,2021.0,wht_nonhis_women_pov_pct,2.9768467475192946,
24031705501,2021.0,wht_nonhis_women_pov_pct,13.648293963254591,
24031705502,2021.0,wht_nonhis_women_pov_pct,6.121134020618556,
24031705601,2021.0,wht_nonhis_women_pov_pct,5.889724310776942,
24031705602,2021.0,wht_nonhis_women_pov_pct,4.389657245941071,
24031705701,2021.0,wht_nonhis_women_pov_pct,2.4324324324324325,
24031705702,2021.0,wht_nonhis_women_pov_pct,2.7815468113975577,
24031705800,2021.0,wht_nonhis_women_pov_pct,2.373887240356083,
24031705901,2021.0,wht_nonhis_women_pov_pct,0.5988023952095808,
24031705902,2021.0,wht_nonhis_women_pov_pct,2.213666987487969,
24031705903,2021.0,wht_nonhis_women_pov_pct,2.5811823480432974,
24031706005,2021.0,wht_nonhis_women_pov_pct,1.0256410256410255,
24031706007,2021.0,wht_nonhis_women_pov_pct,1.7607771706132362,
24031706008,2021.0,wht_nonhis_women_pov_pct,2.8551034975017844,
24031706009,2021.0,wht_nonhis_women_pov_pct,2.9640084685956247,
24031706010,2021.0,wht_nonhis_women_pov_pct,2.480270574971815,
24031706011,2021.0,wht_nonhis_women_pov_pct,2.697841726618705,
24031706012,2021.0,wht_nonhis_women_pov_pct,12.8,
24031706013,2021.0,wht_nonhis_women_pov_pct,2.8831562974203337,
24033800102,2021.0,wht_nonhis_women_pov_pct,12.33140655105973,
24033800103,2021.0,wht_nonhis_women_pov_pct,0.6756756756756757,
24033800105,2021.0,wht_nonhis_women_pov_pct,5.144694533762058,
24033800106,2021.0,wht_nonhis_women_pov_pct,7.563025210084033,
24033800108,2021.0,wht_nonhis_women_pov_pct,15.436241610738255,
24033800109,2021.0,wht_nonhis_women_pov_pct,0.0,
24033800203,2021.0,wht_nonhis_women_pov_pct,3.711790393013101,
24033800206,2021.0,wht_nonhis_women_pov_pct,6.547619047619048,
24033800209,2021.0,wht_nonhis_women_pov_pct,1.7751479289940828,
24033800210,2021.0,wht_nonhis_women_pov_pct,9.75609756097561,
24033800211,2021.0,wht_nonhis_women_pov_pct,10.843373493975903,
24033800212,2021.0,wht_nonhis_women_pov_pct,4.102564102564102,
24033800213,2021.0,wht_nonhis_women_pov_pct,10.11904761904762,
24033800216,2021.0,wht_nonhis_women_pov_pct,4.597701149425287,
24033800217,2021.0,wht_nonhis_women_pov_pct,0.0,
24033800218,2021.0,wht_nonhis_women_pov_pct,21.05263157894737,
24033800401,2021.0,wht_nonhis_women_pov_pct,6.224899598393574,
24033800402,2021.0,wht_nonhis_women_pov_pct,3.1504065040650406,
24033800403,2021.0,wht_nonhis_women_pov_pct,2.2140221402214024,
24033800408,2021.0,wht_nonhis_women_pov_pct,2.3529411764705883,
24033800409,2021.0,wht_nonhis_women_pov_pct,5.900621118012422,
24033800410,2021.0,wht_nonhis_women_pov_pct,1.5544041450777202,
24033800411,2021.0,wht_nonhis_women_pov_pct,18.181818181818183,
24033800412,2021.0,wht_nonhis_women_pov_pct,6.746031746031746,
24033800413,2021.0,wht_nonhis_women_pov_pct,0.0,
24033800504,2021.0,wht_nonhis_women_pov_pct,1.5384615384615383,
24033800505,2021.0,wht_nonhis_women_pov_pct,3.1561461794019934,
24033800507,2021.0,wht_nonhis_women_pov_pct,0.0,
24033800511,2021.0,wht_nonhis_women_pov_pct,3.088803088803089,
24033800513,2021.0,wht_nonhis_women_pov_pct,0.2259887005649717,
24033800514,2021.0,wht_nonhis_women_pov_pct,0.0,
24033800515,2021.0,wht_nonhis_women_pov_pct,0.0,
24033800516,2021.0,wht_nonhis_women_pov_pct,3.481012658227848,
24033800517,2021.0,wht_nonhis_women_pov_pct,0.0,
24033800518,2021.0,wht_nonhis_women_pov_pct,3.4965034965034967,
24033800519,2021.0,wht_nonhis_women_pov_pct,2.280130293159609,
24033800520,2021.0,wht_nonhis_women_pov_pct,0.0,
24033800521,2021.0,wht_nonhis_women_pov_pct,0.0,
24033800522,2021.0,wht_nonhis_women_pov_pct,,
24033800605,2021.0,wht_nonhis_women_pov_pct,2.255639097744361,
24033800606,2021.0,wht_nonhis_women_pov_pct,14.15929203539823,
24033800607,2021.0,wht_nonhis_women_pov_pct,20.918367346938776,
24033800608,2021.0,wht_nonhis_women_pov_pct,0.0,
24033800609,2021.0,wht_nonhis_women_pov_pct,0.0,
24033800701,2021.0,wht_nonhis_women_pov_pct,0.7692307692307693,
24033800704,2021.0,wht_nonhis_women_pov_pct,0.0,
24033800705,2021.0,wht_nonhis_women_pov_pct,0.0,
24033800706,2021.0,wht_nonhis_women_pov_pct,13.72549019607843,
24033800707,2021.0,wht_nonhis_women_pov_pct,22.181818181818183,
24033800800,2021.0,wht_nonhis_women_pov_pct,10.73512252042007,
24033800900,2021.0,wht_nonhis_women_pov_pct,7.2784810126582276,
24033801003,2021.0,wht_nonhis_women_pov_pct,14.693877551020408,
24033801004,2021.0,wht_nonhis_women_pov_pct,22.71604938271605,
24033801005,2021.0,wht_nonhis_women_pov_pct,0.0,
24033801006,2021.0,wht_nonhis_women_pov_pct,0.0,
24033801105,2021.0,wht_nonhis_women_pov_pct,10.37037037037037,
24033801106,2021.0,wht_nonhis_women_pov_pct,5.907172995780591,
24033801207,2021.0,wht_nonhis_women_pov_pct,0.0,
24033801208,2021.0,wht_nonhis_women_pov_pct,0.0,
24033801209,2021.0,wht_nonhis_women_pov_pct,0.0,
24033801210,2021.0,wht_nonhis_women_pov_pct,0.0,
24033801211,2021.0,wht_nonhis_women_pov_pct,10.69182389937107,
24033801212,2021.0,wht_nonhis_women_pov_pct,0.0,
24033801213,2021.0,wht_nonhis_women_pov_pct,0.0,
24033801214,2021.0,wht_nonhis_women_pov_pct,12.601626016260164,
24033801215,2021.0,wht_nonhis_women_pov_pct,10.909090909090908,
24033801216,2021.0,wht_nonhis_women_pov_pct,0.684931506849315,
24033801217,2021.0,wht_nonhis_women_pov_pct,6.666666666666667,
24033801302,2021.0,wht_nonhis_women_pov_pct,1.2765957446808511,
24033801305,2021.0,wht_nonhis_women_pov_pct,0.5405405405405406,
24033801307,2021.0,wht_nonhis_women_pov_pct,14.07766990291262,
24033801308,2021.0,wht_nonhis_women_pov_pct,1.7241379310344829,
24033801309,2021.0,wht_nonhis_women_pov_pct,8.333333333333334,
24033801310,2021.0,wht_nonhis_women_pov_pct,0.0,
24033801311,2021.0,wht_nonhis_women_pov_pct,0.7272727272727273,
24033801312,2021.0,wht_nonhis_women_pov_pct,10.37037037037037,
24033801313,2021.0,wht_nonhis_women_pov_pct,4.878048780487805,
24033801404,2021.0,wht_nonhis_women_pov_pct,7.079646017699115,
24033801405,2021.0,wht_nonhis_women_pov_pct,32.0,
24033801406,2021.0,wht_nonhis_women_pov_pct,0.0,
24033801407,2021.0,wht_nonhis_women_pov_pct,0.0,
24033801408,2021.0,wht_nonhis_women_pov_pct,0.0,
24033801409,2021.0,wht_nonhis_women_pov_pct,0.8928571428571429,
24033801410,2021.0,wht_nonhis_women_pov_pct,21.13821138211382,
24033801411,2021.0,wht_nonhis_women_pov_pct,10.638297872340424,
24033801500,2021.0,wht_nonhis_women_pov_pct,0.0,
24033801600,2021.0,wht_nonhis_women_pov_pct,0.0,
24033801701,2021.0,wht_nonhis_women_pov_pct,0.0,
24033801702,2021.0,wht_nonhis_women_pov_pct,3.0303030303030303,
24033801704,2021.0,wht_nonhis_women_pov_pct,3.4482758620689653,
24033801707,2021.0,wht_nonhis_women_pov_pct,64.0625,
24033801709,2021.0,wht_nonhis_women_pov_pct,53.333333333333336,
24033801801,2021.0,wht_nonhis_women_pov_pct,0.0,
24033801802,2021.0,wht_nonhis_women_pov_pct,0.0,
24033801807,2021.0,wht_nonhis_women_pov_pct,0.0,
24033801808,2021.0,wht_nonhis_women_pov_pct,0.0,
24033801809,2021.0,wht_nonhis_women_pov_pct,4.444444444444445,
24033801901,2021.0,wht_nonhis_women_pov_pct,8.208955223880597,
24033801904,2021.0,wht_nonhis_women_pov_pct,5.797101449275362,
24033801905,2021.0,wht_nonhis_women_pov_pct,0.0,
24033801906,2021.0,wht_nonhis_women_pov_pct,3.3783783783783785,
24033801907,2021.0,wht_nonhis_women_pov_pct,6.25,
24033801908,2021.0,wht_nonhis_women_pov_pct,0.0,
24033802001,2021.0,wht_nonhis_women_pov_pct,0.0,
24033802002,2021.0,wht_nonhis_women_pov_pct,0.0,
24033802103,2021.0,wht_nonhis_women_pov_pct,0.0,
24033802104,2021.0,wht_nonhis_women_pov_pct,47.05882352941177,
24033802106,2021.0,wht_nonhis_women_pov_pct,0.0,
24033802107,2021.0,wht_nonhis_women_pov_pct,59.09090909090909,
24033802201,2021.0,wht_nonhis_women_pov_pct,0.0,
24033802203,2021.0,wht_nonhis_women_pov_pct,0.0,
24033802204,2021.0,wht_nonhis_women_pov_pct,0.0,
24033802301,2021.0,wht_nonhis_women_pov_pct,0.0,
24033802404,2021.0,wht_nonhis_women_pov_pct,,
24033802405,2021.0,wht_nonhis_women_pov_pct,0.0,
24033802406,2021.0,wht_nonhis_women_pov_pct,0.0,
24033802407,2021.0,wht_nonhis_women_pov_pct,34.61538461538461,
24033802408,2021.0,wht_nonhis_women_pov_pct,26.31578947368421,
24033802501,2021.0,wht_nonhis_women_pov_pct,0.0,
24033802502,2021.0,wht_nonhis_women_pov_pct,0.0,
24033802600,2021.0,wht_nonhis_women_pov_pct,40.0,
24033802700,2021.0,wht_nonhis_women_pov_pct,26.53061224489796,
24033802803,2021.0,wht_nonhis_women_pov_pct,0.0,
24033802804,2021.0,wht_nonhis_women_pov_pct,,
24033802805,2021.0,wht_nonhis_women_pov_pct,0.0,
24033802901,2021.0,wht_nonhis_women_pov_pct,16.666666666666668,
24033803001,2021.0,wht_nonhis_women_pov_pct,100.0,
24033803002,2021.0,wht_nonhis_women_pov_pct,0.0,
24033803100,2021.0,wht_nonhis_women_pov_pct,35.36585365853659,
24033803200,2021.0,wht_nonhis_women_pov_pct,0.0,
24033803300,2021.0,wht_nonhis_women_pov_pct,9.090909090909092,
24033803403,2021.0,wht_nonhis_women_pov_pct,0.0,
24033803508,2021.0,wht_nonhis_women_pov_pct,,
24033803509,2021.0,wht_nonhis_women_pov_pct,0.0,
24033803512,2021.0,wht_nonhis_women_pov_pct,22.900763358778622,
24033803513,2021.0,wht_nonhis_women_pov_pct,0.0,
24033803514,2021.0,wht_nonhis_women_pov_pct,38.888888888888886,
24033803516,2021.0,wht_nonhis_women_pov_pct,15.178571428571429,
24033803519,2021.0,wht_nonhis_women_pov_pct,0.0,
24033803520,2021.0,wht_nonhis_women_pov_pct,0.0,
24033803521,2021.0,wht_nonhis_women_pov_pct,2.608695652173913,
24033803524,2021.0,wht_nonhis_women_pov_pct,0.0,
24033803525,2021.0,wht_nonhis_women_pov_pct,,
24033803526,2021.0,wht_nonhis_women_pov_pct,0.0,
24033803527,2021.0,wht_nonhis_women_pov_pct,0.0,
24033803528,2021.0,wht_nonhis_women_pov_pct,2.2988505747126435,
24033803601,2021.0,wht_nonhis_women_pov_pct,0.0,
24033803602,2021.0,wht_nonhis_women_pov_pct,,
24033803605,2021.0,wht_nonhis_women_pov_pct,3.4055727554179565,
24033803606,2021.0,wht_nonhis_women_pov_pct,16.438356164383563,
24033803607,2021.0,wht_nonhis_women_pov_pct,5.128205128205129,
24033803608,2021.0,wht_nonhis_women_pov_pct,11.170212765957446,
24033803610,2021.0,wht_nonhis_women_pov_pct,0.0,
24033803612,2021.0,wht_nonhis_women_pov_pct,0.0,
24033803613,2021.0,wht_nonhis_women_pov_pct,12.857142857142858,
24033803700,2021.0,wht_nonhis_women_pov_pct,0.0,
24033803801,2021.0,wht_nonhis_women_pov_pct,13.636363636363637,
24033803803,2021.0,wht_nonhis_women_pov_pct,0.0,
24033803900,2021.0,wht_nonhis_women_pov_pct,2.083333333333333,
24033804001,2021.0,wht_nonhis_women_pov_pct,13.333333333333334,
24033804002,2021.0,wht_nonhis_women_pov_pct,0.0,
24033804101,2021.0,wht_nonhis_women_pov_pct,15.270935960591132,
24033804102,2021.0,wht_nonhis_women_pov_pct,0.0,
24033804200,2021.0,wht_nonhis_women_pov_pct,0.0,
24033804300,2021.0,wht_nonhis_women_pov_pct,100.0,
24033804400,2021.0,wht_nonhis_women_pov_pct,3.658536585365854,
24033804600,2021.0,wht_nonhis_women_pov_pct,5.6,
24033804700,2021.0,wht_nonhis_women_pov_pct,1.147227533460803,
24033804801,2021.0,wht_nonhis_women_pov_pct,0.0,
24033804802,2021.0,wht_nonhis_women_pov_pct,28.571428571428573,
24033804900,2021.0,wht_nonhis_women_pov_pct,3.0303030303030303,
24033805000,2021.0,wht_nonhis_women_pov_pct,34.831460674157306,
24033805101,2021.0,wht_nonhis_women_pov_pct,0.0,
24033805201,2021.0,wht_nonhis_women_pov_pct,7.142857142857143,
24033805202,2021.0,wht_nonhis_women_pov_pct,11.11111111111111,
24033805500,2021.0,wht_nonhis_women_pov_pct,0.0,
24033805601,2021.0,wht_nonhis_women_pov_pct,,
24033805602,2021.0,wht_nonhis_women_pov_pct,100.0,
24033805700,2021.0,wht_nonhis_women_pov_pct,16.78832116788321,
24033805801,2021.0,wht_nonhis_women_pov_pct,0.0,
24033805802,2021.0,wht_nonhis_women_pov_pct,0.0,
24033805904,2021.0,wht_nonhis_women_pov_pct,2.8925619834710745,
24033805906,2021.0,wht_nonhis_women_pov_pct,0.0,
24033805907,2021.0,wht_nonhis_women_pov_pct,7.317073170731708,
24033805908,2021.0,wht_nonhis_women_pov_pct,0.0,
24033805909,2021.0,wht_nonhis_women_pov_pct,24.050632911392405,
24033806000,2021.0,wht_nonhis_women_pov_pct,0.0,
24033806100,2021.0,wht_nonhis_women_pov_pct,0.1798561151079136,
24033806400,2021.0,wht_nonhis_women_pov_pct,9.271523178807946,
24033806501,2021.0,wht_nonhis_women_pov_pct,0.0,
24033806601,2021.0,wht_nonhis_women_pov_pct,0.0,
24033806602,2021.0,wht_nonhis_women_pov_pct,12.82051282051282,
24033806706,2021.0,wht_nonhis_women_pov_pct,7.826086956521739,
24033806708,2021.0,wht_nonhis_women_pov_pct,8.958566629339305,
24033806710,2021.0,wht_nonhis_women_pov_pct,8.469055374592834,
24033806711,2021.0,wht_nonhis_women_pov_pct,5.932203389830509,
24033806712,2021.0,wht_nonhis_women_pov_pct,0.0,
24033806713,2021.0,wht_nonhis_women_pov_pct,22.22222222222222,
24033806714,2021.0,wht_nonhis_women_pov_pct,5.2631578947368425,
24033806800,2021.0,wht_nonhis_women_pov_pct,1.856763925729443,
24033806900,2021.0,wht_nonhis_women_pov_pct,3.763440860215054,
24033807000,2021.0,wht_nonhis_women_pov_pct,39.00383141762452,
24033807102,2021.0,wht_nonhis_women_pov_pct,6.616541353383458,
24033807301,2021.0,wht_nonhis_women_pov_pct,9.876543209876544,
24033807304,2021.0,wht_nonhis_women_pov_pct,2.395209580838323,
24033807305,2021.0,wht_nonhis_women_pov_pct,11.21951219512195,
24033807404,2021.0,wht_nonhis_women_pov_pct,2.34375,
24033807405,2021.0,wht_nonhis_women_pov_pct,5.193236714975845,
24033807407,2021.0,wht_nonhis_women_pov_pct,3.333333333333333,
24033807408,2021.0,wht_nonhis_women_pov_pct,19.93006993006993,
24033807409,2021.0,wht_nonhis_women_pov_pct,7.017543859649122,
24033807410,2021.0,wht_nonhis_women_pov_pct,7.892004153686397,
24033807500,2021.0,wht_nonhis_women_pov_pct,4.391217564870259,
24033980000,2021.0,wht_nonhis_women_pov_pct,71.21906507791017,
51013100100,2021.0,wht_nonhis_women_pov_pct,2.618542108987969,
51013100200,2021.0,wht_nonhis_women_pov_pct,0.8597285067873304,
51013100300,2021.0,wht_nonhis_women_pov_pct,3.710462287104623,
51013100400,2021.0,wht_nonhis_women_pov_pct,6.023102310231023,
51013100500,2021.0,wht_nonhis_women_pov_pct,2.059496567505721,
51013100600,2021.0,wht_nonhis_women_pov_pct,6.807511737089202,
51013100700,2021.0,wht_nonhis_women_pov_pct,2.961432506887052,
51013100800,2021.0,wht_nonhis_women_pov_pct,12.0,
51013100900,2021.0,wht_nonhis_women_pov_pct,4.069175991861648,
51013101000,2021.0,wht_nonhis_women_pov_pct,2.6460859977949283,
51013101100,2021.0,wht_nonhis_women_pov_pct,1.381692573402418,
51013101200,2021.0,wht_nonhis_women_pov_pct,3.8461538461538463,
51013101300,2021.0,wht_nonhis_women_pov_pct,1.3252346769740475,
51013101401,2021.0,wht_nonhis_women_pov_pct,16.255144032921812,
51013101402,2021.0,wht_nonhis_women_pov_pct,13.26219512195122,
51013101405,2021.0,wht_nonhis_women_pov_pct,9.70266040688576,
51013101406,2021.0,wht_nonhis_women_pov_pct,4.178537511870845,
51013101407,2021.0,wht_nonhis_women_pov_pct,1.45681581685744,
51013101408,2021.0,wht_nonhis_women_pov_pct,15.135135135135137,
51013101409,2021.0,wht_nonhis_women_pov_pct,0.0,
51013101501,2021.0,wht_nonhis_women_pov_pct,6.818181818181818,
51013101502,2021.0,wht_nonhis_women_pov_pct,3.524804177545692,
51013101503,2021.0,wht_nonhis_women_pov_pct,0.6535947712418301,
51013101601,2021.0,wht_nonhis_women_pov_pct,4.408817635270541,
51013101602,2021.0,wht_nonhis_women_pov_pct,5.6880733944954125,
51013101603,2021.0,wht_nonhis_women_pov_pct,0.0,
51013101701,2021.0,wht_nonhis_women_pov_pct,5.341055341055341,
51013101703,2021.0,wht_nonhis_women_pov_pct,11.498257839721257,
51013101704,2021.0,wht_nonhis_women_pov_pct,9.596928982725528,
51013101705,2021.0,wht_nonhis_women_pov_pct,8.0,
51013101801,2021.0,wht_nonhis_women_pov_pct,1.8255578093306288,
51013101803,2021.0,wht_nonhis_women_pov_pct,8.580343213728549,
51013101804,2021.0,wht_nonhis_women_pov_pct,4.1459369817578775,
51013101805,2021.0,wht_nonhis_women_pov_pct,2.8867505551443373,
51013101900,2021.0,wht_nonhis_women_pov_pct,0.0,
51013102001,2021.0,wht_nonhis_women_pov_pct,2.9782359679266897,
51013102002,2021.0,wht_nonhis_women_pov_pct,4.014598540145985,
51013102003,2021.0,wht_nonhis_women_pov_pct,11.333333333333334,
51013102100,2021.0,wht_nonhis_women_pov_pct,2.985074626865672,
51013102200,2021.0,wht_nonhis_women_pov_pct,4.100946372239748,
51013102301,2021.0,wht_nonhis_women_pov_pct,4.273504273504273,
51013102302,2021.0,wht_nonhis_women_pov_pct,2.869757174392936,
51013102400,2021.0,wht_nonhis_women_pov_pct,2.096774193548387,
51013102500,2021.0,wht_nonhis_women_pov_pct,2.558314522197141,
51013102600,2021.0,wht_nonhis_women_pov_pct,1.4634146341463414,
51013102701,2021.0,wht_nonhis_women_pov_pct,10.416666666666666,
51013102702,2021.0,wht_nonhis_women_pov_pct,1.4388489208633093,
51013102802,2021.0,wht_nonhis_women_pov_pct,0.0,
51013102803,2021.0,wht_nonhis_women_pov_pct,1.9206145966709347,
51013102804,2021.0,wht_nonhis_women_pov_pct,2.2792022792022792,
51013102901,2021.0,wht_nonhis_women_pov_pct,2.394715111478117,
51013102903,2021.0,wht_nonhis_women_pov_pct,0.0,
51013102904,2021.0,wht_nonhis_women_pov_pct,4.489164086687307,
51013103000,2021.0,wht_nonhis_women_pov_pct,2.063628546861565,
51013103100,2021.0,wht_nonhis_women_pov_pct,5.184534270650263,
51013103200,2021.0,wht_nonhis_women_pov_pct,4.796511627906977,
51013103300,2021.0,wht_nonhis_women_pov_pct,0.0,
51013103401,2021.0,wht_nonhis_women_pov_pct,0.0,
51013103403,2021.0,wht_nonhis_women_pov_pct,4.119850187265918,
51013103404,2021.0,wht_nonhis_women_pov_pct,0.0,
51013103405,2021.0,wht_nonhis_women_pov_pct,0.0,
51013103501,2021.0,wht_nonhis_women_pov_pct,8.28258221680877,
51013103503,2021.0,wht_nonhis_women_pov_pct,5.044751830756713,
51013103504,2021.0,wht_nonhis_women_pov_pct,1.4989293361884368,
51013103505,2021.0,wht_nonhis_women_pov_pct,30.59701492537313,
51013103601,2021.0,wht_nonhis_women_pov_pct,1.7006802721088434,
51013103602,2021.0,wht_nonhis_women_pov_pct,10.13215859030837,
51013103700,2021.0,wht_nonhis_women_pov_pct,4.405874499332444,
51013103800,2021.0,wht_nonhis_women_pov_pct,4.285714285714286,
51013980100,2021.0,wht_nonhis_women_pov_pct,,
51013980200,2021.0,wht_nonhis_women_pov_pct,,
51059415100,2021.0,wht_nonhis_women_pov_pct,0.0,
51059415200,2021.0,wht_nonhis_women_pov_pct,1.477377654662973,
51059415300,2021.0,wht_nonhis_women_pov_pct,3.125,
51059415401,2021.0,wht_nonhis_women_pov_pct,21.5007215007215,
51059415402,2021.0,wht_nonhis_women_pov_pct,4.2105263157894735,
51059415500,2021.0,wht_nonhis_women_pov_pct,5.72655690765927,
51059415600,2021.0,wht_nonhis_women_pov_pct,1.4840182648401827,
51059415700,2021.0,wht_nonhis_women_pov_pct,0.2633889376646181,
51059415800,2021.0,wht_nonhis_women_pov_pct,1.7131979695431472,
51059415900,2021.0,wht_nonhis_women_pov_pct,6.666666666666667,
51059416000,2021.0,wht_nonhis_women_pov_pct,10.630291627469424,
51059416100,2021.0,wht_nonhis_women_pov_pct,6.239737274220033,
51059416200,2021.0,wht_nonhis_women_pov_pct,6.686046511627907,
51059416300,2021.0,wht_nonhis_women_pov_pct,6.111111111111111,
51059420100,2021.0,wht_nonhis_women_pov_pct,4.437869822485207,
51059420201,2021.0,wht_nonhis_women_pov_pct,0.0,
51059420202,2021.0,wht_nonhis_women_pov_pct,0.0,
51059420203,2021.0,wht_nonhis_women_pov_pct,1.9310344827586208,
51059420300,2021.0,wht_nonhis_women_pov_pct,4.9964813511611545,
51059420400,2021.0,wht_nonhis_women_pov_pct,3.61271676300578,
51059420501,2021.0,wht_nonhis_women_pov_pct,4.53257790368272,
51059420502,2021.0,wht_nonhis_women_pov_pct,0.1644736842105263,
51059420503,2021.0,wht_nonhis_women_pov_pct,11.055276381909549,
51059420600,2021.0,wht_nonhis_women_pov_pct,0.0,
51059420700,2021.0,wht_nonhis_women_pov_pct,3.892944038929441,
51059420800,2021.0,wht_nonhis_women_pov_pct,2.122015915119364,
51059421001,2021.0,wht_nonhis_women_pov_pct,0.0,
51059421002,2021.0,wht_nonhis_women_pov_pct,5.645161290322581,
51059421101,2021.0,wht_nonhis_women_pov_pct,0.0,
51059421102,2021.0,wht_nonhis_women_pov_pct,7.070707070707071,
51059421103,2021.0,wht_nonhis_women_pov_pct,1.182033096926714,
51059421200,2021.0,wht_nonhis_women_pov_pct,1.09375,
51059421300,2021.0,wht_nonhis_women_pov_pct,5.242463958060289,
51059421400,2021.0,wht_nonhis_women_pov_pct,11.545988258317026,
51059421500,2021.0,wht_nonhis_women_pov_pct,0.0,
51059421600,2021.0,wht_nonhis_women_pov_pct,0.0,
51059421701,2021.0,wht_nonhis_women_pov_pct,0.0,
51059421702,2021.0,wht_nonhis_women_pov_pct,2.0,
51059421800,2021.0,wht_nonhis_women_pov_pct,5.357142857142857,
51059421900,2021.0,wht_nonhis_women_pov_pct,5.361305361305361,
51059422000,2021.0,wht_nonhis_women_pov_pct,22.0532319391635,
51059422101,2021.0,wht_nonhis_women_pov_pct,11.155378486055778,
51059422102,2021.0,wht_nonhis_women_pov_pct,0.0,
51059422201,2021.0,wht_nonhis_women_pov_pct,2.356902356902357,
51059422202,2021.0,wht_nonhis_women_pov_pct,0.0,
51059422301,2021.0,wht_nonhis_women_pov_pct,1.910828025477707,
51059422302,2021.0,wht_nonhis_women_pov_pct,1.1373578302712162,
51059422401,2021.0,wht_nonhis_women_pov_pct,3.7735849056603774,
51059422402,2021.0,wht_nonhis_women_pov_pct,0.0,
51059422403,2021.0,wht_nonhis_women_pov_pct,2.0172910662824206,
51059430101,2021.0,wht_nonhis_women_pov_pct,1.4321819713563606,
51059430102,2021.0,wht_nonhis_women_pov_pct,19.565217391304348,
51059430201,2021.0,wht_nonhis_women_pov_pct,1.784121320249777,
51059430202,2021.0,wht_nonhis_women_pov_pct,10.81694402420575,
51059430203,2021.0,wht_nonhis_women_pov_pct,15.405046480743692,
51059430400,2021.0,wht_nonhis_women_pov_pct,2.480916030534351,
51059430500,2021.0,wht_nonhis_women_pov_pct,5.741626794258373,
51059430600,2021.0,wht_nonhis_women_pov_pct,8.249496981891348,
51059430700,2021.0,wht_nonhis_women_pov_pct,5.555555555555555,
51059430801,2021.0,wht_nonhis_women_pov_pct,0.8205128205128205,
51059430802,2021.0,wht_nonhis_women_pov_pct,6.125166444740346,
51059430901,2021.0,wht_nonhis_women_pov_pct,1.5151515151515151,
51059430902,2021.0,wht_nonhis_women_pov_pct,4.354354354354355,
51059431001,2021.0,wht_nonhis_women_pov_pct,5.082872928176796,
51059431002,2021.0,wht_nonhis_women_pov_pct,0.0,
51059431300,2021.0,wht_nonhis_women_pov_pct,3.596287703016241,
51059431400,2021.0,wht_nonhis_women_pov_pct,2.9451137884872827,
51059431500,2021.0,wht_nonhis_women_pov_pct,2.265625,
51059431601,2021.0,wht_nonhis_women_pov_pct,3.2232704402515724,
51059431602,2021.0,wht_nonhis_women_pov_pct,13.484486873508354,
51059431801,2021.0,wht_nonhis_women_pov_pct,6.532066508313539,
51059431802,2021.0,wht_nonhis_women_pov_pct,2.6016260162601625,
51059431900,2021.0,wht_nonhis_women_pov_pct,2.1081576535288726,
51059432000,2021.0,wht_nonhis_women_pov_pct,5.32319391634981,
51059432100,2021.0,wht_nonhis_women_pov_pct,14.4014401440144,
51059432201,2021.0,wht_nonhis_women_pov_pct,2.333333333333333,
51059432202,2021.0,wht_nonhis_women_pov_pct,3.7861915367483294,
51059432300,2021.0,wht_nonhis_women_pov_pct,0.8130081300813008,
51059432401,2021.0,wht_nonhis_women_pov_pct,2.4579560155239326,
51059432402,2021.0,wht_nonhis_women_pov_pct,0.6264682850430697,
51059432500,2021.0,wht_nonhis_women_pov_pct,1.3461538461538465,
51059432600,2021.0,wht_nonhis_women_pov_pct,1.1988011988011988,
51059432701,2021.0,wht_nonhis_women_pov_pct,3.28125,
51059432702,2021.0,wht_nonhis_women_pov_pct,0.0,
51059432800,2021.0,wht_nonhis_women_pov_pct,0.0,
51059440100,2021.0,wht_nonhis_women_pov_pct,3.920485919381557,
51059440201,2021.0,wht_nonhis_women_pov_pct,1.9635343618513323,
51059440202,2021.0,wht_nonhis_women_pov_pct,13.563218390804598,
51059440300,2021.0,wht_nonhis_women_pov_pct,1.6415868673050615,
51059440501,2021.0,wht_nonhis_women_pov_pct,3.5303776683087027,
51059440503,2021.0,wht_nonhis_women_pov_pct,0.0,
51059440504,2021.0,wht_nonhis_women_pov_pct,,
51059440505,2021.0,wht_nonhis_women_pov_pct,2.083333333333333,
51059440600,2021.0,wht_nonhis_women_pov_pct,4.25531914893617,
51059440701,2021.0,wht_nonhis_women_pov_pct,3.125,
51059440702,2021.0,wht_nonhis_women_pov_pct,1.834862385321101,
51059440800,2021.0,wht_nonhis_women_pov_pct,1.2532981530343008,
51059450100,2021.0,wht_nonhis_women_pov_pct,7.403189066059226,
51059450200,2021.0,wht_nonhis_women_pov_pct,0.0,
51059450300,2021.0,wht_nonhis_women_pov_pct,0.0,
51059450400,2021.0,wht_nonhis_women_pov_pct,3.603603603603604,
51059450500,2021.0,wht_nonhis_women_pov_pct,1.9851116625310172,
51059450601,2021.0,wht_nonhis_women_pov_pct,4.932182490752158,
51059450602,2021.0,wht_nonhis_women_pov_pct,1.565217391304348,
51059450701,2021.0,wht_nonhis_women_pov_pct,2.6666666666666665,
51059450702,2021.0,wht_nonhis_women_pov_pct,2.127659574468085,
51059450800,2021.0,wht_nonhis_women_pov_pct,2.363367799113737,
51059450900,2021.0,wht_nonhis_women_pov_pct,0.5221932114882507,
51059451000,2021.0,wht_nonhis_women_pov_pct,0.0,
51059451100,2021.0,wht_nonhis_women_pov_pct,1.694915254237288,
51059451200,2021.0,wht_nonhis_women_pov_pct,0.0,
51059451300,2021.0,wht_nonhis_women_pov_pct,3.953147877013177,
51059451400,2021.0,wht_nonhis_women_pov_pct,3.8314176245210727,
51059451501,2021.0,wht_nonhis_women_pov_pct,12.291169451073984,
51059451502,2021.0,wht_nonhis_women_pov_pct,1.8640350877192984,
51059451601,2021.0,wht_nonhis_women_pov_pct,10.526315789473683,
51059451602,2021.0,wht_nonhis_women_pov_pct,0.0,
51059451800,2021.0,wht_nonhis_women_pov_pct,1.996927803379416,
51059451900,2021.0,wht_nonhis_women_pov_pct,6.321243523316062,
51059452000,2021.0,wht_nonhis_women_pov_pct,3.042596348884381,
51059452101,2021.0,wht_nonhis_women_pov_pct,2.281368821292776,
51059452102,2021.0,wht_nonhis_women_pov_pct,1.3333333333333333,
51059452200,2021.0,wht_nonhis_women_pov_pct,11.133200795228628,
51059452301,2021.0,wht_nonhis_women_pov_pct,10.38062283737024,
51059452302,2021.0,wht_nonhis_women_pov_pct,0.0,
51059452400,2021.0,wht_nonhis_women_pov_pct,4.880581516095535,
51059452501,2021.0,wht_nonhis_women_pov_pct,0.0,
51059452502,2021.0,wht_nonhis_women_pov_pct,0.0,
51059452600,2021.0,wht_nonhis_women_pov_pct,0.0,
51059452700,2021.0,wht_nonhis_women_pov_pct,5.31496062992126,
51059452801,2021.0,wht_nonhis_women_pov_pct,14.168937329700272,
51059452802,2021.0,wht_nonhis_women_pov_pct,3.924418604651162,
51059460100,2021.0,wht_nonhis_women_pov_pct,2.0364415862808145,
51059460200,2021.0,wht_nonhis_women_pov_pct,2.4864024864024863,
51059460300,2021.0,wht_nonhis_women_pov_pct,0.8663366336633663,
51059460400,2021.0,wht_nonhis_women_pov_pct,5.531914893617022,
51059460501,2021.0,wht_nonhis_women_pov_pct,2.073365231259968,
51059460503,2021.0,wht_nonhis_women_pov_pct,10.16597510373444,
51059460504,2021.0,wht_nonhis_women_pov_pct,1.8987341772151896,
51059460600,2021.0,wht_nonhis_women_pov_pct,3.48071495766698,
51059460701,2021.0,wht_nonhis_women_pov_pct,1.2678288431061806,
51059460702,2021.0,wht_nonhis_women_pov_pct,3.4055727554179565,
51059460800,2021.0,wht_nonhis_women_pov_pct,6.653225806451613,
51059460900,2021.0,wht_nonhis_women_pov_pct,1.5942028985507246,
51059461000,2021.0,wht_nonhis_women_pov_pct,1.8739352640545144,
51059461100,2021.0,wht_nonhis_women_pov_pct,1.6774891774891776,
51059461201,2021.0,wht_nonhis_women_pov_pct,0.0,
51059461202,2021.0,wht_nonhis_women_pov_pct,1.2618296529968454,
51059461500,2021.0,wht_nonhis_women_pov_pct,6.898954703832753,
51059461603,2021.0,wht_nonhis_women_pov_pct,3.6871508379888263,
51059461604,2021.0,wht_nonhis_women_pov_pct,9.422492401215806,
51059461605,2021.0,wht_nonhis_women_pov_pct,10.77777777777778,
51059461606,2021.0,wht_nonhis_women_pov_pct,10.64935064935065,
51059461700,2021.0,wht_nonhis_women_pov_pct,1.842374616171955,
51059461801,2021.0,wht_nonhis_women_pov_pct,15.469613259668508,
51059461802,2021.0,wht_nonhis_women_pov_pct,4.395604395604396,
51059461901,2021.0,wht_nonhis_women_pov_pct,5.103969754253308,
51059461902,2021.0,wht_nonhis_women_pov_pct,4.081632653061225,
51059470100,2021.0,wht_nonhis_women_pov_pct,3.994082840236687,
51059470300,2021.0,wht_nonhis_women_pov_pct,3.89363722697056,
51059470400,2021.0,wht_nonhis_women_pov_pct,2.8206850235057086,
51059470500,2021.0,wht_nonhis_women_pov_pct,1.5915119363395225,
51059470600,2021.0,wht_nonhis_women_pov_pct,4.689655172413793,
51059470700,2021.0,wht_nonhis_women_pov_pct,2.238209432454037,
51059470800,2021.0,wht_nonhis_women_pov_pct,0.0,
51059470900,2021.0,wht_nonhis_women_pov_pct,1.681457262961233,
51059471000,2021.0,wht_nonhis_women_pov_pct,0.0,
51059471100,2021.0,wht_nonhis_women_pov_pct,5.357142857142857,
51059471201,2021.0,wht_nonhis_women_pov_pct,22.326454033771107,
51059471203,2021.0,wht_nonhis_women_pov_pct,0.0,
51059471204,2021.0,wht_nonhis_women_pov_pct,16.78832116788321,
51059471301,2021.0,wht_nonhis_women_pov_pct,4.416403785488959,
51059471303,2021.0,wht_nonhis_women_pov_pct,8.734602463605823,
51059471304,2021.0,wht_nonhis_women_pov_pct,2.02247191011236,
51059471401,2021.0,wht_nonhis_women_pov_pct,0.0,
51059471402,2021.0,wht_nonhis_women_pov_pct,4.106776180698152,
51059480100,2021.0,wht_nonhis_women_pov_pct,3.183673469387755,
51059480201,2021.0,wht_nonhis_women_pov_pct,1.2832263978001832,
51059480203,2021.0,wht_nonhis_women_pov_pct,12.301013024602026,
51059480204,2021.0,wht_nonhis_women_pov_pct,21.1864406779661,
51059480205,2021.0,wht_nonhis_women_pov_pct,23.473541383989144,
51059480301,2021.0,wht_nonhis_women_pov_pct,0.0,
51059480302,2021.0,wht_nonhis_women_pov_pct,4.62962962962963,
51059480401,2021.0,wht_nonhis_women_pov_pct,1.6251354279523291,
51059480402,2021.0,wht_nonhis_women_pov_pct,3.1626506024096384,
51059480501,2021.0,wht_nonhis_women_pov_pct,0.0,
51059480502,2021.0,wht_nonhis_women_pov_pct,0.672782874617737,
51059480503,2021.0,wht_nonhis_women_pov_pct,0.0,
51059480504,2021.0,wht_nonhis_women_pov_pct,0.0,
51059480505,2021.0,wht_nonhis_women_pov_pct,10.615711252653927,
51059480801,2021.0,wht_nonhis_women_pov_pct,2.348578491965389,
51059480802,2021.0,wht_nonhis_women_pov_pct,5.308641975308642,
51059480901,2021.0,wht_nonhis_women_pov_pct,0.7947019867549668,
51059480902,2021.0,wht_nonhis_women_pov_pct,1.1513157894736843,
51059480903,2021.0,wht_nonhis_women_pov_pct,3.925619834710744,
51059481000,2021.0,wht_nonhis_women_pov_pct,0.9615384615384616,
51059481101,2021.0,wht_nonhis_women_pov_pct,0.0,
51059481102,2021.0,wht_nonhis_women_pov_pct,10.08174386920981,
51059481103,2021.0,wht_nonhis_women_pov_pct,5.818181818181818,
51059481104,2021.0,wht_nonhis_women_pov_pct,0.0,
51059481105,2021.0,wht_nonhis_women_pov_pct,1.7985611510791366,
51059481106,2021.0,wht_nonhis_women_pov_pct,4.279600570613409,
51059481201,2021.0,wht_nonhis_women_pov_pct,0.0,
51059481202,2021.0,wht_nonhis_women_pov_pct,0.9320905459387484,
51059481400,2021.0,wht_nonhis_women_pov_pct,2.0021074815595363,
51059481500,2021.0,wht_nonhis_women_pov_pct,0.0,
51059481600,2021.0,wht_nonhis_women_pov_pct,3.761467889908257,
51059481701,2021.0,wht_nonhis_women_pov_pct,0.0,
51059481702,2021.0,wht_nonhis_women_pov_pct,4.989154013015185,
51059481900,2021.0,wht_nonhis_women_pov_pct,4.043452021726011,
51059482001,2021.0,wht_nonhis_women_pov_pct,1.355421686746988,
51059482002,2021.0,wht_nonhis_women_pov_pct,2.339688041594454,
51059482100,2021.0,wht_nonhis_women_pov_pct,12.65474552957359,
51059482201,2021.0,wht_nonhis_women_pov_pct,2.41635687732342,
51059482203,2021.0,wht_nonhis_women_pov_pct,10.935601458080194,
51059482204,2021.0,wht_nonhis_women_pov_pct,4.042806183115339,
51059482205,2021.0,wht_nonhis_women_pov_pct,0.0,
51059482206,2021.0,wht_nonhis_women_pov_pct,13.5678391959799,
51059482301,2021.0,wht_nonhis_women_pov_pct,5.086928525434643,
51059482302,2021.0,wht_nonhis_women_pov_pct,11.292719167904904,
51059482303,2021.0,wht_nonhis_women_pov_pct,7.547169811320755,
51059482400,2021.0,wht_nonhis_women_pov_pct,4.448105436573312,
51059482502,2021.0,wht_nonhis_women_pov_pct,5.928853754940712,
51059482503,2021.0,wht_nonhis_women_pov_pct,2.783300198807157,
51059482504,2021.0,wht_nonhis_women_pov_pct,0.5899705014749262,
51059482505,2021.0,wht_nonhis_women_pov_pct,9.770114942528735,
51059482506,2021.0,wht_nonhis_women_pov_pct,19.61904761904762,
51059482507,2021.0,wht_nonhis_women_pov_pct,11.03825136612022,
51059482601,2021.0,wht_nonhis_women_pov_pct,0.0,
51059482603,2021.0,wht_nonhis_women_pov_pct,0.0,
51059482604,2021.0,wht_nonhis_women_pov_pct,5.084745762711864,
51059490101,2021.0,wht_nonhis_women_pov_pct,5.877680698967435,
51059490104,2021.0,wht_nonhis_women_pov_pct,1.340033500837521,
51059490105,2021.0,wht_nonhis_women_pov_pct,8.630952380952381,
51059490501,2021.0,wht_nonhis_women_pov_pct,3.102625298329356,
51059490502,2021.0,wht_nonhis_women_pov_pct,5.953177257525083,
51059491000,2021.0,wht_nonhis_women_pov_pct,0.9074410163339384,
51059491101,2021.0,wht_nonhis_women_pov_pct,1.702508960573477,
51059491102,2021.0,wht_nonhis_women_pov_pct,0.1371742112482853,
51059491103,2021.0,wht_nonhis_women_pov_pct,17.24137931034483,
51059491201,2021.0,wht_nonhis_women_pov_pct,34.32165318957772,
51059491202,2021.0,wht_nonhis_women_pov_pct,2.1604938271604937,
51059491301,2021.0,wht_nonhis_women_pov_pct,4.257167680278019,
51059491302,2021.0,wht_nonhis_women_pov_pct,5.843071786310517,
51059491303,2021.0,wht_nonhis_women_pov_pct,5.811623246492986,
51059491401,2021.0,wht_nonhis_women_pov_pct,0.6125574272588055,
51059491402,2021.0,wht_nonhis_women_pov_pct,9.695817490494296,
51059491403,2021.0,wht_nonhis_women_pov_pct,2.4676850763807288,
51059491404,2021.0,wht_nonhis_women_pov_pct,3.883495145631068,
51059491405,2021.0,wht_nonhis_women_pov_pct,1.3605442176870748,
51059491501,2021.0,wht_nonhis_women_pov_pct,7.524752475247524,
51059491502,2021.0,wht_nonhis_women_pov_pct,1.7568517217146873,
51059491601,2021.0,wht_nonhis_women_pov_pct,5.212355212355212,
51059491602,2021.0,wht_nonhis_women_pov_pct,4.078549848942598,
51059491701,2021.0,wht_nonhis_women_pov_pct,5.170902716914987,
51059491703,2021.0,wht_nonhis_women_pov_pct,13.464696223316912,
51059491704,2021.0,wht_nonhis_women_pov_pct,6.4229249011857705,
51059491705,2021.0,wht_nonhis_women_pov_pct,6.12691466083151,
51059491706,2021.0,wht_nonhis_women_pov_pct,10.75268817204301,
51059491707,2021.0,wht_nonhis_women_pov_pct,5.591677503250975,
51059491801,2021.0,wht_nonhis_women_pov_pct,18.893129770992367,
51059491802,2021.0,wht_nonhis_women_pov_pct,0.0,
51059491803,2021.0,wht_nonhis_women_pov_pct,5.902306648575305,
51059492000,2021.0,wht_nonhis_women_pov_pct,0.2116402116402116,
51059492100,2021.0,wht_nonhis_women_pov_pct,0.3841931942919868,
51059492201,2021.0,wht_nonhis_women_pov_pct,4.56490727532097,
51059492202,2021.0,wht_nonhis_women_pov_pct,0.0,
51059492203,2021.0,wht_nonhis_women_pov_pct,7.331730769230769,
51059492300,2021.0,wht_nonhis_women_pov_pct,1.7615176151761518,
51059492400,2021.0,wht_nonhis_women_pov_pct,7.169344870210136,
51059492500,2021.0,wht_nonhis_women_pov_pct,1.2254901960784317,
51059980100,2021.0,wht_nonhis_women_pov_pct,0.0,
51059980200,2021.0,wht_nonhis_women_pov_pct,,
51059980300,2021.0,wht_nonhis_women_pov_pct,,
51107610101,2021.0,wht_nonhis_women_pov_pct,1.9893899204244032,
51107610102,2021.0,wht_nonhis_women_pov_pct,8.512396694214877,
51107610201,2021.0,wht_nonhis_women_pov_pct,1.2752391073326248,
51107610202,2021.0,wht_nonhis_women_pov_pct,2.569593147751606,
51107610300,2021.0,wht_nonhis_women_pov_pct,3.177405119152692,
51107610400,2021.0,wht_nonhis_women_pov_pct,4.457364341085271,
51107610503,2021.0,wht_nonhis_women_pov_pct,8.233369683751363,
51107610504,2021.0,wht_nonhis_women_pov_pct,5.434140578854105,
51107610505,2021.0,wht_nonhis_women_pov_pct,10.412573673870334,
51107610506,2021.0,wht_nonhis_women_pov_pct,21.951219512195124,
51107610507,2021.0,wht_nonhis_women_pov_pct,2.609262883235486,
51107610601,2021.0,wht_nonhis_women_pov_pct,1.444043321299639,
51107610602,2021.0,wht_nonhis_women_pov_pct,1.011804384485666,
51107610603,2021.0,wht_nonhis_women_pov_pct,5.100830367734282,
51107610604,2021.0,wht_nonhis_women_pov_pct,3.910991233985165,
51107610701,2021.0,wht_nonhis_women_pov_pct,0.7766990291262136,
51107610702,2021.0,wht_nonhis_women_pov_pct,2.9069767441860463,
51107610703,2021.0,wht_nonhis_women_pov_pct,1.968253968253968,
51107610800,2021.0,wht_nonhis_women_pov_pct,3.3181818181818183,
51107610900,2021.0,wht_nonhis_women_pov_pct,3.444676409185804,
51107611002,2021.0,wht_nonhis_women_pov_pct,16.152263374485596,
51107611004,2021.0,wht_nonhis_women_pov_pct,6.081871345029239,
51107611005,2021.0,wht_nonhis_women_pov_pct,1.9561815336463224,
51107611006,2021.0,wht_nonhis_women_pov_pct,3.4482758620689653,
51107611009,2021.0,wht_nonhis_women_pov_pct,1.95578231292517,
51107611010,2021.0,wht_nonhis_women_pov_pct,3.0271398747390394,
51107611011,2021.0,wht_nonhis_women_pov_pct,0.0,
51107611012,2021.0,wht_nonhis_women_pov_pct,0.0,
51107611013,2021.0,wht_nonhis_women_pov_pct,2.091020910209102,
51107611014,2021.0,wht_nonhis_women_pov_pct,6.337448559670782,
51107611015,2021.0,wht_nonhis_women_pov_pct,4.539722572509458,
51107611016,2021.0,wht_nonhis_women_pov_pct,1.828029790115098,
51107611017,2021.0,wht_nonhis_women_pov_pct,4.46521287642783,
51107611018,2021.0,wht_nonhis_women_pov_pct,6.191222570532916,
51107611019,2021.0,wht_nonhis_women_pov_pct,2.888368462138954,
51107611020,2021.0,wht_nonhis_women_pov_pct,8.248232521602514,
51107611022,2021.0,wht_nonhis_women_pov_pct,3.674745895230649,
51107611023,2021.0,wht_nonhis_women_pov_pct,2.8374233128834354,
51107611026,2021.0,wht_nonhis_women_pov_pct,1.2084592145015105,
51107611027,2021.0,wht_nonhis_women_pov_pct,4.774535809018568,
51107611028,2021.0,wht_nonhis_women_pov_pct,5.200433369447454,
51107611029,2021.0,wht_nonhis_women_pov_pct,4.098854731766124,
51107611030,2021.0,wht_nonhis_women_pov_pct,0.0,
51107611031,2021.0,wht_nonhis_women_pov_pct,0.0,
51107611032,2021.0,wht_nonhis_women_pov_pct,10.8991825613079,
51107611101,2021.0,wht_nonhis_women_pov_pct,0.0,
51107611102,2021.0,wht_nonhis_women_pov_pct,1.3994169096209912,
51107611202,2021.0,wht_nonhis_women_pov_pct,1.7670682730923697,
51107611204,2021.0,wht_nonhis_women_pov_pct,1.3054830287206267,
51107611205,2021.0,wht_nonhis_women_pov_pct,5.075187969924812,
51107611206,2021.0,wht_nonhis_women_pov_pct,1.812366737739872,
51107611207,2021.0,wht_nonhis_women_pov_pct,2.185792349726776,
51107611208,2021.0,wht_nonhis_women_pov_pct,2.198952879581152,
51107611209,2021.0,wht_nonhis_women_pov_pct,1.7250392054364871,
51107611300,2021.0,wht_nonhis_women_pov_pct,6.666666666666667,
51107611400,2021.0,wht_nonhis_women_pov_pct,2.3720349563046192,
51107611501,2021.0,wht_nonhis_women_pov_pct,0.0,
51107611502,2021.0,wht_nonhis_women_pov_pct,11.533586818757922,
51107611601,2021.0,wht_nonhis_women_pov_pct,0.0,
51107611602,2021.0,wht_nonhis_women_pov_pct,7.207207207207207,
51107611701,2021.0,wht_nonhis_women_pov_pct,0.0,
51107611702,2021.0,wht_nonhis_women_pov_pct,0.0,
51107611803,2021.0,wht_nonhis_women_pov_pct,0.5576208178438662,
51107611804,2021.0,wht_nonhis_women_pov_pct,6.08604407135362,
51107611805,2021.0,wht_nonhis_women_pov_pct,3.991811668372569,
51107611807,2021.0,wht_nonhis_women_pov_pct,6.850828729281768,
51107611808,2021.0,wht_nonhis_women_pov_pct,0.0,
51107611809,2021.0,wht_nonhis_women_pov_pct,0.0,
51107611810,2021.0,wht_nonhis_women_pov_pct,0.0,
51107611811,2021.0,wht_nonhis_women_pov_pct,2.898550724637681,
51107611812,2021.0,wht_nonhis_women_pov_pct,0.0,
51107611813,2021.0,wht_nonhis_women_pov_pct,1.498371335504886,
51107611901,2021.0,wht_nonhis_women_pov_pct,7.64904386951631,
51107611902,2021.0,wht_nonhis_women_pov_pct,0.0,
51107980100,2021.0,wht_nonhis_women_pov_pct,,
51153900100,2021.0,wht_nonhis_women_pov_pct,1.1661807580174928,
51153900201,2021.0,wht_nonhis_women_pov_pct,2.3346303501945527,
51153900202,2021.0,wht_nonhis_women_pov_pct,3.665689149560117,
51153900203,2021.0,wht_nonhis_women_pov_pct,16.517857142857142,
51153900301,2021.0,wht_nonhis_women_pov_pct,5.477707006369426,
51153900302,2021.0,wht_nonhis_women_pov_pct,11.260504201680671,
51153900403,2021.0,wht_nonhis_women_pov_pct,2.464788732394366,
51153900404,2021.0,wht_nonhis_women_pov_pct,0.2564102564102564,
51153900407,2021.0,wht_nonhis_women_pov_pct,11.961722488038278,
51153900408,2021.0,wht_nonhis_women_pov_pct,6.712328767123288,
51153900409,2021.0,wht_nonhis_women_pov_pct,6.609808102345416,
51153900410,2021.0,wht_nonhis_women_pov_pct,10.15625,
51153900502,2021.0,wht_nonhis_women_pov_pct,4.375,
51153900503,2021.0,wht_nonhis_women_pov_pct,7.434944237918216,
51153900504,2021.0,wht_nonhis_women_pov_pct,14.345991561181435,
51153900601,2021.0,wht_nonhis_women_pov_pct,9.693877551020408,
51153900602,2021.0,wht_nonhis_women_pov_pct,7.6158940397351,
51153900701,2021.0,wht_nonhis_women_pov_pct,1.155115511551155,
51153900702,2021.0,wht_nonhis_women_pov_pct,2.6744186046511627,
51153900801,2021.0,wht_nonhis_women_pov_pct,1.1822660098522169,
51153900803,2021.0,wht_nonhis_women_pov_pct,2.8260869565217392,
51153900804,2021.0,wht_nonhis_women_pov_pct,2.702702702702702,
51153900901,2021.0,wht_nonhis_women_pov_pct,3.968253968253968,
51153900904,2021.0,wht_nonhis_women_pov_pct,2.771855010660981,
51153900905,2021.0,wht_nonhis_women_pov_pct,2.05761316872428,
51153901005,2021.0,wht_nonhis_women_pov_pct,0.0,
51153901009,2021.0,wht_nonhis_women_pov_pct,4.554724677090415,
51153901010,2021.0,wht_nonhis_women_pov_pct,0.0,
51153901011,2021.0,wht_nonhis_women_pov_pct,1.193058568329718,
51153901012,2021.0,wht_nonhis_women_pov_pct,9.090909090909092,
51153901013,2021.0,wht_nonhis_women_pov_pct,5.757575757575758,
51153901014,2021.0,wht_nonhis_women_pov_pct,8.64,
51153901015,2021.0,wht_nonhis_women_pov_pct,0.0,
51153901016,2021.0,wht_nonhis_women_pov_pct,1.5317286652078774,
51153901101,2021.0,wht_nonhis_women_pov_pct,1.1904761904761905,
51153901102,2021.0,wht_nonhis_women_pov_pct,0.4415011037527593,
51153901203,2021.0,wht_nonhis_women_pov_pct,6.018518518518518,
51153901208,2021.0,wht_nonhis_women_pov_pct,2.8506271379703536,
51153901209,2021.0,wht_nonhis_women_pov_pct,13.197519929140832,
51153901211,2021.0,wht_nonhis_women_pov_pct,3.867403314917127,
51153901212,2021.0,wht_nonhis_women_pov_pct,4.011065006915629,
51153901219,2021.0,wht_nonhis_women_pov_pct,0.7798440311937612,
51153901221,2021.0,wht_nonhis_women_pov_pct,4.886561954624782,
51153901222,2021.0,wht_nonhis_women_pov_pct,3.686635944700461,
51153901223,2021.0,wht_nonhis_women_pov_pct,1.1811023622047243,
51153901224,2021.0,wht_nonhis_women_pov_pct,3.293084522502744,
51153901225,2021.0,wht_nonhis_women_pov_pct,2.2222222222222223,
51153901226,2021.0,wht_nonhis_women_pov_pct,8.51305334846765,
51153901227,2021.0,wht_nonhis_women_pov_pct,0.0,
51153901228,2021.0,wht_nonhis_women_pov_pct,5.374823196605375,
51153901229,2021.0,wht_nonhis_women_pov_pct,5.851979345955249,
51153901230,2021.0,wht_nonhis_women_pov_pct,3.0405405405405403,
51153901231,2021.0,wht_nonhis_women_pov_pct,6.24620982413584,
51153901232,2021.0,wht_nonhis_women_pov_pct,5.5396370582617,
51153901233,2021.0,wht_nonhis_women_pov_pct,0.0,
51153901234,2021.0,wht_nonhis_women_pov_pct,2.5374855824682814,
51153901235,2021.0,wht_nonhis_women_pov_pct,0.0,
51153901236,2021.0,wht_nonhis_women_pov_pct,2.5806451612903225,
51153901237,2021.0,wht_nonhis_women_pov_pct,2.6022304832713754,
51153901303,2021.0,wht_nonhis_women_pov_pct,0.0,
51153901304,2021.0,wht_nonhis_women_pov_pct,4.69208211143695,
51153901305,2021.0,wht_nonhis_women_pov_pct,3.7766830870279136,
51153901306,2021.0,wht_nonhis_women_pov_pct,1.3458950201884252,
51153901403,2021.0,wht_nonhis_women_pov_pct,19.631093544137023,
51153901407,2021.0,wht_nonhis_women_pov_pct,2.4930747922437675,
51153901409,2021.0,wht_nonhis_women_pov_pct,4.0918880114860015,
51153901411,2021.0,wht_nonhis_women_pov_pct,1.7255546425636812,
51153901412,2021.0,wht_nonhis_women_pov_pct,0.6020469596628537,
51153901413,2021.0,wht_nonhis_women_pov_pct,0.0,
51153901414,2021.0,wht_nonhis_women_pov_pct,2.756892230576441,
51153901415,2021.0,wht_nonhis_women_pov_pct,0.0,
51153901416,2021.0,wht_nonhis_women_pov_pct,0.2840909090909091,
51153901417,2021.0,wht_nonhis_women_pov_pct,1.0416666666666667,
51153901418,2021.0,wht_nonhis_women_pov_pct,14.221556886227544,
51153901419,2021.0,wht_nonhis_women_pov_pct,0.0,
51153901420,2021.0,wht_nonhis_women_pov_pct,1.6149068322981366,
51153901421,2021.0,wht_nonhis_women_pov_pct,1.4460511679644048,
51153901503,2021.0,wht_nonhis_women_pov_pct,0.0,
51153901504,2021.0,wht_nonhis_women_pov_pct,5.036407766990291,
51153901505,2021.0,wht_nonhis_women_pov_pct,1.4775725593667546,
51153901506,2021.0,wht_nonhis_women_pov_pct,6.4805583250249255,
51153901507,2021.0,wht_nonhis_women_pov_pct,0.0,
51153901508,2021.0,wht_nonhis_women_pov_pct,5.443786982248521,
51153901509,2021.0,wht_nonhis_women_pov_pct,0.7441327990841442,
51153901510,2021.0,wht_nonhis_women_pov_pct,0.974512743628186,
51153901511,2021.0,wht_nonhis_women_pov_pct,2.41305890702626,
51153901601,2021.0,wht_nonhis_women_pov_pct,7.1942446043165456,
51153901602,2021.0,wht_nonhis_women_pov_pct,1.5548281505728314,
51153901702,2021.0,wht_nonhis_women_pov_pct,2.926829268292683,
51153901703,2021.0,wht_nonhis_women_pov_pct,10.106382978723405,
51153901704,2021.0,wht_nonhis_women_pov_pct,17.67337807606264,
51153901900,2021.0,wht_nonhis_women_pov_pct,5.282555282555283,
51153980100,2021.0,wht_nonhis_women_pov_pct,,
51510200102,2021.0,wht_nonhis_women_pov_pct,0.0,
51510200104,2021.0,wht_nonhis_women_pov_pct,8.008213552361397,
51510200105,2021.0,wht_nonhis_women_pov_pct,10.638297872340424,
51510200106,2021.0,wht_nonhis_women_pov_pct,0.9118541033434652,
51510200108,2021.0,wht_nonhis_women_pov_pct,0.0,
51510200109,2021.0,wht_nonhis_women_pov_pct,14.541832669322709,
51510200110,2021.0,wht_nonhis_women_pov_pct,14.113785557986873,
51510200111,2021.0,wht_nonhis_women_pov_pct,1.0416666666666667,
51510200201,2021.0,wht_nonhis_women_pov_pct,1.8480492813141685,
51510200202,2021.0,wht_nonhis_women_pov_pct,3.5629453681710213,
51510200301,2021.0,wht_nonhis_women_pov_pct,3.411513859275053,
51510200302,2021.0,wht_nonhis_women_pov_pct,1.9021739130434785,
51510200304,2021.0,wht_nonhis_women_pov_pct,4.07673860911271,
51510200305,2021.0,wht_nonhis_women_pov_pct,0.0,
51510200403,2021.0,wht_nonhis_women_pov_pct,0.0,
51510200404,2021.0,wht_nonhis_women_pov_pct,2.366412213740458,
51510200406,2021.0,wht_nonhis_women_pov_pct,1.8333333333333333,
51510200407,2021.0,wht_nonhis_women_pov_pct,6.722689075630252,
51510200408,2021.0,wht_nonhis_women_pov_pct,4.975124378109452,
51510200409,2021.0,wht_nonhis_women_pov_pct,7.052023121387284,
51510200500,2021.0,wht_nonhis_women_pov_pct,6.794871794871795,
51510200600,2021.0,wht_nonhis_women_pov_pct,16.533333333333335,
51510200701,2021.0,wht_nonhis_women_pov_pct,13.06532663316583,
51510200703,2021.0,wht_nonhis_women_pov_pct,0.4314994606256742,
51510200704,2021.0,wht_nonhis_women_pov_pct,0.0,
51510200705,2021.0,wht_nonhis_women_pov_pct,1.8867924528301887,
51510200801,2021.0,wht_nonhis_women_pov_pct,2.7918781725888326,
51510200802,2021.0,wht_nonhis_women_pov_pct,4.737516005121639,
51510200900,2021.0,wht_nonhis_women_pov_pct,3.1809145129224654,
51510201000,2021.0,wht_nonhis_women_pov_pct,1.673003802281369,
51510201100,2021.0,wht_nonhis_women_pov_pct,2.9986962190352022,
51510201202,2021.0,wht_nonhis_women_pov_pct,4.220183486238532,
51510201204,2021.0,wht_nonhis_women_pov_pct,0.0,
51510201205,2021.0,wht_nonhis_women_pov_pct,0.0,
51510201206,2021.0,wht_nonhis_women_pov_pct,0.8771929824561403,
51510201300,2021.0,wht_nonhis_women_pov_pct,3.636363636363636,
51510201400,2021.0,wht_nonhis_women_pov_pct,4.654545454545454,
51510201500,2021.0,wht_nonhis_women_pov_pct,7.533759772565743,
51510201601,2021.0,wht_nonhis_women_pov_pct,4.905335628227195,
51510201602,2021.0,wht_nonhis_women_pov_pct,6.675062972292191,
51510201802,2021.0,wht_nonhis_women_pov_pct,2.6272577996715927,
51510201803,2021.0,wht_nonhis_women_pov_pct,4.308390022675737,
51510201804,2021.0,wht_nonhis_women_pov_pct,16.083916083916083,
51510201805,2021.0,wht_nonhis_women_pov_pct,3.4612490594431904,
51510201900,2021.0,wht_nonhis_women_pov_pct,2.1337126600284493,
51510202001,2021.0,wht_nonhis_women_pov_pct,1.6983016983016983,
51510202002,2021.0,wht_nonhis_women_pov_pct,2.844638949671773,
51510980000,2021.0,wht_nonhis_women_pov_pct,,
51600300100,2021.0,wht_nonhis_women_pov_pct,3.45945945945946,
51600300200,2021.0,wht_nonhis_women_pov_pct,1.0030090270812435,
51600300300,2021.0,wht_nonhis_women_pov_pct,18.48459616985845,
51600300400,2021.0,wht_nonhis_women_pov_pct,14.62264150943396,
51600300500,2021.0,wht_nonhis_women_pov_pct,6.584362139917696,
51610500100,2021.0,wht_nonhis_women_pov_pct,4.731574158325751,
51610500200,2021.0,wht_nonhis_women_pov_pct,5.885885885885886,
51610500300,2021.0,wht_nonhis_women_pov_pct,1.5859766277128549,
51683910100,2021.0,wht_nonhis_women_pov_pct,3.703703703703704,
51683910201,2021.0,wht_nonhis_women_pov_pct,4.09982174688057,
51683910202,2021.0,wht_nonhis_women_pov_pct,3.803680981595092,
51683910301,2021.0,wht_nonhis_women_pov_pct,4.127358490566038,
51683910302,2021.0,wht_nonhis_women_pov_pct,6.758080313418217,
51683910401,2021.0,wht_nonhis_women_pov_pct,6.695938529088913,
51683910402,2021.0,wht_nonhis_women_pov_pct,3.4586466165413534,
51685920100,2021.0,wht_nonhis_women_pov_pct,0.0,
51685920201,2021.0,wht_nonhis_women_pov_pct,0.0,
51685920202,2021.0,wht_nonhis_women_pov_pct,2.0568070519098924,
