geoid,year,measure,value,moe
11001,2017.0,Num_Child_Food_Insecure,24880.0,
11001,2018.0,Num_Child_Food_Insecure,21910.0,
11001,2014.0,Num_Child_Food_Insecure,27560.0,
11001,2015.0,Num_Child_Food_Insecure,26420.0,
11001,2019.0,Num_Child_Food_Insecure,20450.0,
11001,2016.0,Num_Child_Food_Insecure,24720.0,
24017,2018.0,Num_Child_Food_Insecure,5250.0,
24017,2017.0,Num_Child_Food_Insecure,5110.0,
24017,2019.0,Num_Child_Food_Insecure,5060.0,
24017,2014.0,Num_Child_Food_Insecure,5890.0,
24017,2016.0,Num_Child_Food_Insecure,5230.0,
24017,2015.0,Num_Child_Food_Insecure,5580.0,
24021,2019.0,Num_Child_Food_Insecure,6310.0,
24021,2014.0,Num_Child_Food_Insecure,9620.0,
24021,2018.0,Num_Child_Food_Insecure,8000.0,
24021,2015.0,Num_Child_Food_Insecure,9120.0,
24021,2017.0,Num_Child_Food_Insecure,7900.0,
24021,2016.0,Num_Child_Food_Insecure,7930.0,
24031,2019.0,Num_Child_Food_Insecure,23070.0,
24031,2014.0,Num_Child_Food_Insecure,33000.0,
24031,2018.0,Num_Child_Food_Insecure,27020.0,
24031,2015.0,Num_Child_Food_Insecure,31940.0,
24031,2016.0,Num_Child_Food_Insecure,28320.0,
24031,2017.0,Num_Child_Food_Insecure,30070.0,
24033,2014.0,Num_Child_Food_Insecure,30060.0,
24033,2019.0,Num_Child_Food_Insecure,29360.0,
24033,2015.0,Num_Child_Food_Insecure,27750.0,
24033,2017.0,Num_Child_Food_Insecure,27440.0,
24033,2018.0,Num_Child_Food_Insecure,29200.0,
24033,2016.0,Num_Child_Food_Insecure,27990.0,
51013,2018.0,Num_Child_Food_Insecure,1660.0,
51013,2016.0,Num_Child_Food_Insecure,3190.0,
51013,2017.0,Num_Child_Food_Insecure,3690.0,
51013,2014.0,Num_Child_Food_Insecure,3790.0,
51013,2015.0,Num_Child_Food_Insecure,3810.0,
51013,2019.0,Num_Child_Food_Insecure,1130.0,
51059,2015.0,Num_Child_Food_Insecure,27580.0,
51059,2014.0,Num_Child_Food_Insecure,28610.0,
51059,2017.0,Num_Child_Food_Insecure,25720.0,
51059,2019.0,Num_Child_Food_Insecure,11840.0,
51059,2016.0,Num_Child_Food_Insecure,23650.0,
51059,2018.0,Num_Child_Food_Insecure,15210.0,
51107,2017.0,Num_Child_Food_Insecure,8920.0,
51107,2016.0,Num_Child_Food_Insecure,8090.0,
51107,2019.0,Num_Child_Food_Insecure,1900.0,
51107,2014.0,Num_Child_Food_Insecure,9660.0,
51107,2018.0,Num_Child_Food_Insecure,4380.0,
51107,2015.0,Num_Child_Food_Insecure,9500.0,
51153,2017.0,Num_Child_Food_Insecure,12500.0,
51153,2019.0,Num_Child_Food_Insecure,7540.0,
51153,2016.0,Num_Child_Food_Insecure,12210.0,
51153,2018.0,Num_Child_Food_Insecure,8700.0,
51153,2014.0,Num_Child_Food_Insecure,13630.0,
51153,2015.0,Num_Child_Food_Insecure,12730.0,
51510,2016.0,Num_Child_Food_Insecure,3010.0,
51510,2015.0,Num_Child_Food_Insecure,3020.0,
51510,2017.0,Num_Child_Food_Insecure,3390.0,
51510,2014.0,Num_Child_Food_Insecure,3200.0,
51510,2019.0,Num_Child_Food_Insecure,2700.0,
51510,2018.0,Num_Child_Food_Insecure,2600.0,
51600,2017.0,Num_Child_Food_Insecure,450.0,
51600,2014.0,Num_Child_Food_Insecure,550.0,
51600,2016.0,Num_Child_Food_Insecure,350.0,
51600,2018.0,Num_Child_Food_Insecure,260.0,
51600,2015.0,Num_Child_Food_Insecure,430.0,
51600,2019.0,Num_Child_Food_Insecure,160.0,
51610,2017.0,Num_Child_Food_Insecure,270.0,
51610,2015.0,Num_Child_Food_Insecure,310.0,
51610,2014.0,Num_Child_Food_Insecure,330.0,
51610,2019.0,Num_Child_Food_Insecure,50.0,
51610,2018.0,Num_Child_Food_Insecure,90.0,
51610,2016.0,Num_Child_Food_Insecure,220.0,
51683,2016.0,Num_Child_Food_Insecure,1180.0,
51683,2019.0,Num_Child_Food_Insecure,690.0,
51683,2017.0,Num_Child_Food_Insecure,1210.0,
51683,2015.0,Num_Child_Food_Insecure,1230.0,
51683,2014.0,Num_Child_Food_Insecure,1550.0,
51683,2018.0,Num_Child_Food_Insecure,760.0,
51685,2014.0,Num_Child_Food_Insecure,470.0,
51685,2019.0,Num_Child_Food_Insecure,270.0,
51685,2016.0,Num_Child_Food_Insecure,440.0,
51685,2017.0,Num_Child_Food_Insecure,490.0,
51685,2015.0,Num_Child_Food_Insecure,440.0,
51685,2018.0,Num_Child_Food_Insecure,350.0,
51001,2018.0,Num_Child_Food_Insecure,1310.0,
51001,2016.0,Num_Child_Food_Insecure,1270.0,
51001,2019.0,Num_Child_Food_Insecure,1370.0,
51001,2015.0,Num_Child_Food_Insecure,1290.0,
51001,2014.0,Num_Child_Food_Insecure,1450.0,
51001,2017.0,Num_Child_Food_Insecure,1260.0,
51003,2015.0,Num_Child_Food_Insecure,2730.0,
51003,2019.0,Num_Child_Food_Insecure,1680.0,
51003,2014.0,Num_Child_Food_Insecure,2980.0,
51003,2016.0,Num_Child_Food_Insecure,2510.0,
51003,2017.0,Num_Child_Food_Insecure,2560.0,
51003,2018.0,Num_Child_Food_Insecure,2080.0,
51005,2016.0,Num_Child_Food_Insecure,560.0,
51005,2018.0,Num_Child_Food_Insecure,630.0,
51005,2019.0,Num_Child_Food_Insecure,580.0,
51005,2015.0,Num_Child_Food_Insecure,600.0,
51005,2017.0,Num_Child_Food_Insecure,550.0,
51005,2014.0,Num_Child_Food_Insecure,620.0,
51007,2015.0,Num_Child_Food_Insecure,410.0,
51007,2018.0,Num_Child_Food_Insecure,430.0,
51007,2019.0,Num_Child_Food_Insecure,330.0,
51007,2016.0,Num_Child_Food_Insecure,420.0,
51007,2014.0,Num_Child_Food_Insecure,410.0,
51007,2017.0,Num_Child_Food_Insecure,410.0,
51009,2019.0,Num_Child_Food_Insecure,910.0,
51009,2017.0,Num_Child_Food_Insecure,1000.0,
51009,2018.0,Num_Child_Food_Insecure,1030.0,
51009,2015.0,Num_Child_Food_Insecure,1040.0,
51009,2016.0,Num_Child_Food_Insecure,1040.0,
51009,2014.0,Num_Child_Food_Insecure,1110.0,
51011,2019.0,Num_Child_Food_Insecure,560.0,
51011,2015.0,Num_Child_Food_Insecure,610.0,
51011,2018.0,Num_Child_Food_Insecure,570.0,
51011,2017.0,Num_Child_Food_Insecure,540.0,
51011,2016.0,Num_Child_Food_Insecure,570.0,
51011,2014.0,Num_Child_Food_Insecure,660.0,
51013,2018.0,Num_Child_Food_Insecure,1660.0,
51013,2016.0,Num_Child_Food_Insecure,3190.0,
51013,2017.0,Num_Child_Food_Insecure,3690.0,
51013,2014.0,Num_Child_Food_Insecure,3790.0,
51013,2015.0,Num_Child_Food_Insecure,3810.0,
51013,2019.0,Num_Child_Food_Insecure,1130.0,
51015,2018.0,Num_Child_Food_Insecure,1780.0,
51015,2016.0,Num_Child_Food_Insecure,2010.0,
51015,2017.0,Num_Child_Food_Insecure,1910.0,
51015,2019.0,Num_Child_Food_Insecure,1480.0,
51015,2015.0,Num_Child_Food_Insecure,2290.0,
51015,2014.0,Num_Child_Food_Insecure,2560.0,
51017,2016.0,Num_Child_Food_Insecure,100.0,
51017,2018.0,Num_Child_Food_Insecure,80.0,
51017,2014.0,Num_Child_Food_Insecure,130.0,
51017,2015.0,Num_Child_Food_Insecure,120.0,
51017,2017.0,Num_Child_Food_Insecure,100.0,
51017,2019.0,Num_Child_Food_Insecure,50.0,
51019,2016.0,Num_Child_Food_Insecure,2100.0,
51019,2017.0,Num_Child_Food_Insecure,2060.0,
51019,2018.0,Num_Child_Food_Insecure,2020.0,
51019,2014.0,Num_Child_Food_Insecure,2730.0,
51019,2015.0,Num_Child_Food_Insecure,2400.0,
51019,2019.0,Num_Child_Food_Insecure,1700.0,
51021,2016.0,Num_Child_Food_Insecure,180.0,
51021,2017.0,Num_Child_Food_Insecure,150.0,
51021,2014.0,Num_Child_Food_Insecure,230.0,
51021,2019.0,Num_Child_Food_Insecure,130.0,
51021,2015.0,Num_Child_Food_Insecure,190.0,
51021,2018.0,Num_Child_Food_Insecure,140.0,
51023,2016.0,Num_Child_Food_Insecure,860.0,
51023,2017.0,Num_Child_Food_Insecure,820.0,
51023,2015.0,Num_Child_Food_Insecure,980.0,
51023,2018.0,Num_Child_Food_Insecure,790.0,
51023,2014.0,Num_Child_Food_Insecure,1080.0,
51023,2019.0,Num_Child_Food_Insecure,550.0,
51025,2016.0,Num_Child_Food_Insecure,600.0,
51025,2015.0,Num_Child_Food_Insecure,610.0,
51025,2017.0,Num_Child_Food_Insecure,620.0,
51025,2018.0,Num_Child_Food_Insecure,720.0,
51025,2014.0,Num_Child_Food_Insecure,720.0,
51025,2019.0,Num_Child_Food_Insecure,670.0,
51027,2016.0,Num_Child_Food_Insecure,1070.0,
51027,2017.0,Num_Child_Food_Insecure,1020.0,
51027,2015.0,Num_Child_Food_Insecure,1200.0,
51027,2018.0,Num_Child_Food_Insecure,1160.0,
51027,2014.0,Num_Child_Food_Insecure,1270.0,
51027,2019.0,Num_Child_Food_Insecure,1110.0,
51029,2017.0,Num_Child_Food_Insecure,540.0,
51029,2019.0,Num_Child_Food_Insecure,560.0,
51029,2018.0,Num_Child_Food_Insecure,590.0,
51029,2016.0,Num_Child_Food_Insecure,580.0,
51029,2014.0,Num_Child_Food_Insecure,770.0,
51029,2015.0,Num_Child_Food_Insecure,650.0,
51031,2018.0,Num_Child_Food_Insecure,1610.0,
51031,2017.0,Num_Child_Food_Insecure,1580.0,
51031,2016.0,Num_Child_Food_Insecure,1670.0,
51031,2014.0,Num_Child_Food_Insecure,2180.0,
51031,2019.0,Num_Child_Food_Insecure,1440.0,
51031,2015.0,Num_Child_Food_Insecure,1910.0,
51033,2017.0,Num_Child_Food_Insecure,1030.0,
51033,2016.0,Num_Child_Food_Insecure,1100.0,
51033,2018.0,Num_Child_Food_Insecure,830.0,
51033,2019.0,Num_Child_Food_Insecure,790.0,
51033,2014.0,Num_Child_Food_Insecure,1190.0,
51033,2015.0,Num_Child_Food_Insecure,1080.0,
51035,2018.0,Num_Child_Food_Insecure,930.0,
51035,2017.0,Num_Child_Food_Insecure,910.0,
51035,2014.0,Num_Child_Food_Insecure,1340.0,
51035,2016.0,Num_Child_Food_Insecure,970.0,
51035,2015.0,Num_Child_Food_Insecure,1110.0,
51035,2019.0,Num_Child_Food_Insecure,810.0,
51036,2018.0,Num_Child_Food_Insecure,190.0,
51036,2016.0,Num_Child_Food_Insecure,200.0,
51036,2017.0,Num_Child_Food_Insecure,180.0,
51036,2019.0,Num_Child_Food_Insecure,180.0,
51036,2014.0,Num_Child_Food_Insecure,200.0,
51036,2015.0,Num_Child_Food_Insecure,190.0,
51037,2018.0,Num_Child_Food_Insecure,640.0,
51037,2017.0,Num_Child_Food_Insecure,500.0,
51037,2014.0,Num_Child_Food_Insecure,600.0,
51037,2016.0,Num_Child_Food_Insecure,560.0,
51037,2019.0,Num_Child_Food_Insecure,620.0,
51037,2015.0,Num_Child_Food_Insecure,540.0,
51041,2018.0,Num_Child_Food_Insecure,7790.0,
51041,2017.0,Num_Child_Food_Insecure,8960.0,
51041,2014.0,Num_Child_Food_Insecure,10530.0,
51041,2016.0,Num_Child_Food_Insecure,9040.0,
51041,2015.0,Num_Child_Food_Insecure,9540.0,
51041,2019.0,Num_Child_Food_Insecure,7030.0,
51043,2018.0,Num_Child_Food_Insecure,380.0,
51043,2014.0,Num_Child_Food_Insecure,440.0,
51043,2017.0,Num_Child_Food_Insecure,430.0,
51043,2015.0,Num_Child_Food_Insecure,470.0,
51043,2019.0,Num_Child_Food_Insecure,230.0,
51043,2016.0,Num_Child_Food_Insecure,440.0,
51045,2018.0,Num_Child_Food_Insecure,110.0,
51045,2019.0,Num_Child_Food_Insecure,100.0,
51045,2016.0,Num_Child_Food_Insecure,160.0,
51045,2015.0,Num_Child_Food_Insecure,190.0,
51045,2014.0,Num_Child_Food_Insecure,230.0,
51045,2017.0,Num_Child_Food_Insecure,120.0,
51047,2016.0,Num_Child_Food_Insecure,1490.0,
51047,2015.0,Num_Child_Food_Insecure,1600.0,
51047,2014.0,Num_Child_Food_Insecure,1850.0,
51047,2018.0,Num_Child_Food_Insecure,1200.0,
51047,2017.0,Num_Child_Food_Insecure,1480.0,
51047,2019.0,Num_Child_Food_Insecure,1030.0,
51049,2015.0,Num_Child_Food_Insecure,470.0,
51049,2018.0,Num_Child_Food_Insecure,420.0,
51049,2016.0,Num_Child_Food_Insecure,440.0,
51049,2014.0,Num_Child_Food_Insecure,470.0,
51049,2017.0,Num_Child_Food_Insecure,430.0,
51049,2019.0,Num_Child_Food_Insecure,370.0,
51051,2014.0,Num_Child_Food_Insecure,820.0,
51051,2016.0,Num_Child_Food_Insecure,750.0,
51051,2015.0,Num_Child_Food_Insecure,820.0,
51051,2017.0,Num_Child_Food_Insecure,690.0,
51051,2018.0,Num_Child_Food_Insecure,780.0,
51051,2019.0,Num_Child_Food_Insecure,740.0,
51053,2016.0,Num_Child_Food_Insecure,930.0,
51053,2014.0,Num_Child_Food_Insecure,1010.0,
51053,2015.0,Num_Child_Food_Insecure,920.0,
51053,2017.0,Num_Child_Food_Insecure,930.0,
51053,2018.0,Num_Child_Food_Insecure,880.0,
51053,2019.0,Num_Child_Food_Insecure,840.0,
51057,2019.0,Num_Child_Food_Insecure,420.0,
51057,2016.0,Num_Child_Food_Insecure,350.0,
51057,2014.0,Num_Child_Food_Insecure,360.0,
51057,2017.0,Num_Child_Food_Insecure,330.0,
51057,2015.0,Num_Child_Food_Insecure,350.0,
51057,2018.0,Num_Child_Food_Insecure,350.0,
51059,2015.0,Num_Child_Food_Insecure,27580.0,
51059,2014.0,Num_Child_Food_Insecure,28610.0,
51059,2017.0,Num_Child_Food_Insecure,25720.0,
51059,2019.0,Num_Child_Food_Insecure,11840.0,
51059,2016.0,Num_Child_Food_Insecure,23650.0,
51059,2018.0,Num_Child_Food_Insecure,15210.0,
51061,2016.0,Num_Child_Food_Insecure,1640.0,
51061,2017.0,Num_Child_Food_Insecure,1720.0,
51061,2015.0,Num_Child_Food_Insecure,1850.0,
51061,2018.0,Num_Child_Food_Insecure,1330.0,
51061,2014.0,Num_Child_Food_Insecure,2030.0,
51061,2019.0,Num_Child_Food_Insecure,970.0,
51063,2016.0,Num_Child_Food_Insecure,430.0,
51063,2015.0,Num_Child_Food_Insecure,430.0,
51063,2018.0,Num_Child_Food_Insecure,370.0,
51063,2017.0,Num_Child_Food_Insecure,420.0,
51063,2014.0,Num_Child_Food_Insecure,500.0,
51063,2019.0,Num_Child_Food_Insecure,320.0,
51065,2015.0,Num_Child_Food_Insecure,670.0,
51065,2017.0,Num_Child_Food_Insecure,560.0,
51065,2016.0,Num_Child_Food_Insecure,620.0,
51065,2018.0,Num_Child_Food_Insecure,480.0,
51065,2019.0,Num_Child_Food_Insecure,420.0,
51065,2014.0,Num_Child_Food_Insecure,760.0,
51067,2018.0,Num_Child_Food_Insecure,1970.0,
51067,2017.0,Num_Child_Food_Insecure,1790.0,
51067,2015.0,Num_Child_Food_Insecure,2070.0,
51067,2016.0,Num_Child_Food_Insecure,1880.0,
51067,2014.0,Num_Child_Food_Insecure,2290.0,
51067,2019.0,Num_Child_Food_Insecure,1640.0,
51069,2017.0,Num_Child_Food_Insecure,2020.0,
51069,2018.0,Num_Child_Food_Insecure,1810.0,
51069,2016.0,Num_Child_Food_Insecure,2090.0,
51069,2014.0,Num_Child_Food_Insecure,2590.0,
51069,2015.0,Num_Child_Food_Insecure,2380.0,
51069,2019.0,Num_Child_Food_Insecure,1490.0,
51071,2017.0,Num_Child_Food_Insecure,500.0,
51071,2018.0,Num_Child_Food_Insecure,540.0,
51071,2016.0,Num_Child_Food_Insecure,540.0,
51071,2014.0,Num_Child_Food_Insecure,640.0,
51071,2015.0,Num_Child_Food_Insecure,520.0,
51071,2019.0,Num_Child_Food_Insecure,440.0,
51073,2014.0,Num_Child_Food_Insecure,1210.0,
51073,2016.0,Num_Child_Food_Insecure,950.0,
51073,2018.0,Num_Child_Food_Insecure,980.0,
51073,2017.0,Num_Child_Food_Insecure,970.0,
51073,2015.0,Num_Child_Food_Insecure,1020.0,
51073,2019.0,Num_Child_Food_Insecure,900.0,
51075,2017.0,Num_Child_Food_Insecure,430.0,
51075,2014.0,Num_Child_Food_Insecure,550.0,
51075,2016.0,Num_Child_Food_Insecure,450.0,
51075,2018.0,Num_Child_Food_Insecure,390.0,
51075,2015.0,Num_Child_Food_Insecure,500.0,
51075,2019.0,Num_Child_Food_Insecure,300.0,
51077,2014.0,Num_Child_Food_Insecure,730.0,
51077,2017.0,Num_Child_Food_Insecure,570.0,
51077,2016.0,Num_Child_Food_Insecure,570.0,
51077,2015.0,Num_Child_Food_Insecure,670.0,
51077,2018.0,Num_Child_Food_Insecure,630.0,
51077,2019.0,Num_Child_Food_Insecure,580.0,
51079,2018.0,Num_Child_Food_Insecure,460.0,
51079,2014.0,Num_Child_Food_Insecure,760.0,
51079,2016.0,Num_Child_Food_Insecure,570.0,
51079,2015.0,Num_Child_Food_Insecure,600.0,
51079,2017.0,Num_Child_Food_Insecure,560.0,
51079,2019.0,Num_Child_Food_Insecure,360.0,
51081,2014.0,Num_Child_Food_Insecure,400.0,
51081,2015.0,Num_Child_Food_Insecure,320.0,
51081,2018.0,Num_Child_Food_Insecure,360.0,
51081,2017.0,Num_Child_Food_Insecure,310.0,
51081,2016.0,Num_Child_Food_Insecure,330.0,
51081,2019.0,Num_Child_Food_Insecure,380.0,
51083,2018.0,Num_Child_Food_Insecure,1260.0,
51083,2016.0,Num_Child_Food_Insecure,1330.0,
51083,2017.0,Num_Child_Food_Insecure,1270.0,
51083,2014.0,Num_Child_Food_Insecure,1640.0,
51083,2015.0,Num_Child_Food_Insecure,1360.0,
51083,2019.0,Num_Child_Food_Insecure,1130.0,
51085,2014.0,Num_Child_Food_Insecure,3080.0,
51085,2015.0,Num_Child_Food_Insecure,2890.0,
51085,2018.0,Num_Child_Food_Insecure,2060.0,
51085,2016.0,Num_Child_Food_Insecure,2600.0,
51085,2017.0,Num_Child_Food_Insecure,2600.0,
51085,2019.0,Num_Child_Food_Insecure,1530.0,
51087,2019.0,Num_Child_Food_Insecure,8360.0,
51087,2017.0,Num_Child_Food_Insecure,10020.0,
51087,2014.0,Num_Child_Food_Insecure,11400.0,
51087,2015.0,Num_Child_Food_Insecure,10330.0,
51087,2016.0,Num_Child_Food_Insecure,9840.0,
51087,2018.0,Num_Child_Food_Insecure,9230.0,
51089,2015.0,Num_Child_Food_Insecure,2160.0,
51089,2019.0,Num_Child_Food_Insecure,2050.0,
51089,2017.0,Num_Child_Food_Insecure,1980.0,
51089,2016.0,Num_Child_Food_Insecure,2100.0,
51089,2014.0,Num_Child_Food_Insecure,2380.0,
51089,2018.0,Num_Child_Food_Insecure,2240.0,
51091,2016.0,Num_Child_Food_Insecure,50.0,
51091,2019.0,Num_Child_Food_Insecure,40.0,
51091,2017.0,Num_Child_Food_Insecure,40.0,
51091,2018.0,Num_Child_Food_Insecure,50.0,
51091,2015.0,Num_Child_Food_Insecure,60.0,
51091,2014.0,Num_Child_Food_Insecure,70.0,
51093,2017.0,Num_Child_Food_Insecure,1070.0,
51093,2014.0,Num_Child_Food_Insecure,1260.0,
51093,2016.0,Num_Child_Food_Insecure,1110.0,
51093,2015.0,Num_Child_Food_Insecure,1200.0,
51093,2018.0,Num_Child_Food_Insecure,1030.0,
51093,2019.0,Num_Child_Food_Insecure,990.0,
51095,2015.0,Num_Child_Food_Insecure,1880.0,
51095,2019.0,Num_Child_Food_Insecure,1400.0,
51095,2016.0,Num_Child_Food_Insecure,1700.0,
51095,2017.0,Num_Child_Food_Insecure,1750.0,
51095,2018.0,Num_Child_Food_Insecure,1700.0,
51095,2014.0,Num_Child_Food_Insecure,2120.0,
51097,2019.0,Num_Child_Food_Insecure,190.0,
51097,2015.0,Num_Child_Food_Insecure,270.0,
51097,2017.0,Num_Child_Food_Insecure,260.0,
51097,2016.0,Num_Child_Food_Insecure,250.0,
51097,2018.0,Num_Child_Food_Insecure,270.0,
51097,2014.0,Num_Child_Food_Insecure,280.0,
51099,2016.0,Num_Child_Food_Insecure,730.0,
51099,2019.0,Num_Child_Food_Insecure,510.0,
51099,2017.0,Num_Child_Food_Insecure,780.0,
51099,2018.0,Num_Child_Food_Insecure,670.0,
51099,2015.0,Num_Child_Food_Insecure,810.0,
51099,2014.0,Num_Child_Food_Insecure,910.0,
51101,2016.0,Num_Child_Food_Insecure,620.0,
51101,2019.0,Num_Child_Food_Insecure,460.0,
51101,2017.0,Num_Child_Food_Insecure,610.0,
51101,2018.0,Num_Child_Food_Insecure,580.0,
51101,2014.0,Num_Child_Food_Insecure,710.0,
51101,2015.0,Num_Child_Food_Insecure,630.0,
51103,2016.0,Num_Child_Food_Insecure,230.0,
51103,2019.0,Num_Child_Food_Insecure,270.0,
51103,2017.0,Num_Child_Food_Insecure,240.0,
51103,2018.0,Num_Child_Food_Insecure,250.0,
51103,2015.0,Num_Child_Food_Insecure,250.0,
51103,2014.0,Num_Child_Food_Insecure,290.0,
51105,2018.0,Num_Child_Food_Insecure,1090.0,
51105,2019.0,Num_Child_Food_Insecure,1120.0,
51105,2017.0,Num_Child_Food_Insecure,1010.0,
51105,2016.0,Num_Child_Food_Insecure,1140.0,
51105,2014.0,Num_Child_Food_Insecure,1370.0,
51105,2015.0,Num_Child_Food_Insecure,1250.0,
51107,2017.0,Num_Child_Food_Insecure,8920.0,
51107,2016.0,Num_Child_Food_Insecure,8090.0,
51107,2019.0,Num_Child_Food_Insecure,1900.0,
51107,2014.0,Num_Child_Food_Insecure,9660.0,
51107,2018.0,Num_Child_Food_Insecure,4380.0,
51107,2015.0,Num_Child_Food_Insecure,9500.0,
51109,2017.0,Num_Child_Food_Insecure,1000.0,
51109,2014.0,Num_Child_Food_Insecure,1150.0,
51109,2016.0,Num_Child_Food_Insecure,1040.0,
51109,2019.0,Num_Child_Food_Insecure,960.0,
51109,2015.0,Num_Child_Food_Insecure,1030.0,
51109,2018.0,Num_Child_Food_Insecure,1040.0,
51111,2016.0,Num_Child_Food_Insecure,420.0,
51111,2017.0,Num_Child_Food_Insecure,410.0,
51111,2019.0,Num_Child_Food_Insecure,450.0,
51111,2015.0,Num_Child_Food_Insecure,430.0,
51111,2018.0,Num_Child_Food_Insecure,470.0,
51111,2014.0,Num_Child_Food_Insecure,460.0,
51113,2017.0,Num_Child_Food_Insecure,330.0,
51113,2018.0,Num_Child_Food_Insecure,300.0,
51113,2015.0,Num_Child_Food_Insecure,440.0,
51113,2016.0,Num_Child_Food_Insecure,400.0,
51113,2019.0,Num_Child_Food_Insecure,220.0,
51113,2014.0,Num_Child_Food_Insecure,530.0,
51115,2016.0,Num_Child_Food_Insecure,210.0,
51115,2017.0,Num_Child_Food_Insecure,220.0,
51115,2018.0,Num_Child_Food_Insecure,190.0,
51115,2015.0,Num_Child_Food_Insecure,210.0,
51115,2019.0,Num_Child_Food_Insecure,180.0,
51115,2014.0,Num_Child_Food_Insecure,310.0,
51117,2017.0,Num_Child_Food_Insecure,990.0,
51117,2016.0,Num_Child_Food_Insecure,1040.0,
51117,2019.0,Num_Child_Food_Insecure,1250.0,
51117,2014.0,Num_Child_Food_Insecure,1340.0,
51117,2018.0,Num_Child_Food_Insecure,1240.0,
51117,2015.0,Num_Child_Food_Insecure,1140.0,
51119,2015.0,Num_Child_Food_Insecure,250.0,
51119,2018.0,Num_Child_Food_Insecure,200.0,
51119,2014.0,Num_Child_Food_Insecure,290.0,
51119,2017.0,Num_Child_Food_Insecure,230.0,
51119,2016.0,Num_Child_Food_Insecure,260.0,
51119,2019.0,Num_Child_Food_Insecure,200.0,
51121,2014.0,Num_Child_Food_Insecure,2800.0,
51121,2016.0,Num_Child_Food_Insecure,2260.0,
51121,2018.0,Num_Child_Food_Insecure,1840.0,
51121,2017.0,Num_Child_Food_Insecure,2160.0,
51121,2015.0,Num_Child_Food_Insecure,2480.0,
51121,2019.0,Num_Child_Food_Insecure,1580.0,
51125,2018.0,Num_Child_Food_Insecure,400.0,
51125,2015.0,Num_Child_Food_Insecure,450.0,
51125,2014.0,Num_Child_Food_Insecure,450.0,
51125,2017.0,Num_Child_Food_Insecure,430.0,
51125,2019.0,Num_Child_Food_Insecure,370.0,
51125,2016.0,Num_Child_Food_Insecure,440.0,
51127,2019.0,Num_Child_Food_Insecure,380.0,
51127,2018.0,Num_Child_Food_Insecure,400.0,
51127,2015.0,Num_Child_Food_Insecure,570.0,
51127,2017.0,Num_Child_Food_Insecure,470.0,
51127,2016.0,Num_Child_Food_Insecure,460.0,
51127,2014.0,Num_Child_Food_Insecure,560.0,
51131,2018.0,Num_Child_Food_Insecure,510.0,
51131,2017.0,Num_Child_Food_Insecure,490.0,
51131,2015.0,Num_Child_Food_Insecure,500.0,
51131,2016.0,Num_Child_Food_Insecure,470.0,
51131,2014.0,Num_Child_Food_Insecure,520.0,
51131,2019.0,Num_Child_Food_Insecure,510.0,
51133,2017.0,Num_Child_Food_Insecure,340.0,
51133,2014.0,Num_Child_Food_Insecure,320.0,
51133,2019.0,Num_Child_Food_Insecure,370.0,
51133,2018.0,Num_Child_Food_Insecure,360.0,
51133,2016.0,Num_Child_Food_Insecure,290.0,
51133,2015.0,Num_Child_Food_Insecure,290.0,
51135,2016.0,Num_Child_Food_Insecure,490.0,
51135,2019.0,Num_Child_Food_Insecure,510.0,
51135,2017.0,Num_Child_Food_Insecure,480.0,
51135,2018.0,Num_Child_Food_Insecure,510.0,
51135,2015.0,Num_Child_Food_Insecure,560.0,
51135,2014.0,Num_Child_Food_Insecure,590.0,
51137,2016.0,Num_Child_Food_Insecure,1070.0,
51137,2014.0,Num_Child_Food_Insecure,1420.0,
51137,2018.0,Num_Child_Food_Insecure,1130.0,
51137,2019.0,Num_Child_Food_Insecure,990.0,
51137,2015.0,Num_Child_Food_Insecure,1360.0,
51137,2017.0,Num_Child_Food_Insecure,1070.0,
51139,2017.0,Num_Child_Food_Insecure,900.0,
51139,2015.0,Num_Child_Food_Insecure,990.0,
51139,2016.0,Num_Child_Food_Insecure,880.0,
51139,2014.0,Num_Child_Food_Insecure,1120.0,
51139,2019.0,Num_Child_Food_Insecure,850.0,
51139,2018.0,Num_Child_Food_Insecure,1030.0,
51141,2015.0,Num_Child_Food_Insecure,740.0,
51141,2018.0,Num_Child_Food_Insecure,720.0,
51141,2017.0,Num_Child_Food_Insecure,720.0,
51141,2014.0,Num_Child_Food_Insecure,820.0,
51141,2019.0,Num_Child_Food_Insecure,560.0,
51141,2016.0,Num_Child_Food_Insecure,750.0,
51143,2014.0,Num_Child_Food_Insecure,2460.0,
51143,2017.0,Num_Child_Food_Insecure,2020.0,
51143,2019.0,Num_Child_Food_Insecure,2200.0,
51143,2015.0,Num_Child_Food_Insecure,2350.0,
51143,2018.0,Num_Child_Food_Insecure,2270.0,
51143,2016.0,Num_Child_Food_Insecure,2110.0,
51145,2017.0,Num_Child_Food_Insecure,570.0,
51145,2014.0,Num_Child_Food_Insecure,770.0,
51145,2018.0,Num_Child_Food_Insecure,480.0,
51145,2016.0,Num_Child_Food_Insecure,580.0,
51145,2019.0,Num_Child_Food_Insecure,350.0,
51145,2015.0,Num_Child_Food_Insecure,640.0,
51147,2017.0,Num_Child_Food_Insecure,580.0,
51147,2014.0,Num_Child_Food_Insecure,770.0,
51147,2018.0,Num_Child_Food_Insecure,620.0,
51147,2016.0,Num_Child_Food_Insecure,570.0,
51147,2015.0,Num_Child_Food_Insecure,630.0,
51147,2019.0,Num_Child_Food_Insecure,620.0,
51149,2017.0,Num_Child_Food_Insecure,1240.0,
51149,2015.0,Num_Child_Food_Insecure,1170.0,
51149,2016.0,Num_Child_Food_Insecure,1150.0,
51149,2014.0,Num_Child_Food_Insecure,1280.0,
51149,2018.0,Num_Child_Food_Insecure,1140.0,
51149,2019.0,Num_Child_Food_Insecure,1040.0,
51153,2017.0,Num_Child_Food_Insecure,12500.0,
51153,2019.0,Num_Child_Food_Insecure,7540.0,
51153,2016.0,Num_Child_Food_Insecure,12210.0,
51153,2018.0,Num_Child_Food_Insecure,8700.0,
51153,2014.0,Num_Child_Food_Insecure,13630.0,
51153,2015.0,Num_Child_Food_Insecure,12730.0,
51155,2016.0,Num_Child_Food_Insecure,1130.0,
51155,2017.0,Num_Child_Food_Insecure,1090.0,
51155,2018.0,Num_Child_Food_Insecure,1100.0,
51155,2019.0,Num_Child_Food_Insecure,1080.0,
51155,2014.0,Num_Child_Food_Insecure,1310.0,
51155,2015.0,Num_Child_Food_Insecure,1120.0,
51157,2018.0,Num_Child_Food_Insecure,160.0,
51157,2017.0,Num_Child_Food_Insecure,170.0,
51157,2014.0,Num_Child_Food_Insecure,260.0,
51157,2015.0,Num_Child_Food_Insecure,230.0,
51157,2016.0,Num_Child_Food_Insecure,180.0,
51157,2019.0,Num_Child_Food_Insecure,120.0,
51159,2015.0,Num_Child_Food_Insecure,210.0,
51159,2018.0,Num_Child_Food_Insecure,230.0,
51159,2014.0,Num_Child_Food_Insecure,280.0,
51159,2017.0,Num_Child_Food_Insecure,260.0,
51159,2016.0,Num_Child_Food_Insecure,260.0,
51159,2019.0,Num_Child_Food_Insecure,250.0,
51161,2019.0,Num_Child_Food_Insecure,1580.0,
51161,2017.0,Num_Child_Food_Insecure,2380.0,
51161,2015.0,Num_Child_Food_Insecure,2670.0,
51161,2014.0,Num_Child_Food_Insecure,2940.0,
51161,2018.0,Num_Child_Food_Insecure,2050.0,
51161,2016.0,Num_Child_Food_Insecure,2370.0,
51163,2017.0,Num_Child_Food_Insecure,680.0,
51163,2019.0,Num_Child_Food_Insecure,580.0,
51163,2018.0,Num_Child_Food_Insecure,620.0,
51163,2016.0,Num_Child_Food_Insecure,710.0,
51163,2014.0,Num_Child_Food_Insecure,740.0,
51163,2015.0,Num_Child_Food_Insecure,730.0,
51165,2017.0,Num_Child_Food_Insecure,2360.0,
51165,2016.0,Num_Child_Food_Insecure,2530.0,
51165,2019.0,Num_Child_Food_Insecure,1630.0,
51165,2014.0,Num_Child_Food_Insecure,3130.0,
51165,2015.0,Num_Child_Food_Insecure,2760.0,
51165,2018.0,Num_Child_Food_Insecure,1990.0,
51167,2017.0,Num_Child_Food_Insecure,990.0,
51167,2016.0,Num_Child_Food_Insecure,1040.0,
51167,2019.0,Num_Child_Food_Insecure,1040.0,
51167,2015.0,Num_Child_Food_Insecure,1190.0,
51167,2018.0,Num_Child_Food_Insecure,1130.0,
51167,2014.0,Num_Child_Food_Insecure,1310.0,
51169,2016.0,Num_Child_Food_Insecure,810.0,
51169,2019.0,Num_Child_Food_Insecure,690.0,
51169,2017.0,Num_Child_Food_Insecure,700.0,
51169,2018.0,Num_Child_Food_Insecure,800.0,
51169,2015.0,Num_Child_Food_Insecure,900.0,
51169,2014.0,Num_Child_Food_Insecure,960.0,
51171,2016.0,Num_Child_Food_Insecure,1290.0,
51171,2019.0,Num_Child_Food_Insecure,1130.0,
51171,2017.0,Num_Child_Food_Insecure,1190.0,
51171,2018.0,Num_Child_Food_Insecure,1190.0,
51171,2014.0,Num_Child_Food_Insecure,1810.0,
51171,2015.0,Num_Child_Food_Insecure,1560.0,
51173,2017.0,Num_Child_Food_Insecure,1140.0,
51173,2016.0,Num_Child_Food_Insecure,1220.0,
51173,2014.0,Num_Child_Food_Insecure,1690.0,
51173,2018.0,Num_Child_Food_Insecure,1330.0,
51173,2015.0,Num_Child_Food_Insecure,1450.0,
51173,2019.0,Num_Child_Food_Insecure,1210.0,
51175,2016.0,Num_Child_Food_Insecure,550.0,
51175,2017.0,Num_Child_Food_Insecure,490.0,
51175,2019.0,Num_Child_Food_Insecure,460.0,
51175,2018.0,Num_Child_Food_Insecure,500.0,
51175,2015.0,Num_Child_Food_Insecure,600.0,
51175,2014.0,Num_Child_Food_Insecure,630.0,
51177,2016.0,Num_Child_Food_Insecure,3990.0,
51177,2018.0,Num_Child_Food_Insecure,3480.0,
51177,2017.0,Num_Child_Food_Insecure,3920.0,
51177,2019.0,Num_Child_Food_Insecure,2850.0,
51177,2015.0,Num_Child_Food_Insecure,4280.0,
51177,2014.0,Num_Child_Food_Insecure,4680.0,
51179,2017.0,Num_Child_Food_Insecure,3780.0,
51179,2016.0,Num_Child_Food_Insecure,3750.0,
51179,2015.0,Num_Child_Food_Insecure,4090.0,
51179,2018.0,Num_Child_Food_Insecure,2740.0,
51179,2014.0,Num_Child_Food_Insecure,4450.0,
51179,2019.0,Num_Child_Food_Insecure,2250.0,
51181,2017.0,Num_Child_Food_Insecure,190.0,
51181,2016.0,Num_Child_Food_Insecure,190.0,
51181,2018.0,Num_Child_Food_Insecure,200.0,
51181,2014.0,Num_Child_Food_Insecure,210.0,
51181,2019.0,Num_Child_Food_Insecure,200.0,
51181,2015.0,Num_Child_Food_Insecure,190.0,
51183,2016.0,Num_Child_Food_Insecure,170.0,
51183,2015.0,Num_Child_Food_Insecure,320.0,
51183,2017.0,Num_Child_Food_Insecure,310.0,
51183,2019.0,Num_Child_Food_Insecure,330.0,
51183,2018.0,Num_Child_Food_Insecure,370.0,
51183,2014.0,Num_Child_Food_Insecure,380.0,
51185,2015.0,Num_Child_Food_Insecure,1810.0,
51185,2017.0,Num_Child_Food_Insecure,1500.0,
51185,2018.0,Num_Child_Food_Insecure,1710.0,
51185,2019.0,Num_Child_Food_Insecure,1630.0,
51185,2016.0,Num_Child_Food_Insecure,1700.0,
51185,2014.0,Num_Child_Food_Insecure,2130.0,
51187,2017.0,Num_Child_Food_Insecure,1200.0,
51187,2016.0,Num_Child_Food_Insecure,1270.0,
51187,2018.0,Num_Child_Food_Insecure,1190.0,
51187,2015.0,Num_Child_Food_Insecure,1310.0,
51187,2019.0,Num_Child_Food_Insecure,1040.0,
51187,2014.0,Num_Child_Food_Insecure,1490.0,
51191,2017.0,Num_Child_Food_Insecure,1660.0,
51191,2015.0,Num_Child_Food_Insecure,1800.0,
51191,2016.0,Num_Child_Food_Insecure,1680.0,
51191,2018.0,Num_Child_Food_Insecure,1910.0,
51191,2014.0,Num_Child_Food_Insecure,1980.0,
51191,2019.0,Num_Child_Food_Insecure,1670.0,
51193,2017.0,Num_Child_Food_Insecure,370.0,
51193,2016.0,Num_Child_Food_Insecure,420.0,
51193,2015.0,Num_Child_Food_Insecure,480.0,
51193,2018.0,Num_Child_Food_Insecure,430.0,
51193,2014.0,Num_Child_Food_Insecure,520.0,
51193,2019.0,Num_Child_Food_Insecure,490.0,
51195,2015.0,Num_Child_Food_Insecure,1960.0,
51195,2017.0,Num_Child_Food_Insecure,1620.0,
51195,2014.0,Num_Child_Food_Insecure,2170.0,
51195,2016.0,Num_Child_Food_Insecure,1790.0,
51195,2018.0,Num_Child_Food_Insecure,1940.0,
51195,2019.0,Num_Child_Food_Insecure,1710.0,
51197,2015.0,Num_Child_Food_Insecure,1070.0,
51197,2014.0,Num_Child_Food_Insecure,1250.0,
51197,2016.0,Num_Child_Food_Insecure,1060.0,
51197,2017.0,Num_Child_Food_Insecure,1010.0,
51197,2018.0,Num_Child_Food_Insecure,1100.0,
51197,2019.0,Num_Child_Food_Insecure,960.0,
51199,2016.0,Num_Child_Food_Insecure,1850.0,
51199,2019.0,Num_Child_Food_Insecure,1320.0,
51199,2014.0,Num_Child_Food_Insecure,2240.0,
51199,2015.0,Num_Child_Food_Insecure,2060.0,
51199,2017.0,Num_Child_Food_Insecure,1800.0,
51199,2018.0,Num_Child_Food_Insecure,1490.0,
51510,2016.0,Num_Child_Food_Insecure,3010.0,
51510,2015.0,Num_Child_Food_Insecure,3020.0,
51510,2017.0,Num_Child_Food_Insecure,3390.0,
51510,2014.0,Num_Child_Food_Insecure,3200.0,
51510,2019.0,Num_Child_Food_Insecure,2700.0,
51510,2018.0,Num_Child_Food_Insecure,2600.0,
51520,2016.0,Num_Child_Food_Insecure,810.0,
51520,2015.0,Num_Child_Food_Insecure,810.0,
51520,2019.0,Num_Child_Food_Insecure,860.0,
51520,2017.0,Num_Child_Food_Insecure,750.0,
51520,2014.0,Num_Child_Food_Insecure,900.0,
51520,2018.0,Num_Child_Food_Insecure,890.0,
51530,2015.0,Num_Child_Food_Insecure,360.0,
51530,2019.0,Num_Child_Food_Insecure,270.0,
51530,2017.0,Num_Child_Food_Insecure,270.0,
51530,2014.0,Num_Child_Food_Insecure,330.0,
51530,2016.0,Num_Child_Food_Insecure,320.0,
51530,2018.0,Num_Child_Food_Insecure,200.0,
51540,2015.0,Num_Child_Food_Insecure,1070.0,
51540,2019.0,Num_Child_Food_Insecure,930.0,
51540,2017.0,Num_Child_Food_Insecure,1060.0,
51540,2014.0,Num_Child_Food_Insecure,1140.0,
51540,2016.0,Num_Child_Food_Insecure,1060.0,
51540,2018.0,Num_Child_Food_Insecure,970.0,
51550,2019.0,Num_Child_Food_Insecure,6800.0,
51550,2015.0,Num_Child_Food_Insecure,7700.0,
51550,2016.0,Num_Child_Food_Insecure,7520.0,
51550,2014.0,Num_Child_Food_Insecure,8290.0,
51550,2017.0,Num_Child_Food_Insecure,7620.0,
51550,2018.0,Num_Child_Food_Insecure,7040.0,
51570,2015.0,Num_Child_Food_Insecure,630.0,
51570,2019.0,Num_Child_Food_Insecure,580.0,
51570,2016.0,Num_Child_Food_Insecure,650.0,
51570,2017.0,Num_Child_Food_Insecure,630.0,
51570,2014.0,Num_Child_Food_Insecure,720.0,
51570,2018.0,Num_Child_Food_Insecure,660.0,
51580,2015.0,Num_Child_Food_Insecure,280.0,
51580,2019.0,Num_Child_Food_Insecure,190.0,
51580,2017.0,Num_Child_Food_Insecure,230.0,
51580,2014.0,Num_Child_Food_Insecure,300.0,
51580,2018.0,Num_Child_Food_Insecure,210.0,
51580,2016.0,Num_Child_Food_Insecure,230.0,
51590,2019.0,Num_Child_Food_Insecure,2250.0,
51590,2017.0,Num_Child_Food_Insecure,1800.0,
51590,2014.0,Num_Child_Food_Insecure,2340.0,
51590,2016.0,Num_Child_Food_Insecure,1860.0,
51590,2018.0,Num_Child_Food_Insecure,2100.0,
51590,2015.0,Num_Child_Food_Insecure,1960.0,
51595,2017.0,Num_Child_Food_Insecure,350.0,
51595,2018.0,Num_Child_Food_Insecure,360.0,
51595,2014.0,Num_Child_Food_Insecure,330.0,
51595,2015.0,Num_Child_Food_Insecure,340.0,
51595,2016.0,Num_Child_Food_Insecure,340.0,
51595,2019.0,Num_Child_Food_Insecure,430.0,
51600,2017.0,Num_Child_Food_Insecure,450.0,
51600,2014.0,Num_Child_Food_Insecure,550.0,
51600,2016.0,Num_Child_Food_Insecure,350.0,
51600,2018.0,Num_Child_Food_Insecure,260.0,
51600,2015.0,Num_Child_Food_Insecure,430.0,
51600,2019.0,Num_Child_Food_Insecure,160.0,
51610,2017.0,Num_Child_Food_Insecure,270.0,
51610,2015.0,Num_Child_Food_Insecure,310.0,
51610,2014.0,Num_Child_Food_Insecure,330.0,
51610,2019.0,Num_Child_Food_Insecure,50.0,
51610,2018.0,Num_Child_Food_Insecure,90.0,
51610,2016.0,Num_Child_Food_Insecure,220.0,
51620,2017.0,Num_Child_Food_Insecure,350.0,
51620,2014.0,Num_Child_Food_Insecure,510.0,
51620,2015.0,Num_Child_Food_Insecure,410.0,
51620,2016.0,Num_Child_Food_Insecure,350.0,
51620,2018.0,Num_Child_Food_Insecure,350.0,
51620,2019.0,Num_Child_Food_Insecure,400.0,
51630,2014.0,Num_Child_Food_Insecure,1010.0,
51630,2015.0,Num_Child_Food_Insecure,910.0,
51630,2017.0,Num_Child_Food_Insecure,880.0,
51630,2016.0,Num_Child_Food_Insecure,890.0,
51630,2018.0,Num_Child_Food_Insecure,770.0,
51630,2019.0,Num_Child_Food_Insecure,830.0,
51640,2014.0,Num_Child_Food_Insecure,390.0,
51640,2017.0,Num_Child_Food_Insecure,240.0,
51640,2015.0,Num_Child_Food_Insecure,340.0,
51640,2016.0,Num_Child_Food_Insecure,300.0,
51640,2019.0,Num_Child_Food_Insecure,300.0,
51640,2018.0,Num_Child_Food_Insecure,320.0,
51650,2017.0,Num_Child_Food_Insecure,4630.0,
51650,2015.0,Num_Child_Food_Insecure,5020.0,
51650,2014.0,Num_Child_Food_Insecure,5560.0,
51650,2016.0,Num_Child_Food_Insecure,4960.0,
51650,2019.0,Num_Child_Food_Insecure,5290.0,
51650,2018.0,Num_Child_Food_Insecure,5160.0,
51660,2017.0,Num_Child_Food_Insecure,1270.0,
51660,2015.0,Num_Child_Food_Insecure,1360.0,
51660,2016.0,Num_Child_Food_Insecure,1350.0,
51660,2014.0,Num_Child_Food_Insecure,1440.0,
51660,2019.0,Num_Child_Food_Insecure,990.0,
51660,2018.0,Num_Child_Food_Insecure,970.0,
51670,2015.0,Num_Child_Food_Insecure,1120.0,
51670,2014.0,Num_Child_Food_Insecure,1220.0,
51670,2017.0,Num_Child_Food_Insecure,1130.0,
51670,2016.0,Num_Child_Food_Insecure,1120.0,
51670,2019.0,Num_Child_Food_Insecure,1450.0,
51670,2018.0,Num_Child_Food_Insecure,1290.0,
51678,2019.0,Num_Child_Food_Insecure,100.0,
51678,2015.0,Num_Child_Food_Insecure,120.0,
51678,2014.0,Num_Child_Food_Insecure,130.0,
51678,2017.0,Num_Child_Food_Insecure,90.0,
51678,2016.0,Num_Child_Food_Insecure,90.0,
51678,2018.0,Num_Child_Food_Insecure,100.0,
51680,2015.0,Num_Child_Food_Insecure,3020.0,
51680,2019.0,Num_Child_Food_Insecure,2680.0,
51680,2017.0,Num_Child_Food_Insecure,2850.0,
51680,2014.0,Num_Child_Food_Insecure,3330.0,
51680,2016.0,Num_Child_Food_Insecure,2980.0,
51680,2018.0,Num_Child_Food_Insecure,2830.0,
51683,2016.0,Num_Child_Food_Insecure,1180.0,
51683,2019.0,Num_Child_Food_Insecure,690.0,
51683,2017.0,Num_Child_Food_Insecure,1210.0,
51683,2015.0,Num_Child_Food_Insecure,1230.0,
51683,2014.0,Num_Child_Food_Insecure,1550.0,
51683,2018.0,Num_Child_Food_Insecure,760.0,
51685,2014.0,Num_Child_Food_Insecure,470.0,
51685,2019.0,Num_Child_Food_Insecure,270.0,
51685,2016.0,Num_Child_Food_Insecure,440.0,
51685,2017.0,Num_Child_Food_Insecure,490.0,
51685,2015.0,Num_Child_Food_Insecure,440.0,
51685,2018.0,Num_Child_Food_Insecure,350.0,
51690,2014.0,Num_Child_Food_Insecure,730.0,
51690,2017.0,Num_Child_Food_Insecure,650.0,
51690,2016.0,Num_Child_Food_Insecure,620.0,
51690,2018.0,Num_Child_Food_Insecure,760.0,
51690,2015.0,Num_Child_Food_Insecure,620.0,
51690,2019.0,Num_Child_Food_Insecure,780.0,
51700,2016.0,Num_Child_Food_Insecure,7240.0,
51700,2019.0,Num_Child_Food_Insecure,7420.0,
51700,2014.0,Num_Child_Food_Insecure,7850.0,
51700,2015.0,Num_Child_Food_Insecure,7070.0,
51700,2017.0,Num_Child_Food_Insecure,7060.0,
51700,2018.0,Num_Child_Food_Insecure,7030.0,
51710,2017.0,Num_Child_Food_Insecure,9070.0,
51710,2015.0,Num_Child_Food_Insecure,9240.0,
51710,2016.0,Num_Child_Food_Insecure,9220.0,
51710,2019.0,Num_Child_Food_Insecure,9300.0,
51710,2014.0,Num_Child_Food_Insecure,10200.0,
51710,2018.0,Num_Child_Food_Insecure,8910.0,
51720,2016.0,Num_Child_Food_Insecure,190.0,
51720,2015.0,Num_Child_Food_Insecure,210.0,
51720,2017.0,Num_Child_Food_Insecure,200.0,
51720,2018.0,Num_Child_Food_Insecure,250.0,
51720,2014.0,Num_Child_Food_Insecure,170.0,
51720,2019.0,Num_Child_Food_Insecure,250.0,
51730,2014.0,Num_Child_Food_Insecure,1810.0,
51730,2017.0,Num_Child_Food_Insecure,1550.0,
51730,2019.0,Num_Child_Food_Insecure,1900.0,
51730,2016.0,Num_Child_Food_Insecure,1590.0,
51730,2018.0,Num_Child_Food_Insecure,1800.0,
51730,2015.0,Num_Child_Food_Insecure,1600.0,
51735,2017.0,Num_Child_Food_Insecure,290.0,
51735,2014.0,Num_Child_Food_Insecure,400.0,
51735,2015.0,Num_Child_Food_Insecure,330.0,
51735,2019.0,Num_Child_Food_Insecure,210.0,
51735,2016.0,Num_Child_Food_Insecure,280.0,
51735,2018.0,Num_Child_Food_Insecure,240.0,
51740,2016.0,Num_Child_Food_Insecure,4300.0,
51740,2017.0,Num_Child_Food_Insecure,4180.0,
51740,2014.0,Num_Child_Food_Insecure,4580.0,
51740,2019.0,Num_Child_Food_Insecure,4610.0,
51740,2015.0,Num_Child_Food_Insecure,4180.0,
51740,2018.0,Num_Child_Food_Insecure,4340.0,
51750,2017.0,Num_Child_Food_Insecure,330.0,
51750,2014.0,Num_Child_Food_Insecure,450.0,
51750,2015.0,Num_Child_Food_Insecure,390.0,
51750,2019.0,Num_Child_Food_Insecure,230.0,
51750,2016.0,Num_Child_Food_Insecure,360.0,
51750,2018.0,Num_Child_Food_Insecure,280.0,
51760,2015.0,Num_Child_Food_Insecure,7910.0,
51760,2014.0,Num_Child_Food_Insecure,8530.0,
51760,2016.0,Num_Child_Food_Insecure,8020.0,
51760,2017.0,Num_Child_Food_Insecure,8040.0,
51760,2019.0,Num_Child_Food_Insecure,9060.0,
51760,2018.0,Num_Child_Food_Insecure,8770.0,
51770,2014.0,Num_Child_Food_Insecure,4700.0,
51770,2016.0,Num_Child_Food_Insecure,4290.0,
51770,2017.0,Num_Child_Food_Insecure,4200.0,
51770,2015.0,Num_Child_Food_Insecure,4270.0,
51770,2019.0,Num_Child_Food_Insecure,4190.0,
51770,2018.0,Num_Child_Food_Insecure,4230.0,
51775,2017.0,Num_Child_Food_Insecure,680.0,
51775,2014.0,Num_Child_Food_Insecure,880.0,
51775,2016.0,Num_Child_Food_Insecure,670.0,
51775,2018.0,Num_Child_Food_Insecure,590.0,
51775,2015.0,Num_Child_Food_Insecure,760.0,
51775,2019.0,Num_Child_Food_Insecure,530.0,
51790,2018.0,Num_Child_Food_Insecure,730.0,
51790,2016.0,Num_Child_Food_Insecure,780.0,
51790,2017.0,Num_Child_Food_Insecure,700.0,
51790,2019.0,Num_Child_Food_Insecure,550.0,
51790,2014.0,Num_Child_Food_Insecure,1010.0,
51790,2015.0,Num_Child_Food_Insecure,890.0,
51800,2017.0,Num_Child_Food_Insecure,2980.0,
51800,2018.0,Num_Child_Food_Insecure,2950.0,
51800,2016.0,Num_Child_Food_Insecure,3060.0,
51800,2019.0,Num_Child_Food_Insecure,2900.0,
51800,2014.0,Num_Child_Food_Insecure,3280.0,
51800,2015.0,Num_Child_Food_Insecure,3030.0,
51810,2017.0,Num_Child_Food_Insecure,12540.0,
51810,2014.0,Num_Child_Food_Insecure,15590.0,
51810,2016.0,Num_Child_Food_Insecure,13050.0,
51810,2018.0,Num_Child_Food_Insecure,10770.0,
51810,2019.0,Num_Child_Food_Insecure,9820.0,
51810,2015.0,Num_Child_Food_Insecure,13910.0,
51820,2017.0,Num_Child_Food_Insecure,840.0,
51820,2016.0,Num_Child_Food_Insecure,850.0,
51820,2014.0,Num_Child_Food_Insecure,1090.0,
51820,2019.0,Num_Child_Food_Insecure,910.0,
51820,2018.0,Num_Child_Food_Insecure,910.0,
51820,2015.0,Num_Child_Food_Insecure,940.0,
51830,2019.0,Num_Child_Food_Insecure,210.0,
51830,2016.0,Num_Child_Food_Insecure,240.0,
51830,2015.0,Num_Child_Food_Insecure,280.0,
51830,2017.0,Num_Child_Food_Insecure,240.0,
51830,2018.0,Num_Child_Food_Insecure,210.0,
51830,2014.0,Num_Child_Food_Insecure,310.0,
51840,2016.0,Num_Child_Food_Insecure,920.0,
51840,2019.0,Num_Child_Food_Insecure,970.0,
51840,2017.0,Num_Child_Food_Insecure,890.0,
51840,2018.0,Num_Child_Food_Insecure,950.0,
51840,2015.0,Num_Child_Food_Insecure,960.0,
51840,2014.0,Num_Child_Food_Insecure,1040.0,
51_hd_01,2014.0,Num_Child_Food_Insecure,3200.0,
51_hd_01,2015.0,Num_Child_Food_Insecure,3020.0,
51_hd_01,2016.0,Num_Child_Food_Insecure,3010.0,
51_hd_01,2017.0,Num_Child_Food_Insecure,3390.0,
51_hd_01,2018.0,Num_Child_Food_Insecure,2600.0,
51_hd_01,2019.0,Num_Child_Food_Insecure,2700.0,
51_hd_02,2014.0,Num_Child_Food_Insecure,6050.0,
51_hd_02,2015.0,Num_Child_Food_Insecure,5480.0,
51_hd_02,2016.0,Num_Child_Food_Insecure,4850.0,
51_hd_02,2017.0,Num_Child_Food_Insecure,4780.0,
51_hd_02,2018.0,Num_Child_Food_Insecure,4380.0,
51_hd_02,2019.0,Num_Child_Food_Insecure,3530.0,
51_hd_03,2014.0,Num_Child_Food_Insecure,3790.0,
51_hd_03,2015.0,Num_Child_Food_Insecure,3810.0,
51_hd_03,2016.0,Num_Child_Food_Insecure,3190.0,
51_hd_03,2017.0,Num_Child_Food_Insecure,3690.0,
51_hd_03,2018.0,Num_Child_Food_Insecure,1660.0,
51_hd_03,2019.0,Num_Child_Food_Insecure,1130.0,
51_hd_04,2014.0,Num_Child_Food_Insecure,10630.0,
51_hd_04,2015.0,Num_Child_Food_Insecure,9630.0,
51_hd_04,2016.0,Num_Child_Food_Insecure,8790.0,
51_hd_04,2017.0,Num_Child_Food_Insecure,8260.0,
51_hd_04,2018.0,Num_Child_Food_Insecure,7430.0,
51_hd_04,2019.0,Num_Child_Food_Insecure,6600.0,
51_hd_05,2014.0,Num_Child_Food_Insecure,10010.0,
51_hd_05,2015.0,Num_Child_Food_Insecure,8980.0,
51_hd_05,2016.0,Num_Child_Food_Insecure,8360.0,
51_hd_05,2017.0,Num_Child_Food_Insecure,8030.0,
51_hd_05,2018.0,Num_Child_Food_Insecure,8060.0,
51_hd_05,2019.0,Num_Child_Food_Insecure,7290.0,
51_hd_06,2014.0,Num_Child_Food_Insecure,8290.0,
51_hd_06,2015.0,Num_Child_Food_Insecure,7700.0,
51_hd_06,2016.0,Num_Child_Food_Insecure,7520.0,
51_hd_06,2017.0,Num_Child_Food_Insecure,7620.0,
51_hd_06,2018.0,Num_Child_Food_Insecure,7040.0,
51_hd_06,2019.0,Num_Child_Food_Insecure,6800.0,
51_hd_07,2014.0,Num_Child_Food_Insecure,12020.0,
51_hd_07,2015.0,Num_Child_Food_Insecure,10810.0,
51_hd_07,2016.0,Num_Child_Food_Insecure,10270.0,
51_hd_07,2017.0,Num_Child_Food_Insecure,10160.0,
51_hd_07,2018.0,Num_Child_Food_Insecure,8930.0,
51_hd_07,2019.0,Num_Child_Food_Insecure,7960.0,
51_hd_08,2014.0,Num_Child_Food_Insecure,4390.0,
51_hd_08,2015.0,Num_Child_Food_Insecure,4150.0,
51_hd_08,2016.0,Num_Child_Food_Insecure,3710.0,
51_hd_08,2017.0,Num_Child_Food_Insecure,3680.0,
51_hd_08,2018.0,Num_Child_Food_Insecure,3040.0,
51_hd_08,2019.0,Num_Child_Food_Insecure,2390.0,
51_hd_09,2014.0,Num_Child_Food_Insecure,6640.0,
51_hd_09,2015.0,Num_Child_Food_Insecure,5980.0,
51_hd_09,2016.0,Num_Child_Food_Insecure,5820.0,
51_hd_09,2017.0,Num_Child_Food_Insecure,6010.0,
51_hd_09,2018.0,Num_Child_Food_Insecure,6400.0,
51_hd_09,2019.0,Num_Child_Food_Insecure,6570.0,
51_hd_10,2014.0,Num_Child_Food_Insecure,5530.0,
51_hd_10,2015.0,Num_Child_Food_Insecure,5020.0,
51_hd_10,2016.0,Num_Child_Food_Insecure,4560.0,
51_hd_10,2017.0,Num_Child_Food_Insecure,4200.0,
51_hd_10,2018.0,Num_Child_Food_Insecure,4780.0,
51_hd_10,2019.0,Num_Child_Food_Insecure,4520.0,
51_hd_11,2014.0,Num_Child_Food_Insecure,1970.0,
51_hd_11,2015.0,Num_Child_Food_Insecure,1790.0,
51_hd_11,2016.0,Num_Child_Food_Insecure,1740.0,
51_hd_11,2017.0,Num_Child_Food_Insecure,1750.0,
51_hd_11,2018.0,Num_Child_Food_Insecure,1820.0,
51_hd_11,2019.0,Num_Child_Food_Insecure,1880.0,
51_hd_12,2014.0,Num_Child_Food_Insecure,29490.0,
51_hd_12,2015.0,Num_Child_Food_Insecure,28320.0,
51_hd_12,2016.0,Num_Child_Food_Insecure,24220.0,
51_hd_12,2017.0,Num_Child_Food_Insecure,26440.0,
51_hd_12,2018.0,Num_Child_Food_Insecure,15560.0,
51_hd_12,2019.0,Num_Child_Food_Insecure,12050.0,
51_hd_13,2014.0,Num_Child_Food_Insecure,5560.0,
51_hd_13,2015.0,Num_Child_Food_Insecure,5020.0,
51_hd_13,2016.0,Num_Child_Food_Insecure,4960.0,
51_hd_13,2017.0,Num_Child_Food_Insecure,4630.0,
51_hd_13,2018.0,Num_Child_Food_Insecure,5160.0,
51_hd_13,2019.0,Num_Child_Food_Insecure,5290.0,
51_hd_14,2014.0,Num_Child_Food_Insecure,11400.0,
51_hd_14,2015.0,Num_Child_Food_Insecure,10330.0,
51_hd_14,2016.0,Num_Child_Food_Insecure,9840.0,
51_hd_14,2017.0,Num_Child_Food_Insecure,10020.0,
51_hd_14,2018.0,Num_Child_Food_Insecure,9230.0,
51_hd_14,2019.0,Num_Child_Food_Insecure,8360.0,
51_hd_15,2014.0,Num_Child_Food_Insecure,4670.0,
51_hd_15,2015.0,Num_Child_Food_Insecure,4320.0,
51_hd_15,2016.0,Num_Child_Food_Insecure,3930.0,
51_hd_15,2017.0,Num_Child_Food_Insecure,3530.0,
51_hd_15,2018.0,Num_Child_Food_Insecure,4080.0,
51_hd_15,2019.0,Num_Child_Food_Insecure,3770.0,
51_hd_16,2014.0,Num_Child_Food_Insecure,8490.0,
51_hd_16,2015.0,Num_Child_Food_Insecure,7670.0,
51_hd_16,2016.0,Num_Child_Food_Insecure,6890.0,
51_hd_16,2017.0,Num_Child_Food_Insecure,6630.0,
51_hd_16,2018.0,Num_Child_Food_Insecure,6550.0,
51_hd_16,2019.0,Num_Child_Food_Insecure,5710.0,
51_hd_17,2014.0,Num_Child_Food_Insecure,9660.0,
51_hd_17,2015.0,Num_Child_Food_Insecure,9500.0,
51_hd_17,2016.0,Num_Child_Food_Insecure,8090.0,
51_hd_17,2017.0,Num_Child_Food_Insecure,8920.0,
51_hd_17,2018.0,Num_Child_Food_Insecure,4380.0,
51_hd_17,2019.0,Num_Child_Food_Insecure,1900.0,
51_hd_18,2014.0,Num_Child_Food_Insecure,8510.0,
51_hd_18,2015.0,Num_Child_Food_Insecure,7440.0,
51_hd_18,2016.0,Num_Child_Food_Insecure,6790.0,
51_hd_18,2017.0,Num_Child_Food_Insecure,6430.0,
51_hd_18,2018.0,Num_Child_Food_Insecure,7250.0,
51_hd_18,2019.0,Num_Child_Food_Insecure,6520.0,
51_hd_19,2014.0,Num_Child_Food_Insecure,5700.0,
51_hd_19,2015.0,Num_Child_Food_Insecure,4940.0,
51_hd_19,2016.0,Num_Child_Food_Insecure,4720.0,
51_hd_19,2017.0,Num_Child_Food_Insecure,4500.0,
51_hd_19,2018.0,Num_Child_Food_Insecure,4130.0,
51_hd_19,2019.0,Num_Child_Food_Insecure,3650.0,
51_hd_20,2014.0,Num_Child_Food_Insecure,10200.0,
51_hd_20,2015.0,Num_Child_Food_Insecure,9240.0,
51_hd_20,2016.0,Num_Child_Food_Insecure,9220.0,
51_hd_20,2017.0,Num_Child_Food_Insecure,9070.0,
51_hd_20,2018.0,Num_Child_Food_Insecure,8910.0,
51_hd_20,2019.0,Num_Child_Food_Insecure,9300.0,
51_hd_21,2014.0,Num_Child_Food_Insecure,12920.0,
51_hd_21,2015.0,Num_Child_Food_Insecure,11620.0,
51_hd_21,2016.0,Num_Child_Food_Insecure,11310.0,
51_hd_21,2017.0,Num_Child_Food_Insecure,11140.0,
51_hd_21,2018.0,Num_Child_Food_Insecure,10670.0,
51_hd_21,2019.0,Num_Child_Food_Insecure,10560.0,
51_hd_22,2014.0,Num_Child_Food_Insecure,4070.0,
51_hd_22,2015.0,Num_Child_Food_Insecure,3690.0,
51_hd_22,2016.0,Num_Child_Food_Insecure,3480.0,
51_hd_22,2017.0,Num_Child_Food_Insecure,3350.0,
51_hd_22,2018.0,Num_Child_Food_Insecure,3680.0,
51_hd_22,2019.0,Num_Child_Food_Insecure,3460.0,
51_hd_23,2014.0,Num_Child_Food_Insecure,4800.0,
51_hd_23,2015.0,Num_Child_Food_Insecure,4310.0,
51_hd_23,2016.0,Num_Child_Food_Insecure,3970.0,
51_hd_23,2017.0,Num_Child_Food_Insecure,3820.0,
51_hd_23,2018.0,Num_Child_Food_Insecure,4370.0,
51_hd_23,2019.0,Num_Child_Food_Insecure,4450.0,
51_hd_24,2014.0,Num_Child_Food_Insecure,4580.0,
51_hd_24,2015.0,Num_Child_Food_Insecure,4180.0,
51_hd_24,2016.0,Num_Child_Food_Insecure,4300.0,
51_hd_24,2017.0,Num_Child_Food_Insecure,4180.0,
51_hd_24,2018.0,Num_Child_Food_Insecure,4340.0,
51_hd_24,2019.0,Num_Child_Food_Insecure,4610.0,
51_hd_25,2014.0,Num_Child_Food_Insecure,15650.0,
51_hd_25,2015.0,Num_Child_Food_Insecure,14400.0,
51_hd_25,2016.0,Num_Child_Food_Insecure,13830.0,
51_hd_25,2017.0,Num_Child_Food_Insecure,14200.0,
51_hd_25,2018.0,Num_Child_Food_Insecure,9810.0,
51_hd_25,2019.0,Num_Child_Food_Insecure,8500.0,
51_hd_26,2014.0,Num_Child_Food_Insecure,12240.0,
51_hd_26,2015.0,Num_Child_Food_Insecure,11170.0,
51_hd_26,2016.0,Num_Child_Food_Insecure,10460.0,
51_hd_26,2017.0,Num_Child_Food_Insecure,10390.0,
51_hd_26,2018.0,Num_Child_Food_Insecure,8490.0,
51_hd_26,2019.0,Num_Child_Food_Insecure,7230.0,
51_hd_27,2014.0,Num_Child_Food_Insecure,6090.0,
51_hd_27,2015.0,Num_Child_Food_Insecure,5480.0,
51_hd_27,2016.0,Num_Child_Food_Insecure,4780.0,
51_hd_27,2017.0,Num_Child_Food_Insecure,4770.0,
51_hd_27,2018.0,Num_Child_Food_Insecure,4120.0,
51_hd_27,2019.0,Num_Child_Food_Insecure,3330.0,
51_hd_28,2014.0,Num_Child_Food_Insecure,8530.0,
51_hd_28,2015.0,Num_Child_Food_Insecure,7910.0,
51_hd_28,2016.0,Num_Child_Food_Insecure,8020.0,
51_hd_28,2017.0,Num_Child_Food_Insecure,8040.0,
51_hd_28,2018.0,Num_Child_Food_Insecure,8770.0,
51_hd_28,2019.0,Num_Child_Food_Insecure,9060.0,
51_hd_29,2014.0,Num_Child_Food_Insecure,4700.0,
51_hd_29,2015.0,Num_Child_Food_Insecure,4270.0,
51_hd_29,2016.0,Num_Child_Food_Insecure,4290.0,
51_hd_29,2017.0,Num_Child_Food_Insecure,4200.0,
51_hd_29,2018.0,Num_Child_Food_Insecure,4230.0,
51_hd_29,2019.0,Num_Child_Food_Insecure,4190.0,
51_hd_30,2014.0,Num_Child_Food_Insecure,3700.0,
51_hd_30,2015.0,Num_Child_Food_Insecure,3110.0,
51_hd_30,2016.0,Num_Child_Food_Insecure,2970.0,
51_hd_30,2017.0,Num_Child_Food_Insecure,2880.0,
51_hd_30,2018.0,Num_Child_Food_Insecure,3220.0,
51_hd_30,2019.0,Num_Child_Food_Insecure,3050.0,
51_hd_31,2014.0,Num_Child_Food_Insecure,7240.0,
51_hd_31,2015.0,Num_Child_Food_Insecure,6550.0,
51_hd_31,2016.0,Num_Child_Food_Insecure,6240.0,
51_hd_31,2017.0,Num_Child_Food_Insecure,6170.0,
51_hd_31,2018.0,Num_Child_Food_Insecure,5430.0,
51_hd_31,2019.0,Num_Child_Food_Insecure,4720.0,
51_hd_32,2014.0,Num_Child_Food_Insecure,4570.0,
51_hd_32,2015.0,Num_Child_Food_Insecure,3960.0,
51_hd_32,2016.0,Num_Child_Food_Insecure,3840.0,
51_hd_32,2017.0,Num_Child_Food_Insecure,3830.0,
51_hd_32,2018.0,Num_Child_Food_Insecure,3840.0,
51_hd_32,2019.0,Num_Child_Food_Insecure,3730.0,
51_hd_33,2014.0,Num_Child_Food_Insecure,15590.0,
51_hd_33,2015.0,Num_Child_Food_Insecure,13910.0,
51_hd_33,2016.0,Num_Child_Food_Insecure,13050.0,
51_hd_33,2017.0,Num_Child_Food_Insecure,12540.0,
51_hd_33,2018.0,Num_Child_Food_Insecure,10770.0,
51_hd_33,2019.0,Num_Child_Food_Insecure,9820.0,
51_hd_34,2014.0,Num_Child_Food_Insecure,6220.0,
51_hd_34,2015.0,Num_Child_Food_Insecure,5590.0,
51_hd_34,2016.0,Num_Child_Food_Insecure,5350.0,
51_hd_34,2017.0,Num_Child_Food_Insecure,5140.0,
51_hd_34,2018.0,Num_Child_Food_Insecure,5690.0,
51_hd_34,2019.0,Num_Child_Food_Insecure,5030.0,
51_hd_35,2014.0,Num_Child_Food_Insecure,5680.0,
51_hd_35,2015.0,Num_Child_Food_Insecure,5240.0,
51_hd_35,2016.0,Num_Child_Food_Insecure,5070.0,
51_hd_35,2017.0,Num_Child_Food_Insecure,4890.0,
51_hd_35,2018.0,Num_Child_Food_Insecure,4830.0,
51_hd_35,2019.0,Num_Child_Food_Insecure,4750.0,
