geoid,year,measure,value,moe
51_ahec_01,2016.0,degrees_awarded_two_year,39.0,
51_ahec_01,2016.0,degrees_awarded_two_year,163.0,
51_ahec_01,2016.0,degrees_awarded_two_year,18.0,
51_ahec_01,2016.0,degrees_awarded_two_year,18.0,
51_ahec_01,2016.0,degrees_awarded_two_year,24.0,
51_ahec_01,2016.0,degrees_awarded_two_year,17.0,
51_ahec_01,2016.0,degrees_awarded_two_year,29.0,
51_ahec_01,2016.0,degrees_awarded_two_year,66.0,
51_ahec_01,2016.0,degrees_awarded_two_year,7.0,
51_ahec_01,2016.0,degrees_awarded_two_year,53.0,
51_ahec_01,2016.0,degrees_awarded_two_year,18.0,
51_ahec_01,2016.0,degrees_awarded_two_year,27.0,
51_ahec_01,2016.0,degrees_awarded_two_year,31.0,
51_ahec_01,2016.0,degrees_awarded_two_year,25.0,
51_ahec_01,2016.0,degrees_awarded_two_year,40.0,
51_ahec_01,2016.0,degrees_awarded_two_year,83.0,
51_ahec_01,2016.0,degrees_awarded_two_year,16.0,
51_ahec_01,2016.0,degrees_awarded_two_year,59.0,
51_ahec_01,2016.0,degrees_awarded_two_year,8.0,
51_ahec_01,2016.0,degrees_awarded_two_year,36.0,
51_ahec_01,2016.0,degrees_awarded_two_year,292.0,
51_ahec_01,2016.0,degrees_awarded_two_year,24.0,
51_ahec_01,2016.0,degrees_awarded_two_year,4.0,
51_ahec_01,2016.0,degrees_awarded_two_year,67.0,
51_ahec_01,2016.0,degrees_awarded_two_year,9.0,
51_ahec_01,2016.0,degrees_awarded_two_year,43.0,
51_ahec_01,2016.0,degrees_awarded_two_year,21.0,
51_ahec_02,2016.0,degrees_awarded_two_year,23.0,
51_ahec_02,2016.0,degrees_awarded_two_year,223.0,
51_ahec_02,2016.0,degrees_awarded_two_year,77.0,
51_ahec_02,2016.0,degrees_awarded_two_year,20.0,
51_ahec_02,2016.0,degrees_awarded_two_year,49.0,
51_ahec_02,2016.0,degrees_awarded_two_year,41.0,
51_ahec_02,2016.0,degrees_awarded_two_year,87.0,
51_ahec_02,2016.0,degrees_awarded_two_year,21.0,
51_ahec_02,2016.0,degrees_awarded_two_year,67.0,
51_ahec_03,2016.0,degrees_awarded_two_year,4.0,
51_ahec_03,2016.0,degrees_awarded_two_year,31.0,
51_ahec_03,2016.0,degrees_awarded_two_year,38.0,
51_ahec_03,2016.0,degrees_awarded_two_year,28.0,
51_ahec_03,2016.0,degrees_awarded_two_year,53.0,
51_ahec_03,2016.0,degrees_awarded_two_year,57.0,
51_ahec_03,2016.0,degrees_awarded_two_year,196.0,
51_ahec_03,2016.0,degrees_awarded_two_year,51.0,
51_ahec_03,2016.0,degrees_awarded_two_year,1.0,
51_ahec_03,2016.0,degrees_awarded_two_year,34.0,
51_ahec_03,2016.0,degrees_awarded_two_year,27.0,
51_ahec_03,2016.0,degrees_awarded_two_year,8.0,
51_ahec_03,2016.0,degrees_awarded_two_year,40.0,
51_ahec_03,2016.0,degrees_awarded_two_year,25.0,
51_ahec_03,2016.0,degrees_awarded_two_year,19.0,
51_ahec_03,2016.0,degrees_awarded_two_year,54.0,
51_ahec_04,2016.0,degrees_awarded_two_year,61.0,
51_ahec_04,2016.0,degrees_awarded_two_year,52.0,
51_ahec_04,2016.0,degrees_awarded_two_year,23.0,
51_ahec_04,2016.0,degrees_awarded_two_year,21.0,
51_ahec_04,2016.0,degrees_awarded_two_year,18.0,
51_ahec_04,2016.0,degrees_awarded_two_year,92.0,
51_ahec_04,2016.0,degrees_awarded_two_year,13.0,
51_ahec_04,2016.0,degrees_awarded_two_year,58.0,
51_ahec_04,2016.0,degrees_awarded_two_year,16.0,
51_ahec_05,2016.0,degrees_awarded_two_year,30.0,
51_ahec_05,2016.0,degrees_awarded_two_year,14.0,
51_ahec_05,2016.0,degrees_awarded_two_year,20.0,
51_ahec_05,2016.0,degrees_awarded_two_year,25.0,
51_ahec_05,2016.0,degrees_awarded_two_year,43.0,
51_ahec_05,2016.0,degrees_awarded_two_year,28.0,
51_ahec_05,2016.0,degrees_awarded_two_year,17.0,
51_ahec_05,2016.0,degrees_awarded_two_year,62.0,
51_ahec_05,2016.0,degrees_awarded_two_year,28.0,
51_ahec_05,2016.0,degrees_awarded_two_year,40.0,
51_ahec_05,2016.0,degrees_awarded_two_year,15.0,
51_ahec_05,2016.0,degrees_awarded_two_year,103.0,
51_ahec_05,2016.0,degrees_awarded_two_year,37.0,
51_ahec_05,2016.0,degrees_awarded_two_year,7.0,
51_ahec_05,2016.0,degrees_awarded_two_year,22.0,
51_ahec_06,2016.0,degrees_awarded_two_year,82.0,
51_ahec_06,2016.0,degrees_awarded_two_year,10.0,
51_ahec_06,2016.0,degrees_awarded_two_year,55.0,
51_ahec_06,2016.0,degrees_awarded_two_year,39.0,
51_ahec_06,2016.0,degrees_awarded_two_year,33.0,
51_ahec_06,2016.0,degrees_awarded_two_year,53.0,
51_ahec_06,2016.0,degrees_awarded_two_year,39.0,
51_ahec_06,2016.0,degrees_awarded_two_year,34.0,
51_ahec_06,2016.0,degrees_awarded_two_year,88.0,
51_ahec_06,2016.0,degrees_awarded_two_year,91.0,
51_ahec_06,2016.0,degrees_awarded_two_year,3.0,
51_ahec_06,2016.0,degrees_awarded_two_year,4.0,
51_ahec_06,2016.0,degrees_awarded_two_year,82.0,
51_ahec_06,2016.0,degrees_awarded_two_year,30.0,
51_ahec_06,2016.0,degrees_awarded_two_year,84.0,
51_ahec_06,2016.0,degrees_awarded_two_year,26.0,
51_ahec_06,2016.0,degrees_awarded_two_year,117.0,
51_ahec_06,2016.0,degrees_awarded_two_year,55.0,
51_ahec_07,2016.0,degrees_awarded_two_year,27.0,
51_ahec_07,2016.0,degrees_awarded_two_year,33.0,
51_ahec_07,2016.0,degrees_awarded_two_year,0.0,
51_ahec_07,2016.0,degrees_awarded_two_year,22.0,
51_ahec_07,2016.0,degrees_awarded_two_year,5.0,
51_ahec_07,2016.0,degrees_awarded_two_year,36.0,
51_ahec_07,2016.0,degrees_awarded_two_year,90.0,
51_ahec_07,2016.0,degrees_awarded_two_year,16.0,
51_ahec_07,2016.0,degrees_awarded_two_year,3.0,
51_ahec_07,2016.0,degrees_awarded_two_year,65.0,
51_ahec_07,2016.0,degrees_awarded_two_year,6.0,
51_ahec_07,2016.0,degrees_awarded_two_year,5.0,
51_ahec_08,2016.0,degrees_awarded_two_year,4.0,
51_ahec_08,2016.0,degrees_awarded_two_year,21.0,
51_ahec_08,2016.0,degrees_awarded_two_year,49.0,
51_ahec_08,2016.0,degrees_awarded_two_year,24.0,
51_ahec_08,2016.0,degrees_awarded_two_year,47.0,
51_ahec_08,2016.0,degrees_awarded_two_year,22.0,
51_ahec_08,2016.0,degrees_awarded_two_year,9.0,
51_ahec_08,2016.0,degrees_awarded_two_year,0.0,
51_ahec_08,2016.0,degrees_awarded_two_year,55.0,
51_ahec_08,2016.0,degrees_awarded_two_year,13.0,
51_ahec_08,2016.0,degrees_awarded_two_year,1.0,
51_ahec_08,2016.0,degrees_awarded_two_year,18.0,
51_ahec_08,2016.0,degrees_awarded_two_year,77.0,
51_ahec_08,2016.0,degrees_awarded_two_year,63.0,
51_ahec_08,2016.0,degrees_awarded_two_year,22.0,
51_ahec_08,2016.0,degrees_awarded_two_year,12.0,
51_ahec_08,2016.0,degrees_awarded_two_year,5.0,
51_ahec_08,2016.0,degrees_awarded_two_year,48.0,
51_ahec_08,2016.0,degrees_awarded_two_year,12.0,
51_ahec_08,2016.0,degrees_awarded_two_year,134.0,
51_ahec_08,2016.0,degrees_awarded_two_year,55.0,
51_ahec_08,2016.0,degrees_awarded_two_year,14.0,
51_ahec_08,2016.0,degrees_awarded_two_year,14.0,
51_ahec_08,2016.0,degrees_awarded_two_year,52.0,
51_ahec_08,2016.0,degrees_awarded_two_year,187.0,
51_ahec_08,2016.0,degrees_awarded_two_year,19.0,
51_ahec_08,2016.0,degrees_awarded_two_year,4.0,
51_ahec_08,2016.0,degrees_awarded_two_year,53.0,
51_ahec_01,2017.0,degrees_awarded_two_year,46.0,
51_ahec_01,2017.0,degrees_awarded_two_year,146.0,
51_ahec_01,2017.0,degrees_awarded_two_year,22.0,
51_ahec_01,2017.0,degrees_awarded_two_year,20.0,
51_ahec_01,2017.0,degrees_awarded_two_year,35.0,
51_ahec_01,2017.0,degrees_awarded_two_year,11.0,
51_ahec_01,2017.0,degrees_awarded_two_year,32.0,
51_ahec_01,2017.0,degrees_awarded_two_year,60.0,
51_ahec_01,2017.0,degrees_awarded_two_year,6.0,
51_ahec_01,2017.0,degrees_awarded_two_year,74.0,
51_ahec_01,2017.0,degrees_awarded_two_year,10.0,
51_ahec_01,2017.0,degrees_awarded_two_year,42.0,
51_ahec_01,2017.0,degrees_awarded_two_year,24.0,
51_ahec_01,2017.0,degrees_awarded_two_year,57.0,
51_ahec_01,2017.0,degrees_awarded_two_year,37.0,
51_ahec_01,2017.0,degrees_awarded_two_year,112.0,
51_ahec_01,2017.0,degrees_awarded_two_year,44.0,
51_ahec_01,2017.0,degrees_awarded_two_year,39.0,
51_ahec_01,2017.0,degrees_awarded_two_year,5.0,
51_ahec_01,2017.0,degrees_awarded_two_year,21.0,
51_ahec_01,2017.0,degrees_awarded_two_year,277.0,
51_ahec_01,2017.0,degrees_awarded_two_year,12.0,
51_ahec_01,2017.0,degrees_awarded_two_year,5.0,
51_ahec_01,2017.0,degrees_awarded_two_year,75.0,
51_ahec_01,2017.0,degrees_awarded_two_year,9.0,
51_ahec_01,2017.0,degrees_awarded_two_year,38.0,
51_ahec_01,2017.0,degrees_awarded_two_year,14.0,
51_ahec_02,2017.0,degrees_awarded_two_year,21.0,
51_ahec_02,2017.0,degrees_awarded_two_year,223.0,
51_ahec_02,2017.0,degrees_awarded_two_year,36.0,
51_ahec_02,2017.0,degrees_awarded_two_year,11.0,
51_ahec_02,2017.0,degrees_awarded_two_year,48.0,
51_ahec_02,2017.0,degrees_awarded_two_year,35.0,
51_ahec_02,2017.0,degrees_awarded_two_year,87.0,
51_ahec_02,2017.0,degrees_awarded_two_year,9.0,
51_ahec_02,2017.0,degrees_awarded_two_year,38.0,
51_ahec_03,2017.0,degrees_awarded_two_year,13.0,
51_ahec_03,2017.0,degrees_awarded_two_year,26.0,
51_ahec_03,2017.0,degrees_awarded_two_year,36.0,
51_ahec_03,2017.0,degrees_awarded_two_year,13.0,
51_ahec_03,2017.0,degrees_awarded_two_year,72.0,
51_ahec_03,2017.0,degrees_awarded_two_year,63.0,
51_ahec_03,2017.0,degrees_awarded_two_year,187.0,
51_ahec_03,2017.0,degrees_awarded_two_year,45.0,
51_ahec_03,2017.0,degrees_awarded_two_year,2.0,
51_ahec_03,2017.0,degrees_awarded_two_year,21.0,
51_ahec_03,2017.0,degrees_awarded_two_year,30.0,
51_ahec_03,2017.0,degrees_awarded_two_year,6.0,
51_ahec_03,2017.0,degrees_awarded_two_year,42.0,
51_ahec_03,2017.0,degrees_awarded_two_year,19.0,
51_ahec_03,2017.0,degrees_awarded_two_year,9.0,
51_ahec_03,2017.0,degrees_awarded_two_year,51.0,
51_ahec_04,2017.0,degrees_awarded_two_year,54.0,
51_ahec_04,2017.0,degrees_awarded_two_year,46.0,
51_ahec_04,2017.0,degrees_awarded_two_year,21.0,
51_ahec_04,2017.0,degrees_awarded_two_year,23.0,
51_ahec_04,2017.0,degrees_awarded_two_year,21.0,
51_ahec_04,2017.0,degrees_awarded_two_year,62.0,
51_ahec_04,2017.0,degrees_awarded_two_year,14.0,
51_ahec_04,2017.0,degrees_awarded_two_year,59.0,
51_ahec_04,2017.0,degrees_awarded_two_year,12.0,
51_ahec_05,2017.0,degrees_awarded_two_year,23.0,
51_ahec_05,2017.0,degrees_awarded_two_year,15.0,
51_ahec_05,2017.0,degrees_awarded_two_year,24.0,
51_ahec_05,2017.0,degrees_awarded_two_year,14.0,
51_ahec_05,2017.0,degrees_awarded_two_year,65.0,
51_ahec_05,2017.0,degrees_awarded_two_year,21.0,
51_ahec_05,2017.0,degrees_awarded_two_year,24.0,
51_ahec_05,2017.0,degrees_awarded_two_year,125.0,
51_ahec_05,2017.0,degrees_awarded_two_year,30.0,
51_ahec_05,2017.0,degrees_awarded_two_year,19.0,
51_ahec_05,2017.0,degrees_awarded_two_year,13.0,
51_ahec_05,2017.0,degrees_awarded_two_year,124.0,
51_ahec_05,2017.0,degrees_awarded_two_year,44.0,
51_ahec_05,2017.0,degrees_awarded_two_year,5.0,
51_ahec_05,2017.0,degrees_awarded_two_year,22.0,
51_ahec_06,2017.0,degrees_awarded_two_year,98.0,
51_ahec_06,2017.0,degrees_awarded_two_year,14.0,
51_ahec_06,2017.0,degrees_awarded_two_year,44.0,
51_ahec_06,2017.0,degrees_awarded_two_year,58.0,
51_ahec_06,2017.0,degrees_awarded_two_year,47.0,
51_ahec_06,2017.0,degrees_awarded_two_year,53.0,
51_ahec_06,2017.0,degrees_awarded_two_year,34.0,
51_ahec_06,2017.0,degrees_awarded_two_year,15.0,
51_ahec_06,2017.0,degrees_awarded_two_year,174.0,
51_ahec_06,2017.0,degrees_awarded_two_year,150.0,
51_ahec_06,2017.0,degrees_awarded_two_year,4.0,
51_ahec_06,2017.0,degrees_awarded_two_year,5.0,
51_ahec_06,2017.0,degrees_awarded_two_year,75.0,
51_ahec_06,2017.0,degrees_awarded_two_year,14.0,
51_ahec_06,2017.0,degrees_awarded_two_year,73.0,
51_ahec_06,2017.0,degrees_awarded_two_year,24.0,
51_ahec_06,2017.0,degrees_awarded_two_year,110.0,
51_ahec_06,2017.0,degrees_awarded_two_year,73.0,
51_ahec_07,2017.0,degrees_awarded_two_year,32.0,
51_ahec_07,2017.0,degrees_awarded_two_year,32.0,
51_ahec_07,2017.0,degrees_awarded_two_year,3.0,
51_ahec_07,2017.0,degrees_awarded_two_year,22.0,
51_ahec_07,2017.0,degrees_awarded_two_year,3.0,
51_ahec_07,2017.0,degrees_awarded_two_year,51.0,
51_ahec_07,2017.0,degrees_awarded_two_year,93.0,
51_ahec_07,2017.0,degrees_awarded_two_year,3.0,
51_ahec_07,2017.0,degrees_awarded_two_year,12.0,
51_ahec_07,2017.0,degrees_awarded_two_year,95.0,
51_ahec_07,2017.0,degrees_awarded_two_year,4.0,
51_ahec_07,2017.0,degrees_awarded_two_year,7.0,
51_ahec_08,2017.0,degrees_awarded_two_year,8.0,
51_ahec_08,2017.0,degrees_awarded_two_year,12.0,
51_ahec_08,2017.0,degrees_awarded_two_year,104.0,
51_ahec_08,2017.0,degrees_awarded_two_year,11.0,
51_ahec_08,2017.0,degrees_awarded_two_year,74.0,
51_ahec_08,2017.0,degrees_awarded_two_year,25.0,
51_ahec_08,2017.0,degrees_awarded_two_year,9.0,
51_ahec_08,2017.0,degrees_awarded_two_year,6.0,
51_ahec_08,2017.0,degrees_awarded_two_year,69.0,
51_ahec_08,2017.0,degrees_awarded_two_year,15.0,
51_ahec_08,2017.0,degrees_awarded_two_year,3.0,
51_ahec_08,2017.0,degrees_awarded_two_year,17.0,
51_ahec_08,2017.0,degrees_awarded_two_year,122.0,
51_ahec_08,2017.0,degrees_awarded_two_year,74.0,
51_ahec_08,2017.0,degrees_awarded_two_year,18.0,
51_ahec_08,2017.0,degrees_awarded_two_year,11.0,
51_ahec_08,2017.0,degrees_awarded_two_year,2.0,
51_ahec_08,2017.0,degrees_awarded_two_year,32.0,
51_ahec_08,2017.0,degrees_awarded_two_year,19.0,
51_ahec_08,2017.0,degrees_awarded_two_year,125.0,
51_ahec_08,2017.0,degrees_awarded_two_year,65.0,
51_ahec_08,2017.0,degrees_awarded_two_year,16.0,
51_ahec_08,2017.0,degrees_awarded_two_year,22.0,
51_ahec_08,2017.0,degrees_awarded_two_year,45.0,
51_ahec_08,2017.0,degrees_awarded_two_year,202.0,
51_ahec_08,2017.0,degrees_awarded_two_year,16.0,
51_ahec_08,2017.0,degrees_awarded_two_year,6.0,
51_ahec_08,2017.0,degrees_awarded_two_year,36.0,
51_ahec_01,2018.0,degrees_awarded_two_year,41.0,
51_ahec_01,2018.0,degrees_awarded_two_year,96.0,
51_ahec_01,2018.0,degrees_awarded_two_year,38.0,
51_ahec_01,2018.0,degrees_awarded_two_year,21.0,
51_ahec_01,2018.0,degrees_awarded_two_year,38.0,
51_ahec_01,2018.0,degrees_awarded_two_year,23.0,
51_ahec_01,2018.0,degrees_awarded_two_year,25.0,
51_ahec_01,2018.0,degrees_awarded_two_year,87.0,
51_ahec_01,2018.0,degrees_awarded_two_year,5.0,
51_ahec_01,2018.0,degrees_awarded_two_year,73.0,
51_ahec_01,2018.0,degrees_awarded_two_year,17.0,
51_ahec_01,2018.0,degrees_awarded_two_year,32.0,
51_ahec_01,2018.0,degrees_awarded_two_year,29.0,
51_ahec_01,2018.0,degrees_awarded_two_year,43.0,
51_ahec_01,2018.0,degrees_awarded_two_year,29.0,
51_ahec_01,2018.0,degrees_awarded_two_year,79.0,
51_ahec_01,2018.0,degrees_awarded_two_year,16.0,
51_ahec_01,2018.0,degrees_awarded_two_year,31.0,
51_ahec_01,2018.0,degrees_awarded_two_year,12.0,
51_ahec_01,2018.0,degrees_awarded_two_year,16.0,
51_ahec_01,2018.0,degrees_awarded_two_year,222.0,
51_ahec_01,2018.0,degrees_awarded_two_year,22.0,
51_ahec_01,2018.0,degrees_awarded_two_year,9.0,
51_ahec_01,2018.0,degrees_awarded_two_year,51.0,
51_ahec_01,2018.0,degrees_awarded_two_year,25.0,
51_ahec_01,2018.0,degrees_awarded_two_year,47.0,
51_ahec_01,2018.0,degrees_awarded_two_year,14.0,
51_ahec_02,2018.0,degrees_awarded_two_year,18.0,
51_ahec_02,2018.0,degrees_awarded_two_year,175.0,
51_ahec_02,2018.0,degrees_awarded_two_year,64.0,
51_ahec_02,2018.0,degrees_awarded_two_year,14.0,
51_ahec_02,2018.0,degrees_awarded_two_year,30.0,
51_ahec_02,2018.0,degrees_awarded_two_year,48.0,
51_ahec_02,2018.0,degrees_awarded_two_year,135.0,
51_ahec_02,2018.0,degrees_awarded_two_year,20.0,
51_ahec_02,2018.0,degrees_awarded_two_year,60.0,
51_ahec_03,2018.0,degrees_awarded_two_year,12.0,
51_ahec_03,2018.0,degrees_awarded_two_year,13.0,
51_ahec_03,2018.0,degrees_awarded_two_year,15.0,
51_ahec_03,2018.0,degrees_awarded_two_year,21.0,
51_ahec_03,2018.0,degrees_awarded_two_year,64.0,
51_ahec_03,2018.0,degrees_awarded_two_year,62.0,
51_ahec_03,2018.0,degrees_awarded_two_year,174.0,
51_ahec_03,2018.0,degrees_awarded_two_year,47.0,
51_ahec_03,2018.0,degrees_awarded_two_year,2.0,
51_ahec_03,2018.0,degrees_awarded_two_year,23.0,
51_ahec_03,2018.0,degrees_awarded_two_year,35.0,
51_ahec_03,2018.0,degrees_awarded_two_year,6.0,
51_ahec_03,2018.0,degrees_awarded_two_year,48.0,
51_ahec_03,2018.0,degrees_awarded_two_year,39.0,
51_ahec_03,2018.0,degrees_awarded_two_year,18.0,
51_ahec_03,2018.0,degrees_awarded_two_year,59.0,
51_ahec_04,2018.0,degrees_awarded_two_year,63.0,
51_ahec_04,2018.0,degrees_awarded_two_year,32.0,
51_ahec_04,2018.0,degrees_awarded_two_year,21.0,
51_ahec_04,2018.0,degrees_awarded_two_year,13.0,
51_ahec_04,2018.0,degrees_awarded_two_year,20.0,
51_ahec_04,2018.0,degrees_awarded_two_year,66.0,
51_ahec_04,2018.0,degrees_awarded_two_year,14.0,
51_ahec_04,2018.0,degrees_awarded_two_year,52.0,
51_ahec_04,2018.0,degrees_awarded_two_year,8.0,
51_ahec_05,2018.0,degrees_awarded_two_year,22.0,
51_ahec_05,2018.0,degrees_awarded_two_year,12.0,
51_ahec_05,2018.0,degrees_awarded_two_year,16.0,
51_ahec_05,2018.0,degrees_awarded_two_year,16.0,
51_ahec_05,2018.0,degrees_awarded_two_year,36.0,
51_ahec_05,2018.0,degrees_awarded_two_year,17.0,
51_ahec_05,2018.0,degrees_awarded_two_year,20.0,
51_ahec_05,2018.0,degrees_awarded_two_year,76.0,
51_ahec_05,2018.0,degrees_awarded_two_year,16.0,
51_ahec_05,2018.0,degrees_awarded_two_year,23.0,
51_ahec_05,2018.0,degrees_awarded_two_year,12.0,
51_ahec_05,2018.0,degrees_awarded_two_year,111.0,
51_ahec_05,2018.0,degrees_awarded_two_year,20.0,
51_ahec_05,2018.0,degrees_awarded_two_year,8.0,
51_ahec_05,2018.0,degrees_awarded_two_year,35.0,
51_ahec_06,2018.0,degrees_awarded_two_year,98.0,
51_ahec_06,2018.0,degrees_awarded_two_year,27.0,
51_ahec_06,2018.0,degrees_awarded_two_year,70.0,
51_ahec_06,2018.0,degrees_awarded_two_year,53.0,
51_ahec_06,2018.0,degrees_awarded_two_year,51.0,
51_ahec_06,2018.0,degrees_awarded_two_year,73.0,
51_ahec_06,2018.0,degrees_awarded_two_year,39.0,
51_ahec_06,2018.0,degrees_awarded_two_year,20.0,
51_ahec_06,2018.0,degrees_awarded_two_year,90.0,
51_ahec_06,2018.0,degrees_awarded_two_year,76.0,
51_ahec_06,2018.0,degrees_awarded_two_year,0.0,
51_ahec_06,2018.0,degrees_awarded_two_year,1.0,
51_ahec_06,2018.0,degrees_awarded_two_year,74.0,
51_ahec_06,2018.0,degrees_awarded_two_year,48.0,
51_ahec_06,2018.0,degrees_awarded_two_year,81.0,
51_ahec_06,2018.0,degrees_awarded_two_year,26.0,
51_ahec_06,2018.0,degrees_awarded_two_year,125.0,
51_ahec_06,2018.0,degrees_awarded_two_year,56.0,
51_ahec_07,2018.0,degrees_awarded_two_year,46.0,
51_ahec_07,2018.0,degrees_awarded_two_year,32.0,
51_ahec_07,2018.0,degrees_awarded_two_year,6.0,
51_ahec_07,2018.0,degrees_awarded_two_year,21.0,
51_ahec_07,2018.0,degrees_awarded_two_year,5.0,
51_ahec_07,2018.0,degrees_awarded_two_year,36.0,
51_ahec_07,2018.0,degrees_awarded_two_year,100.0,
51_ahec_07,2018.0,degrees_awarded_two_year,4.0,
51_ahec_07,2018.0,degrees_awarded_two_year,13.0,
51_ahec_07,2018.0,degrees_awarded_two_year,86.0,
51_ahec_07,2018.0,degrees_awarded_two_year,5.0,
51_ahec_07,2018.0,degrees_awarded_two_year,6.0,
51_ahec_08,2018.0,degrees_awarded_two_year,10.0,
51_ahec_08,2018.0,degrees_awarded_two_year,8.0,
51_ahec_08,2018.0,degrees_awarded_two_year,66.0,
51_ahec_08,2018.0,degrees_awarded_two_year,9.0,
51_ahec_08,2018.0,degrees_awarded_two_year,76.0,
51_ahec_08,2018.0,degrees_awarded_two_year,27.0,
51_ahec_08,2018.0,degrees_awarded_two_year,12.0,
51_ahec_08,2018.0,degrees_awarded_two_year,2.0,
51_ahec_08,2018.0,degrees_awarded_two_year,80.0,
51_ahec_08,2018.0,degrees_awarded_two_year,14.0,
51_ahec_08,2018.0,degrees_awarded_two_year,2.0,
51_ahec_08,2018.0,degrees_awarded_two_year,12.0,
51_ahec_08,2018.0,degrees_awarded_two_year,110.0,
51_ahec_08,2018.0,degrees_awarded_two_year,64.0,
51_ahec_08,2018.0,degrees_awarded_two_year,21.0,
51_ahec_08,2018.0,degrees_awarded_two_year,15.0,
51_ahec_08,2018.0,degrees_awarded_two_year,5.0,
51_ahec_08,2018.0,degrees_awarded_two_year,50.0,
51_ahec_08,2018.0,degrees_awarded_two_year,8.0,
51_ahec_08,2018.0,degrees_awarded_two_year,112.0,
51_ahec_08,2018.0,degrees_awarded_two_year,58.0,
51_ahec_08,2018.0,degrees_awarded_two_year,19.0,
51_ahec_08,2018.0,degrees_awarded_two_year,19.0,
51_ahec_08,2018.0,degrees_awarded_two_year,40.0,
51_ahec_08,2018.0,degrees_awarded_two_year,222.0,
51_ahec_08,2018.0,degrees_awarded_two_year,18.0,
51_ahec_08,2018.0,degrees_awarded_two_year,5.0,
51_ahec_08,2018.0,degrees_awarded_two_year,63.0,
51_ahec_01,2019.0,degrees_awarded_two_year,58.0,
51_ahec_01,2019.0,degrees_awarded_two_year,115.0,
51_ahec_01,2019.0,degrees_awarded_two_year,22.0,
51_ahec_01,2019.0,degrees_awarded_two_year,10.0,
51_ahec_01,2019.0,degrees_awarded_two_year,22.0,
51_ahec_01,2019.0,degrees_awarded_two_year,16.0,
51_ahec_01,2019.0,degrees_awarded_two_year,19.0,
51_ahec_01,2019.0,degrees_awarded_two_year,72.0,
51_ahec_01,2019.0,degrees_awarded_two_year,5.0,
51_ahec_01,2019.0,degrees_awarded_two_year,52.0,
51_ahec_01,2019.0,degrees_awarded_two_year,13.0,
51_ahec_01,2019.0,degrees_awarded_two_year,28.0,
51_ahec_01,2019.0,degrees_awarded_two_year,25.0,
51_ahec_01,2019.0,degrees_awarded_two_year,42.0,
51_ahec_01,2019.0,degrees_awarded_two_year,37.0,
51_ahec_01,2019.0,degrees_awarded_two_year,68.0,
51_ahec_01,2019.0,degrees_awarded_two_year,19.0,
51_ahec_01,2019.0,degrees_awarded_two_year,48.0,
51_ahec_01,2019.0,degrees_awarded_two_year,5.0,
51_ahec_01,2019.0,degrees_awarded_two_year,16.0,
51_ahec_01,2019.0,degrees_awarded_two_year,190.0,
51_ahec_01,2019.0,degrees_awarded_two_year,21.0,
51_ahec_01,2019.0,degrees_awarded_two_year,5.0,
51_ahec_01,2019.0,degrees_awarded_two_year,49.0,
51_ahec_01,2019.0,degrees_awarded_two_year,15.0,
51_ahec_01,2019.0,degrees_awarded_two_year,51.0,
51_ahec_01,2019.0,degrees_awarded_two_year,8.0,
51_ahec_02,2019.0,degrees_awarded_two_year,14.0,
51_ahec_02,2019.0,degrees_awarded_two_year,130.0,
51_ahec_02,2019.0,degrees_awarded_two_year,61.0,
51_ahec_02,2019.0,degrees_awarded_two_year,22.0,
51_ahec_02,2019.0,degrees_awarded_two_year,31.0,
51_ahec_02,2019.0,degrees_awarded_two_year,30.0,
51_ahec_02,2019.0,degrees_awarded_two_year,115.0,
51_ahec_02,2019.0,degrees_awarded_two_year,14.0,
51_ahec_02,2019.0,degrees_awarded_two_year,67.0,
51_ahec_03,2019.0,degrees_awarded_two_year,6.0,
51_ahec_03,2019.0,degrees_awarded_two_year,18.0,
51_ahec_03,2019.0,degrees_awarded_two_year,26.0,
51_ahec_03,2019.0,degrees_awarded_two_year,7.0,
51_ahec_03,2019.0,degrees_awarded_two_year,68.0,
51_ahec_03,2019.0,degrees_awarded_two_year,53.0,
51_ahec_03,2019.0,degrees_awarded_two_year,138.0,
51_ahec_03,2019.0,degrees_awarded_two_year,35.0,
51_ahec_03,2019.0,degrees_awarded_two_year,4.0,
51_ahec_03,2019.0,degrees_awarded_two_year,13.0,
51_ahec_03,2019.0,degrees_awarded_two_year,33.0,
51_ahec_03,2019.0,degrees_awarded_two_year,5.0,
51_ahec_03,2019.0,degrees_awarded_two_year,63.0,
51_ahec_03,2019.0,degrees_awarded_two_year,40.0,
51_ahec_03,2019.0,degrees_awarded_two_year,14.0,
51_ahec_03,2019.0,degrees_awarded_two_year,56.0,
51_ahec_04,2019.0,degrees_awarded_two_year,33.0,
51_ahec_04,2019.0,degrees_awarded_two_year,43.0,
51_ahec_04,2019.0,degrees_awarded_two_year,14.0,
51_ahec_04,2019.0,degrees_awarded_two_year,16.0,
51_ahec_04,2019.0,degrees_awarded_two_year,20.0,
51_ahec_04,2019.0,degrees_awarded_two_year,85.0,
51_ahec_04,2019.0,degrees_awarded_two_year,13.0,
51_ahec_04,2019.0,degrees_awarded_two_year,68.0,
51_ahec_04,2019.0,degrees_awarded_two_year,21.0,
51_ahec_05,2019.0,degrees_awarded_two_year,28.0,
51_ahec_05,2019.0,degrees_awarded_two_year,9.0,
51_ahec_05,2019.0,degrees_awarded_two_year,17.0,
51_ahec_05,2019.0,degrees_awarded_two_year,6.0,
51_ahec_05,2019.0,degrees_awarded_two_year,43.0,
51_ahec_05,2019.0,degrees_awarded_two_year,17.0,
51_ahec_05,2019.0,degrees_awarded_two_year,15.0,
51_ahec_05,2019.0,degrees_awarded_two_year,100.0,
51_ahec_05,2019.0,degrees_awarded_two_year,13.0,
51_ahec_05,2019.0,degrees_awarded_two_year,19.0,
51_ahec_05,2019.0,degrees_awarded_two_year,15.0,
51_ahec_05,2019.0,degrees_awarded_two_year,90.0,
51_ahec_05,2019.0,degrees_awarded_two_year,48.0,
51_ahec_05,2019.0,degrees_awarded_two_year,18.0,
51_ahec_05,2019.0,degrees_awarded_two_year,23.0,
51_ahec_06,2019.0,degrees_awarded_two_year,65.0,
51_ahec_06,2019.0,degrees_awarded_two_year,10.0,
51_ahec_06,2019.0,degrees_awarded_two_year,61.0,
51_ahec_06,2019.0,degrees_awarded_two_year,48.0,
51_ahec_06,2019.0,degrees_awarded_two_year,67.0,
51_ahec_06,2019.0,degrees_awarded_two_year,56.0,
51_ahec_06,2019.0,degrees_awarded_two_year,69.0,
51_ahec_06,2019.0,degrees_awarded_two_year,12.0,
51_ahec_06,2019.0,degrees_awarded_two_year,89.0,
51_ahec_06,2019.0,degrees_awarded_two_year,90.0,
51_ahec_06,2019.0,degrees_awarded_two_year,2.0,
51_ahec_06,2019.0,degrees_awarded_two_year,1.0,
51_ahec_06,2019.0,degrees_awarded_two_year,73.0,
51_ahec_06,2019.0,degrees_awarded_two_year,66.0,
51_ahec_06,2019.0,degrees_awarded_two_year,104.0,
51_ahec_06,2019.0,degrees_awarded_two_year,28.0,
51_ahec_06,2019.0,degrees_awarded_two_year,117.0,
51_ahec_06,2019.0,degrees_awarded_two_year,80.0,
51_ahec_07,2019.0,degrees_awarded_two_year,27.0,
51_ahec_07,2019.0,degrees_awarded_two_year,17.0,
51_ahec_07,2019.0,degrees_awarded_two_year,6.0,
51_ahec_07,2019.0,degrees_awarded_two_year,36.0,
51_ahec_07,2019.0,degrees_awarded_two_year,2.0,
51_ahec_07,2019.0,degrees_awarded_two_year,47.0,
51_ahec_07,2019.0,degrees_awarded_two_year,64.0,
51_ahec_07,2019.0,degrees_awarded_two_year,7.0,
51_ahec_07,2019.0,degrees_awarded_two_year,2.0,
51_ahec_07,2019.0,degrees_awarded_two_year,65.0,
51_ahec_07,2019.0,degrees_awarded_two_year,2.0,
51_ahec_07,2019.0,degrees_awarded_two_year,2.0,
51_ahec_08,2019.0,degrees_awarded_two_year,4.0,
51_ahec_08,2019.0,degrees_awarded_two_year,3.0,
51_ahec_08,2019.0,degrees_awarded_two_year,51.0,
51_ahec_08,2019.0,degrees_awarded_two_year,10.0,
51_ahec_08,2019.0,degrees_awarded_two_year,66.0,
51_ahec_08,2019.0,degrees_awarded_two_year,21.0,
51_ahec_08,2019.0,degrees_awarded_two_year,5.0,
51_ahec_08,2019.0,degrees_awarded_two_year,1.0,
51_ahec_08,2019.0,degrees_awarded_two_year,76.0,
51_ahec_08,2019.0,degrees_awarded_two_year,14.0,
51_ahec_08,2019.0,degrees_awarded_two_year,2.0,
51_ahec_08,2019.0,degrees_awarded_two_year,6.0,
51_ahec_08,2019.0,degrees_awarded_two_year,75.0,
51_ahec_08,2019.0,degrees_awarded_two_year,65.0,
51_ahec_08,2019.0,degrees_awarded_two_year,18.0,
51_ahec_08,2019.0,degrees_awarded_two_year,10.0,
51_ahec_08,2019.0,degrees_awarded_two_year,7.0,
51_ahec_08,2019.0,degrees_awarded_two_year,37.0,
51_ahec_08,2019.0,degrees_awarded_two_year,12.0,
51_ahec_08,2019.0,degrees_awarded_two_year,92.0,
51_ahec_08,2019.0,degrees_awarded_two_year,61.0,
51_ahec_08,2019.0,degrees_awarded_two_year,20.0,
51_ahec_08,2019.0,degrees_awarded_two_year,18.0,
51_ahec_08,2019.0,degrees_awarded_two_year,26.0,
51_ahec_08,2019.0,degrees_awarded_two_year,139.0,
51_ahec_08,2019.0,degrees_awarded_two_year,21.0,
51_ahec_08,2019.0,degrees_awarded_two_year,9.0,
51_ahec_08,2019.0,degrees_awarded_two_year,55.0,
51_ahec_01,2020.0,degrees_awarded_two_year,53.0,
51_ahec_01,2020.0,degrees_awarded_two_year,109.0,
51_ahec_01,2020.0,degrees_awarded_two_year,22.0,
51_ahec_01,2020.0,degrees_awarded_two_year,9.0,
51_ahec_01,2020.0,degrees_awarded_two_year,29.0,
51_ahec_01,2020.0,degrees_awarded_two_year,11.0,
51_ahec_01,2020.0,degrees_awarded_two_year,31.0,
51_ahec_01,2020.0,degrees_awarded_two_year,68.0,
51_ahec_01,2020.0,degrees_awarded_two_year,0.0,
51_ahec_01,2020.0,degrees_awarded_two_year,25.0,
51_ahec_01,2020.0,degrees_awarded_two_year,0.0,
51_ahec_01,2020.0,degrees_awarded_two_year,9.0,
51_ahec_01,2020.0,degrees_awarded_two_year,2.0,
51_ahec_01,2020.0,degrees_awarded_two_year,1.0,
51_ahec_01,2020.0,degrees_awarded_two_year,1.0,
51_ahec_01,2020.0,degrees_awarded_two_year,14.0,
51_ahec_01,2020.0,degrees_awarded_two_year,2.0,
51_ahec_01,2020.0,degrees_awarded_two_year,2.0,
51_ahec_01,2020.0,degrees_awarded_two_year,1.0,
51_ahec_01,2020.0,degrees_awarded_two_year,3.0,
51_ahec_01,2020.0,degrees_awarded_two_year,98.0,
51_ahec_01,2020.0,degrees_awarded_two_year,2.0,
51_ahec_01,2020.0,degrees_awarded_two_year,0.0,
51_ahec_01,2020.0,degrees_awarded_two_year,6.0,
51_ahec_01,2020.0,degrees_awarded_two_year,1.0,
51_ahec_01,2020.0,degrees_awarded_two_year,1.0,
51_ahec_01,2020.0,degrees_awarded_two_year,4.0,
51_ahec_02,2020.0,degrees_awarded_two_year,3.0,
51_ahec_02,2020.0,degrees_awarded_two_year,240.0,
51_ahec_02,2020.0,degrees_awarded_two_year,64.0,
51_ahec_02,2020.0,degrees_awarded_two_year,24.0,
51_ahec_02,2020.0,degrees_awarded_two_year,36.0,
51_ahec_02,2020.0,degrees_awarded_two_year,33.0,
51_ahec_02,2020.0,degrees_awarded_two_year,121.0,
51_ahec_02,2020.0,degrees_awarded_two_year,12.0,
51_ahec_02,2020.0,degrees_awarded_two_year,62.0,
51_ahec_03,2020.0,degrees_awarded_two_year,63.0,
51_ahec_03,2020.0,degrees_awarded_two_year,12.0,
51_ahec_03,2020.0,degrees_awarded_two_year,24.0,
51_ahec_03,2020.0,degrees_awarded_two_year,4.0,
51_ahec_03,2020.0,degrees_awarded_two_year,64.0,
51_ahec_03,2020.0,degrees_awarded_two_year,56.0,
51_ahec_03,2020.0,degrees_awarded_two_year,173.0,
51_ahec_03,2020.0,degrees_awarded_two_year,31.0,
51_ahec_03,2020.0,degrees_awarded_two_year,0.0,
51_ahec_03,2020.0,degrees_awarded_two_year,13.0,
51_ahec_03,2020.0,degrees_awarded_two_year,35.0,
51_ahec_03,2020.0,degrees_awarded_two_year,2.0,
51_ahec_03,2020.0,degrees_awarded_two_year,63.0,
51_ahec_03,2020.0,degrees_awarded_two_year,42.0,
51_ahec_03,2020.0,degrees_awarded_two_year,12.0,
51_ahec_03,2020.0,degrees_awarded_two_year,51.0,
51_ahec_04,2020.0,degrees_awarded_two_year,37.0,
51_ahec_04,2020.0,degrees_awarded_two_year,46.0,
51_ahec_04,2020.0,degrees_awarded_two_year,0.0,
51_ahec_04,2020.0,degrees_awarded_two_year,3.0,
51_ahec_04,2020.0,degrees_awarded_two_year,22.0,
51_ahec_04,2020.0,degrees_awarded_two_year,87.0,
51_ahec_04,2020.0,degrees_awarded_two_year,14.0,
51_ahec_04,2020.0,degrees_awarded_two_year,59.0,
51_ahec_04,2020.0,degrees_awarded_two_year,12.0,
51_ahec_05,2020.0,degrees_awarded_two_year,23.0,
51_ahec_05,2020.0,degrees_awarded_two_year,15.0,
51_ahec_05,2020.0,degrees_awarded_two_year,24.0,
51_ahec_05,2020.0,degrees_awarded_two_year,14.0,
51_ahec_05,2020.0,degrees_awarded_two_year,65.0,
51_ahec_05,2020.0,degrees_awarded_two_year,21.0,
51_ahec_05,2020.0,degrees_awarded_two_year,24.0,
51_ahec_05,2020.0,degrees_awarded_two_year,125.0,
51_ahec_05,2020.0,degrees_awarded_two_year,30.0,
51_ahec_05,2020.0,degrees_awarded_two_year,19.0,
51_ahec_05,2020.0,degrees_awarded_two_year,13.0,
51_ahec_05,2020.0,degrees_awarded_two_year,124.0,
51_ahec_05,2020.0,degrees_awarded_two_year,44.0,
51_ahec_05,2020.0,degrees_awarded_two_year,5.0,
51_ahec_05,2020.0,degrees_awarded_two_year,22.0,
51_ahec_06,2020.0,degrees_awarded_two_year,98.0,
51_ahec_06,2020.0,degrees_awarded_two_year,14.0,
51_ahec_06,2020.0,degrees_awarded_two_year,44.0,
51_ahec_06,2020.0,degrees_awarded_two_year,58.0,
51_ahec_06,2020.0,degrees_awarded_two_year,47.0,
51_ahec_06,2020.0,degrees_awarded_two_year,53.0,
51_ahec_06,2020.0,degrees_awarded_two_year,34.0,
51_ahec_06,2020.0,degrees_awarded_two_year,15.0,
51_ahec_06,2020.0,degrees_awarded_two_year,174.0,
51_ahec_06,2020.0,degrees_awarded_two_year,150.0,
51_ahec_06,2020.0,degrees_awarded_two_year,4.0,
51_ahec_06,2020.0,degrees_awarded_two_year,5.0,
51_ahec_06,2020.0,degrees_awarded_two_year,75.0,
51_ahec_06,2020.0,degrees_awarded_two_year,14.0,
51_ahec_06,2020.0,degrees_awarded_two_year,73.0,
51_ahec_06,2020.0,degrees_awarded_two_year,24.0,
51_ahec_06,2020.0,degrees_awarded_two_year,110.0,
51_ahec_06,2020.0,degrees_awarded_two_year,73.0,
51_ahec_07,2020.0,degrees_awarded_two_year,32.0,
51_ahec_07,2020.0,degrees_awarded_two_year,32.0,
51_ahec_07,2020.0,degrees_awarded_two_year,3.0,
51_ahec_07,2020.0,degrees_awarded_two_year,22.0,
51_ahec_07,2020.0,degrees_awarded_two_year,3.0,
51_ahec_07,2020.0,degrees_awarded_two_year,51.0,
51_ahec_07,2020.0,degrees_awarded_two_year,93.0,
51_ahec_07,2020.0,degrees_awarded_two_year,3.0,
51_ahec_07,2020.0,degrees_awarded_two_year,12.0,
51_ahec_07,2020.0,degrees_awarded_two_year,95.0,
51_ahec_07,2020.0,degrees_awarded_two_year,4.0,
51_ahec_07,2020.0,degrees_awarded_two_year,7.0,
51_ahec_08,2020.0,degrees_awarded_two_year,8.0,
51_ahec_08,2020.0,degrees_awarded_two_year,12.0,
51_ahec_08,2020.0,degrees_awarded_two_year,104.0,
51_ahec_08,2020.0,degrees_awarded_two_year,11.0,
51_ahec_08,2020.0,degrees_awarded_two_year,74.0,
51_ahec_08,2020.0,degrees_awarded_two_year,25.0,
51_ahec_08,2020.0,degrees_awarded_two_year,9.0,
51_ahec_08,2020.0,degrees_awarded_two_year,6.0,
51_ahec_08,2020.0,degrees_awarded_two_year,69.0,
51_ahec_08,2020.0,degrees_awarded_two_year,15.0,
51_ahec_08,2020.0,degrees_awarded_two_year,3.0,
51_ahec_08,2020.0,degrees_awarded_two_year,17.0,
51_ahec_08,2020.0,degrees_awarded_two_year,122.0,
51_ahec_08,2020.0,degrees_awarded_two_year,74.0,
51_ahec_08,2020.0,degrees_awarded_two_year,18.0,
51_ahec_08,2020.0,degrees_awarded_two_year,11.0,
51_ahec_08,2020.0,degrees_awarded_two_year,2.0,
51_ahec_08,2020.0,degrees_awarded_two_year,32.0,
51_ahec_08,2020.0,degrees_awarded_two_year,19.0,
51_ahec_08,2020.0,degrees_awarded_two_year,125.0,
51_ahec_08,2020.0,degrees_awarded_two_year,65.0,
51_ahec_08,2020.0,degrees_awarded_two_year,16.0,
51_ahec_08,2020.0,degrees_awarded_two_year,22.0,
51_ahec_08,2020.0,degrees_awarded_two_year,45.0,
51_ahec_08,2020.0,degrees_awarded_two_year,202.0,
51_ahec_08,2020.0,degrees_awarded_two_year,16.0,
51_ahec_08,2020.0,degrees_awarded_two_year,6.0,
51_ahec_08,2020.0,degrees_awarded_two_year,36.0,
51_ahec_01,2021.0,degrees_awarded_two_year,48.0,
51_ahec_01,2021.0,degrees_awarded_two_year,96.0,
51_ahec_01,2021.0,degrees_awarded_two_year,23.0,
51_ahec_01,2021.0,degrees_awarded_two_year,1.0,
51_ahec_01,2021.0,degrees_awarded_two_year,26.0,
51_ahec_01,2021.0,degrees_awarded_two_year,8.0,
51_ahec_01,2021.0,degrees_awarded_two_year,49.0,
51_ahec_01,2021.0,degrees_awarded_two_year,60.0,
51_ahec_01,2021.0,degrees_awarded_two_year,0.0,
51_ahec_01,2021.0,degrees_awarded_two_year,24.0,
51_ahec_01,2021.0,degrees_awarded_two_year,2.0,
51_ahec_01,2021.0,degrees_awarded_two_year,11.0,
51_ahec_01,2021.0,degrees_awarded_two_year,23.0,
51_ahec_01,2021.0,degrees_awarded_two_year,42.0,
51_ahec_01,2021.0,degrees_awarded_two_year,19.0,
51_ahec_01,2021.0,degrees_awarded_two_year,30.0,
51_ahec_01,2021.0,degrees_awarded_two_year,2.0,
51_ahec_01,2021.0,degrees_awarded_two_year,1.0,
51_ahec_01,2021.0,degrees_awarded_two_year,2.0,
51_ahec_01,2021.0,degrees_awarded_two_year,2.0,
51_ahec_01,2021.0,degrees_awarded_two_year,98.0,
51_ahec_01,2021.0,degrees_awarded_two_year,15.0,
51_ahec_01,2021.0,degrees_awarded_two_year,1.0,
51_ahec_01,2021.0,degrees_awarded_two_year,47.0,
51_ahec_01,2021.0,degrees_awarded_two_year,2.0,
51_ahec_01,2021.0,degrees_awarded_two_year,0.0,
51_ahec_01,2021.0,degrees_awarded_two_year,5.0,
51_ahec_02,2021.0,degrees_awarded_two_year,1.0,
51_ahec_02,2021.0,degrees_awarded_two_year,222.0,
51_ahec_02,2021.0,degrees_awarded_two_year,64.0,
51_ahec_02,2021.0,degrees_awarded_two_year,20.0,
51_ahec_02,2021.0,degrees_awarded_two_year,35.0,
51_ahec_02,2021.0,degrees_awarded_two_year,32.0,
51_ahec_02,2021.0,degrees_awarded_two_year,132.0,
51_ahec_02,2021.0,degrees_awarded_two_year,13.0,
51_ahec_02,2021.0,degrees_awarded_two_year,64.0,
51_ahec_03,2021.0,degrees_awarded_two_year,65.0,
51_ahec_03,2021.0,degrees_awarded_two_year,11.0,
51_ahec_03,2021.0,degrees_awarded_two_year,25.0,
51_ahec_03,2021.0,degrees_awarded_two_year,4.0,
51_ahec_03,2021.0,degrees_awarded_two_year,63.0,
51_ahec_03,2021.0,degrees_awarded_two_year,50.0,
51_ahec_03,2021.0,degrees_awarded_two_year,177.0,
51_ahec_03,2021.0,degrees_awarded_two_year,39.0,
51_ahec_03,2021.0,degrees_awarded_two_year,0.0,
51_ahec_03,2021.0,degrees_awarded_two_year,12.0,
51_ahec_03,2021.0,degrees_awarded_two_year,38.0,
51_ahec_03,2021.0,degrees_awarded_two_year,0.0,
51_ahec_03,2021.0,degrees_awarded_two_year,66.0,
51_ahec_03,2021.0,degrees_awarded_two_year,42.0,
51_ahec_03,2021.0,degrees_awarded_two_year,10.0,
51_ahec_03,2021.0,degrees_awarded_two_year,50.0,
51_ahec_04,2021.0,degrees_awarded_two_year,87.0,
51_ahec_04,2021.0,degrees_awarded_two_year,40.0,
51_ahec_04,2021.0,degrees_awarded_two_year,2.0,
51_ahec_04,2021.0,degrees_awarded_two_year,0.0,
51_ahec_04,2021.0,degrees_awarded_two_year,22.0,
51_ahec_04,2021.0,degrees_awarded_two_year,86.0,
51_ahec_04,2021.0,degrees_awarded_two_year,13.0,
51_ahec_04,2021.0,degrees_awarded_two_year,68.0,
51_ahec_04,2021.0,degrees_awarded_two_year,21.0,
51_ahec_05,2021.0,degrees_awarded_two_year,28.0,
51_ahec_05,2021.0,degrees_awarded_two_year,9.0,
51_ahec_05,2021.0,degrees_awarded_two_year,17.0,
51_ahec_05,2021.0,degrees_awarded_two_year,6.0,
51_ahec_05,2021.0,degrees_awarded_two_year,43.0,
51_ahec_05,2021.0,degrees_awarded_two_year,17.0,
51_ahec_05,2021.0,degrees_awarded_two_year,15.0,
51_ahec_05,2021.0,degrees_awarded_two_year,100.0,
51_ahec_05,2021.0,degrees_awarded_two_year,13.0,
51_ahec_05,2021.0,degrees_awarded_two_year,19.0,
51_ahec_05,2021.0,degrees_awarded_two_year,15.0,
51_ahec_05,2021.0,degrees_awarded_two_year,90.0,
51_ahec_05,2021.0,degrees_awarded_two_year,48.0,
51_ahec_05,2021.0,degrees_awarded_two_year,18.0,
51_ahec_05,2021.0,degrees_awarded_two_year,23.0,
51_ahec_06,2021.0,degrees_awarded_two_year,65.0,
51_ahec_06,2021.0,degrees_awarded_two_year,10.0,
51_ahec_06,2021.0,degrees_awarded_two_year,61.0,
51_ahec_06,2021.0,degrees_awarded_two_year,48.0,
51_ahec_06,2021.0,degrees_awarded_two_year,67.0,
51_ahec_06,2021.0,degrees_awarded_two_year,56.0,
51_ahec_06,2021.0,degrees_awarded_two_year,69.0,
51_ahec_06,2021.0,degrees_awarded_two_year,12.0,
51_ahec_06,2021.0,degrees_awarded_two_year,89.0,
51_ahec_06,2021.0,degrees_awarded_two_year,90.0,
51_ahec_06,2021.0,degrees_awarded_two_year,2.0,
51_ahec_06,2021.0,degrees_awarded_two_year,1.0,
51_ahec_06,2021.0,degrees_awarded_two_year,73.0,
51_ahec_06,2021.0,degrees_awarded_two_year,66.0,
51_ahec_06,2021.0,degrees_awarded_two_year,104.0,
51_ahec_06,2021.0,degrees_awarded_two_year,28.0,
51_ahec_06,2021.0,degrees_awarded_two_year,117.0,
51_ahec_06,2021.0,degrees_awarded_two_year,80.0,
51_ahec_07,2021.0,degrees_awarded_two_year,27.0,
51_ahec_07,2021.0,degrees_awarded_two_year,17.0,
51_ahec_07,2021.0,degrees_awarded_two_year,6.0,
51_ahec_07,2021.0,degrees_awarded_two_year,36.0,
51_ahec_07,2021.0,degrees_awarded_two_year,2.0,
51_ahec_07,2021.0,degrees_awarded_two_year,47.0,
51_ahec_07,2021.0,degrees_awarded_two_year,64.0,
51_ahec_07,2021.0,degrees_awarded_two_year,7.0,
51_ahec_07,2021.0,degrees_awarded_two_year,2.0,
51_ahec_07,2021.0,degrees_awarded_two_year,65.0,
51_ahec_07,2021.0,degrees_awarded_two_year,2.0,
51_ahec_07,2021.0,degrees_awarded_two_year,2.0,
51_ahec_08,2021.0,degrees_awarded_two_year,4.0,
51_ahec_08,2021.0,degrees_awarded_two_year,3.0,
51_ahec_08,2021.0,degrees_awarded_two_year,51.0,
51_ahec_08,2021.0,degrees_awarded_two_year,10.0,
51_ahec_08,2021.0,degrees_awarded_two_year,66.0,
51_ahec_08,2021.0,degrees_awarded_two_year,21.0,
51_ahec_08,2021.0,degrees_awarded_two_year,5.0,
51_ahec_08,2021.0,degrees_awarded_two_year,1.0,
51_ahec_08,2021.0,degrees_awarded_two_year,76.0,
51_ahec_08,2021.0,degrees_awarded_two_year,14.0,
51_ahec_08,2021.0,degrees_awarded_two_year,2.0,
51_ahec_08,2021.0,degrees_awarded_two_year,6.0,
51_ahec_08,2021.0,degrees_awarded_two_year,75.0,
51_ahec_08,2021.0,degrees_awarded_two_year,65.0,
51_ahec_08,2021.0,degrees_awarded_two_year,18.0,
51_ahec_08,2021.0,degrees_awarded_two_year,10.0,
51_ahec_08,2021.0,degrees_awarded_two_year,7.0,
51_ahec_08,2021.0,degrees_awarded_two_year,37.0,
51_ahec_08,2021.0,degrees_awarded_two_year,12.0,
51_ahec_08,2021.0,degrees_awarded_two_year,92.0,
51_ahec_08,2021.0,degrees_awarded_two_year,61.0,
51_ahec_08,2021.0,degrees_awarded_two_year,20.0,
51_ahec_08,2021.0,degrees_awarded_two_year,18.0,
51_ahec_08,2021.0,degrees_awarded_two_year,26.0,
51_ahec_08,2021.0,degrees_awarded_two_year,139.0,
51_ahec_08,2021.0,degrees_awarded_two_year,21.0,
51_ahec_08,2021.0,degrees_awarded_two_year,9.0,
51_ahec_08,2021.0,degrees_awarded_two_year,55.0,
51_ahec_01,2022.0,degrees_awarded_two_year,50.0,
51_ahec_01,2022.0,degrees_awarded_two_year,59.0,
51_ahec_01,2022.0,degrees_awarded_two_year,24.0,
51_ahec_01,2022.0,degrees_awarded_two_year,1.0,
51_ahec_01,2022.0,degrees_awarded_two_year,25.0,
51_ahec_01,2022.0,degrees_awarded_two_year,4.0,
51_ahec_01,2022.0,degrees_awarded_two_year,36.0,
51_ahec_01,2022.0,degrees_awarded_two_year,22.0,
51_ahec_01,2022.0,degrees_awarded_two_year,1.0,
51_ahec_01,2022.0,degrees_awarded_two_year,32.0,
51_ahec_01,2022.0,degrees_awarded_two_year,2.0,
51_ahec_01,2022.0,degrees_awarded_two_year,6.0,
51_ahec_01,2022.0,degrees_awarded_two_year,22.0,
51_ahec_01,2022.0,degrees_awarded_two_year,32.0,
51_ahec_01,2022.0,degrees_awarded_two_year,11.0,
51_ahec_01,2022.0,degrees_awarded_two_year,31.0,
51_ahec_01,2022.0,degrees_awarded_two_year,1.0,
51_ahec_01,2022.0,degrees_awarded_two_year,2.0,
51_ahec_01,2022.0,degrees_awarded_two_year,2.0,
51_ahec_01,2022.0,degrees_awarded_two_year,1.0,
51_ahec_01,2022.0,degrees_awarded_two_year,87.0,
51_ahec_01,2022.0,degrees_awarded_two_year,13.0,
51_ahec_01,2022.0,degrees_awarded_two_year,0.0,
51_ahec_01,2022.0,degrees_awarded_two_year,49.0,
51_ahec_01,2022.0,degrees_awarded_two_year,0.0,
51_ahec_01,2022.0,degrees_awarded_two_year,0.0,
51_ahec_01,2022.0,degrees_awarded_two_year,5.0,
51_ahec_02,2022.0,degrees_awarded_two_year,0.0,
51_ahec_02,2022.0,degrees_awarded_two_year,257.0,
51_ahec_02,2022.0,degrees_awarded_two_year,60.0,
51_ahec_02,2022.0,degrees_awarded_two_year,22.0,
51_ahec_02,2022.0,degrees_awarded_two_year,38.0,
51_ahec_02,2022.0,degrees_awarded_two_year,35.0,
51_ahec_02,2022.0,degrees_awarded_two_year,121.0,
51_ahec_02,2022.0,degrees_awarded_two_year,12.0,
51_ahec_02,2022.0,degrees_awarded_two_year,65.0,
51_ahec_03,2022.0,degrees_awarded_two_year,65.0,
51_ahec_03,2022.0,degrees_awarded_two_year,12.0,
51_ahec_03,2022.0,degrees_awarded_two_year,20.0,
51_ahec_03,2022.0,degrees_awarded_two_year,5.0,
51_ahec_03,2022.0,degrees_awarded_two_year,66.0,
51_ahec_03,2022.0,degrees_awarded_two_year,51.0,
51_ahec_03,2022.0,degrees_awarded_two_year,160.0,
51_ahec_03,2022.0,degrees_awarded_two_year,20.0,
51_ahec_03,2022.0,degrees_awarded_two_year,0.0,
51_ahec_03,2022.0,degrees_awarded_two_year,11.0,
51_ahec_03,2022.0,degrees_awarded_two_year,38.0,
51_ahec_03,2022.0,degrees_awarded_two_year,0.0,
51_ahec_03,2022.0,degrees_awarded_two_year,66.0,
51_ahec_03,2022.0,degrees_awarded_two_year,40.0,
51_ahec_03,2022.0,degrees_awarded_two_year,11.0,
51_ahec_03,2022.0,degrees_awarded_two_year,57.0,
51_ahec_04,2022.0,degrees_awarded_two_year,80.0,
51_ahec_04,2022.0,degrees_awarded_two_year,44.0,
51_ahec_04,2022.0,degrees_awarded_two_year,2.0,
51_ahec_04,2022.0,degrees_awarded_two_year,0.0,
51_ahec_04,2022.0,degrees_awarded_two_year,21.0,
51_ahec_04,2022.0,degrees_awarded_two_year,89.0,
51_ahec_04,2022.0,degrees_awarded_two_year,13.0,
51_ahec_04,2022.0,degrees_awarded_two_year,58.0,
51_ahec_04,2022.0,degrees_awarded_two_year,16.0,
51_ahec_05,2022.0,degrees_awarded_two_year,30.0,
51_ahec_05,2022.0,degrees_awarded_two_year,14.0,
51_ahec_05,2022.0,degrees_awarded_two_year,20.0,
51_ahec_05,2022.0,degrees_awarded_two_year,25.0,
51_ahec_05,2022.0,degrees_awarded_two_year,43.0,
51_ahec_05,2022.0,degrees_awarded_two_year,28.0,
51_ahec_05,2022.0,degrees_awarded_two_year,17.0,
51_ahec_05,2022.0,degrees_awarded_two_year,62.0,
51_ahec_05,2022.0,degrees_awarded_two_year,28.0,
51_ahec_05,2022.0,degrees_awarded_two_year,40.0,
51_ahec_05,2022.0,degrees_awarded_two_year,15.0,
51_ahec_05,2022.0,degrees_awarded_two_year,103.0,
51_ahec_05,2022.0,degrees_awarded_two_year,37.0,
51_ahec_05,2022.0,degrees_awarded_two_year,7.0,
51_ahec_05,2022.0,degrees_awarded_two_year,22.0,
51_ahec_06,2022.0,degrees_awarded_two_year,82.0,
51_ahec_06,2022.0,degrees_awarded_two_year,10.0,
51_ahec_06,2022.0,degrees_awarded_two_year,55.0,
51_ahec_06,2022.0,degrees_awarded_two_year,39.0,
51_ahec_06,2022.0,degrees_awarded_two_year,33.0,
51_ahec_06,2022.0,degrees_awarded_two_year,53.0,
51_ahec_06,2022.0,degrees_awarded_two_year,39.0,
51_ahec_06,2022.0,degrees_awarded_two_year,34.0,
51_ahec_06,2022.0,degrees_awarded_two_year,88.0,
51_ahec_06,2022.0,degrees_awarded_two_year,91.0,
51_ahec_06,2022.0,degrees_awarded_two_year,3.0,
51_ahec_06,2022.0,degrees_awarded_two_year,4.0,
51_ahec_06,2022.0,degrees_awarded_two_year,82.0,
51_ahec_06,2022.0,degrees_awarded_two_year,30.0,
51_ahec_06,2022.0,degrees_awarded_two_year,84.0,
51_ahec_06,2022.0,degrees_awarded_two_year,26.0,
51_ahec_06,2022.0,degrees_awarded_two_year,117.0,
51_ahec_06,2022.0,degrees_awarded_two_year,55.0,
51_ahec_07,2022.0,degrees_awarded_two_year,27.0,
51_ahec_07,2022.0,degrees_awarded_two_year,33.0,
51_ahec_07,2022.0,degrees_awarded_two_year,0.0,
51_ahec_07,2022.0,degrees_awarded_two_year,22.0,
51_ahec_07,2022.0,degrees_awarded_two_year,5.0,
51_ahec_07,2022.0,degrees_awarded_two_year,36.0,
51_ahec_07,2022.0,degrees_awarded_two_year,90.0,
51_ahec_07,2022.0,degrees_awarded_two_year,16.0,
51_ahec_07,2022.0,degrees_awarded_two_year,3.0,
51_ahec_07,2022.0,degrees_awarded_two_year,65.0,
51_ahec_07,2022.0,degrees_awarded_two_year,6.0,
51_ahec_07,2022.0,degrees_awarded_two_year,5.0,
51_ahec_08,2022.0,degrees_awarded_two_year,4.0,
51_ahec_08,2022.0,degrees_awarded_two_year,21.0,
51_ahec_08,2022.0,degrees_awarded_two_year,49.0,
51_ahec_08,2022.0,degrees_awarded_two_year,24.0,
51_ahec_08,2022.0,degrees_awarded_two_year,47.0,
51_ahec_08,2022.0,degrees_awarded_two_year,22.0,
51_ahec_08,2022.0,degrees_awarded_two_year,9.0,
51_ahec_08,2022.0,degrees_awarded_two_year,0.0,
51_ahec_08,2022.0,degrees_awarded_two_year,55.0,
51_ahec_08,2022.0,degrees_awarded_two_year,13.0,
51_ahec_08,2022.0,degrees_awarded_two_year,1.0,
51_ahec_08,2022.0,degrees_awarded_two_year,18.0,
51_ahec_08,2022.0,degrees_awarded_two_year,77.0,
51_ahec_08,2022.0,degrees_awarded_two_year,63.0,
51_ahec_08,2022.0,degrees_awarded_two_year,22.0,
51_ahec_08,2022.0,degrees_awarded_two_year,12.0,
51_ahec_08,2022.0,degrees_awarded_two_year,5.0,
51_ahec_08,2022.0,degrees_awarded_two_year,48.0,
51_ahec_08,2022.0,degrees_awarded_two_year,12.0,
51_ahec_08,2022.0,degrees_awarded_two_year,134.0,
51_ahec_08,2022.0,degrees_awarded_two_year,55.0,
51_ahec_08,2022.0,degrees_awarded_two_year,14.0,
51_ahec_08,2022.0,degrees_awarded_two_year,14.0,
51_ahec_08,2022.0,degrees_awarded_two_year,52.0,
51_ahec_08,2022.0,degrees_awarded_two_year,187.0,
51_ahec_08,2022.0,degrees_awarded_two_year,19.0,
51_ahec_08,2022.0,degrees_awarded_two_year,4.0,
51_ahec_08,2022.0,degrees_awarded_two_year,53.0,
51_ahec_01,2023.0,degrees_awarded_two_year,44.0,
51_ahec_01,2023.0,degrees_awarded_two_year,55.0,
51_ahec_01,2023.0,degrees_awarded_two_year,22.0,
51_ahec_01,2023.0,degrees_awarded_two_year,2.0,
51_ahec_01,2023.0,degrees_awarded_two_year,28.0,
51_ahec_01,2023.0,degrees_awarded_two_year,11.0,
51_ahec_01,2023.0,degrees_awarded_two_year,29.0,
51_ahec_01,2023.0,degrees_awarded_two_year,63.0,
51_ahec_01,2023.0,degrees_awarded_two_year,0.0,
51_ahec_01,2023.0,degrees_awarded_two_year,27.0,
51_ahec_01,2023.0,degrees_awarded_two_year,1.0,
51_ahec_01,2023.0,degrees_awarded_two_year,13.0,
51_ahec_01,2023.0,degrees_awarded_two_year,24.0,
51_ahec_01,2023.0,degrees_awarded_two_year,31.0,
51_ahec_01,2023.0,degrees_awarded_two_year,22.0,
51_ahec_01,2023.0,degrees_awarded_two_year,26.0,
51_ahec_01,2023.0,degrees_awarded_two_year,4.0,
51_ahec_01,2023.0,degrees_awarded_two_year,7.0,
51_ahec_01,2023.0,degrees_awarded_two_year,0.0,
51_ahec_01,2023.0,degrees_awarded_two_year,2.0,
51_ahec_01,2023.0,degrees_awarded_two_year,87.0,
51_ahec_01,2023.0,degrees_awarded_two_year,13.0,
51_ahec_01,2023.0,degrees_awarded_two_year,0.0,
51_ahec_01,2023.0,degrees_awarded_two_year,40.0,
51_ahec_01,2023.0,degrees_awarded_two_year,1.0,
51_ahec_01,2023.0,degrees_awarded_two_year,0.0,
51_ahec_01,2023.0,degrees_awarded_two_year,2.0,
51_ahec_02,2023.0,degrees_awarded_two_year,2.0,
51_ahec_02,2023.0,degrees_awarded_two_year,239.0,
51_ahec_02,2023.0,degrees_awarded_two_year,60.0,
51_ahec_02,2023.0,degrees_awarded_two_year,22.0,
51_ahec_02,2023.0,degrees_awarded_two_year,38.0,
51_ahec_02,2023.0,degrees_awarded_two_year,35.0,
51_ahec_02,2023.0,degrees_awarded_two_year,121.0,
51_ahec_02,2023.0,degrees_awarded_two_year,12.0,
51_ahec_02,2023.0,degrees_awarded_two_year,65.0,
51_ahec_03,2023.0,degrees_awarded_two_year,65.0,
51_ahec_03,2023.0,degrees_awarded_two_year,12.0,
51_ahec_03,2023.0,degrees_awarded_two_year,20.0,
51_ahec_03,2023.0,degrees_awarded_two_year,5.0,
51_ahec_03,2023.0,degrees_awarded_two_year,66.0,
51_ahec_03,2023.0,degrees_awarded_two_year,51.0,
51_ahec_03,2023.0,degrees_awarded_two_year,160.0,
51_ahec_03,2023.0,degrees_awarded_two_year,20.0,
51_ahec_03,2023.0,degrees_awarded_two_year,0.0,
51_ahec_03,2023.0,degrees_awarded_two_year,11.0,
51_ahec_03,2023.0,degrees_awarded_two_year,38.0,
51_ahec_03,2023.0,degrees_awarded_two_year,0.0,
51_ahec_03,2023.0,degrees_awarded_two_year,66.0,
51_ahec_03,2023.0,degrees_awarded_two_year,40.0,
51_ahec_03,2023.0,degrees_awarded_two_year,11.0,
51_ahec_03,2023.0,degrees_awarded_two_year,57.0,
51_ahec_04,2023.0,degrees_awarded_two_year,80.0,
51_ahec_04,2023.0,degrees_awarded_two_year,44.0,
51_ahec_04,2023.0,degrees_awarded_two_year,2.0,
51_ahec_04,2023.0,degrees_awarded_two_year,0.0,
51_ahec_04,2023.0,degrees_awarded_two_year,21.0,
51_ahec_04,2023.0,degrees_awarded_two_year,89.0,
51_ahec_04,2023.0,degrees_awarded_two_year,14.0,
51_ahec_04,2023.0,degrees_awarded_two_year,59.0,
51_ahec_04,2023.0,degrees_awarded_two_year,12.0,
51_ahec_05,2023.0,degrees_awarded_two_year,23.0,
51_ahec_05,2023.0,degrees_awarded_two_year,15.0,
51_ahec_05,2023.0,degrees_awarded_two_year,24.0,
51_ahec_05,2023.0,degrees_awarded_two_year,14.0,
51_ahec_05,2023.0,degrees_awarded_two_year,65.0,
51_ahec_05,2023.0,degrees_awarded_two_year,21.0,
51_ahec_05,2023.0,degrees_awarded_two_year,24.0,
51_ahec_05,2023.0,degrees_awarded_two_year,125.0,
51_ahec_05,2023.0,degrees_awarded_two_year,30.0,
51_ahec_05,2023.0,degrees_awarded_two_year,19.0,
51_ahec_05,2023.0,degrees_awarded_two_year,13.0,
51_ahec_05,2023.0,degrees_awarded_two_year,124.0,
51_ahec_05,2023.0,degrees_awarded_two_year,44.0,
51_ahec_05,2023.0,degrees_awarded_two_year,5.0,
51_ahec_05,2023.0,degrees_awarded_two_year,22.0,
51_ahec_06,2023.0,degrees_awarded_two_year,98.0,
51_ahec_06,2023.0,degrees_awarded_two_year,14.0,
51_ahec_06,2023.0,degrees_awarded_two_year,44.0,
51_ahec_06,2023.0,degrees_awarded_two_year,58.0,
51_ahec_06,2023.0,degrees_awarded_two_year,47.0,
51_ahec_06,2023.0,degrees_awarded_two_year,53.0,
51_ahec_06,2023.0,degrees_awarded_two_year,34.0,
51_ahec_06,2023.0,degrees_awarded_two_year,15.0,
51_ahec_06,2023.0,degrees_awarded_two_year,174.0,
51_ahec_06,2023.0,degrees_awarded_two_year,150.0,
51_ahec_06,2023.0,degrees_awarded_two_year,4.0,
51_ahec_06,2023.0,degrees_awarded_two_year,5.0,
51_ahec_06,2023.0,degrees_awarded_two_year,75.0,
51_ahec_06,2023.0,degrees_awarded_two_year,14.0,
51_ahec_06,2023.0,degrees_awarded_two_year,73.0,
51_ahec_06,2023.0,degrees_awarded_two_year,24.0,
51_ahec_06,2023.0,degrees_awarded_two_year,110.0,
51_ahec_06,2023.0,degrees_awarded_two_year,73.0,
51_ahec_07,2023.0,degrees_awarded_two_year,32.0,
51_ahec_07,2023.0,degrees_awarded_two_year,32.0,
51_ahec_07,2023.0,degrees_awarded_two_year,3.0,
51_ahec_07,2023.0,degrees_awarded_two_year,22.0,
51_ahec_07,2023.0,degrees_awarded_two_year,3.0,
51_ahec_07,2023.0,degrees_awarded_two_year,51.0,
51_ahec_07,2023.0,degrees_awarded_two_year,93.0,
51_ahec_07,2023.0,degrees_awarded_two_year,3.0,
51_ahec_07,2023.0,degrees_awarded_two_year,12.0,
51_ahec_07,2023.0,degrees_awarded_two_year,95.0,
51_ahec_07,2023.0,degrees_awarded_two_year,4.0,
51_ahec_07,2023.0,degrees_awarded_two_year,7.0,
51_ahec_08,2023.0,degrees_awarded_two_year,8.0,
51_ahec_08,2023.0,degrees_awarded_two_year,12.0,
51_ahec_08,2023.0,degrees_awarded_two_year,104.0,
51_ahec_08,2023.0,degrees_awarded_two_year,11.0,
51_ahec_08,2023.0,degrees_awarded_two_year,74.0,
51_ahec_08,2023.0,degrees_awarded_two_year,25.0,
51_ahec_08,2023.0,degrees_awarded_two_year,9.0,
51_ahec_08,2023.0,degrees_awarded_two_year,6.0,
51_ahec_08,2023.0,degrees_awarded_two_year,69.0,
51_ahec_08,2023.0,degrees_awarded_two_year,15.0,
51_ahec_08,2023.0,degrees_awarded_two_year,3.0,
51_ahec_08,2023.0,degrees_awarded_two_year,17.0,
51_ahec_08,2023.0,degrees_awarded_two_year,122.0,
51_ahec_08,2023.0,degrees_awarded_two_year,74.0,
51_ahec_08,2023.0,degrees_awarded_two_year,18.0,
51_ahec_08,2023.0,degrees_awarded_two_year,11.0,
51_ahec_08,2023.0,degrees_awarded_two_year,2.0,
51_ahec_08,2023.0,degrees_awarded_two_year,32.0,
51_ahec_08,2023.0,degrees_awarded_two_year,19.0,
51_ahec_08,2023.0,degrees_awarded_two_year,125.0,
51_ahec_08,2023.0,degrees_awarded_two_year,65.0,
51_ahec_08,2023.0,degrees_awarded_two_year,16.0,
51_ahec_08,2023.0,degrees_awarded_two_year,22.0,
51_ahec_08,2023.0,degrees_awarded_two_year,45.0,
51_ahec_08,2023.0,degrees_awarded_two_year,202.0,
51_ahec_08,2023.0,degrees_awarded_two_year,16.0,
51_ahec_08,2023.0,degrees_awarded_two_year,6.0,
51_ahec_08,2023.0,degrees_awarded_two_year,36.0,
51001,2016.0,degrees_awarded_two_year,39.0,
51003,2016.0,degrees_awarded_two_year,163.0,
51005,2016.0,degrees_awarded_two_year,18.0,
51007,2016.0,degrees_awarded_two_year,18.0,
51009,2016.0,degrees_awarded_two_year,24.0,
51011,2016.0,degrees_awarded_two_year,17.0,
51013,2016.0,degrees_awarded_two_year,29.0,
51015,2016.0,degrees_awarded_two_year,66.0,
51017,2016.0,degrees_awarded_two_year,7.0,
51019,2016.0,degrees_awarded_two_year,53.0,
51021,2016.0,degrees_awarded_two_year,18.0,
51023,2016.0,degrees_awarded_two_year,27.0,
51025,2016.0,degrees_awarded_two_year,31.0,
51027,2016.0,degrees_awarded_two_year,25.0,
51029,2016.0,degrees_awarded_two_year,40.0,
51031,2016.0,degrees_awarded_two_year,83.0,
51033,2016.0,degrees_awarded_two_year,16.0,
51035,2016.0,degrees_awarded_two_year,59.0,
51036,2016.0,degrees_awarded_two_year,8.0,
51037,2016.0,degrees_awarded_two_year,36.0,
51041,2016.0,degrees_awarded_two_year,292.0,
51043,2016.0,degrees_awarded_two_year,24.0,
51045,2016.0,degrees_awarded_two_year,4.0,
51047,2016.0,degrees_awarded_two_year,67.0,
51049,2016.0,degrees_awarded_two_year,9.0,
51051,2016.0,degrees_awarded_two_year,43.0,
51053,2016.0,degrees_awarded_two_year,21.0,
51057,2016.0,degrees_awarded_two_year,23.0,
51059,2016.0,degrees_awarded_two_year,223.0,
51061,2016.0,degrees_awarded_two_year,77.0,
51063,2016.0,degrees_awarded_two_year,20.0,
51065,2016.0,degrees_awarded_two_year,49.0,
51067,2016.0,degrees_awarded_two_year,41.0,
51069,2016.0,degrees_awarded_two_year,87.0,
51071,2016.0,degrees_awarded_two_year,21.0,
51073,2016.0,degrees_awarded_two_year,67.0,
51075,2016.0,degrees_awarded_two_year,4.0,
51077,2016.0,degrees_awarded_two_year,31.0,
51079,2016.0,degrees_awarded_two_year,38.0,
51081,2016.0,degrees_awarded_two_year,28.0,
51083,2016.0,degrees_awarded_two_year,53.0,
51085,2016.0,degrees_awarded_two_year,57.0,
51087,2016.0,degrees_awarded_two_year,196.0,
51089,2016.0,degrees_awarded_two_year,51.0,
51091,2016.0,degrees_awarded_two_year,1.0,
51093,2016.0,degrees_awarded_two_year,34.0,
51095,2016.0,degrees_awarded_two_year,27.0,
51097,2016.0,degrees_awarded_two_year,8.0,
51099,2016.0,degrees_awarded_two_year,40.0,
51101,2016.0,degrees_awarded_two_year,25.0,
51103,2016.0,degrees_awarded_two_year,19.0,
51105,2016.0,degrees_awarded_two_year,54.0,
51107,2016.0,degrees_awarded_two_year,61.0,
51109,2016.0,degrees_awarded_two_year,52.0,
51111,2016.0,degrees_awarded_two_year,23.0,
51113,2016.0,degrees_awarded_two_year,21.0,
51115,2016.0,degrees_awarded_two_year,18.0,
51117,2016.0,degrees_awarded_two_year,92.0,
51119,2016.0,degrees_awarded_two_year,13.0,
51121,2016.0,degrees_awarded_two_year,58.0,
51125,2016.0,degrees_awarded_two_year,16.0,
51127,2016.0,degrees_awarded_two_year,30.0,
51131,2016.0,degrees_awarded_two_year,14.0,
51133,2016.0,degrees_awarded_two_year,20.0,
51135,2016.0,degrees_awarded_two_year,25.0,
51137,2016.0,degrees_awarded_two_year,43.0,
51139,2016.0,degrees_awarded_two_year,28.0,
51141,2016.0,degrees_awarded_two_year,17.0,
51143,2016.0,degrees_awarded_two_year,62.0,
51145,2016.0,degrees_awarded_two_year,28.0,
51147,2016.0,degrees_awarded_two_year,40.0,
51149,2016.0,degrees_awarded_two_year,15.0,
51153,2016.0,degrees_awarded_two_year,103.0,
51155,2016.0,degrees_awarded_two_year,37.0,
51157,2016.0,degrees_awarded_two_year,7.0,
51159,2016.0,degrees_awarded_two_year,22.0,
51161,2016.0,degrees_awarded_two_year,82.0,
51163,2016.0,degrees_awarded_two_year,10.0,
51165,2016.0,degrees_awarded_two_year,55.0,
51167,2016.0,degrees_awarded_two_year,39.0,
51169,2016.0,degrees_awarded_two_year,33.0,
51171,2016.0,degrees_awarded_two_year,53.0,
51173,2016.0,degrees_awarded_two_year,39.0,
51175,2016.0,degrees_awarded_two_year,34.0,
51177,2016.0,degrees_awarded_two_year,88.0,
51179,2016.0,degrees_awarded_two_year,91.0,
51181,2016.0,degrees_awarded_two_year,3.0,
51183,2016.0,degrees_awarded_two_year,4.0,
51185,2016.0,degrees_awarded_two_year,82.0,
51187,2016.0,degrees_awarded_two_year,30.0,
51191,2016.0,degrees_awarded_two_year,84.0,
51193,2016.0,degrees_awarded_two_year,26.0,
51195,2016.0,degrees_awarded_two_year,117.0,
51197,2016.0,degrees_awarded_two_year,55.0,
51199,2016.0,degrees_awarded_two_year,27.0,
51510,2016.0,degrees_awarded_two_year,33.0,
51515,2016.0,degrees_awarded_two_year,0.0,
51520,2016.0,degrees_awarded_two_year,22.0,
51530,2016.0,degrees_awarded_two_year,5.0,
51540,2016.0,degrees_awarded_two_year,36.0,
51550,2016.0,degrees_awarded_two_year,90.0,
51570,2016.0,degrees_awarded_two_year,16.0,
51580,2016.0,degrees_awarded_two_year,3.0,
51590,2016.0,degrees_awarded_two_year,65.0,
51595,2016.0,degrees_awarded_two_year,6.0,
51600,2016.0,degrees_awarded_two_year,5.0,
51610,2016.0,degrees_awarded_two_year,4.0,
51620,2016.0,degrees_awarded_two_year,21.0,
51630,2016.0,degrees_awarded_two_year,49.0,
51640,2016.0,degrees_awarded_two_year,24.0,
51650,2016.0,degrees_awarded_two_year,47.0,
51660,2016.0,degrees_awarded_two_year,22.0,
51670,2016.0,degrees_awarded_two_year,9.0,
51678,2016.0,degrees_awarded_two_year,0.0,
51680,2016.0,degrees_awarded_two_year,55.0,
51683,2016.0,degrees_awarded_two_year,13.0,
51685,2016.0,degrees_awarded_two_year,1.0,
51690,2016.0,degrees_awarded_two_year,18.0,
51700,2016.0,degrees_awarded_two_year,77.0,
51710,2016.0,degrees_awarded_two_year,63.0,
51720,2016.0,degrees_awarded_two_year,22.0,
51730,2016.0,degrees_awarded_two_year,12.0,
51735,2016.0,degrees_awarded_two_year,5.0,
51740,2016.0,degrees_awarded_two_year,48.0,
51750,2016.0,degrees_awarded_two_year,12.0,
51760,2016.0,degrees_awarded_two_year,134.0,
51770,2016.0,degrees_awarded_two_year,55.0,
51775,2016.0,degrees_awarded_two_year,14.0,
51790,2016.0,degrees_awarded_two_year,14.0,
51800,2016.0,degrees_awarded_two_year,52.0,
51810,2016.0,degrees_awarded_two_year,187.0,
51820,2016.0,degrees_awarded_two_year,19.0,
51830,2016.0,degrees_awarded_two_year,4.0,
51840,2016.0,degrees_awarded_two_year,53.0,
51001,2017.0,degrees_awarded_two_year,46.0,
51003,2017.0,degrees_awarded_two_year,146.0,
51005,2017.0,degrees_awarded_two_year,22.0,
51007,2017.0,degrees_awarded_two_year,20.0,
51009,2017.0,degrees_awarded_two_year,35.0,
51011,2017.0,degrees_awarded_two_year,11.0,
51013,2017.0,degrees_awarded_two_year,32.0,
51015,2017.0,degrees_awarded_two_year,60.0,
51017,2017.0,degrees_awarded_two_year,6.0,
51019,2017.0,degrees_awarded_two_year,74.0,
51021,2017.0,degrees_awarded_two_year,10.0,
51023,2017.0,degrees_awarded_two_year,42.0,
51025,2017.0,degrees_awarded_two_year,24.0,
51027,2017.0,degrees_awarded_two_year,57.0,
51029,2017.0,degrees_awarded_two_year,37.0,
51031,2017.0,degrees_awarded_two_year,112.0,
51033,2017.0,degrees_awarded_two_year,44.0,
51035,2017.0,degrees_awarded_two_year,39.0,
51036,2017.0,degrees_awarded_two_year,5.0,
51037,2017.0,degrees_awarded_two_year,21.0,
51041,2017.0,degrees_awarded_two_year,277.0,
51043,2017.0,degrees_awarded_two_year,12.0,
51045,2017.0,degrees_awarded_two_year,5.0,
51047,2017.0,degrees_awarded_two_year,75.0,
51049,2017.0,degrees_awarded_two_year,9.0,
51051,2017.0,degrees_awarded_two_year,38.0,
51053,2017.0,degrees_awarded_two_year,14.0,
51057,2017.0,degrees_awarded_two_year,21.0,
51059,2017.0,degrees_awarded_two_year,223.0,
51061,2017.0,degrees_awarded_two_year,36.0,
51063,2017.0,degrees_awarded_two_year,11.0,
51065,2017.0,degrees_awarded_two_year,48.0,
51067,2017.0,degrees_awarded_two_year,35.0,
51069,2017.0,degrees_awarded_two_year,87.0,
51071,2017.0,degrees_awarded_two_year,9.0,
51073,2017.0,degrees_awarded_two_year,38.0,
51075,2017.0,degrees_awarded_two_year,13.0,
51077,2017.0,degrees_awarded_two_year,26.0,
51079,2017.0,degrees_awarded_two_year,36.0,
51081,2017.0,degrees_awarded_two_year,13.0,
51083,2017.0,degrees_awarded_two_year,72.0,
51085,2017.0,degrees_awarded_two_year,63.0,
51087,2017.0,degrees_awarded_two_year,187.0,
51089,2017.0,degrees_awarded_two_year,45.0,
51091,2017.0,degrees_awarded_two_year,2.0,
51093,2017.0,degrees_awarded_two_year,21.0,
51095,2017.0,degrees_awarded_two_year,30.0,
51097,2017.0,degrees_awarded_two_year,6.0,
51099,2017.0,degrees_awarded_two_year,42.0,
51101,2017.0,degrees_awarded_two_year,19.0,
51103,2017.0,degrees_awarded_two_year,9.0,
51105,2017.0,degrees_awarded_two_year,51.0,
51107,2017.0,degrees_awarded_two_year,54.0,
51109,2017.0,degrees_awarded_two_year,46.0,
51111,2017.0,degrees_awarded_two_year,21.0,
51113,2017.0,degrees_awarded_two_year,23.0,
51115,2017.0,degrees_awarded_two_year,21.0,
51117,2017.0,degrees_awarded_two_year,62.0,
51119,2017.0,degrees_awarded_two_year,14.0,
51121,2017.0,degrees_awarded_two_year,59.0,
51125,2017.0,degrees_awarded_two_year,12.0,
51127,2017.0,degrees_awarded_two_year,23.0,
51131,2017.0,degrees_awarded_two_year,15.0,
51133,2017.0,degrees_awarded_two_year,24.0,
51135,2017.0,degrees_awarded_two_year,14.0,
51137,2017.0,degrees_awarded_two_year,65.0,
51139,2017.0,degrees_awarded_two_year,21.0,
51141,2017.0,degrees_awarded_two_year,24.0,
51143,2017.0,degrees_awarded_two_year,125.0,
51145,2017.0,degrees_awarded_two_year,30.0,
51147,2017.0,degrees_awarded_two_year,19.0,
51149,2017.0,degrees_awarded_two_year,13.0,
51153,2017.0,degrees_awarded_two_year,124.0,
51155,2017.0,degrees_awarded_two_year,44.0,
51157,2017.0,degrees_awarded_two_year,5.0,
51159,2017.0,degrees_awarded_two_year,22.0,
51161,2017.0,degrees_awarded_two_year,98.0,
51163,2017.0,degrees_awarded_two_year,14.0,
51165,2017.0,degrees_awarded_two_year,44.0,
51167,2017.0,degrees_awarded_two_year,58.0,
51169,2017.0,degrees_awarded_two_year,47.0,
51171,2017.0,degrees_awarded_two_year,53.0,
51173,2017.0,degrees_awarded_two_year,34.0,
51175,2017.0,degrees_awarded_two_year,15.0,
51177,2017.0,degrees_awarded_two_year,174.0,
51179,2017.0,degrees_awarded_two_year,150.0,
51181,2017.0,degrees_awarded_two_year,4.0,
51183,2017.0,degrees_awarded_two_year,5.0,
51185,2017.0,degrees_awarded_two_year,75.0,
51187,2017.0,degrees_awarded_two_year,14.0,
51191,2017.0,degrees_awarded_two_year,73.0,
51193,2017.0,degrees_awarded_two_year,24.0,
51195,2017.0,degrees_awarded_two_year,110.0,
51197,2017.0,degrees_awarded_two_year,73.0,
51199,2017.0,degrees_awarded_two_year,32.0,
51510,2017.0,degrees_awarded_two_year,32.0,
51515,2017.0,degrees_awarded_two_year,3.0,
51520,2017.0,degrees_awarded_two_year,22.0,
51530,2017.0,degrees_awarded_two_year,3.0,
51540,2017.0,degrees_awarded_two_year,51.0,
51550,2017.0,degrees_awarded_two_year,93.0,
51570,2017.0,degrees_awarded_two_year,3.0,
51580,2017.0,degrees_awarded_two_year,12.0,
51590,2017.0,degrees_awarded_two_year,95.0,
51595,2017.0,degrees_awarded_two_year,4.0,
51600,2017.0,degrees_awarded_two_year,7.0,
51610,2017.0,degrees_awarded_two_year,8.0,
51620,2017.0,degrees_awarded_two_year,12.0,
51630,2017.0,degrees_awarded_two_year,104.0,
51640,2017.0,degrees_awarded_two_year,11.0,
51650,2017.0,degrees_awarded_two_year,74.0,
51660,2017.0,degrees_awarded_two_year,25.0,
51670,2017.0,degrees_awarded_two_year,9.0,
51678,2017.0,degrees_awarded_two_year,6.0,
51680,2017.0,degrees_awarded_two_year,69.0,
51683,2017.0,degrees_awarded_two_year,15.0,
51685,2017.0,degrees_awarded_two_year,3.0,
51690,2017.0,degrees_awarded_two_year,17.0,
51700,2017.0,degrees_awarded_two_year,122.0,
51710,2017.0,degrees_awarded_two_year,74.0,
51720,2017.0,degrees_awarded_two_year,18.0,
51730,2017.0,degrees_awarded_two_year,11.0,
51735,2017.0,degrees_awarded_two_year,2.0,
51740,2017.0,degrees_awarded_two_year,32.0,
51750,2017.0,degrees_awarded_two_year,19.0,
51760,2017.0,degrees_awarded_two_year,125.0,
51770,2017.0,degrees_awarded_two_year,65.0,
51775,2017.0,degrees_awarded_two_year,16.0,
51790,2017.0,degrees_awarded_two_year,22.0,
51800,2017.0,degrees_awarded_two_year,45.0,
51810,2017.0,degrees_awarded_two_year,202.0,
51820,2017.0,degrees_awarded_two_year,16.0,
51830,2017.0,degrees_awarded_two_year,6.0,
51840,2017.0,degrees_awarded_two_year,36.0,
51001,2018.0,degrees_awarded_two_year,41.0,
51003,2018.0,degrees_awarded_two_year,96.0,
51005,2018.0,degrees_awarded_two_year,38.0,
51007,2018.0,degrees_awarded_two_year,21.0,
51009,2018.0,degrees_awarded_two_year,38.0,
51011,2018.0,degrees_awarded_two_year,23.0,
51013,2018.0,degrees_awarded_two_year,25.0,
51015,2018.0,degrees_awarded_two_year,87.0,
51017,2018.0,degrees_awarded_two_year,5.0,
51019,2018.0,degrees_awarded_two_year,73.0,
51021,2018.0,degrees_awarded_two_year,17.0,
51023,2018.0,degrees_awarded_two_year,32.0,
51025,2018.0,degrees_awarded_two_year,29.0,
51027,2018.0,degrees_awarded_two_year,43.0,
51029,2018.0,degrees_awarded_two_year,29.0,
51031,2018.0,degrees_awarded_two_year,79.0,
51033,2018.0,degrees_awarded_two_year,16.0,
51035,2018.0,degrees_awarded_two_year,31.0,
51036,2018.0,degrees_awarded_two_year,12.0,
51037,2018.0,degrees_awarded_two_year,16.0,
51041,2018.0,degrees_awarded_two_year,222.0,
51043,2018.0,degrees_awarded_two_year,22.0,
51045,2018.0,degrees_awarded_two_year,9.0,
51047,2018.0,degrees_awarded_two_year,51.0,
51049,2018.0,degrees_awarded_two_year,25.0,
51051,2018.0,degrees_awarded_two_year,47.0,
51053,2018.0,degrees_awarded_two_year,14.0,
51057,2018.0,degrees_awarded_two_year,18.0,
51059,2018.0,degrees_awarded_two_year,175.0,
51061,2018.0,degrees_awarded_two_year,64.0,
51063,2018.0,degrees_awarded_two_year,14.0,
51065,2018.0,degrees_awarded_two_year,30.0,
51067,2018.0,degrees_awarded_two_year,48.0,
51069,2018.0,degrees_awarded_two_year,135.0,
51071,2018.0,degrees_awarded_two_year,20.0,
51073,2018.0,degrees_awarded_two_year,60.0,
51075,2018.0,degrees_awarded_two_year,12.0,
51077,2018.0,degrees_awarded_two_year,13.0,
51079,2018.0,degrees_awarded_two_year,15.0,
51081,2018.0,degrees_awarded_two_year,21.0,
51083,2018.0,degrees_awarded_two_year,64.0,
51085,2018.0,degrees_awarded_two_year,62.0,
51087,2018.0,degrees_awarded_two_year,174.0,
51089,2018.0,degrees_awarded_two_year,47.0,
51091,2018.0,degrees_awarded_two_year,2.0,
51093,2018.0,degrees_awarded_two_year,23.0,
51095,2018.0,degrees_awarded_two_year,35.0,
51097,2018.0,degrees_awarded_two_year,6.0,
51099,2018.0,degrees_awarded_two_year,48.0,
51101,2018.0,degrees_awarded_two_year,39.0,
51103,2018.0,degrees_awarded_two_year,18.0,
51105,2018.0,degrees_awarded_two_year,59.0,
51107,2018.0,degrees_awarded_two_year,63.0,
51109,2018.0,degrees_awarded_two_year,32.0,
51111,2018.0,degrees_awarded_two_year,21.0,
51113,2018.0,degrees_awarded_two_year,13.0,
51115,2018.0,degrees_awarded_two_year,20.0,
51117,2018.0,degrees_awarded_two_year,66.0,
51119,2018.0,degrees_awarded_two_year,14.0,
51121,2018.0,degrees_awarded_two_year,52.0,
51125,2018.0,degrees_awarded_two_year,8.0,
51127,2018.0,degrees_awarded_two_year,22.0,
51131,2018.0,degrees_awarded_two_year,12.0,
51133,2018.0,degrees_awarded_two_year,16.0,
51135,2018.0,degrees_awarded_two_year,16.0,
51137,2018.0,degrees_awarded_two_year,36.0,
51139,2018.0,degrees_awarded_two_year,17.0,
51141,2018.0,degrees_awarded_two_year,20.0,
51143,2018.0,degrees_awarded_two_year,76.0,
51145,2018.0,degrees_awarded_two_year,16.0,
51147,2018.0,degrees_awarded_two_year,23.0,
51149,2018.0,degrees_awarded_two_year,12.0,
51153,2018.0,degrees_awarded_two_year,111.0,
51155,2018.0,degrees_awarded_two_year,20.0,
51157,2018.0,degrees_awarded_two_year,8.0,
51159,2018.0,degrees_awarded_two_year,35.0,
51161,2018.0,degrees_awarded_two_year,98.0,
51163,2018.0,degrees_awarded_two_year,27.0,
51165,2018.0,degrees_awarded_two_year,70.0,
51167,2018.0,degrees_awarded_two_year,53.0,
51169,2018.0,degrees_awarded_two_year,51.0,
51171,2018.0,degrees_awarded_two_year,73.0,
51173,2018.0,degrees_awarded_two_year,39.0,
51175,2018.0,degrees_awarded_two_year,20.0,
51177,2018.0,degrees_awarded_two_year,90.0,
51179,2018.0,degrees_awarded_two_year,76.0,
51181,2018.0,degrees_awarded_two_year,0.0,
51183,2018.0,degrees_awarded_two_year,1.0,
51185,2018.0,degrees_awarded_two_year,74.0,
51187,2018.0,degrees_awarded_two_year,48.0,
51191,2018.0,degrees_awarded_two_year,81.0,
51193,2018.0,degrees_awarded_two_year,26.0,
51195,2018.0,degrees_awarded_two_year,125.0,
51197,2018.0,degrees_awarded_two_year,56.0,
51199,2018.0,degrees_awarded_two_year,46.0,
51510,2018.0,degrees_awarded_two_year,32.0,
51515,2018.0,degrees_awarded_two_year,6.0,
51520,2018.0,degrees_awarded_two_year,21.0,
51530,2018.0,degrees_awarded_two_year,5.0,
51540,2018.0,degrees_awarded_two_year,36.0,
51550,2018.0,degrees_awarded_two_year,100.0,
51570,2018.0,degrees_awarded_two_year,4.0,
51580,2018.0,degrees_awarded_two_year,13.0,
51590,2018.0,degrees_awarded_two_year,86.0,
51595,2018.0,degrees_awarded_two_year,5.0,
51600,2018.0,degrees_awarded_two_year,6.0,
51610,2018.0,degrees_awarded_two_year,10.0,
51620,2018.0,degrees_awarded_two_year,8.0,
51630,2018.0,degrees_awarded_two_year,66.0,
51640,2018.0,degrees_awarded_two_year,9.0,
51650,2018.0,degrees_awarded_two_year,76.0,
51660,2018.0,degrees_awarded_two_year,27.0,
51670,2018.0,degrees_awarded_two_year,12.0,
51678,2018.0,degrees_awarded_two_year,2.0,
51680,2018.0,degrees_awarded_two_year,80.0,
51683,2018.0,degrees_awarded_two_year,14.0,
51685,2018.0,degrees_awarded_two_year,2.0,
51690,2018.0,degrees_awarded_two_year,12.0,
51700,2018.0,degrees_awarded_two_year,110.0,
51710,2018.0,degrees_awarded_two_year,64.0,
51720,2018.0,degrees_awarded_two_year,21.0,
51730,2018.0,degrees_awarded_two_year,15.0,
51735,2018.0,degrees_awarded_two_year,5.0,
51740,2018.0,degrees_awarded_two_year,50.0,
51750,2018.0,degrees_awarded_two_year,8.0,
51760,2018.0,degrees_awarded_two_year,112.0,
51770,2018.0,degrees_awarded_two_year,58.0,
51775,2018.0,degrees_awarded_two_year,19.0,
51790,2018.0,degrees_awarded_two_year,19.0,
51800,2018.0,degrees_awarded_two_year,40.0,
51810,2018.0,degrees_awarded_two_year,222.0,
51820,2018.0,degrees_awarded_two_year,18.0,
51830,2018.0,degrees_awarded_two_year,5.0,
51840,2018.0,degrees_awarded_two_year,63.0,
51001,2019.0,degrees_awarded_two_year,58.0,
51003,2019.0,degrees_awarded_two_year,115.0,
51005,2019.0,degrees_awarded_two_year,22.0,
51007,2019.0,degrees_awarded_two_year,10.0,
51009,2019.0,degrees_awarded_two_year,22.0,
51011,2019.0,degrees_awarded_two_year,16.0,
51013,2019.0,degrees_awarded_two_year,19.0,
51015,2019.0,degrees_awarded_two_year,72.0,
51017,2019.0,degrees_awarded_two_year,5.0,
51019,2019.0,degrees_awarded_two_year,52.0,
51021,2019.0,degrees_awarded_two_year,13.0,
51023,2019.0,degrees_awarded_two_year,28.0,
51025,2019.0,degrees_awarded_two_year,25.0,
51027,2019.0,degrees_awarded_two_year,42.0,
51029,2019.0,degrees_awarded_two_year,37.0,
51031,2019.0,degrees_awarded_two_year,68.0,
51033,2019.0,degrees_awarded_two_year,19.0,
51035,2019.0,degrees_awarded_two_year,48.0,
51036,2019.0,degrees_awarded_two_year,5.0,
51037,2019.0,degrees_awarded_two_year,16.0,
51041,2019.0,degrees_awarded_two_year,190.0,
51043,2019.0,degrees_awarded_two_year,21.0,
51045,2019.0,degrees_awarded_two_year,5.0,
51047,2019.0,degrees_awarded_two_year,49.0,
51049,2019.0,degrees_awarded_two_year,15.0,
51051,2019.0,degrees_awarded_two_year,51.0,
51053,2019.0,degrees_awarded_two_year,8.0,
51057,2019.0,degrees_awarded_two_year,14.0,
51059,2019.0,degrees_awarded_two_year,130.0,
51061,2019.0,degrees_awarded_two_year,61.0,
51063,2019.0,degrees_awarded_two_year,22.0,
51065,2019.0,degrees_awarded_two_year,31.0,
51067,2019.0,degrees_awarded_two_year,30.0,
51069,2019.0,degrees_awarded_two_year,115.0,
51071,2019.0,degrees_awarded_two_year,14.0,
51073,2019.0,degrees_awarded_two_year,67.0,
51075,2019.0,degrees_awarded_two_year,6.0,
51077,2019.0,degrees_awarded_two_year,18.0,
51079,2019.0,degrees_awarded_two_year,26.0,
51081,2019.0,degrees_awarded_two_year,7.0,
51083,2019.0,degrees_awarded_two_year,68.0,
51085,2019.0,degrees_awarded_two_year,53.0,
51087,2019.0,degrees_awarded_two_year,138.0,
51089,2019.0,degrees_awarded_two_year,35.0,
51091,2019.0,degrees_awarded_two_year,4.0,
51093,2019.0,degrees_awarded_two_year,13.0,
51095,2019.0,degrees_awarded_two_year,33.0,
51097,2019.0,degrees_awarded_two_year,5.0,
51099,2019.0,degrees_awarded_two_year,63.0,
51101,2019.0,degrees_awarded_two_year,40.0,
51103,2019.0,degrees_awarded_two_year,14.0,
51105,2019.0,degrees_awarded_two_year,56.0,
51107,2019.0,degrees_awarded_two_year,33.0,
51109,2019.0,degrees_awarded_two_year,43.0,
51111,2019.0,degrees_awarded_two_year,14.0,
51113,2019.0,degrees_awarded_two_year,16.0,
51115,2019.0,degrees_awarded_two_year,20.0,
51117,2019.0,degrees_awarded_two_year,85.0,
51119,2019.0,degrees_awarded_two_year,13.0,
51121,2019.0,degrees_awarded_two_year,68.0,
51125,2019.0,degrees_awarded_two_year,21.0,
51127,2019.0,degrees_awarded_two_year,28.0,
51131,2019.0,degrees_awarded_two_year,9.0,
51133,2019.0,degrees_awarded_two_year,17.0,
51135,2019.0,degrees_awarded_two_year,6.0,
51137,2019.0,degrees_awarded_two_year,43.0,
51139,2019.0,degrees_awarded_two_year,17.0,
51141,2019.0,degrees_awarded_two_year,15.0,
51143,2019.0,degrees_awarded_two_year,100.0,
51145,2019.0,degrees_awarded_two_year,13.0,
51147,2019.0,degrees_awarded_two_year,19.0,
51149,2019.0,degrees_awarded_two_year,15.0,
51153,2019.0,degrees_awarded_two_year,90.0,
51155,2019.0,degrees_awarded_two_year,48.0,
51157,2019.0,degrees_awarded_two_year,18.0,
51159,2019.0,degrees_awarded_two_year,23.0,
51161,2019.0,degrees_awarded_two_year,65.0,
51163,2019.0,degrees_awarded_two_year,10.0,
51165,2019.0,degrees_awarded_two_year,61.0,
51167,2019.0,degrees_awarded_two_year,48.0,
51169,2019.0,degrees_awarded_two_year,67.0,
51171,2019.0,degrees_awarded_two_year,56.0,
51173,2019.0,degrees_awarded_two_year,69.0,
51175,2019.0,degrees_awarded_two_year,12.0,
51177,2019.0,degrees_awarded_two_year,89.0,
51179,2019.0,degrees_awarded_two_year,90.0,
51181,2019.0,degrees_awarded_two_year,2.0,
51183,2019.0,degrees_awarded_two_year,1.0,
51185,2019.0,degrees_awarded_two_year,73.0,
51187,2019.0,degrees_awarded_two_year,66.0,
51191,2019.0,degrees_awarded_two_year,104.0,
51193,2019.0,degrees_awarded_two_year,28.0,
51195,2019.0,degrees_awarded_two_year,117.0,
51197,2019.0,degrees_awarded_two_year,80.0,
51199,2019.0,degrees_awarded_two_year,27.0,
51510,2019.0,degrees_awarded_two_year,17.0,
51515,2019.0,degrees_awarded_two_year,6.0,
51520,2019.0,degrees_awarded_two_year,36.0,
51530,2019.0,degrees_awarded_two_year,2.0,
51540,2019.0,degrees_awarded_two_year,47.0,
51550,2019.0,degrees_awarded_two_year,64.0,
51570,2019.0,degrees_awarded_two_year,7.0,
51580,2019.0,degrees_awarded_two_year,2.0,
51590,2019.0,degrees_awarded_two_year,65.0,
51595,2019.0,degrees_awarded_two_year,2.0,
51600,2019.0,degrees_awarded_two_year,2.0,
51610,2019.0,degrees_awarded_two_year,4.0,
51620,2019.0,degrees_awarded_two_year,3.0,
51630,2019.0,degrees_awarded_two_year,51.0,
51640,2019.0,degrees_awarded_two_year,10.0,
51650,2019.0,degrees_awarded_two_year,66.0,
51660,2019.0,degrees_awarded_two_year,21.0,
51670,2019.0,degrees_awarded_two_year,5.0,
51678,2019.0,degrees_awarded_two_year,1.0,
51680,2019.0,degrees_awarded_two_year,76.0,
51683,2019.0,degrees_awarded_two_year,14.0,
51685,2019.0,degrees_awarded_two_year,2.0,
51690,2019.0,degrees_awarded_two_year,6.0,
51700,2019.0,degrees_awarded_two_year,75.0,
51710,2019.0,degrees_awarded_two_year,65.0,
51720,2019.0,degrees_awarded_two_year,18.0,
51730,2019.0,degrees_awarded_two_year,10.0,
51735,2019.0,degrees_awarded_two_year,7.0,
51740,2019.0,degrees_awarded_two_year,37.0,
51750,2019.0,degrees_awarded_two_year,12.0,
51760,2019.0,degrees_awarded_two_year,92.0,
51770,2019.0,degrees_awarded_two_year,61.0,
51775,2019.0,degrees_awarded_two_year,20.0,
51790,2019.0,degrees_awarded_two_year,18.0,
51800,2019.0,degrees_awarded_two_year,26.0,
51810,2019.0,degrees_awarded_two_year,139.0,
51820,2019.0,degrees_awarded_two_year,21.0,
51830,2019.0,degrees_awarded_two_year,9.0,
51840,2019.0,degrees_awarded_two_year,55.0,
51_hd_01,2016.0,degrees_awarded_two_year,33.0,
51_hd_02,2016.0,degrees_awarded_two_year,148.0,
51_hd_03,2016.0,degrees_awarded_two_year,29.0,
51_hd_04,2016.0,degrees_awarded_two_year,199.0,
51_hd_05,2016.0,degrees_awarded_two_year,232.0,
51_hd_06,2016.0,degrees_awarded_two_year,90.0,
51_hd_07,2016.0,degrees_awarded_two_year,336.0,
51_hd_08,2016.0,degrees_awarded_two_year,99.0,
51_hd_09,2016.0,degrees_awarded_two_year,98.0,
51_hd_10,2016.0,degrees_awarded_two_year,189.0,
51_hd_11,2016.0,degrees_awarded_two_year,53.0,
51_hd_12,2016.0,degrees_awarded_two_year,232.0,
51_hd_13,2016.0,degrees_awarded_two_year,47.0,
51_hd_14,2016.0,degrees_awarded_two_year,196.0,
51_hd_15,2016.0,degrees_awarded_two_year,226.0,
51_hd_16,2016.0,degrees_awarded_two_year,275.0,
51_hd_17,2016.0,degrees_awarded_two_year,61.0,
51_hd_18,2016.0,degrees_awarded_two_year,332.0,
51_hd_19,2016.0,degrees_awarded_two_year,148.0,
51_hd_20,2016.0,degrees_awarded_two_year,63.0,
51_hd_21,2016.0,degrees_awarded_two_year,140.0,
51_hd_22,2016.0,degrees_awarded_two_year,191.0,
51_hd_23,2016.0,degrees_awarded_two_year,127.0,
51_hd_24,2016.0,degrees_awarded_two_year,48.0,
51_hd_25,2016.0,degrees_awarded_two_year,117.0,
51_hd_26,2016.0,degrees_awarded_two_year,284.0,
51_hd_27,2016.0,degrees_awarded_two_year,215.0,
51_hd_28,2016.0,degrees_awarded_two_year,134.0,
51_hd_29,2016.0,degrees_awarded_two_year,55.0,
51_hd_30,2016.0,degrees_awarded_two_year,176.0,
51_hd_31,2016.0,degrees_awarded_two_year,354.0,
51_hd_32,2016.0,degrees_awarded_two_year,241.0,
51_hd_33,2016.0,degrees_awarded_two_year,187.0,
51_hd_34,2016.0,degrees_awarded_two_year,127.0,
51_hd_35,2016.0,degrees_awarded_two_year,141.0,
51_hd_01,2017.0,degrees_awarded_two_year,32.0,
51_hd_02,2017.0,degrees_awarded_two_year,195.0,
51_hd_03,2017.0,degrees_awarded_two_year,32.0,
51_hd_04,2017.0,degrees_awarded_two_year,198.0,
51_hd_05,2017.0,degrees_awarded_two_year,301.0,
51_hd_06,2017.0,degrees_awarded_two_year,93.0,
51_hd_07,2017.0,degrees_awarded_two_year,310.0,
51_hd_08,2017.0,degrees_awarded_two_year,104.0,
51_hd_09,2017.0,degrees_awarded_two_year,73.0,
51_hd_10,2017.0,degrees_awarded_two_year,228.0,
51_hd_11,2017.0,degrees_awarded_two_year,61.0,
51_hd_12,2017.0,degrees_awarded_two_year,238.0,
51_hd_13,2017.0,degrees_awarded_two_year,74.0,
51_hd_14,2017.0,degrees_awarded_two_year,187.0,
51_hd_15,2017.0,degrees_awarded_two_year,226.0,
51_hd_16,2017.0,degrees_awarded_two_year,223.0,
51_hd_17,2017.0,degrees_awarded_two_year,54.0,
51_hd_18,2017.0,degrees_awarded_two_year,288.0,
51_hd_19,2017.0,degrees_awarded_two_year,142.0,
51_hd_20,2017.0,degrees_awarded_two_year,74.0,
51_hd_21,2017.0,degrees_awarded_two_year,192.0,
51_hd_22,2017.0,degrees_awarded_two_year,141.0,
51_hd_23,2017.0,degrees_awarded_two_year,220.0,
51_hd_24,2017.0,degrees_awarded_two_year,32.0,
51_hd_25,2017.0,degrees_awarded_two_year,142.0,
51_hd_26,2017.0,degrees_awarded_two_year,514.0,
51_hd_27,2017.0,degrees_awarded_two_year,204.0,
51_hd_28,2017.0,degrees_awarded_two_year,125.0,
51_hd_29,2017.0,degrees_awarded_two_year,65.0,
51_hd_30,2017.0,degrees_awarded_two_year,158.0,
51_hd_31,2017.0,degrees_awarded_two_year,339.0,
51_hd_32,2017.0,degrees_awarded_two_year,198.0,
51_hd_33,2017.0,degrees_awarded_two_year,202.0,
51_hd_34,2017.0,degrees_awarded_two_year,121.0,
51_hd_35,2017.0,degrees_awarded_two_year,93.0,
51_hd_01,2018.0,degrees_awarded_two_year,32.0,
51_hd_02,2018.0,degrees_awarded_two_year,209.0,
51_hd_03,2018.0,degrees_awarded_two_year,25.0,
51_hd_04,2018.0,degrees_awarded_two_year,262.0,
51_hd_05,2018.0,degrees_awarded_two_year,293.0,
51_hd_06,2018.0,degrees_awarded_two_year,100.0,
51_hd_07,2018.0,degrees_awarded_two_year,242.0,
51_hd_08,2018.0,degrees_awarded_two_year,108.0,
51_hd_09,2018.0,degrees_awarded_two_year,80.0,
51_hd_10,2018.0,degrees_awarded_two_year,217.0,
51_hd_11,2018.0,degrees_awarded_two_year,53.0,
51_hd_12,2018.0,degrees_awarded_two_year,191.0,
51_hd_13,2018.0,degrees_awarded_two_year,76.0,
51_hd_14,2018.0,degrees_awarded_two_year,174.0,
51_hd_15,2018.0,degrees_awarded_two_year,256.0,
51_hd_16,2018.0,degrees_awarded_two_year,358.0,
51_hd_17,2018.0,degrees_awarded_two_year,63.0,
51_hd_18,2018.0,degrees_awarded_two_year,267.0,
51_hd_19,2018.0,degrees_awarded_two_year,114.0,
51_hd_20,2018.0,degrees_awarded_two_year,64.0,
51_hd_21,2018.0,degrees_awarded_two_year,201.0,
51_hd_22,2018.0,degrees_awarded_two_year,151.0,
51_hd_23,2018.0,degrees_awarded_two_year,162.0,
51_hd_24,2018.0,degrees_awarded_two_year,50.0,
51_hd_25,2018.0,degrees_awarded_two_year,127.0,
51_hd_26,2018.0,degrees_awarded_two_year,296.0,
51_hd_27,2018.0,degrees_awarded_two_year,172.0,
51_hd_28,2018.0,degrees_awarded_two_year,112.0,
51_hd_29,2018.0,degrees_awarded_two_year,58.0,
51_hd_30,2018.0,degrees_awarded_two_year,159.0,
51_hd_31,2018.0,degrees_awarded_two_year,217.0,
51_hd_32,2018.0,degrees_awarded_two_year,252.0,
51_hd_33,2018.0,degrees_awarded_two_year,222.0,
51_hd_34,2018.0,degrees_awarded_two_year,127.0,
51_hd_35,2018.0,degrees_awarded_two_year,91.0,
51_hd_01,2019.0,degrees_awarded_two_year,17.0,
51_hd_02,2019.0,degrees_awarded_two_year,142.0,
51_hd_03,2019.0,degrees_awarded_two_year,19.0,
51_hd_04,2019.0,degrees_awarded_two_year,215.0,
51_hd_05,2019.0,degrees_awarded_two_year,234.0,
51_hd_06,2019.0,degrees_awarded_two_year,64.0,
51_hd_07,2019.0,degrees_awarded_two_year,210.0,
51_hd_08,2019.0,degrees_awarded_two_year,92.0,
51_hd_09,2019.0,degrees_awarded_two_year,50.0,
51_hd_10,2019.0,degrees_awarded_two_year,214.0,
51_hd_11,2019.0,degrees_awarded_two_year,67.0,
51_hd_12,2019.0,degrees_awarded_two_year,136.0,
51_hd_13,2019.0,degrees_awarded_two_year,66.0,
51_hd_14,2019.0,degrees_awarded_two_year,138.0,
51_hd_15,2019.0,degrees_awarded_two_year,258.0,
51_hd_16,2019.0,degrees_awarded_two_year,330.0,
51_hd_17,2019.0,degrees_awarded_two_year,33.0,
51_hd_18,2019.0,degrees_awarded_two_year,378.0,
51_hd_19,2019.0,degrees_awarded_two_year,164.0,
51_hd_20,2019.0,degrees_awarded_two_year,65.0,
51_hd_21,2019.0,degrees_awarded_two_year,151.0,
51_hd_22,2019.0,degrees_awarded_two_year,117.0,
51_hd_23,2019.0,degrees_awarded_two_year,165.0,
51_hd_24,2019.0,degrees_awarded_two_year,37.0,
51_hd_25,2019.0,degrees_awarded_two_year,106.0,
51_hd_26,2019.0,degrees_awarded_two_year,312.0,
51_hd_27,2019.0,degrees_awarded_two_year,187.0,
51_hd_28,2019.0,degrees_awarded_two_year,92.0,
51_hd_29,2019.0,degrees_awarded_two_year,61.0,
51_hd_30,2019.0,degrees_awarded_two_year,178.0,
51_hd_31,2019.0,degrees_awarded_two_year,283.0,
51_hd_32,2019.0,degrees_awarded_two_year,241.0,
51_hd_33,2019.0,degrees_awarded_two_year,139.0,
51_hd_34,2019.0,degrees_awarded_two_year,86.0,
51_hd_35,2019.0,degrees_awarded_two_year,54.0,
