geoid,year,measure,value,moe
11001,2010.0,NAICS71_Herfindalh_Hirschman_index,688.93,
11001,2011.0,NAICS71_Herfindalh_Hirschman_index,295.7,
11001,2012.0,NAICS71_Herfindalh_Hirschman_index,303.22,
11001,2013.0,NAICS71_Herfindalh_Hirschman_index,315.81,
11001,2014.0,NAICS71_Herfindalh_Hirschman_index,323.81,
11001,2015.0,NAICS71_Herfindalh_Hirschman_index,264.94,
11001,2016.0,NAICS71_Herfindalh_Hirschman_index,266.8,
11001,2017.0,NAICS71_Herfindalh_Hirschman_index,241.98,
11001,2018.0,NAICS71_Herfindalh_Hirschman_index,242.39,
11001,2019.0,NAICS71_Herfindalh_Hirschman_index,233.73,
11001,2020.0,NAICS71_Herfindalh_Hirschman_index,237.44,
24017,2010.0,NAICS71_Herfindalh_Hirschman_index,5000.0,
24017,2011.0,NAICS71_Herfindalh_Hirschman_index,451.23,
24017,2012.0,NAICS71_Herfindalh_Hirschman_index,499.01,
24017,2013.0,NAICS71_Herfindalh_Hirschman_index,553.2,
24017,2014.0,NAICS71_Herfindalh_Hirschman_index,537.89,
24017,2015.0,NAICS71_Herfindalh_Hirschman_index,444.24,
24017,2016.0,NAICS71_Herfindalh_Hirschman_index,384.55,
24017,2017.0,NAICS71_Herfindalh_Hirschman_index,319.96,
24017,2018.0,NAICS71_Herfindalh_Hirschman_index,189.72,
24017,2019.0,NAICS71_Herfindalh_Hirschman_index,208.75,
24017,2020.0,NAICS71_Herfindalh_Hirschman_index,224.11,
24021,2010.0,NAICS71_Herfindalh_Hirschman_index,1204.41,
24021,2011.0,NAICS71_Herfindalh_Hirschman_index,179.05,
24021,2012.0,NAICS71_Herfindalh_Hirschman_index,192.52,
24021,2013.0,NAICS71_Herfindalh_Hirschman_index,191.09,
24021,2014.0,NAICS71_Herfindalh_Hirschman_index,204.84,
24021,2015.0,NAICS71_Herfindalh_Hirschman_index,165.58,
24021,2016.0,NAICS71_Herfindalh_Hirschman_index,159.18,
24021,2017.0,NAICS71_Herfindalh_Hirschman_index,170.09,
24021,2018.0,NAICS71_Herfindalh_Hirschman_index,151.11,
24021,2019.0,NAICS71_Herfindalh_Hirschman_index,146.03,
24021,2020.0,NAICS71_Herfindalh_Hirschman_index,154.39,
24031,2010.0,NAICS71_Herfindalh_Hirschman_index,88.95,
24031,2011.0,NAICS71_Herfindalh_Hirschman_index,137.55,
24031,2012.0,NAICS71_Herfindalh_Hirschman_index,141.83,
24031,2013.0,NAICS71_Herfindalh_Hirschman_index,160.53,
24031,2014.0,NAICS71_Herfindalh_Hirschman_index,159.32,
24031,2015.0,NAICS71_Herfindalh_Hirschman_index,125.04,
24031,2016.0,NAICS71_Herfindalh_Hirschman_index,115.67,
24031,2017.0,NAICS71_Herfindalh_Hirschman_index,103.61,
24031,2018.0,NAICS71_Herfindalh_Hirschman_index,102.49,
24031,2019.0,NAICS71_Herfindalh_Hirschman_index,460.54,
24031,2020.0,NAICS71_Herfindalh_Hirschman_index,112.68,
24033,2010.0,NAICS71_Herfindalh_Hirschman_index,47.22,
24033,2011.0,NAICS71_Herfindalh_Hirschman_index,295.76,
24033,2012.0,NAICS71_Herfindalh_Hirschman_index,324.59,
24033,2013.0,NAICS71_Herfindalh_Hirschman_index,363.13,
24033,2014.0,NAICS71_Herfindalh_Hirschman_index,355.76,
24033,2015.0,NAICS71_Herfindalh_Hirschman_index,297.32,
24033,2016.0,NAICS71_Herfindalh_Hirschman_index,281.2,
24033,2017.0,NAICS71_Herfindalh_Hirschman_index,256.72,
24033,2018.0,NAICS71_Herfindalh_Hirschman_index,234.49,
24033,2019.0,NAICS71_Herfindalh_Hirschman_index,244.26,
24033,2020.0,NAICS71_Herfindalh_Hirschman_index,275.51,
51013,2010.0,NAICS71_Herfindalh_Hirschman_index,353.35,
51013,2011.0,NAICS71_Herfindalh_Hirschman_index,236.73,
51013,2012.0,NAICS71_Herfindalh_Hirschman_index,376.5,
51013,2013.0,NAICS71_Herfindalh_Hirschman_index,422.32,
51013,2014.0,NAICS71_Herfindalh_Hirschman_index,399.19,
51013,2015.0,NAICS71_Herfindalh_Hirschman_index,384.96,
51013,2016.0,NAICS71_Herfindalh_Hirschman_index,352.5,
51013,2017.0,NAICS71_Herfindalh_Hirschman_index,311.08,
51013,2018.0,NAICS71_Herfindalh_Hirschman_index,291.13,
51013,2019.0,NAICS71_Herfindalh_Hirschman_index,277.47,
51013,2020.0,NAICS71_Herfindalh_Hirschman_index,305.56,
51059,2010.0,NAICS71_Herfindalh_Hirschman_index,41.51,
51059,2011.0,NAICS71_Herfindalh_Hirschman_index,588.16,
51059,2012.0,NAICS71_Herfindalh_Hirschman_index,551.0,
51059,2013.0,NAICS71_Herfindalh_Hirschman_index,567.27,
51059,2014.0,NAICS71_Herfindalh_Hirschman_index,559.22,
51059,2015.0,NAICS71_Herfindalh_Hirschman_index,457.01,
51059,2016.0,NAICS71_Herfindalh_Hirschman_index,442.83,
51059,2017.0,NAICS71_Herfindalh_Hirschman_index,418.6,
51059,2018.0,NAICS71_Herfindalh_Hirschman_index,402.44,
51059,2019.0,NAICS71_Herfindalh_Hirschman_index,437.22,
51059,2020.0,NAICS71_Herfindalh_Hirschman_index,479.9,
51107,2010.0,NAICS71_Herfindalh_Hirschman_index,214.34,
51107,2011.0,NAICS71_Herfindalh_Hirschman_index,254.04,
51107,2012.0,NAICS71_Herfindalh_Hirschman_index,235.49,
51107,2013.0,NAICS71_Herfindalh_Hirschman_index,265.89,
51107,2014.0,NAICS71_Herfindalh_Hirschman_index,278.29,
51107,2015.0,NAICS71_Herfindalh_Hirschman_index,231.03,
51107,2016.0,NAICS71_Herfindalh_Hirschman_index,221.58,
51107,2017.0,NAICS71_Herfindalh_Hirschman_index,203.12,
51107,2018.0,NAICS71_Herfindalh_Hirschman_index,187.51,
51107,2019.0,NAICS71_Herfindalh_Hirschman_index,182.73,
51107,2020.0,NAICS71_Herfindalh_Hirschman_index,207.86,
51153,2010.0,NAICS71_Herfindalh_Hirschman_index,89.25,
51153,2011.0,NAICS71_Herfindalh_Hirschman_index,323.93,
51153,2012.0,NAICS71_Herfindalh_Hirschman_index,344.45,
51153,2013.0,NAICS71_Herfindalh_Hirschman_index,361.74,
51153,2014.0,NAICS71_Herfindalh_Hirschman_index,334.69,
51153,2015.0,NAICS71_Herfindalh_Hirschman_index,260.89,
51153,2016.0,NAICS71_Herfindalh_Hirschman_index,251.16,
51153,2017.0,NAICS71_Herfindalh_Hirschman_index,220.33,
51153,2018.0,NAICS71_Herfindalh_Hirschman_index,202.06,
51153,2019.0,NAICS71_Herfindalh_Hirschman_index,197.05,
51153,2020.0,NAICS71_Herfindalh_Hirschman_index,209.29,
51510,2010.0,NAICS71_Herfindalh_Hirschman_index,5555.56,
51510,2011.0,NAICS71_Herfindalh_Hirschman_index,185.59,
51510,2012.0,NAICS71_Herfindalh_Hirschman_index,334.38,
51510,2013.0,NAICS71_Herfindalh_Hirschman_index,360.68,
51510,2014.0,NAICS71_Herfindalh_Hirschman_index,379.86,
51510,2015.0,NAICS71_Herfindalh_Hirschman_index,299.03,
51510,2016.0,NAICS71_Herfindalh_Hirschman_index,280.36,
51510,2017.0,NAICS71_Herfindalh_Hirschman_index,235.48,
51510,2018.0,NAICS71_Herfindalh_Hirschman_index,227.05,
51510,2019.0,NAICS71_Herfindalh_Hirschman_index,241.32,
51510,2020.0,NAICS71_Herfindalh_Hirschman_index,268.76,
51600,2010.0,NAICS71_Herfindalh_Hirschman_index,10000.0,
51600,2011.0,NAICS71_Herfindalh_Hirschman_index,986.39,
51600,2012.0,NAICS71_Herfindalh_Hirschman_index,985.3,
51600,2013.0,NAICS71_Herfindalh_Hirschman_index,989.3,
51600,2014.0,NAICS71_Herfindalh_Hirschman_index,1038.76,
51600,2015.0,NAICS71_Herfindalh_Hirschman_index,839.03,
51600,2016.0,NAICS71_Herfindalh_Hirschman_index,786.7,
51600,2017.0,NAICS71_Herfindalh_Hirschman_index,860.98,
51600,2018.0,NAICS71_Herfindalh_Hirschman_index,849.76,
51600,2019.0,NAICS71_Herfindalh_Hirschman_index,766.91,
51600,2020.0,NAICS71_Herfindalh_Hirschman_index,769.1,
51610,2010.0,NAICS71_Herfindalh_Hirschman_index,10000.0,
51610,2011.0,NAICS71_Herfindalh_Hirschman_index,1476.11,
51610,2012.0,NAICS71_Herfindalh_Hirschman_index,1488.83,
51610,2013.0,NAICS71_Herfindalh_Hirschman_index,1546.91,
51610,2014.0,NAICS71_Herfindalh_Hirschman_index,1504.1,
51610,2015.0,NAICS71_Herfindalh_Hirschman_index,1314.83,
51610,2016.0,NAICS71_Herfindalh_Hirschman_index,1338.38,
51610,2017.0,NAICS71_Herfindalh_Hirschman_index,1173.87,
51610,2018.0,NAICS71_Herfindalh_Hirschman_index,748.45,
51610,2019.0,NAICS71_Herfindalh_Hirschman_index,963.6,
51610,2020.0,NAICS71_Herfindalh_Hirschman_index,1095.37,
51683,2011.0,NAICS71_Herfindalh_Hirschman_index,518.84,
51683,2012.0,NAICS71_Herfindalh_Hirschman_index,596.03,
51683,2013.0,NAICS71_Herfindalh_Hirschman_index,595.57,
51683,2014.0,NAICS71_Herfindalh_Hirschman_index,569.33,
51683,2015.0,NAICS71_Herfindalh_Hirschman_index,513.22,
51683,2016.0,NAICS71_Herfindalh_Hirschman_index,496.84,
51683,2017.0,NAICS71_Herfindalh_Hirschman_index,532.97,
51683,2018.0,NAICS71_Herfindalh_Hirschman_index,458.08,
51683,2019.0,NAICS71_Herfindalh_Hirschman_index,425.87,
51683,2020.0,NAICS71_Herfindalh_Hirschman_index,486.69,
51685,2010.0,NAICS71_Herfindalh_Hirschman_index,3750.0,
51685,2011.0,NAICS71_Herfindalh_Hirschman_index,1569.0,
51685,2012.0,NAICS71_Herfindalh_Hirschman_index,1569.0,
51685,2013.0,NAICS71_Herfindalh_Hirschman_index,1666.67,
51685,2014.0,NAICS71_Herfindalh_Hirschman_index,1634.35,
51685,2015.0,NAICS71_Herfindalh_Hirschman_index,1790.12,
51685,2016.0,NAICS71_Herfindalh_Hirschman_index,1557.09,
51685,2017.0,NAICS71_Herfindalh_Hirschman_index,1176.47,
51685,2018.0,NAICS71_Herfindalh_Hirschman_index,1155.56,
51685,2019.0,NAICS71_Herfindalh_Hirschman_index,1183.67,
51685,2020.0,NAICS71_Herfindalh_Hirschman_index,944.0,
51041,2010.0,NAICS71_Herfindalh_Hirschman_index,735.36,
51041,2011.0,NAICS71_Herfindalh_Hirschman_index,245.72,
51041,2012.0,NAICS71_Herfindalh_Hirschman_index,244.79,
51041,2013.0,NAICS71_Herfindalh_Hirschman_index,242.53,
51041,2014.0,NAICS71_Herfindalh_Hirschman_index,205.92,
51041,2015.0,NAICS71_Herfindalh_Hirschman_index,202.64,
51041,2016.0,NAICS71_Herfindalh_Hirschman_index,192.92,
51041,2017.0,NAICS71_Herfindalh_Hirschman_index,173.4,
51041,2018.0,NAICS71_Herfindalh_Hirschman_index,174.56,
51041,2019.0,NAICS71_Herfindalh_Hirschman_index,180.2,
51041,2020.0,NAICS71_Herfindalh_Hirschman_index,208.91,
51087,2010.0,NAICS71_Herfindalh_Hirschman_index,3419.95,
51087,2011.0,NAICS71_Herfindalh_Hirschman_index,1152.96,
51087,2012.0,NAICS71_Herfindalh_Hirschman_index,1135.93,
51087,2013.0,NAICS71_Herfindalh_Hirschman_index,1132.82,
51087,2014.0,NAICS71_Herfindalh_Hirschman_index,985.37,
51087,2015.0,NAICS71_Herfindalh_Hirschman_index,808.73,
51087,2016.0,NAICS71_Herfindalh_Hirschman_index,773.8,
51087,2017.0,NAICS71_Herfindalh_Hirschman_index,710.81,
51087,2018.0,NAICS71_Herfindalh_Hirschman_index,773.19,
51087,2019.0,NAICS71_Herfindalh_Hirschman_index,821.38,
51087,2020.0,NAICS71_Herfindalh_Hirschman_index,882.26,
51059,2010.0,NAICS71_Herfindalh_Hirschman_index,384.53,
51059,2011.0,NAICS71_Herfindalh_Hirschman_index,1206.15,
51059,2012.0,NAICS71_Herfindalh_Hirschman_index,1067.28,
51059,2013.0,NAICS71_Herfindalh_Hirschman_index,1038.56,
51059,2014.0,NAICS71_Herfindalh_Hirschman_index,985.38,
51059,2015.0,NAICS71_Herfindalh_Hirschman_index,704.18,
51059,2016.0,NAICS71_Herfindalh_Hirschman_index,664.44,
51059,2017.0,NAICS71_Herfindalh_Hirschman_index,577.43,
51059,2018.0,NAICS71_Herfindalh_Hirschman_index,501.87,
51059,2019.0,NAICS71_Herfindalh_Hirschman_index,487.99,
51059,2020.0,NAICS71_Herfindalh_Hirschman_index,525.31,
