geoid,year,measure,value,moe
11001000100,2011.0,NAICS21_job_creation_active,0.0,
11001004001,2017.0,NAICS21_job_creation_active,0.0,
11001004400,2016.0,NAICS21_job_creation_active,0.0,
11001004702,2015.0,NAICS21_job_creation_active,0.0,
11001005500,2015.0,NAICS21_job_creation_active,0.0,
11001005500,2016.0,NAICS21_job_creation_active,1.0,
11001005800,2011.0,NAICS21_job_creation_active,0.0,
11001005800,2019.0,NAICS21_job_creation_active,0.0,
11001006202,2012.0,NAICS21_job_creation_active,0.0,
11001009802,2020.0,NAICS21_job_creation_active,0.0,
11001010700,2011.0,NAICS21_job_creation_active,0.0,
11001010700,2013.0,NAICS21_job_creation_active,1.0,
11001010700,2014.0,NAICS21_job_creation_active,24.0,
11001010700,2015.0,NAICS21_job_creation_active,0.0,
11001010700,2016.0,NAICS21_job_creation_active,0.0,
11001010700,2017.0,NAICS21_job_creation_active,0.0,
11001011100,2012.0,NAICS21_job_creation_active,0.0,
24017850102,2011.0,NAICS21_job_creation_active,0.0,
24017850500,2011.0,NAICS21_job_creation_active,0.0,
24017850710,2018.0,NAICS21_job_creation_active,0.0,
24017850711,2011.0,NAICS21_job_creation_active,0.0,
24017850712,2011.0,NAICS21_job_creation_active,0.0,
24017850901,2020.0,NAICS21_job_creation_active,0.0,
24017851200,2011.0,NAICS21_job_creation_active,0.0,
24017851200,2012.0,NAICS21_job_creation_active,2.0,
24017851500,2011.0,NAICS21_job_creation_active,0.0,
24021740200,2018.0,NAICS21_job_creation_active,0.0,
24021750702,2015.0,NAICS21_job_creation_active,0.0,
24021750802,2014.0,NAICS21_job_creation_active,0.0,
24021751004,2019.0,NAICS21_job_creation_active,0.0,
24021751301,2011.0,NAICS21_job_creation_active,0.0,
24021751701,2011.0,NAICS21_job_creation_active,0.0,
24021751902,2019.0,NAICS21_job_creation_active,0.0,
24021752601,2011.0,NAICS21_job_creation_active,0.0,
24021752603,2018.0,NAICS21_job_creation_active,0.0,
24021775600,2011.0,NAICS21_job_creation_active,0.0,
24031700208,2015.0,NAICS21_job_creation_active,0.0,
24031700304,2012.0,NAICS21_job_creation_active,0.0,
24031700400,2018.0,NAICS21_job_creation_active,0.0,
24031700500,2011.0,NAICS21_job_creation_active,0.0,
24031700604,2011.0,NAICS21_job_creation_active,0.0,
24031700818,2015.0,NAICS21_job_creation_active,0.0,
24031700826,2011.0,NAICS21_job_creation_active,0.0,
24031700832,2014.0,NAICS21_job_creation_active,0.0,
24031700901,2011.0,NAICS21_job_creation_active,0.0,
24031701205,2017.0,NAICS21_job_creation_active,0.0,
24031701317,2015.0,NAICS21_job_creation_active,0.0,
24031701415,2011.0,NAICS21_job_creation_active,0.0,
24031701417,2014.0,NAICS21_job_creation_active,0.0,
24031701507,2014.0,NAICS21_job_creation_active,0.0,
24031701509,2011.0,NAICS21_job_creation_active,0.0,
24031701800,2018.0,NAICS21_job_creation_active,0.0,
24031702500,2011.0,NAICS21_job_creation_active,0.0,
24031702500,2013.0,NAICS21_job_creation_active,8.0,
24031702500,2015.0,NAICS21_job_creation_active,0.0,
24031702700,2016.0,NAICS21_job_creation_active,0.0,
24031703210,2015.0,NAICS21_job_creation_active,0.0,
24031703301,2010.0,NAICS21_job_creation_active,0.0,
24031704100,2011.0,NAICS21_job_creation_active,0.0,
24031704804,2011.0,NAICS21_job_creation_active,0.0,
24031704806,2011.0,NAICS21_job_creation_active,0.0,
24031705100,2015.0,NAICS21_job_creation_active,0.0,
24031705502,2011.0,NAICS21_job_creation_active,0.0,
24031705800,2011.0,NAICS21_job_creation_active,0.0,
24031706008,2018.0,NAICS21_job_creation_active,0.0,
24031706013,2011.0,NAICS21_job_creation_active,0.0,
24033800203,2011.0,NAICS21_job_creation_active,0.0,
24033800211,2011.0,NAICS21_job_creation_active,0.0,
24033800507,2010.0,NAICS21_job_creation_active,0.0,
24033800507,2017.0,NAICS21_job_creation_active,0.0,
24033800601,2015.0,NAICS21_job_creation_active,0.0,
24033800607,2011.0,NAICS21_job_creation_active,0.0,
24033800607,2012.0,NAICS21_job_creation_active,2.0,
24033800707,2016.0,NAICS21_job_creation_active,0.0,
24033800800,2011.0,NAICS21_job_creation_active,0.0,
24033801003,2011.0,NAICS21_job_creation_active,0.0,
24033801005,2011.0,NAICS21_job_creation_active,0.0,
24033801310,2013.0,NAICS21_job_creation_active,0.0,
24033801907,2011.0,NAICS21_job_creation_active,0.0,
24033802201,2011.0,NAICS21_job_creation_active,0.0,
24033803520,2011.0,NAICS21_job_creation_active,0.0,
24033805500,2017.0,NAICS21_job_creation_active,0.0,
24033805906,2017.0,NAICS21_job_creation_active,0.0,
24033806706,2011.0,NAICS21_job_creation_active,0.0,
24033806708,2011.0,NAICS21_job_creation_active,0.0,
24033806708,2015.0,NAICS21_job_creation_active,0.0,
24033806710,2014.0,NAICS21_job_creation_active,0.0,
24033806900,2011.0,NAICS21_job_creation_active,0.0,
24033807000,2011.0,NAICS21_job_creation_active,0.0,
24033807000,2013.0,NAICS21_job_creation_active,0.0,
24033807000,2014.0,NAICS21_job_creation_active,6.0,
24033807000,2016.0,NAICS21_job_creation_active,1.0,
51013100100,2018.0,NAICS21_job_creation_active,0.0,
51013101000,2015.0,NAICS21_job_creation_active,0.0,
51013101401,2011.0,NAICS21_job_creation_active,0.0,
51013101401,2014.0,NAICS21_job_creation_active,55.0,
51013101403,2011.0,NAICS21_job_creation_active,0.0,
51013101502,2020.0,NAICS21_job_creation_active,0.0,
51013102001,2012.0,NAICS21_job_creation_active,0.0,
51013102302,2011.0,NAICS21_job_creation_active,0.0,
51013103402,2011.0,NAICS21_job_creation_active,0.0,
51013980100,2015.0,NAICS21_job_creation_active,0.0,
51013980100,2016.0,NAICS21_job_creation_active,2.0,
51013980100,2017.0,NAICS21_job_creation_active,1.0,
51013980100,2018.0,NAICS21_job_creation_active,5.0,
51059415700,2012.0,NAICS21_job_creation_active,0.0,
51059416100,2011.0,NAICS21_job_creation_active,0.0,
51059421001,2011.0,NAICS21_job_creation_active,0.0,
51059421001,2016.0,NAICS21_job_creation_active,0.0,
51059421001,2017.0,NAICS21_job_creation_active,0.0,
51059422000,2011.0,NAICS21_job_creation_active,0.0,
51059431900,2011.0,NAICS21_job_creation_active,0.0,
51059440201,2011.0,NAICS21_job_creation_active,0.0,
51059440501,2015.0,NAICS21_job_creation_active,0.0,
51059440501,2018.0,NAICS21_job_creation_active,0.0,
51059450300,2011.0,NAICS21_job_creation_active,0.0,
51059450800,2018.0,NAICS21_job_creation_active,0.0,
51059451501,2012.0,NAICS21_job_creation_active,0.0,
51059452101,2020.0,NAICS21_job_creation_active,0.0,
51059460100,2011.0,NAICS21_job_creation_active,0.0,
51059460100,2013.0,NAICS21_job_creation_active,2.0,
51059460200,2011.0,NAICS21_job_creation_active,0.0,
51059460501,2011.0,NAICS21_job_creation_active,0.0,
51059460900,2011.0,NAICS21_job_creation_active,0.0,
51059460900,2014.0,NAICS21_job_creation_active,8.0,
51059460900,2019.0,NAICS21_job_creation_active,2.0,
51059470500,2016.0,NAICS21_job_creation_active,0.0,
51059470600,2016.0,NAICS21_job_creation_active,0.0,
51059470800,2011.0,NAICS21_job_creation_active,0.0,
51059470900,2017.0,NAICS21_job_creation_active,0.0,
51059471100,2011.0,NAICS21_job_creation_active,0.0,
51059480201,2011.0,NAICS21_job_creation_active,0.0,
51059480202,2011.0,NAICS21_job_creation_active,0.0,
51059480202,2014.0,NAICS21_job_creation_active,7.0,
51059480202,2019.0,NAICS21_job_creation_active,0.0,
51059480203,2011.0,NAICS21_job_creation_active,0.0,
51059480903,2011.0,NAICS21_job_creation_active,0.0,
51059480903,2014.0,NAICS21_job_creation_active,4.0,
51059480903,2016.0,NAICS21_job_creation_active,1.0,
51059481600,2011.0,NAICS21_job_creation_active,0.0,
51059482201,2019.0,NAICS21_job_creation_active,0.0,
51059482301,2011.0,NAICS21_job_creation_active,0.0,
51059482301,2014.0,NAICS21_job_creation_active,2.0,
51059482400,2011.0,NAICS21_job_creation_active,0.0,
51059482501,2019.0,NAICS21_job_creation_active,0.0,
51059490103,2014.0,NAICS21_job_creation_active,0.0,
51059490103,2016.0,NAICS21_job_creation_active,0.0,
51059490103,2017.0,NAICS21_job_creation_active,0.0,
51059491702,2016.0,NAICS21_job_creation_active,0.0,
51059491802,2011.0,NAICS21_job_creation_active,0.0,
51059491802,2014.0,NAICS21_job_creation_active,11.0,
51059492203,2011.0,NAICS21_job_creation_active,0.0,
51059492203,2013.0,NAICS21_job_creation_active,2.0,
51107610101,2011.0,NAICS21_job_creation_active,0.0,
51107610300,2012.0,NAICS21_job_creation_active,0.0,
51107610507,2011.0,NAICS21_job_creation_active,0.0,
51107610507,2017.0,NAICS21_job_creation_active,0.0,
51107610507,2018.0,NAICS21_job_creation_active,1.0,
51107610601,2011.0,NAICS21_job_creation_active,0.0,
51107610800,2017.0,NAICS21_job_creation_active,0.0,
51107610900,2011.0,NAICS21_job_creation_active,0.0,
51107611017,2016.0,NAICS21_job_creation_active,0.0,
51107611019,2011.0,NAICS21_job_creation_active,0.0,
51107611019,2014.0,NAICS21_job_creation_active,3.0,
51107611020,2011.0,NAICS21_job_creation_active,0.0,
51107611020,2012.0,NAICS21_job_creation_active,3.0,
51107611300,2014.0,NAICS21_job_creation_active,0.0,
51107611806,2011.0,NAICS21_job_creation_active,0.0,
51107611900,2017.0,NAICS21_job_creation_active,0.0,
51153900407,2010.0,NAICS21_job_creation_active,0.0,
51153900409,2015.0,NAICS21_job_creation_active,0.0,
51153900801,2019.0,NAICS21_job_creation_active,0.0,
51153901231,2014.0,NAICS21_job_creation_active,0.0,
51153901234,2013.0,NAICS21_job_creation_active,0.0,
51153901409,2011.0,NAICS21_job_creation_active,0.0,
51153901410,2010.0,NAICS21_job_creation_active,0.0,
51153901410,2011.0,NAICS21_job_creation_active,0.0,
51153901417,2011.0,NAICS21_job_creation_active,0.0,
51153901503,2011.0,NAICS21_job_creation_active,0.0,
51153901602,2011.0,NAICS21_job_creation_active,0.0,
51510200303,2018.0,NAICS21_job_creation_active,0.0,
51510200405,2011.0,NAICS21_job_creation_active,0.0,
51510201500,2016.0,NAICS21_job_creation_active,0.0,
51510201900,2011.0,NAICS21_job_creation_active,0.0,
51510201900,2013.0,NAICS21_job_creation_active,1.0,
51600300400,2011.0,NAICS21_job_creation_active,0.0,
51600300500,2011.0,NAICS21_job_creation_active,0.0,
51600300500,2016.0,NAICS21_job_creation_active,6.0,
51610500300,2011.0,NAICS21_job_creation_active,0.0,
51683910402,2011.0,NAICS21_job_creation_active,0.0,
51685920200,2016.0,NAICS21_job_creation_active,0.0,
110010001001,2011.0,NAICS21_job_creation_active,0.0,
110010001004,2011.0,NAICS21_job_creation_active,0.0,
110010040012,2017.0,NAICS21_job_creation_active,0.0,
110010044002,2016.0,NAICS21_job_creation_active,0.0,
110010047021,2015.0,NAICS21_job_creation_active,0.0,
110010055001,2015.0,NAICS21_job_creation_active,0.0,
110010055001,2016.0,NAICS21_job_creation_active,1.0,
110010058001,2011.0,NAICS21_job_creation_active,0.0,
110010058002,2019.0,NAICS21_job_creation_active,0.0,
110010062021,2012.0,NAICS21_job_creation_active,0.0,
110010098022,2020.0,NAICS21_job_creation_active,0.0,
110010107001,2011.0,NAICS21_job_creation_active,0.0,
110010107001,2013.0,NAICS21_job_creation_active,1.0,
110010107001,2014.0,NAICS21_job_creation_active,0.0,
110010107001,2015.0,NAICS21_job_creation_active,0.0,
110010107001,2016.0,NAICS21_job_creation_active,0.0,
110010107002,2011.0,NAICS21_job_creation_active,0.0,
110010107002,2014.0,NAICS21_job_creation_active,24.0,
110010107002,2017.0,NAICS21_job_creation_active,0.0,
110010111001,2012.0,NAICS21_job_creation_active,0.0,
240178501021,2011.0,NAICS21_job_creation_active,0.0,
240178505002,2011.0,NAICS21_job_creation_active,0.0,
240178507101,2018.0,NAICS21_job_creation_active,0.0,
240178507111,2011.0,NAICS21_job_creation_active,0.0,
240178507121,2011.0,NAICS21_job_creation_active,0.0,
240178509011,2020.0,NAICS21_job_creation_active,0.0,
240178512003,2011.0,NAICS21_job_creation_active,0.0,
240178512003,2012.0,NAICS21_job_creation_active,2.0,
240178515003,2011.0,NAICS21_job_creation_active,0.0,
240217402004,2018.0,NAICS21_job_creation_active,0.0,
240217507023,2015.0,NAICS21_job_creation_active,0.0,
240217508023,2014.0,NAICS21_job_creation_active,0.0,
240217510041,2019.0,NAICS21_job_creation_active,0.0,
240217513012,2011.0,NAICS21_job_creation_active,0.0,
240217517011,2011.0,NAICS21_job_creation_active,0.0,
240217519023,2019.0,NAICS21_job_creation_active,0.0,
240217526012,2011.0,NAICS21_job_creation_active,0.0,
240217526033,2018.0,NAICS21_job_creation_active,0.0,
240217756002,2011.0,NAICS21_job_creation_active,0.0,
240317002082,2015.0,NAICS21_job_creation_active,0.0,
240317003041,2012.0,NAICS21_job_creation_active,0.0,
240317004002,2018.0,NAICS21_job_creation_active,0.0,
240317005001,2011.0,NAICS21_job_creation_active,0.0,
240317006041,2011.0,NAICS21_job_creation_active,0.0,
240317008182,2015.0,NAICS21_job_creation_active,0.0,
240317008261,2011.0,NAICS21_job_creation_active,0.0,
240317008321,2014.0,NAICS21_job_creation_active,0.0,
240317009011,2011.0,NAICS21_job_creation_active,0.0,
240317009012,2011.0,NAICS21_job_creation_active,0.0,
240317012053,2017.0,NAICS21_job_creation_active,0.0,
240317013173,2015.0,NAICS21_job_creation_active,0.0,
240317014155,2011.0,NAICS21_job_creation_active,0.0,
240317014171,2014.0,NAICS21_job_creation_active,0.0,
240317015071,2014.0,NAICS21_job_creation_active,0.0,
240317015091,2011.0,NAICS21_job_creation_active,0.0,
240317018001,2018.0,NAICS21_job_creation_active,0.0,
240317025002,2011.0,NAICS21_job_creation_active,0.0,
240317025002,2013.0,NAICS21_job_creation_active,8.0,
240317025004,2015.0,NAICS21_job_creation_active,0.0,
240317027001,2016.0,NAICS21_job_creation_active,0.0,
240317032101,2015.0,NAICS21_job_creation_active,0.0,
240317033014,2010.0,NAICS21_job_creation_active,0.0,
240317041004,2011.0,NAICS21_job_creation_active,0.0,
240317048041,2011.0,NAICS21_job_creation_active,0.0,
240317048061,2011.0,NAICS21_job_creation_active,0.0,
240317051002,2015.0,NAICS21_job_creation_active,0.0,
240317055021,2011.0,NAICS21_job_creation_active,0.0,
240317058002,2011.0,NAICS21_job_creation_active,0.0,
240317060083,2018.0,NAICS21_job_creation_active,0.0,
240317060131,2011.0,NAICS21_job_creation_active,0.0,
240338002032,2011.0,NAICS21_job_creation_active,0.0,
240338002111,2011.0,NAICS21_job_creation_active,0.0,
240338005071,2017.0,NAICS21_job_creation_active,0.0,
240338005072,2010.0,NAICS21_job_creation_active,0.0,
240338006011,2015.0,NAICS21_job_creation_active,0.0,
240338006071,2011.0,NAICS21_job_creation_active,0.0,
240338006071,2012.0,NAICS21_job_creation_active,2.0,
240338007071,2016.0,NAICS21_job_creation_active,0.0,
240338008003,2011.0,NAICS21_job_creation_active,0.0,
240338010032,2011.0,NAICS21_job_creation_active,0.0,
240338010051,2011.0,NAICS21_job_creation_active,0.0,
240338013101,2013.0,NAICS21_job_creation_active,0.0,
240338019071,2011.0,NAICS21_job_creation_active,0.0,
240338022012,2011.0,NAICS21_job_creation_active,0.0,
240338035203,2011.0,NAICS21_job_creation_active,0.0,
240338055002,2017.0,NAICS21_job_creation_active,0.0,
240338059061,2017.0,NAICS21_job_creation_active,0.0,
240338067061,2011.0,NAICS21_job_creation_active,0.0,
240338067081,2011.0,NAICS21_job_creation_active,0.0,
240338067083,2015.0,NAICS21_job_creation_active,0.0,
240338067102,2014.0,NAICS21_job_creation_active,0.0,
240338069002,2011.0,NAICS21_job_creation_active,0.0,
240338070002,2011.0,NAICS21_job_creation_active,0.0,
240338070003,2013.0,NAICS21_job_creation_active,0.0,
240338070003,2014.0,NAICS21_job_creation_active,6.0,
240338070003,2016.0,NAICS21_job_creation_active,1.0,
510131001003,2018.0,NAICS21_job_creation_active,0.0,
510131010001,2015.0,NAICS21_job_creation_active,0.0,
510131014011,2011.0,NAICS21_job_creation_active,0.0,
510131014011,2014.0,NAICS21_job_creation_active,55.0,
510131014031,2011.0,NAICS21_job_creation_active,0.0,
510131015022,2020.0,NAICS21_job_creation_active,0.0,
510131020012,2012.0,NAICS21_job_creation_active,0.0,
510131023023,2011.0,NAICS21_job_creation_active,0.0,
510131034024,2011.0,NAICS21_job_creation_active,0.0,
510139801001,2015.0,NAICS21_job_creation_active,0.0,
510139801001,2016.0,NAICS21_job_creation_active,2.0,
510139801001,2017.0,NAICS21_job_creation_active,1.0,
510139801001,2018.0,NAICS21_job_creation_active,5.0,
510594157002,2012.0,NAICS21_job_creation_active,0.0,
510594161001,2011.0,NAICS21_job_creation_active,0.0,
510594210011,2011.0,NAICS21_job_creation_active,0.0,
510594210011,2016.0,NAICS21_job_creation_active,0.0,
510594210011,2017.0,NAICS21_job_creation_active,0.0,
510594220001,2011.0,NAICS21_job_creation_active,0.0,
510594319001,2011.0,NAICS21_job_creation_active,0.0,
510594402011,2011.0,NAICS21_job_creation_active,0.0,
510594405011,2018.0,NAICS21_job_creation_active,0.0,
510594405013,2015.0,NAICS21_job_creation_active,0.0,
510594503003,2011.0,NAICS21_job_creation_active,0.0,
510594508001,2018.0,NAICS21_job_creation_active,0.0,
510594515012,2012.0,NAICS21_job_creation_active,0.0,
510594521013,2020.0,NAICS21_job_creation_active,0.0,
510594601002,2011.0,NAICS21_job_creation_active,0.0,
510594601002,2013.0,NAICS21_job_creation_active,2.0,
510594601003,2011.0,NAICS21_job_creation_active,0.0,
510594602002,2011.0,NAICS21_job_creation_active,0.0,
510594605011,2011.0,NAICS21_job_creation_active,0.0,
510594609001,2011.0,NAICS21_job_creation_active,0.0,
510594609001,2014.0,NAICS21_job_creation_active,8.0,
510594609001,2019.0,NAICS21_job_creation_active,2.0,
510594705004,2016.0,NAICS21_job_creation_active,0.0,
510594706002,2016.0,NAICS21_job_creation_active,0.0,
510594708002,2011.0,NAICS21_job_creation_active,0.0,
510594709002,2017.0,NAICS21_job_creation_active,0.0,
510594709003,2017.0,NAICS21_job_creation_active,0.0,
510594711001,2011.0,NAICS21_job_creation_active,0.0,
510594802013,2011.0,NAICS21_job_creation_active,0.0,
510594802022,2011.0,NAICS21_job_creation_active,0.0,
510594802022,2014.0,NAICS21_job_creation_active,7.0,
510594802022,2019.0,NAICS21_job_creation_active,0.0,
510594802031,2011.0,NAICS21_job_creation_active,0.0,
510594809032,2011.0,NAICS21_job_creation_active,0.0,
510594809032,2014.0,NAICS21_job_creation_active,4.0,
510594809032,2016.0,NAICS21_job_creation_active,1.0,
510594816002,2011.0,NAICS21_job_creation_active,0.0,
510594822011,2019.0,NAICS21_job_creation_active,0.0,
510594823011,2011.0,NAICS21_job_creation_active,0.0,
510594823011,2014.0,NAICS21_job_creation_active,2.0,
510594824001,2011.0,NAICS21_job_creation_active,0.0,
510594825011,2019.0,NAICS21_job_creation_active,0.0,
510594901031,2016.0,NAICS21_job_creation_active,0.0,
510594901031,2017.0,NAICS21_job_creation_active,0.0,
510594901034,2014.0,NAICS21_job_creation_active,0.0,
510594917022,2016.0,NAICS21_job_creation_active,0.0,
510594918021,2011.0,NAICS21_job_creation_active,0.0,
510594918021,2014.0,NAICS21_job_creation_active,11.0,
510594922032,2011.0,NAICS21_job_creation_active,0.0,
510594922032,2013.0,NAICS21_job_creation_active,2.0,
511076101011,2011.0,NAICS21_job_creation_active,0.0,
511076103003,2012.0,NAICS21_job_creation_active,0.0,
511076105071,2017.0,NAICS21_job_creation_active,0.0,
511076105071,2018.0,NAICS21_job_creation_active,1.0,
511076105072,2011.0,NAICS21_job_creation_active,0.0,
511076105073,2017.0,NAICS21_job_creation_active,0.0,
511076106013,2011.0,NAICS21_job_creation_active,0.0,
511076108002,2017.0,NAICS21_job_creation_active,0.0,
511076109001,2011.0,NAICS21_job_creation_active,0.0,
511076110171,2016.0,NAICS21_job_creation_active,0.0,
511076110191,2011.0,NAICS21_job_creation_active,0.0,
511076110191,2014.0,NAICS21_job_creation_active,3.0,
511076110203,2011.0,NAICS21_job_creation_active,0.0,
511076110203,2012.0,NAICS21_job_creation_active,3.0,
511076113002,2014.0,NAICS21_job_creation_active,0.0,
511076118062,2011.0,NAICS21_job_creation_active,0.0,
511076119001,2017.0,NAICS21_job_creation_active,0.0,
511539004073,2010.0,NAICS21_job_creation_active,0.0,
511539004092,2015.0,NAICS21_job_creation_active,0.0,
511539008012,2019.0,NAICS21_job_creation_active,0.0,
511539012311,2014.0,NAICS21_job_creation_active,0.0,
511539012341,2013.0,NAICS21_job_creation_active,0.0,
511539014092,2011.0,NAICS21_job_creation_active,0.0,
511539014101,2010.0,NAICS21_job_creation_active,0.0,
511539014104,2011.0,NAICS21_job_creation_active,0.0,
511539014172,2011.0,NAICS21_job_creation_active,0.0,
511539015034,2011.0,NAICS21_job_creation_active,0.0,
511539016022,2011.0,NAICS21_job_creation_active,0.0,
515102003034,2018.0,NAICS21_job_creation_active,0.0,
515102004054,2011.0,NAICS21_job_creation_active,0.0,
515102015001,2016.0,NAICS21_job_creation_active,0.0,
515102019001,2011.0,NAICS21_job_creation_active,0.0,
515102019001,2013.0,NAICS21_job_creation_active,1.0,
516003004001,2011.0,NAICS21_job_creation_active,0.0,
516003005001,2011.0,NAICS21_job_creation_active,0.0,
516003005001,2016.0,NAICS21_job_creation_active,6.0,
516105003001,2011.0,NAICS21_job_creation_active,0.0,
516839104023,2011.0,NAICS21_job_creation_active,0.0,
516859202003,2016.0,NAICS21_job_creation_active,0.0,
11001,2011.0,NAICS21_job_creation_active,0.0,
11001,2012.0,NAICS21_job_creation_active,0.0,
11001,2013.0,NAICS21_job_creation_active,1.0,
11001,2014.0,NAICS21_job_creation_active,24.0,
11001,2015.0,NAICS21_job_creation_active,0.0,
11001,2016.0,NAICS21_job_creation_active,1.0,
11001,2017.0,NAICS21_job_creation_active,0.0,
11001,2019.0,NAICS21_job_creation_active,0.0,
11001,2020.0,NAICS21_job_creation_active,0.0,
24017,2011.0,NAICS21_job_creation_active,0.0,
24017,2012.0,NAICS21_job_creation_active,2.0,
24017,2018.0,NAICS21_job_creation_active,0.0,
24017,2020.0,NAICS21_job_creation_active,0.0,
24021,2011.0,NAICS21_job_creation_active,0.0,
24021,2014.0,NAICS21_job_creation_active,0.0,
24021,2015.0,NAICS21_job_creation_active,0.0,
24021,2018.0,NAICS21_job_creation_active,0.0,
24021,2019.0,NAICS21_job_creation_active,0.0,
24031,2010.0,NAICS21_job_creation_active,0.0,
24031,2011.0,NAICS21_job_creation_active,0.0,
24031,2012.0,NAICS21_job_creation_active,0.0,
24031,2013.0,NAICS21_job_creation_active,8.0,
24031,2014.0,NAICS21_job_creation_active,0.0,
24031,2015.0,NAICS21_job_creation_active,0.0,
24031,2016.0,NAICS21_job_creation_active,0.0,
24031,2017.0,NAICS21_job_creation_active,0.0,
24031,2018.0,NAICS21_job_creation_active,0.0,
24033,2010.0,NAICS21_job_creation_active,0.0,
24033,2011.0,NAICS21_job_creation_active,0.0,
24033,2012.0,NAICS21_job_creation_active,2.0,
24033,2013.0,NAICS21_job_creation_active,0.0,
24033,2014.0,NAICS21_job_creation_active,6.0,
24033,2015.0,NAICS21_job_creation_active,0.0,
24033,2016.0,NAICS21_job_creation_active,1.0,
24033,2017.0,NAICS21_job_creation_active,0.0,
51013,2011.0,NAICS21_job_creation_active,0.0,
51013,2012.0,NAICS21_job_creation_active,0.0,
51013,2014.0,NAICS21_job_creation_active,55.0,
51013,2015.0,NAICS21_job_creation_active,0.0,
51013,2016.0,NAICS21_job_creation_active,2.0,
51013,2017.0,NAICS21_job_creation_active,1.0,
51013,2018.0,NAICS21_job_creation_active,5.0,
51013,2020.0,NAICS21_job_creation_active,0.0,
51059,2011.0,NAICS21_job_creation_active,0.0,
51059,2012.0,NAICS21_job_creation_active,0.0,
51059,2013.0,NAICS21_job_creation_active,4.0,
51059,2014.0,NAICS21_job_creation_active,32.0,
51059,2015.0,NAICS21_job_creation_active,0.0,
51059,2016.0,NAICS21_job_creation_active,1.0,
51059,2017.0,NAICS21_job_creation_active,0.0,
51059,2018.0,NAICS21_job_creation_active,0.0,
51059,2019.0,NAICS21_job_creation_active,2.0,
51059,2020.0,NAICS21_job_creation_active,0.0,
51107,2011.0,NAICS21_job_creation_active,0.0,
51107,2012.0,NAICS21_job_creation_active,3.0,
51107,2014.0,NAICS21_job_creation_active,3.0,
51107,2016.0,NAICS21_job_creation_active,0.0,
51107,2017.0,NAICS21_job_creation_active,0.0,
51107,2018.0,NAICS21_job_creation_active,1.0,
51153,2010.0,NAICS21_job_creation_active,0.0,
51153,2011.0,NAICS21_job_creation_active,0.0,
51153,2013.0,NAICS21_job_creation_active,0.0,
51153,2014.0,NAICS21_job_creation_active,0.0,
51153,2015.0,NAICS21_job_creation_active,0.0,
51153,2019.0,NAICS21_job_creation_active,0.0,
51510,2011.0,NAICS21_job_creation_active,0.0,
51510,2013.0,NAICS21_job_creation_active,1.0,
51510,2016.0,NAICS21_job_creation_active,0.0,
51510,2018.0,NAICS21_job_creation_active,0.0,
51600,2011.0,NAICS21_job_creation_active,0.0,
51600,2016.0,NAICS21_job_creation_active,6.0,
51610,2011.0,NAICS21_job_creation_active,0.0,
51683,2011.0,NAICS21_job_creation_active,0.0,
51685,2016.0,NAICS21_job_creation_active,0.0,
51041100107,2011.0,NAICS21_job_creation_active,0.0,
51041100107,2014.0,NAICS21_job_creation_active,3.0,
51041100703,2011.0,NAICS21_job_creation_active,0.0,
51041100812,2012.0,NAICS21_job_creation_active,0.0,
51041100821,2014.0,NAICS21_job_creation_active,0.0,
51041100922,2016.0,NAICS21_job_creation_active,0.0,
51041100924,2019.0,NAICS21_job_creation_active,0.0,
51041100926,2011.0,NAICS21_job_creation_active,0.0,
51041100934,2011.0,NAICS21_job_creation_active,0.0,
51087200108,2011.0,NAICS21_job_creation_active,0.0,
51087200128,2013.0,NAICS21_job_creation_active,0.0,
51087200303,2011.0,NAICS21_job_creation_active,0.0,
51087200303,2014.0,NAICS21_job_creation_active,20.0,
51087200303,2016.0,NAICS21_job_creation_active,0.0,
51087200404,2020.0,NAICS21_job_creation_active,0.0,
51087200411,2011.0,NAICS21_job_creation_active,0.0,
51087200906,2018.0,NAICS21_job_creation_active,0.0,
510411001071,2011.0,NAICS21_job_creation_active,0.0,
510411001071,2014.0,NAICS21_job_creation_active,3.0,
510411007032,2011.0,NAICS21_job_creation_active,0.0,
510411008123,2012.0,NAICS21_job_creation_active,0.0,
510411008211,2014.0,NAICS21_job_creation_active,0.0,
510411009221,2016.0,NAICS21_job_creation_active,0.0,
510411009241,2019.0,NAICS21_job_creation_active,0.0,
510411009262,2011.0,NAICS21_job_creation_active,0.0,
510411009343,2011.0,NAICS21_job_creation_active,0.0,
510872001082,2011.0,NAICS21_job_creation_active,0.0,
510872001282,2013.0,NAICS21_job_creation_active,0.0,
510872003032,2011.0,NAICS21_job_creation_active,0.0,
510872003032,2014.0,NAICS21_job_creation_active,20.0,
510872003032,2016.0,NAICS21_job_creation_active,0.0,
510872004041,2020.0,NAICS21_job_creation_active,0.0,
510872004112,2011.0,NAICS21_job_creation_active,0.0,
510872009062,2018.0,NAICS21_job_creation_active,0.0,
51041,2011.0,NAICS21_job_creation_active,0.0,
51041,2012.0,NAICS21_job_creation_active,0.0,
51041,2014.0,NAICS21_job_creation_active,3.0,
51041,2016.0,NAICS21_job_creation_active,0.0,
51041,2019.0,NAICS21_job_creation_active,0.0,
51087,2011.0,NAICS21_job_creation_active,0.0,
51087,2013.0,NAICS21_job_creation_active,0.0,
51087,2014.0,NAICS21_job_creation_active,20.0,
51087,2016.0,NAICS21_job_creation_active,0.0,
51087,2018.0,NAICS21_job_creation_active,0.0,
51087,2020.0,NAICS21_job_creation_active,0.0,
51059422000,2011.0,NAICS21_job_creation_active,0.0,
51059440501,2015.0,NAICS21_job_creation_active,0.0,
51059440501,2018.0,NAICS21_job_creation_active,0.0,
51059440800,2011.0,NAICS21_job_creation_active,0.0,
51059451501,2012.0,NAICS21_job_creation_active,0.0,
51059460100,2011.0,NAICS21_job_creation_active,0.0,
51059460100,2013.0,NAICS21_job_creation_active,2.0,
51059460900,2011.0,NAICS21_job_creation_active,0.0,
51059460900,2014.0,NAICS21_job_creation_active,8.0,
51059460900,2019.0,NAICS21_job_creation_active,2.0,
51059470600,2016.0,NAICS21_job_creation_active,0.0,
51059470900,2017.0,NAICS21_job_creation_active,0.0,
51059480202,2011.0,NAICS21_job_creation_active,0.0,
51059480202,2014.0,NAICS21_job_creation_active,7.0,
51059480202,2019.0,NAICS21_job_creation_active,0.0,
51059480203,2011.0,NAICS21_job_creation_active,0.0,
51059480903,2011.0,NAICS21_job_creation_active,0.0,
51059480903,2014.0,NAICS21_job_creation_active,4.0,
51059480903,2016.0,NAICS21_job_creation_active,1.0,
51059482201,2019.0,NAICS21_job_creation_active,0.0,
51059482301,2011.0,NAICS21_job_creation_active,0.0,
51059482301,2014.0,NAICS21_job_creation_active,2.0,
51059482400,2011.0,NAICS21_job_creation_active,0.0,
51059482501,2019.0,NAICS21_job_creation_active,0.0,
51059490103,2014.0,NAICS21_job_creation_active,0.0,
51059491702,2016.0,NAICS21_job_creation_active,0.0,
51059491802,2014.0,NAICS21_job_creation_active,11.0,
51059492203,2011.0,NAICS21_job_creation_active,0.0,
51059492203,2013.0,NAICS21_job_creation_active,2.0,
510594220001,2011.0,NAICS21_job_creation_active,0.0,
510594405011,2018.0,NAICS21_job_creation_active,0.0,
510594405013,2015.0,NAICS21_job_creation_active,0.0,
510594408001,2011.0,NAICS21_job_creation_active,0.0,
510594515012,2012.0,NAICS21_job_creation_active,0.0,
510594601002,2011.0,NAICS21_job_creation_active,0.0,
510594601002,2013.0,NAICS21_job_creation_active,2.0,
510594609001,2011.0,NAICS21_job_creation_active,0.0,
510594609001,2014.0,NAICS21_job_creation_active,8.0,
510594609001,2019.0,NAICS21_job_creation_active,2.0,
510594706002,2016.0,NAICS21_job_creation_active,0.0,
510594709003,2017.0,NAICS21_job_creation_active,0.0,
510594802022,2011.0,NAICS21_job_creation_active,0.0,
510594802022,2014.0,NAICS21_job_creation_active,7.0,
510594802022,2019.0,NAICS21_job_creation_active,0.0,
510594802031,2011.0,NAICS21_job_creation_active,0.0,
510594809032,2011.0,NAICS21_job_creation_active,0.0,
510594809032,2014.0,NAICS21_job_creation_active,4.0,
510594809032,2016.0,NAICS21_job_creation_active,1.0,
510594822011,2019.0,NAICS21_job_creation_active,0.0,
510594823011,2011.0,NAICS21_job_creation_active,0.0,
510594823011,2014.0,NAICS21_job_creation_active,2.0,
510594824001,2011.0,NAICS21_job_creation_active,0.0,
510594825011,2019.0,NAICS21_job_creation_active,0.0,
510594901034,2014.0,NAICS21_job_creation_active,0.0,
510594917022,2016.0,NAICS21_job_creation_active,0.0,
510594918021,2014.0,NAICS21_job_creation_active,11.0,
510594922032,2011.0,NAICS21_job_creation_active,0.0,
510594922032,2013.0,NAICS21_job_creation_active,2.0,
51059,2011.0,NAICS21_job_creation_active,0.0,
51059,2012.0,NAICS21_job_creation_active,0.0,
51059,2013.0,NAICS21_job_creation_active,4.0,
51059,2014.0,NAICS21_job_creation_active,32.0,
51059,2015.0,NAICS21_job_creation_active,0.0,
51059,2016.0,NAICS21_job_creation_active,1.0,
51059,2017.0,NAICS21_job_creation_active,0.0,
51059,2018.0,NAICS21_job_creation_active,0.0,
51059,2019.0,NAICS21_job_creation_active,2.0,
