geoid,year,measure,value,moe
51_hd_01,2015.0,total_compensation,10178657000.0,
51_hd_02,2015.0,total_compensation,9793290000.0,
51_hd_03,2015.0,total_compensation,21276411000.0,
51_hd_04,2015.0,total_compensation,18776804000.0,
51_hd_05,2015.0,total_compensation,10026829000.0,
51_hd_06,2015.0,total_compensation,5843140000.0,
51_hd_07,2015.0,total_compensation,10845509000.0,
51_hd_08,2015.0,total_compensation,5264058000.0,
51_hd_09,2015.0,total_compensation,9639215000.0,
51_hd_10,2015.0,total_compensation,1851622000.0,
51_hd_11,2015.0,total_compensation,1024999000.0,
51_hd_12,2015.0,total_compensation,218716536000.0,
51_hd_13,2015.0,total_compensation,4195694000.0,
51_hd_14,2015.0,total_compensation,16140640000.0,
51_hd_15,2015.0,total_compensation,2159227000.0,
51_hd_16,2015.0,total_compensation,9163235000.0,
51_hd_17,2015.0,total_compensation,13852480000.0,
51_hd_18,2015.0,total_compensation,6002565000.0,
51_hd_19,2015.0,total_compensation,7226556000.0,
51_hd_20,2015.0,total_compensation,14306214000.0,
51_hd_21,2015.0,total_compensation,15420811000.0,
51_hd_22,2015.0,total_compensation,1541432000.0,
51_hd_23,2015.0,total_compensation,3927422000.0,
51_hd_24,2015.0,total_compensation,3898034000.0,
51_hd_25,2015.0,total_compensation,35046579000.0,
51_hd_26,2015.0,total_compensation,11698814000.0,
51_hd_27,2015.0,total_compensation,3542349000.0,
51_hd_28,2015.0,total_compensation,12918265000.0,
51_hd_29,2015.0,total_compensation,4432049000.0,
51_hd_30,2015.0,total_compensation,1409354000.0,
51_hd_31,2015.0,total_compensation,15796018000.0,
51_hd_32,2015.0,total_compensation,1981102000.0,
51_hd_33,2015.0,total_compensation,12668453000.0,
51_hd_34,2015.0,total_compensation,3450614000.0,
51_hd_35,2015.0,total_compensation,3526272000.0,
51_hd_01,2016.0,total_compensation,10272801000.0,
51_hd_02,2016.0,total_compensation,9372948000.0,
51_hd_03,2016.0,total_compensation,21987207000.0,
51_hd_04,2016.0,total_compensation,18690107000.0,
51_hd_05,2016.0,total_compensation,10050924000.0,
51_hd_06,2016.0,total_compensation,5966007000.0,
51_hd_07,2016.0,total_compensation,11133340000.0,
51_hd_08,2016.0,total_compensation,5407112000.0,
51_hd_09,2016.0,total_compensation,9428935000.0,
51_hd_10,2016.0,total_compensation,1712724000.0,
51_hd_11,2016.0,total_compensation,1118481000.0,
51_hd_12,2016.0,total_compensation,221764908000.0,
51_hd_13,2016.0,total_compensation,4259703000.0,
51_hd_14,2016.0,total_compensation,16590859000.0,
51_hd_15,2016.0,total_compensation,2040047000.0,
51_hd_16,2016.0,total_compensation,9415027000.0,
51_hd_17,2016.0,total_compensation,14357875000.0,
51_hd_18,2016.0,total_compensation,5859772000.0,
51_hd_19,2016.0,total_compensation,7394166000.0,
51_hd_20,2016.0,total_compensation,14763324000.0,
51_hd_21,2016.0,total_compensation,15416847000.0,
51_hd_22,2016.0,total_compensation,1543463000.0,
51_hd_23,2016.0,total_compensation,3995386000.0,
51_hd_24,2016.0,total_compensation,3952218000.0,
51_hd_25,2016.0,total_compensation,36321231000.0,
51_hd_26,2016.0,total_compensation,11946989000.0,
51_hd_27,2016.0,total_compensation,3639946000.0,
51_hd_28,2016.0,total_compensation,13298508000.0,
51_hd_29,2016.0,total_compensation,4531068000.0,
51_hd_30,2016.0,total_compensation,1427444000.0,
51_hd_31,2016.0,total_compensation,16360650000.0,
51_hd_32,2016.0,total_compensation,2044019000.0,
51_hd_33,2016.0,total_compensation,13240682000.0,
51_hd_34,2016.0,total_compensation,3498527000.0,
51_hd_35,2016.0,total_compensation,3599667000.0,
51_hd_01,2017.0,total_compensation,10317529000.0,
51_hd_02,2017.0,total_compensation,9451739000.0,
51_hd_03,2017.0,total_compensation,23069428000.0,
51_hd_04,2017.0,total_compensation,19510239000.0,
51_hd_05,2017.0,total_compensation,10456896000.0,
51_hd_06,2017.0,total_compensation,6253583000.0,
51_hd_07,2017.0,total_compensation,11594963000.0,
51_hd_08,2017.0,total_compensation,5832903000.0,
51_hd_09,2017.0,total_compensation,9656084000.0,
51_hd_10,2017.0,total_compensation,1843646000.0,
51_hd_11,2017.0,total_compensation,1246506000.0,
51_hd_12,2017.0,total_compensation,229539342000.0,
51_hd_13,2017.0,total_compensation,4465322000.0,
51_hd_14,2017.0,total_compensation,17412626000.0,
51_hd_15,2017.0,total_compensation,2071010000.0,
51_hd_16,2017.0,total_compensation,9913839000.0,
51_hd_17,2017.0,total_compensation,15132182000.0,
51_hd_18,2017.0,total_compensation,5985697000.0,
51_hd_19,2017.0,total_compensation,7611660000.0,
51_hd_20,2017.0,total_compensation,14453240000.0,
51_hd_21,2017.0,total_compensation,15901031000.0,
51_hd_22,2017.0,total_compensation,1579802000.0,
51_hd_23,2017.0,total_compensation,4064114000.0,
51_hd_24,2017.0,total_compensation,4110857000.0,
51_hd_25,2017.0,total_compensation,37502673000.0,
51_hd_26,2017.0,total_compensation,12543549000.0,
51_hd_27,2017.0,total_compensation,3761048000.0,
51_hd_28,2017.0,total_compensation,13745595000.0,
51_hd_29,2017.0,total_compensation,4493967000.0,
51_hd_30,2017.0,total_compensation,1453132000.0,
51_hd_31,2017.0,total_compensation,17396692000.0,
51_hd_32,2017.0,total_compensation,2130068000.0,
51_hd_33,2017.0,total_compensation,13761506000.0,
51_hd_34,2017.0,total_compensation,3555972000.0,
51_hd_35,2017.0,total_compensation,3725751000.0,
51_hd_01,2018.0,total_compensation,10509472000.0,
51_hd_02,2018.0,total_compensation,9681635000.0,
51_hd_03,2018.0,total_compensation,24348313000.0,
51_hd_04,2018.0,total_compensation,20201115000.0,
51_hd_05,2018.0,total_compensation,10860230000.0,
51_hd_06,2018.0,total_compensation,6553330000.0,
51_hd_07,2018.0,total_compensation,12089854000.0,
51_hd_08,2018.0,total_compensation,6044029000.0,
51_hd_09,2018.0,total_compensation,9946517000.0,
51_hd_10,2018.0,total_compensation,1897591000.0,
51_hd_11,2018.0,total_compensation,1295906000.0,
51_hd_12,2018.0,total_compensation,241834191000.0,
51_hd_13,2018.0,total_compensation,4448812000.0,
51_hd_14,2018.0,total_compensation,17774483000.0,
51_hd_15,2018.0,total_compensation,2109538000.0,
51_hd_16,2018.0,total_compensation,10356246000.0,
51_hd_17,2018.0,total_compensation,16265775000.0,
51_hd_18,2018.0,total_compensation,6052972000.0,
51_hd_19,2018.0,total_compensation,8012758000.0,
51_hd_20,2018.0,total_compensation,13559970000.0,
51_hd_21,2018.0,total_compensation,16478655000.0,
51_hd_22,2018.0,total_compensation,1586780000.0,
51_hd_23,2018.0,total_compensation,4212662000.0,
51_hd_24,2018.0,total_compensation,4149144000.0,
51_hd_25,2018.0,total_compensation,39454275000.0,
51_hd_26,2018.0,total_compensation,13183970000.0,
51_hd_27,2018.0,total_compensation,3844734000.0,
51_hd_28,2018.0,total_compensation,13953676000.0,
51_hd_29,2018.0,total_compensation,4614726000.0,
51_hd_30,2018.0,total_compensation,1447628000.0,
51_hd_31,2018.0,total_compensation,18135881000.0,
51_hd_32,2018.0,total_compensation,2192404000.0,
51_hd_33,2018.0,total_compensation,13679833000.0,
51_hd_34,2018.0,total_compensation,3649912000.0,
51_hd_35,2018.0,total_compensation,3795375000.0,
51_hd_01,2019.0,total_compensation,10431215000.0,
51_hd_02,2019.0,total_compensation,9923044000.0,
51_hd_03,2019.0,total_compensation,26033367000.0,
51_hd_04,2019.0,total_compensation,21047394000.0,
51_hd_05,2019.0,total_compensation,11170245000.0,
51_hd_06,2019.0,total_compensation,6842437000.0,
51_hd_07,2019.0,total_compensation,12407578000.0,
51_hd_08,2019.0,total_compensation,6556553000.0,
51_hd_09,2019.0,total_compensation,10073435000.0,
51_hd_10,2019.0,total_compensation,1920352000.0,
51_hd_11,2019.0,total_compensation,1371074000.0,
51_hd_12,2019.0,total_compensation,257840301000.0,
51_hd_13,2019.0,total_compensation,4600791000.0,
51_hd_14,2019.0,total_compensation,18647839000.0,
51_hd_15,2019.0,total_compensation,2179168000.0,
51_hd_16,2019.0,total_compensation,10914382000.0,
51_hd_17,2019.0,total_compensation,17210089000.0,
51_hd_18,2019.0,total_compensation,6096231000.0,
51_hd_19,2019.0,total_compensation,8204909000.0,
51_hd_20,2019.0,total_compensation,13349229000.0,
51_hd_21,2019.0,total_compensation,17301215000.0,
51_hd_22,2019.0,total_compensation,1642725000.0,
51_hd_23,2019.0,total_compensation,4216690000.0,
51_hd_24,2019.0,total_compensation,4467325000.0,
51_hd_25,2019.0,total_compensation,41991519000.0,
51_hd_26,2019.0,total_compensation,13802660000.0,
51_hd_27,2019.0,total_compensation,4043272000.0,
51_hd_28,2019.0,total_compensation,14668959000.0,
51_hd_29,2019.0,total_compensation,4676255000.0,
51_hd_30,2019.0,total_compensation,1504764000.0,
51_hd_31,2019.0,total_compensation,18569453000.0,
51_hd_32,2019.0,total_compensation,2280331000.0,
51_hd_33,2019.0,total_compensation,14375269000.0,
51_hd_34,2019.0,total_compensation,3703804000.0,
51_hd_35,2019.0,total_compensation,3980791000.0,
51_hd_01,2020.0,total_compensation,10359761000.0,
51_hd_02,2020.0,total_compensation,10036204000.0,
51_hd_03,2020.0,total_compensation,27152844000.0,
51_hd_04,2020.0,total_compensation,21390530000.0,
51_hd_05,2020.0,total_compensation,11413265000.0,
51_hd_06,2020.0,total_compensation,7207192000.0,
51_hd_07,2020.0,total_compensation,12788615000.0,
51_hd_08,2020.0,total_compensation,6968117000.0,
51_hd_09,2020.0,total_compensation,10287714000.0,
51_hd_10,2020.0,total_compensation,1843347000.0,
51_hd_11,2020.0,total_compensation,1400873000.0,
51_hd_12,2020.0,total_compensation,264121836000.0,
51_hd_13,2020.0,total_compensation,4643943000.0,
51_hd_14,2020.0,total_compensation,18161842000.0,
51_hd_15,2020.0,total_compensation,2198963000.0,
51_hd_16,2020.0,total_compensation,11463835000.0,
51_hd_17,2020.0,total_compensation,17705552000.0,
51_hd_18,2020.0,total_compensation,6130292000.0,
51_hd_19,2020.0,total_compensation,8250303000.0,
51_hd_20,2020.0,total_compensation,13365800000.0,
51_hd_21,2020.0,total_compensation,17322058000.0,
51_hd_22,2020.0,total_compensation,1634809000.0,
51_hd_23,2020.0,total_compensation,4256550000.0,
51_hd_24,2020.0,total_compensation,4501731000.0,
51_hd_25,2020.0,total_compensation,43717632000.0,
51_hd_26,2020.0,total_compensation,14606317000.0,
51_hd_27,2020.0,total_compensation,4177449000.0,
51_hd_28,2020.0,total_compensation,15173888000.0,
51_hd_29,2020.0,total_compensation,4775206000.0,
51_hd_30,2020.0,total_compensation,1517893000.0,
51_hd_31,2020.0,total_compensation,18725906000.0,
51_hd_32,2020.0,total_compensation,2348056000.0,
51_hd_33,2020.0,total_compensation,14792020000.0,
51_hd_34,2020.0,total_compensation,3795853000.0,
51_hd_35,2020.0,total_compensation,4358992000.0,
51_hd_01,2021.0,total_compensation,10930946000.0,
51_hd_02,2021.0,total_compensation,10554561000.0,
51_hd_03,2021.0,total_compensation,28634795000.0,
51_hd_04,2021.0,total_compensation,23219329000.0,
51_hd_05,2021.0,total_compensation,12001124000.0,
51_hd_06,2021.0,total_compensation,7748738000.0,
51_hd_07,2021.0,total_compensation,13915429000.0,
51_hd_08,2021.0,total_compensation,7727699000.0,
51_hd_09,2021.0,total_compensation,10766898000.0,
51_hd_10,2021.0,total_compensation,1934002000.0,
51_hd_11,2021.0,total_compensation,1532255000.0,
51_hd_12,2021.0,total_compensation,287978127000.0,
51_hd_13,2021.0,total_compensation,4969694000.0,
51_hd_14,2021.0,total_compensation,19758215000.0,
51_hd_15,2021.0,total_compensation,2318654000.0,
51_hd_16,2021.0,total_compensation,12535698000.0,
51_hd_17,2021.0,total_compensation,19205272000.0,
51_hd_18,2021.0,total_compensation,6589287000.0,
51_hd_19,2021.0,total_compensation,9081354000.0,
51_hd_20,2021.0,total_compensation,14509370000.0,
51_hd_21,2021.0,total_compensation,18653472000.0,
51_hd_22,2021.0,total_compensation,1860155000.0,
51_hd_23,2021.0,total_compensation,4562468000.0,
51_hd_24,2021.0,total_compensation,4711195000.0,
51_hd_25,2021.0,total_compensation,46882656000.0,
51_hd_26,2021.0,total_compensation,15802392000.0,
51_hd_27,2021.0,total_compensation,4486445000.0,
51_hd_28,2021.0,total_compensation,16523402000.0,
51_hd_29,2021.0,total_compensation,5033946000.0,
51_hd_30,2021.0,total_compensation,1629433000.0,
51_hd_31,2021.0,total_compensation,21171382000.0,
51_hd_32,2021.0,total_compensation,2505423000.0,
51_hd_33,2021.0,total_compensation,16093089000.0,
51_hd_34,2021.0,total_compensation,4094053000.0,
51_hd_35,2021.0,total_compensation,4712460000.0,
51_hd_01,2022.0,total_compensation,11288162000.0,
51_hd_02,2022.0,total_compensation,11202553000.0,
51_hd_03,2022.0,total_compensation,30859433000.0,
51_hd_04,2022.0,total_compensation,25827897000.0,
51_hd_05,2022.0,total_compensation,12574743000.0,
51_hd_06,2022.0,total_compensation,8331690000.0,
51_hd_07,2022.0,total_compensation,15066209000.0,
51_hd_08,2022.0,total_compensation,8510586000.0,
51_hd_09,2022.0,total_compensation,11320958000.0,
51_hd_10,2022.0,total_compensation,2074720000.0,
51_hd_11,2022.0,total_compensation,1468324000.0,
51_hd_12,2022.0,total_compensation,306743031000.0,
51_hd_13,2022.0,total_compensation,5043758000.0,
51_hd_14,2022.0,total_compensation,20185813000.0,
51_hd_15,2022.0,total_compensation,2430457000.0,
51_hd_16,2022.0,total_compensation,13441284000.0,
51_hd_17,2022.0,total_compensation,21007696000.0,
51_hd_18,2022.0,total_compensation,7225443000.0,
51_hd_19,2022.0,total_compensation,9842646000.0,
51_hd_20,2022.0,total_compensation,15214616000.0,
51_hd_21,2022.0,total_compensation,19871632000.0,
51_hd_22,2022.0,total_compensation,1987098000.0,
51_hd_23,2022.0,total_compensation,4886322000.0,
51_hd_24,2022.0,total_compensation,4888954000.0,
51_hd_25,2022.0,total_compensation,49556721000.0,
51_hd_26,2022.0,total_compensation,16469383000.0,
51_hd_27,2022.0,total_compensation,4806411000.0,
51_hd_28,2022.0,total_compensation,17929480000.0,
51_hd_29,2022.0,total_compensation,5378627000.0,
51_hd_30,2022.0,total_compensation,1756593000.0,
51_hd_31,2022.0,total_compensation,22749284000.0,
51_hd_32,2022.0,total_compensation,2625920000.0,
51_hd_33,2022.0,total_compensation,16735262000.0,
51_hd_34,2022.0,total_compensation,4506277000.0,
51_hd_35,2022.0,total_compensation,4996944000.0,
51_hd_01,2023.0,total_compensation,10994398000.0,
51_hd_02,2023.0,total_compensation,11897264000.0,
51_hd_03,2023.0,total_compensation,33475499000.0,
51_hd_04,2023.0,total_compensation,26647829000.0,
51_hd_05,2023.0,total_compensation,13147962000.0,
51_hd_06,2023.0,total_compensation,8936386000.0,
51_hd_07,2023.0,total_compensation,16150732000.0,
51_hd_08,2023.0,total_compensation,9071655000.0,
51_hd_09,2023.0,total_compensation,12248054000.0,
51_hd_10,2023.0,total_compensation,2196826000.0,
51_hd_11,2023.0,total_compensation,1322813000.0,
51_hd_12,2023.0,total_compensation,328212306000.0,
51_hd_13,2023.0,total_compensation,5378422000.0,
51_hd_14,2023.0,total_compensation,20909252000.0,
51_hd_15,2023.0,total_compensation,2523717000.0,
51_hd_16,2023.0,total_compensation,14170009000.0,
51_hd_17,2023.0,total_compensation,22704894000.0,
51_hd_18,2023.0,total_compensation,7770622000.0,
51_hd_19,2023.0,total_compensation,10500862000.0,
51_hd_20,2023.0,total_compensation,16361688000.0,
51_hd_21,2023.0,total_compensation,21200540000.0,
51_hd_22,2023.0,total_compensation,1985838000.0,
51_hd_23,2023.0,total_compensation,5262642000.0,
51_hd_24,2023.0,total_compensation,5118821000.0,
51_hd_25,2023.0,total_compensation,54030585000.0,
51_hd_26,2023.0,total_compensation,17592033000.0,
51_hd_27,2023.0,total_compensation,5053381000.0,
51_hd_28,2023.0,total_compensation,19489595000.0,
51_hd_29,2023.0,total_compensation,5741851000.0,
51_hd_30,2023.0,total_compensation,1882008000.0,
51_hd_31,2023.0,total_compensation,24379188000.0,
51_hd_32,2023.0,total_compensation,2781566000.0,
51_hd_33,2023.0,total_compensation,17824260000.0,
51_hd_34,2023.0,total_compensation,4715020000.0,
51_hd_35,2023.0,total_compensation,5579589000.0,
