geoid,year,measure,value,moe
11001,2010.0,NAICS53_Herfindalh_Hirschman_index,64.85,
11001,2011.0,NAICS53_Herfindalh_Hirschman_index,46.75,
11001,2012.0,NAICS53_Herfindalh_Hirschman_index,39.11,
11001,2013.0,NAICS53_Herfindalh_Hirschman_index,340.87,
11001,2014.0,NAICS53_Herfindalh_Hirschman_index,368.91,
11001,2015.0,NAICS53_Herfindalh_Hirschman_index,309.62,
11001,2016.0,NAICS53_Herfindalh_Hirschman_index,290.8,
11001,2017.0,NAICS53_Herfindalh_Hirschman_index,274.62,
11001,2018.0,NAICS53_Herfindalh_Hirschman_index,243.3,
11001,2019.0,NAICS53_Herfindalh_Hirschman_index,238.25,
11001,2020.0,NAICS53_Herfindalh_Hirschman_index,250.44,
24017,2011.0,NAICS53_Herfindalh_Hirschman_index,171.6,
24017,2012.0,NAICS53_Herfindalh_Hirschman_index,186.47,
24017,2013.0,NAICS53_Herfindalh_Hirschman_index,254.49,
24017,2014.0,NAICS53_Herfindalh_Hirschman_index,260.63,
24017,2015.0,NAICS53_Herfindalh_Hirschman_index,236.9,
24017,2016.0,NAICS53_Herfindalh_Hirschman_index,221.12,
24017,2017.0,NAICS53_Herfindalh_Hirschman_index,200.95,
24017,2018.0,NAICS53_Herfindalh_Hirschman_index,163.51,
24017,2019.0,NAICS53_Herfindalh_Hirschman_index,159.47,
24017,2020.0,NAICS53_Herfindalh_Hirschman_index,160.67,
24021,2010.0,NAICS53_Herfindalh_Hirschman_index,122.69,
24021,2011.0,NAICS53_Herfindalh_Hirschman_index,74.2,
24021,2012.0,NAICS53_Herfindalh_Hirschman_index,78.27,
24021,2013.0,NAICS53_Herfindalh_Hirschman_index,86.26,
24021,2014.0,NAICS53_Herfindalh_Hirschman_index,104.77,
24021,2015.0,NAICS53_Herfindalh_Hirschman_index,105.02,
24021,2016.0,NAICS53_Herfindalh_Hirschman_index,101.58,
24021,2017.0,NAICS53_Herfindalh_Hirschman_index,85.09,
24021,2018.0,NAICS53_Herfindalh_Hirschman_index,101.17,
24021,2019.0,NAICS53_Herfindalh_Hirschman_index,100.36,
24021,2020.0,NAICS53_Herfindalh_Hirschman_index,100.86,
24031,2010.0,NAICS53_Herfindalh_Hirschman_index,14.74,
24031,2011.0,NAICS53_Herfindalh_Hirschman_index,39.14,
24031,2012.0,NAICS53_Herfindalh_Hirschman_index,38.74,
24031,2013.0,NAICS53_Herfindalh_Hirschman_index,42.23,
24031,2014.0,NAICS53_Herfindalh_Hirschman_index,44.63,
24031,2015.0,NAICS53_Herfindalh_Hirschman_index,43.59,
24031,2016.0,NAICS53_Herfindalh_Hirschman_index,41.21,
24031,2017.0,NAICS53_Herfindalh_Hirschman_index,86.97,
24031,2018.0,NAICS53_Herfindalh_Hirschman_index,39.8,
24031,2019.0,NAICS53_Herfindalh_Hirschman_index,38.24,
24031,2020.0,NAICS53_Herfindalh_Hirschman_index,41.15,
24033,2010.0,NAICS53_Herfindalh_Hirschman_index,110.75,
24033,2011.0,NAICS53_Herfindalh_Hirschman_index,25.52,
24033,2012.0,NAICS53_Herfindalh_Hirschman_index,28.29,
24033,2013.0,NAICS53_Herfindalh_Hirschman_index,32.28,
24033,2014.0,NAICS53_Herfindalh_Hirschman_index,34.88,
24033,2015.0,NAICS53_Herfindalh_Hirschman_index,41.71,
24033,2016.0,NAICS53_Herfindalh_Hirschman_index,38.8,
24033,2017.0,NAICS53_Herfindalh_Hirschman_index,98.66,
24033,2018.0,NAICS53_Herfindalh_Hirschman_index,39.6,
24033,2019.0,NAICS53_Herfindalh_Hirschman_index,34.78,
24033,2020.0,NAICS53_Herfindalh_Hirschman_index,35.85,
51013,2010.0,NAICS53_Herfindalh_Hirschman_index,529.06,
51013,2011.0,NAICS53_Herfindalh_Hirschman_index,554.09,
51013,2012.0,NAICS53_Herfindalh_Hirschman_index,84.88,
51013,2013.0,NAICS53_Herfindalh_Hirschman_index,91.5,
51013,2014.0,NAICS53_Herfindalh_Hirschman_index,95.76,
51013,2015.0,NAICS53_Herfindalh_Hirschman_index,99.08,
51013,2016.0,NAICS53_Herfindalh_Hirschman_index,92.41,
51013,2017.0,NAICS53_Herfindalh_Hirschman_index,89.08,
51013,2018.0,NAICS53_Herfindalh_Hirschman_index,85.26,
51013,2019.0,NAICS53_Herfindalh_Hirschman_index,72.65,
51013,2020.0,NAICS53_Herfindalh_Hirschman_index,77.31,
51059,2010.0,NAICS53_Herfindalh_Hirschman_index,244.32,
51059,2011.0,NAICS53_Herfindalh_Hirschman_index,18.91,
51059,2012.0,NAICS53_Herfindalh_Hirschman_index,17.45,
51059,2013.0,NAICS53_Herfindalh_Hirschman_index,21.15,
51059,2014.0,NAICS53_Herfindalh_Hirschman_index,26.69,
51059,2015.0,NAICS53_Herfindalh_Hirschman_index,29.95,
51059,2016.0,NAICS53_Herfindalh_Hirschman_index,1190.09,
51059,2017.0,NAICS53_Herfindalh_Hirschman_index,1165.41,
51059,2018.0,NAICS53_Herfindalh_Hirschman_index,1130.56,
51059,2019.0,NAICS53_Herfindalh_Hirschman_index,1130.33,
51059,2020.0,NAICS53_Herfindalh_Hirschman_index,1197.12,
51107,2010.0,NAICS53_Herfindalh_Hirschman_index,34.6,
51107,2011.0,NAICS53_Herfindalh_Hirschman_index,93.3,
51107,2012.0,NAICS53_Herfindalh_Hirschman_index,90.04,
51107,2013.0,NAICS53_Herfindalh_Hirschman_index,107.44,
51107,2014.0,NAICS53_Herfindalh_Hirschman_index,114.71,
51107,2015.0,NAICS53_Herfindalh_Hirschman_index,127.24,
51107,2016.0,NAICS53_Herfindalh_Hirschman_index,145.65,
51107,2017.0,NAICS53_Herfindalh_Hirschman_index,120.84,
51107,2018.0,NAICS53_Herfindalh_Hirschman_index,112.84,
51107,2019.0,NAICS53_Herfindalh_Hirschman_index,107.77,
51107,2020.0,NAICS53_Herfindalh_Hirschman_index,119.93,
51153,2010.0,NAICS53_Herfindalh_Hirschman_index,37.95,
51153,2011.0,NAICS53_Herfindalh_Hirschman_index,35.53,
51153,2012.0,NAICS53_Herfindalh_Hirschman_index,34.44,
51153,2013.0,NAICS53_Herfindalh_Hirschman_index,41.25,
51153,2014.0,NAICS53_Herfindalh_Hirschman_index,46.48,
51153,2015.0,NAICS53_Herfindalh_Hirschman_index,52.06,
51153,2016.0,NAICS53_Herfindalh_Hirschman_index,47.55,
51153,2017.0,NAICS53_Herfindalh_Hirschman_index,42.44,
51153,2018.0,NAICS53_Herfindalh_Hirschman_index,39.14,
51153,2019.0,NAICS53_Herfindalh_Hirschman_index,69.98,
51153,2020.0,NAICS53_Herfindalh_Hirschman_index,73.32,
51510,2010.0,NAICS53_Herfindalh_Hirschman_index,5200.0,
51510,2011.0,NAICS53_Herfindalh_Hirschman_index,142.55,
51510,2012.0,NAICS53_Herfindalh_Hirschman_index,115.07,
51510,2013.0,NAICS53_Herfindalh_Hirschman_index,133.35,
51510,2014.0,NAICS53_Herfindalh_Hirschman_index,154.04,
51510,2015.0,NAICS53_Herfindalh_Hirschman_index,150.74,
51510,2016.0,NAICS53_Herfindalh_Hirschman_index,150.72,
51510,2017.0,NAICS53_Herfindalh_Hirschman_index,144.96,
51510,2018.0,NAICS53_Herfindalh_Hirschman_index,144.3,
51510,2019.0,NAICS53_Herfindalh_Hirschman_index,145.4,
51510,2020.0,NAICS53_Herfindalh_Hirschman_index,158.52,
51600,2010.0,NAICS53_Herfindalh_Hirschman_index,10000.0,
51600,2011.0,NAICS53_Herfindalh_Hirschman_index,531.24,
51600,2012.0,NAICS53_Herfindalh_Hirschman_index,506.02,
51600,2013.0,NAICS53_Herfindalh_Hirschman_index,557.51,
51600,2014.0,NAICS53_Herfindalh_Hirschman_index,603.61,
51600,2015.0,NAICS53_Herfindalh_Hirschman_index,587.95,
51600,2016.0,NAICS53_Herfindalh_Hirschman_index,548.22,
51600,2017.0,NAICS53_Herfindalh_Hirschman_index,563.73,
51600,2018.0,NAICS53_Herfindalh_Hirschman_index,516.0,
51600,2019.0,NAICS53_Herfindalh_Hirschman_index,566.8,
51600,2020.0,NAICS53_Herfindalh_Hirschman_index,632.93,
51610,2010.0,NAICS53_Herfindalh_Hirschman_index,10000.0,
51610,2011.0,NAICS53_Herfindalh_Hirschman_index,155.58,
51610,2012.0,NAICS53_Herfindalh_Hirschman_index,148.03,
51610,2013.0,NAICS53_Herfindalh_Hirschman_index,190.92,
51610,2014.0,NAICS53_Herfindalh_Hirschman_index,200.69,
51610,2015.0,NAICS53_Herfindalh_Hirschman_index,253.04,
51610,2016.0,NAICS53_Herfindalh_Hirschman_index,234.63,
51610,2017.0,NAICS53_Herfindalh_Hirschman_index,224.23,
51610,2018.0,NAICS53_Herfindalh_Hirschman_index,195.76,
51610,2019.0,NAICS53_Herfindalh_Hirschman_index,194.64,
51610,2020.0,NAICS53_Herfindalh_Hirschman_index,203.27,
51683,2011.0,NAICS53_Herfindalh_Hirschman_index,393.0,
51683,2012.0,NAICS53_Herfindalh_Hirschman_index,406.37,
51683,2013.0,NAICS53_Herfindalh_Hirschman_index,166.12,
51683,2014.0,NAICS53_Herfindalh_Hirschman_index,182.88,
51683,2015.0,NAICS53_Herfindalh_Hirschman_index,153.24,
51683,2016.0,NAICS53_Herfindalh_Hirschman_index,151.1,
51683,2017.0,NAICS53_Herfindalh_Hirschman_index,192.62,
51683,2018.0,NAICS53_Herfindalh_Hirschman_index,324.33,
51683,2019.0,NAICS53_Herfindalh_Hirschman_index,350.74,
51683,2020.0,NAICS53_Herfindalh_Hirschman_index,385.51,
51685,2010.0,NAICS53_Herfindalh_Hirschman_index,1428.57,
51685,2011.0,NAICS53_Herfindalh_Hirschman_index,3551.88,
51685,2012.0,NAICS53_Herfindalh_Hirschman_index,3427.2,
51685,2013.0,NAICS53_Herfindalh_Hirschman_index,3639.91,
51685,2014.0,NAICS53_Herfindalh_Hirschman_index,3775.84,
51685,2015.0,NAICS53_Herfindalh_Hirschman_index,5454.81,
51685,2016.0,NAICS53_Herfindalh_Hirschman_index,5888.13,
51685,2017.0,NAICS53_Herfindalh_Hirschman_index,4869.83,
51685,2018.0,NAICS53_Herfindalh_Hirschman_index,4940.14,
51685,2019.0,NAICS53_Herfindalh_Hirschman_index,4721.59,
51685,2020.0,NAICS53_Herfindalh_Hirschman_index,4721.59,
51041,2010.0,NAICS53_Herfindalh_Hirschman_index,529.74,
51041,2011.0,NAICS53_Herfindalh_Hirschman_index,68.43,
51041,2012.0,NAICS53_Herfindalh_Hirschman_index,65.94,
51041,2013.0,NAICS53_Herfindalh_Hirschman_index,57.15,
51041,2014.0,NAICS53_Herfindalh_Hirschman_index,58.16,
51041,2015.0,NAICS53_Herfindalh_Hirschman_index,63.68,
51041,2016.0,NAICS53_Herfindalh_Hirschman_index,59.51,
51041,2017.0,NAICS53_Herfindalh_Hirschman_index,58.0,
51041,2018.0,NAICS53_Herfindalh_Hirschman_index,108.68,
51041,2019.0,NAICS53_Herfindalh_Hirschman_index,61.14,
51041,2020.0,NAICS53_Herfindalh_Hirschman_index,64.6,
51087,2010.0,NAICS53_Herfindalh_Hirschman_index,4622.96,
51087,2011.0,NAICS53_Herfindalh_Hirschman_index,757.29,
51087,2012.0,NAICS53_Herfindalh_Hirschman_index,742.06,
51087,2013.0,NAICS53_Herfindalh_Hirschman_index,778.88,
51087,2014.0,NAICS53_Herfindalh_Hirschman_index,43.41,
51087,2015.0,NAICS53_Herfindalh_Hirschman_index,50.88,
51087,2016.0,NAICS53_Herfindalh_Hirschman_index,48.28,
51087,2017.0,NAICS53_Herfindalh_Hirschman_index,45.03,
51087,2018.0,NAICS53_Herfindalh_Hirschman_index,58.47,
51087,2019.0,NAICS53_Herfindalh_Hirschman_index,83.08,
51087,2020.0,NAICS53_Herfindalh_Hirschman_index,90.0,
51059,2010.0,NAICS53_Herfindalh_Hirschman_index,329.83,
51059,2011.0,NAICS53_Herfindalh_Hirschman_index,61.14,
51059,2012.0,NAICS53_Herfindalh_Hirschman_index,53.63,
51059,2013.0,NAICS53_Herfindalh_Hirschman_index,54.43,
51059,2014.0,NAICS53_Herfindalh_Hirschman_index,59.95,
51059,2015.0,NAICS53_Herfindalh_Hirschman_index,51.8,
51059,2016.0,NAICS53_Herfindalh_Hirschman_index,1621.87,
51059,2017.0,NAICS53_Herfindalh_Hirschman_index,1465.54,
51059,2018.0,NAICS53_Herfindalh_Hirschman_index,1358.01,
51059,2019.0,NAICS53_Herfindalh_Hirschman_index,1283.44,
51059,2020.0,NAICS53_Herfindalh_Hirschman_index,1296.27,
