geoid,year,measure,value,moe
11001,2010.0,NAICS52_Herfindalh_Hirschman_index,1103.72,
11001,2011.0,NAICS52_Herfindalh_Hirschman_index,835.67,
11001,2012.0,NAICS52_Herfindalh_Hirschman_index,849.25,
11001,2013.0,NAICS52_Herfindalh_Hirschman_index,1607.53,
11001,2014.0,NAICS52_Herfindalh_Hirschman_index,1509.56,
11001,2015.0,NAICS52_Herfindalh_Hirschman_index,1370.34,
11001,2016.0,NAICS52_Herfindalh_Hirschman_index,1283.82,
11001,2017.0,NAICS52_Herfindalh_Hirschman_index,698.77,
11001,2018.0,NAICS52_Herfindalh_Hirschman_index,579.82,
11001,2019.0,NAICS52_Herfindalh_Hirschman_index,628.23,
11001,2020.0,NAICS52_Herfindalh_Hirschman_index,583.13,
24017,2010.0,NAICS52_Herfindalh_Hirschman_index,10000.0,
24017,2011.0,NAICS52_Herfindalh_Hirschman_index,80.0,
24017,2012.0,NAICS52_Herfindalh_Hirschman_index,89.36,
24017,2013.0,NAICS52_Herfindalh_Hirschman_index,108.84,
24017,2014.0,NAICS52_Herfindalh_Hirschman_index,115.64,
24017,2015.0,NAICS52_Herfindalh_Hirschman_index,133.95,
24017,2016.0,NAICS52_Herfindalh_Hirschman_index,115.57,
24017,2017.0,NAICS52_Herfindalh_Hirschman_index,112.33,
24017,2018.0,NAICS52_Herfindalh_Hirschman_index,85.22,
24017,2019.0,NAICS52_Herfindalh_Hirschman_index,76.99,
24017,2020.0,NAICS52_Herfindalh_Hirschman_index,76.24,
24021,2010.0,NAICS52_Herfindalh_Hirschman_index,89.34,
24021,2011.0,NAICS52_Herfindalh_Hirschman_index,1479.75,
24021,2012.0,NAICS52_Herfindalh_Hirschman_index,1467.05,
24021,2013.0,NAICS52_Herfindalh_Hirschman_index,1658.1,
24021,2014.0,NAICS52_Herfindalh_Hirschman_index,1921.51,
24021,2015.0,NAICS52_Herfindalh_Hirschman_index,1736.79,
24021,2016.0,NAICS52_Herfindalh_Hirschman_index,1741.0,
24021,2017.0,NAICS52_Herfindalh_Hirschman_index,1697.68,
24021,2018.0,NAICS52_Herfindalh_Hirschman_index,1559.64,
24021,2019.0,NAICS52_Herfindalh_Hirschman_index,1623.96,
24021,2020.0,NAICS52_Herfindalh_Hirschman_index,1715.81,
24031,2010.0,NAICS52_Herfindalh_Hirschman_index,14.89,
24031,2011.0,NAICS52_Herfindalh_Hirschman_index,221.39,
24031,2012.0,NAICS52_Herfindalh_Hirschman_index,239.25,
24031,2013.0,NAICS52_Herfindalh_Hirschman_index,268.27,
24031,2014.0,NAICS52_Herfindalh_Hirschman_index,282.44,
24031,2015.0,NAICS52_Herfindalh_Hirschman_index,230.75,
24031,2016.0,NAICS52_Herfindalh_Hirschman_index,216.38,
24031,2017.0,NAICS52_Herfindalh_Hirschman_index,210.62,
24031,2018.0,NAICS52_Herfindalh_Hirschman_index,201.29,
24031,2019.0,NAICS52_Herfindalh_Hirschman_index,213.03,
24031,2020.0,NAICS52_Herfindalh_Hirschman_index,227.53,
24033,2010.0,NAICS52_Herfindalh_Hirschman_index,21.12,
24033,2011.0,NAICS52_Herfindalh_Hirschman_index,39.25,
24033,2012.0,NAICS52_Herfindalh_Hirschman_index,46.84,
24033,2013.0,NAICS52_Herfindalh_Hirschman_index,61.94,
24033,2014.0,NAICS52_Herfindalh_Hirschman_index,67.42,
24033,2015.0,NAICS52_Herfindalh_Hirschman_index,69.05,
24033,2016.0,NAICS52_Herfindalh_Hirschman_index,69.51,
24033,2017.0,NAICS52_Herfindalh_Hirschman_index,119.74,
24033,2018.0,NAICS52_Herfindalh_Hirschman_index,94.59,
24033,2019.0,NAICS52_Herfindalh_Hirschman_index,47.28,
24033,2020.0,NAICS52_Herfindalh_Hirschman_index,55.42,
51013,2010.0,NAICS52_Herfindalh_Hirschman_index,821.11,
51013,2011.0,NAICS52_Herfindalh_Hirschman_index,639.76,
51013,2012.0,NAICS52_Herfindalh_Hirschman_index,620.6,
51013,2013.0,NAICS52_Herfindalh_Hirschman_index,636.87,
51013,2014.0,NAICS52_Herfindalh_Hirschman_index,755.39,
51013,2015.0,NAICS52_Herfindalh_Hirschman_index,676.45,
51013,2016.0,NAICS52_Herfindalh_Hirschman_index,520.51,
51013,2017.0,NAICS52_Herfindalh_Hirschman_index,512.88,
51013,2018.0,NAICS52_Herfindalh_Hirschman_index,483.17,
51013,2019.0,NAICS52_Herfindalh_Hirschman_index,473.53,
51013,2020.0,NAICS52_Herfindalh_Hirschman_index,511.81,
51059,2010.0,NAICS52_Herfindalh_Hirschman_index,51.72,
51059,2011.0,NAICS52_Herfindalh_Hirschman_index,490.44,
51059,2012.0,NAICS52_Herfindalh_Hirschman_index,492.02,
51059,2013.0,NAICS52_Herfindalh_Hirschman_index,540.87,
51059,2014.0,NAICS52_Herfindalh_Hirschman_index,545.65,
51059,2015.0,NAICS52_Herfindalh_Hirschman_index,523.21,
51059,2016.0,NAICS52_Herfindalh_Hirschman_index,4049.27,
51059,2017.0,NAICS52_Herfindalh_Hirschman_index,502.67,
51059,2018.0,NAICS52_Herfindalh_Hirschman_index,490.53,
51059,2019.0,NAICS52_Herfindalh_Hirschman_index,409.03,
51059,2020.0,NAICS52_Herfindalh_Hirschman_index,417.27,
51107,2010.0,NAICS52_Herfindalh_Hirschman_index,115.36,
51107,2011.0,NAICS52_Herfindalh_Hirschman_index,383.84,
51107,2012.0,NAICS52_Herfindalh_Hirschman_index,388.08,
51107,2013.0,NAICS52_Herfindalh_Hirschman_index,453.06,
51107,2014.0,NAICS52_Herfindalh_Hirschman_index,514.87,
51107,2015.0,NAICS52_Herfindalh_Hirschman_index,535.82,
51107,2016.0,NAICS52_Herfindalh_Hirschman_index,516.43,
51107,2017.0,NAICS52_Herfindalh_Hirschman_index,473.93,
51107,2018.0,NAICS52_Herfindalh_Hirschman_index,431.25,
51107,2019.0,NAICS52_Herfindalh_Hirschman_index,438.22,
51107,2020.0,NAICS52_Herfindalh_Hirschman_index,490.76,
51153,2010.0,NAICS52_Herfindalh_Hirschman_index,51.31,
51153,2011.0,NAICS52_Herfindalh_Hirschman_index,37.2,
51153,2012.0,NAICS52_Herfindalh_Hirschman_index,37.1,
51153,2013.0,NAICS52_Herfindalh_Hirschman_index,38.25,
51153,2014.0,NAICS52_Herfindalh_Hirschman_index,43.72,
51153,2015.0,NAICS52_Herfindalh_Hirschman_index,55.1,
51153,2016.0,NAICS52_Herfindalh_Hirschman_index,50.79,
51153,2017.0,NAICS52_Herfindalh_Hirschman_index,47.46,
51153,2018.0,NAICS52_Herfindalh_Hirschman_index,47.2,
51153,2019.0,NAICS52_Herfindalh_Hirschman_index,45.4,
51153,2020.0,NAICS52_Herfindalh_Hirschman_index,45.88,
51510,2010.0,NAICS52_Herfindalh_Hirschman_index,10000.0,
51510,2011.0,NAICS52_Herfindalh_Hirschman_index,188.53,
51510,2012.0,NAICS52_Herfindalh_Hirschman_index,195.81,
51510,2013.0,NAICS52_Herfindalh_Hirschman_index,227.26,
51510,2014.0,NAICS52_Herfindalh_Hirschman_index,241.8,
51510,2015.0,NAICS52_Herfindalh_Hirschman_index,436.15,
51510,2016.0,NAICS52_Herfindalh_Hirschman_index,532.93,
51510,2017.0,NAICS52_Herfindalh_Hirschman_index,678.68,
51510,2018.0,NAICS52_Herfindalh_Hirschman_index,243.99,
51510,2019.0,NAICS52_Herfindalh_Hirschman_index,233.01,
51510,2020.0,NAICS52_Herfindalh_Hirschman_index,234.18,
51600,2010.0,NAICS52_Herfindalh_Hirschman_index,5000.0,
51600,2011.0,NAICS52_Herfindalh_Hirschman_index,212.38,
51600,2012.0,NAICS52_Herfindalh_Hirschman_index,221.94,
51600,2013.0,NAICS52_Herfindalh_Hirschman_index,237.8,
51600,2014.0,NAICS52_Herfindalh_Hirschman_index,262.95,
51600,2015.0,NAICS52_Herfindalh_Hirschman_index,266.61,
51600,2016.0,NAICS52_Herfindalh_Hirschman_index,258.03,
51600,2017.0,NAICS52_Herfindalh_Hirschman_index,275.87,
51600,2018.0,NAICS52_Herfindalh_Hirschman_index,268.46,
51600,2019.0,NAICS52_Herfindalh_Hirschman_index,387.05,
51600,2020.0,NAICS52_Herfindalh_Hirschman_index,417.15,
51610,2010.0,NAICS52_Herfindalh_Hirschman_index,10000.0,
51610,2011.0,NAICS52_Herfindalh_Hirschman_index,259.67,
51610,2012.0,NAICS52_Herfindalh_Hirschman_index,258.69,
51610,2013.0,NAICS52_Herfindalh_Hirschman_index,272.26,
51610,2014.0,NAICS52_Herfindalh_Hirschman_index,283.23,
51610,2015.0,NAICS52_Herfindalh_Hirschman_index,325.8,
51610,2016.0,NAICS52_Herfindalh_Hirschman_index,373.56,
51610,2017.0,NAICS52_Herfindalh_Hirschman_index,362.81,
51610,2018.0,NAICS52_Herfindalh_Hirschman_index,257.81,
51610,2019.0,NAICS52_Herfindalh_Hirschman_index,243.75,
51610,2020.0,NAICS52_Herfindalh_Hirschman_index,1704.0,
51683,2011.0,NAICS52_Herfindalh_Hirschman_index,302.65,
51683,2012.0,NAICS52_Herfindalh_Hirschman_index,314.55,
51683,2013.0,NAICS52_Herfindalh_Hirschman_index,358.86,
51683,2014.0,NAICS52_Herfindalh_Hirschman_index,551.99,
51683,2015.0,NAICS52_Herfindalh_Hirschman_index,664.33,
51683,2016.0,NAICS52_Herfindalh_Hirschman_index,1656.75,
51683,2017.0,NAICS52_Herfindalh_Hirschman_index,1349.24,
51683,2018.0,NAICS52_Herfindalh_Hirschman_index,1306.42,
51683,2019.0,NAICS52_Herfindalh_Hirschman_index,1319.51,
51683,2020.0,NAICS52_Herfindalh_Hirschman_index,539.88,
51685,2010.0,NAICS52_Herfindalh_Hirschman_index,1527.78,
51685,2011.0,NAICS52_Herfindalh_Hirschman_index,586.01,
51685,2012.0,NAICS52_Herfindalh_Hirschman_index,627.22,
51685,2013.0,NAICS52_Herfindalh_Hirschman_index,697.19,
51685,2014.0,NAICS52_Herfindalh_Hirschman_index,473.37,
51685,2015.0,NAICS52_Herfindalh_Hirschman_index,587.65,
51685,2016.0,NAICS52_Herfindalh_Hirschman_index,544.0,
51685,2017.0,NAICS52_Herfindalh_Hirschman_index,507.54,
51685,2018.0,NAICS52_Herfindalh_Hirschman_index,571.9,
51685,2019.0,NAICS52_Herfindalh_Hirschman_index,578.51,
51685,2020.0,NAICS52_Herfindalh_Hirschman_index,532.47,
51041,2010.0,NAICS52_Herfindalh_Hirschman_index,2074.9,
51041,2011.0,NAICS52_Herfindalh_Hirschman_index,267.65,
51041,2012.0,NAICS52_Herfindalh_Hirschman_index,256.45,
51041,2013.0,NAICS52_Herfindalh_Hirschman_index,296.02,
51041,2014.0,NAICS52_Herfindalh_Hirschman_index,300.15,
51041,2015.0,NAICS52_Herfindalh_Hirschman_index,295.25,
51041,2016.0,NAICS52_Herfindalh_Hirschman_index,290.83,
51041,2017.0,NAICS52_Herfindalh_Hirschman_index,118.97,
51041,2018.0,NAICS52_Herfindalh_Hirschman_index,111.37,
51041,2019.0,NAICS52_Herfindalh_Hirschman_index,107.03,
51041,2020.0,NAICS52_Herfindalh_Hirschman_index,125.16,
51087,2010.0,NAICS52_Herfindalh_Hirschman_index,666.75,
51087,2011.0,NAICS52_Herfindalh_Hirschman_index,410.41,
51087,2012.0,NAICS52_Herfindalh_Hirschman_index,418.79,
51087,2013.0,NAICS52_Herfindalh_Hirschman_index,415.94,
51087,2014.0,NAICS52_Herfindalh_Hirschman_index,426.79,
51087,2015.0,NAICS52_Herfindalh_Hirschman_index,1036.89,
51087,2016.0,NAICS52_Herfindalh_Hirschman_index,1004.27,
51087,2017.0,NAICS52_Herfindalh_Hirschman_index,964.14,
51087,2018.0,NAICS52_Herfindalh_Hirschman_index,375.11,
51087,2019.0,NAICS52_Herfindalh_Hirschman_index,678.87,
51087,2020.0,NAICS52_Herfindalh_Hirschman_index,702.9,
51059,2010.0,NAICS52_Herfindalh_Hirschman_index,1710.98,
51059,2011.0,NAICS52_Herfindalh_Hirschman_index,1155.08,
51059,2012.0,NAICS52_Herfindalh_Hirschman_index,1123.65,
51059,2013.0,NAICS52_Herfindalh_Hirschman_index,1126.35,
51059,2014.0,NAICS52_Herfindalh_Hirschman_index,984.26,
51059,2015.0,NAICS52_Herfindalh_Hirschman_index,801.67,
51059,2016.0,NAICS52_Herfindalh_Hirschman_index,722.74,
51059,2017.0,NAICS52_Herfindalh_Hirschman_index,707.01,
51059,2018.0,NAICS52_Herfindalh_Hirschman_index,636.02,
51059,2019.0,NAICS52_Herfindalh_Hirschman_index,492.89,
51059,2020.0,NAICS52_Herfindalh_Hirschman_index,473.25,
