geoid,year,measure,value,moe
11001000100,2011.0,NAICS22_job_creation_new,1.0,
11001000100,2012.0,NAICS22_job_creation_new,4.0,
11001000100,2014.0,NAICS22_job_creation_new,0.0,
11001000100,2017.0,NAICS22_job_creation_new,7.0,
11001000100,2018.0,NAICS22_job_creation_new,1.0,
11001000100,2019.0,NAICS22_job_creation_new,2.0,
11001000202,2011.0,NAICS22_job_creation_new,2.0,
11001000501,2015.0,NAICS22_job_creation_new,5.0,
11001000502,2018.0,NAICS22_job_creation_new,2.0,
11001000600,2017.0,NAICS22_job_creation_new,3.0,
11001000802,2011.0,NAICS22_job_creation_new,0.0,
11001000802,2013.0,NAICS22_job_creation_new,0.0,
11001000802,2016.0,NAICS22_job_creation_new,0.0,
11001000902,2011.0,NAICS22_job_creation_new,3.0,
11001000902,2012.0,NAICS22_job_creation_new,1.0,
11001001001,2012.0,NAICS22_job_creation_new,1.0,
11001001100,2011.0,NAICS22_job_creation_new,2.0,
11001001100,2012.0,NAICS22_job_creation_new,5.0,
11001001100,2015.0,NAICS22_job_creation_new,3.0,
11001001600,2018.0,NAICS22_job_creation_new,2.0,
11001002002,2014.0,NAICS22_job_creation_new,0.0,
11001002002,2015.0,NAICS22_job_creation_new,0.0,
11001003700,2017.0,NAICS22_job_creation_new,2.0,
11001004801,2018.0,NAICS22_job_creation_new,2.0,
11001005301,2011.0,NAICS22_job_creation_new,2.0,
11001005301,2012.0,NAICS22_job_creation_new,11.0,
11001005301,2013.0,NAICS22_job_creation_new,2.0,
11001005500,2010.0,NAICS22_job_creation_new,0.0,
11001005500,2011.0,NAICS22_job_creation_new,2.0,
11001005800,2011.0,NAICS22_job_creation_new,6.0,
11001005800,2012.0,NAICS22_job_creation_new,3.0,
11001005800,2013.0,NAICS22_job_creation_new,0.0,
11001005800,2014.0,NAICS22_job_creation_new,0.0,
11001005800,2015.0,NAICS22_job_creation_new,19.0,
11001005800,2016.0,NAICS22_job_creation_new,2.0,
11001005800,2017.0,NAICS22_job_creation_new,7.0,
11001005800,2018.0,NAICS22_job_creation_new,0.0,
11001005800,2019.0,NAICS22_job_creation_new,3.0,
11001005802,2020.0,NAICS22_job_creation_new,1.0,
11001005900,2011.0,NAICS22_job_creation_new,2.0,
11001005900,2014.0,NAICS22_job_creation_new,0.0,
11001005900,2019.0,NAICS22_job_creation_new,3.0,
11001006202,2011.0,NAICS22_job_creation_new,1.0,
11001006202,2014.0,NAICS22_job_creation_new,0.0,
11001006202,2015.0,NAICS22_job_creation_new,0.0,
11001006202,2016.0,NAICS22_job_creation_new,0.0,
11001006700,2013.0,NAICS22_job_creation_new,0.0,
11001006700,2018.0,NAICS22_job_creation_new,0.0,
11001007200,2010.0,NAICS22_job_creation_new,0.0,
11001007200,2016.0,NAICS22_job_creation_new,1.0,
11001007200,2019.0,NAICS22_job_creation_new,0.0,
11001007409,2018.0,NAICS22_job_creation_new,7.0,
11001007601,2012.0,NAICS22_job_creation_new,2.0,
11001008402,2017.0,NAICS22_job_creation_new,2.0,
11001008402,2018.0,NAICS22_job_creation_new,0.0,
11001008702,2011.0,NAICS22_job_creation_new,0.0,
11001009102,2011.0,NAICS22_job_creation_new,0.0,
11001009301,2011.0,NAICS22_job_creation_new,3.0,
11001009301,2013.0,NAICS22_job_creation_new,3.0,
11001009302,2011.0,NAICS22_job_creation_new,2.0,
11001009901,2011.0,NAICS22_job_creation_new,3.0,
11001010100,2011.0,NAICS22_job_creation_new,7.0,
11001010100,2012.0,NAICS22_job_creation_new,1.0,
11001010100,2013.0,NAICS22_job_creation_new,2.0,
11001010100,2014.0,NAICS22_job_creation_new,2.0,
11001010100,2017.0,NAICS22_job_creation_new,2.0,
11001010100,2018.0,NAICS22_job_creation_new,0.0,
11001010200,2011.0,NAICS22_job_creation_new,1.0,
11001010200,2013.0,NAICS22_job_creation_new,0.0,
11001010200,2014.0,NAICS22_job_creation_new,0.0,
11001010200,2016.0,NAICS22_job_creation_new,0.0,
11001010200,2018.0,NAICS22_job_creation_new,0.0,
11001010200,2019.0,NAICS22_job_creation_new,7.0,
11001010400,2012.0,NAICS22_job_creation_new,3.0,
11001010600,2011.0,NAICS22_job_creation_new,5.0,
11001010600,2017.0,NAICS22_job_creation_new,7.0,
11001010700,2013.0,NAICS22_job_creation_new,1.0,
11001010700,2014.0,NAICS22_job_creation_new,0.0,
11001010700,2015.0,NAICS22_job_creation_new,1.0,
11001010700,2016.0,NAICS22_job_creation_new,6.0,
11001010700,2018.0,NAICS22_job_creation_new,2.0,
11001010700,2020.0,NAICS22_job_creation_new,6.0,
11001010800,2011.0,NAICS22_job_creation_new,4.0,
11001010800,2012.0,NAICS22_job_creation_new,0.0,
11001010800,2015.0,NAICS22_job_creation_new,8.0,
11001010900,2015.0,NAICS22_job_creation_new,1100.0,
11001010900,2016.0,NAICS22_job_creation_new,3.0,
11001010900,2017.0,NAICS22_job_creation_new,0.0,
11001010900,2018.0,NAICS22_job_creation_new,7.0,
24017850101,2011.0,NAICS22_job_creation_new,7.0,
24017850101,2020.0,NAICS22_job_creation_new,7.0,
24017850709,2017.0,NAICS22_job_creation_new,7.0,
24017850711,2019.0,NAICS22_job_creation_new,3.0,
24017850712,2011.0,NAICS22_job_creation_new,4.0,
24017850901,2011.0,NAICS22_job_creation_new,0.0,
24017850901,2014.0,NAICS22_job_creation_new,0.0,
24017850901,2015.0,NAICS22_job_creation_new,0.0,
24017850901,2018.0,NAICS22_job_creation_new,7.0,
24017850902,2014.0,NAICS22_job_creation_new,1.0,
24017850904,2011.0,NAICS22_job_creation_new,2.0,
24017850906,2011.0,NAICS22_job_creation_new,2.0,
24017851200,2018.0,NAICS22_job_creation_new,7.0,
24017851301,2011.0,NAICS22_job_creation_new,5.0,
24017851302,2011.0,NAICS22_job_creation_new,2.0,
24017851302,2015.0,NAICS22_job_creation_new,29.0,
24017851302,2018.0,NAICS22_job_creation_new,0.0,
24017851400,2011.0,NAICS22_job_creation_new,1.0,
24017851400,2013.0,NAICS22_job_creation_new,0.0,
24017851401,2020.0,NAICS22_job_creation_new,3.0,
24017851500,2011.0,NAICS22_job_creation_new,2.0,
24021750200,2011.0,NAICS22_job_creation_new,2.0,
24021750600,2011.0,NAICS22_job_creation_new,5.0,
24021750701,2019.0,NAICS22_job_creation_new,7.0,
24021750702,2019.0,NAICS22_job_creation_new,7.0,
24021750802,2018.0,NAICS22_job_creation_new,7.0,
24021750803,2011.0,NAICS22_job_creation_new,0.0,
24021750803,2014.0,NAICS22_job_creation_new,0.0,
24021751002,2011.0,NAICS22_job_creation_new,4.0,
24021751003,2011.0,NAICS22_job_creation_new,17.0,
24021751003,2013.0,NAICS22_job_creation_new,0.0,
24021751003,2014.0,NAICS22_job_creation_new,0.0,
24021751003,2016.0,NAICS22_job_creation_new,7.0,
24021751003,2018.0,NAICS22_job_creation_new,4.0,
24021751003,2020.0,NAICS22_job_creation_new,4.0,
24021751203,2012.0,NAICS22_job_creation_new,2.0,
24021751301,2011.0,NAICS22_job_creation_new,21.0,
24021751801,2011.0,NAICS22_job_creation_new,1.0,
24021752001,2011.0,NAICS22_job_creation_new,7.0,
24021752102,2011.0,NAICS22_job_creation_new,2.0,
24021752204,2012.0,NAICS22_job_creation_new,0.0,
24021752204,2013.0,NAICS22_job_creation_new,0.0,
24021752204,2018.0,NAICS22_job_creation_new,7.0,
24021752302,2011.0,NAICS22_job_creation_new,0.0,
24021752502,2013.0,NAICS22_job_creation_new,0.0,
24021752502,2014.0,NAICS22_job_creation_new,0.0,
24021752601,2017.0,NAICS22_job_creation_new,8.0,
24021752900,2011.0,NAICS22_job_creation_new,0.0,
24021753001,2011.0,NAICS22_job_creation_new,1.0,
24021753001,2020.0,NAICS22_job_creation_new,3.0,
24021770700,2011.0,NAICS22_job_creation_new,0.0,
24021772200,2011.0,NAICS22_job_creation_new,0.0,
24021772200,2018.0,NAICS22_job_creation_new,4.0,
24021775302,2011.0,NAICS22_job_creation_new,2.0,
24021775302,2012.0,NAICS22_job_creation_new,1.0,
24021775302,2014.0,NAICS22_job_creation_new,2.0,
24021775600,2014.0,NAICS22_job_creation_new,1.0,
24031700101,2011.0,NAICS22_job_creation_new,7.0,
24031700101,2019.0,NAICS22_job_creation_new,5.0,
24031700105,2018.0,NAICS22_job_creation_new,7.0,
24031700105,2019.0,NAICS22_job_creation_new,3.0,
24031700206,2011.0,NAICS22_job_creation_new,2.0,
24031700309,2013.0,NAICS22_job_creation_new,0.0,
24031700309,2014.0,NAICS22_job_creation_new,0.0,
24031700309,2015.0,NAICS22_job_creation_new,0.0,
24031700309,2016.0,NAICS22_job_creation_new,0.0,
24031700311,2011.0,NAICS22_job_creation_new,6.0,
24031700500,2017.0,NAICS22_job_creation_new,7.0,
24031700604,2013.0,NAICS22_job_creation_new,0.0,
24031700604,2017.0,NAICS22_job_creation_new,1.0,
24031700610,2014.0,NAICS22_job_creation_new,2.0,
24031700704,2019.0,NAICS22_job_creation_new,7.0,
24031700706,2015.0,NAICS22_job_creation_new,0.0,
24031700706,2020.0,NAICS22_job_creation_new,3.0,
24031700710,2018.0,NAICS22_job_creation_new,7.0,
24031700713,2011.0,NAICS22_job_creation_new,0.0,
24031700713,2018.0,NAICS22_job_creation_new,7.0,
24031700715,2019.0,NAICS22_job_creation_new,3.0,
24031700717,2011.0,NAICS22_job_creation_new,6.0,
24031700718,2016.0,NAICS22_job_creation_new,1.0,
24031700718,2019.0,NAICS22_job_creation_new,3.0,
24031700718,2020.0,NAICS22_job_creation_new,3.0,
24031700721,2020.0,NAICS22_job_creation_new,3.0,
24031700722,2011.0,NAICS22_job_creation_new,2.0,
24031700722,2019.0,NAICS22_job_creation_new,3.0,
24031700810,2020.0,NAICS22_job_creation_new,3.0,
24031700811,2017.0,NAICS22_job_creation_new,6.0,
24031700812,2018.0,NAICS22_job_creation_new,10.0,
24031700815,2014.0,NAICS22_job_creation_new,0.0,
24031700816,2019.0,NAICS22_job_creation_new,3.0,
24031700818,2018.0,NAICS22_job_creation_new,3.0,
24031700820,2019.0,NAICS22_job_creation_new,7.0,
24031700828,2014.0,NAICS22_job_creation_new,2.0,
24031700832,2019.0,NAICS22_job_creation_new,3.0,
24031700833,2015.0,NAICS22_job_creation_new,7.0,
24031700834,2016.0,NAICS22_job_creation_new,3.0,
24031701004,2016.0,NAICS22_job_creation_new,5.0,
24031701007,2012.0,NAICS22_job_creation_new,2.0,
24031701201,2019.0,NAICS22_job_creation_new,4.0,
24031701202,2017.0,NAICS22_job_creation_new,3.0,
24031701205,2011.0,NAICS22_job_creation_new,12.0,
24031701205,2014.0,NAICS22_job_creation_new,0.0,
24031701211,2011.0,NAICS22_job_creation_new,30.0,
24031701211,2015.0,NAICS22_job_creation_new,8.0,
24031701219,2011.0,NAICS22_job_creation_new,2.0,
24031701219,2020.0,NAICS22_job_creation_new,3.0,
24031701221,2017.0,NAICS22_job_creation_new,6.0,
24031701303,2017.0,NAICS22_job_creation_new,6.0,
24031701304,2011.0,NAICS22_job_creation_new,4.0,
24031701306,2019.0,NAICS22_job_creation_new,3.0,
24031701312,2011.0,NAICS22_job_creation_new,2.0,
24031701312,2017.0,NAICS22_job_creation_new,7.0,
24031701415,2011.0,NAICS22_job_creation_new,0.0,
24031701417,2020.0,NAICS22_job_creation_new,4.0,
24031701422,2019.0,NAICS22_job_creation_new,3.0,
24031701423,2014.0,NAICS22_job_creation_new,2.0,
24031701423,2017.0,NAICS22_job_creation_new,7.0,
24031701505,2017.0,NAICS22_job_creation_new,7.0,
24031701507,2011.0,NAICS22_job_creation_new,2.0,
24031701507,2014.0,NAICS22_job_creation_new,0.0,
24031701507,2018.0,NAICS22_job_creation_new,4.0,
24031701507,2019.0,NAICS22_job_creation_new,0.0,
24031701509,2019.0,NAICS22_job_creation_new,3.0,
24031701701,2016.0,NAICS22_job_creation_new,1.0,
24031701800,2011.0,NAICS22_job_creation_new,1.0,
24031702401,2020.0,NAICS22_job_creation_new,3.0,
24031702500,2010.0,NAICS22_job_creation_new,0.0,
24031702500,2011.0,NAICS22_job_creation_new,3.0,
24031702500,2013.0,NAICS22_job_creation_new,2.0,
24031702500,2014.0,NAICS22_job_creation_new,0.0,
24031702500,2015.0,NAICS22_job_creation_new,5.0,
24031702500,2016.0,NAICS22_job_creation_new,1.0,
24031702500,2017.0,NAICS22_job_creation_new,4.0,
24031702500,2018.0,NAICS22_job_creation_new,3.0,
24031702500,2019.0,NAICS22_job_creation_new,1.0,
24031702503,2020.0,NAICS22_job_creation_new,10.0,
24031702800,2019.0,NAICS22_job_creation_new,3.0,
24031703100,2015.0,NAICS22_job_creation_new,8.0,
24031703201,2012.0,NAICS22_job_creation_new,2.0,
24031703201,2014.0,NAICS22_job_creation_new,0.0,
24031703207,2017.0,NAICS22_job_creation_new,7.0,
24031703207,2019.0,NAICS22_job_creation_new,3.0,
24031703210,2019.0,NAICS22_job_creation_new,3.0,
24031703214,2019.0,NAICS22_job_creation_new,3.0,
24031703223,2020.0,NAICS22_job_creation_new,3.0,
24031703401,2019.0,NAICS22_job_creation_new,3.0,
24031703403,2019.0,NAICS22_job_creation_new,3.0,
24031703601,2017.0,NAICS22_job_creation_new,1.0,
24031703800,2011.0,NAICS22_job_creation_new,0.0,
24031703800,2012.0,NAICS22_job_creation_new,0.0,
24031703800,2014.0,NAICS22_job_creation_new,0.0,
24031703800,2015.0,NAICS22_job_creation_new,0.0,
24031704300,2019.0,NAICS22_job_creation_new,3.0,
24031704401,2020.0,NAICS22_job_creation_new,7.0,
24031704501,2011.0,NAICS22_job_creation_new,4.0,
24031704804,2011.0,NAICS22_job_creation_new,4.0,
24031704804,2014.0,NAICS22_job_creation_new,2.0,
24031704804,2015.0,NAICS22_job_creation_new,3.0,
24031704804,2016.0,NAICS22_job_creation_new,3.0,
24031704804,2017.0,NAICS22_job_creation_new,201.0,
24031704804,2018.0,NAICS22_job_creation_new,0.0,
24031704804,2019.0,NAICS22_job_creation_new,0.0,
24031704804,2020.0,NAICS22_job_creation_new,23.0,
24031704805,2011.0,NAICS22_job_creation_new,16.0,
24031704805,2015.0,NAICS22_job_creation_new,9.0,
24031704806,2011.0,NAICS22_job_creation_new,8.0,
24031705602,2011.0,NAICS22_job_creation_new,2.0,
24031705701,2011.0,NAICS22_job_creation_new,1.0,
24031705701,2013.0,NAICS22_job_creation_new,5.0,
24031705701,2014.0,NAICS22_job_creation_new,0.0,
24031705800,2011.0,NAICS22_job_creation_new,10.0,
24031705902,2011.0,NAICS22_job_creation_new,0.0,
24031705902,2014.0,NAICS22_job_creation_new,0.0,
24031705903,2010.0,NAICS22_job_creation_new,0.0,
24031705903,2016.0,NAICS22_job_creation_new,0.0,
24031706007,2011.0,NAICS22_job_creation_new,0.0,
24031706007,2013.0,NAICS22_job_creation_new,0.0,
24031706007,2019.0,NAICS22_job_creation_new,3.0,
24033800108,2015.0,NAICS22_job_creation_new,7.0,
24033800108,2019.0,NAICS22_job_creation_new,8.0,
24033800203,2011.0,NAICS22_job_creation_new,900.0,
24033800203,2020.0,NAICS22_job_creation_new,3.0,
24033800208,2018.0,NAICS22_job_creation_new,2.0,
24033800208,2019.0,NAICS22_job_creation_new,6.0,
24033800210,2019.0,NAICS22_job_creation_new,3.0,
24033800211,2016.0,NAICS22_job_creation_new,10.0,
24033800403,2011.0,NAICS22_job_creation_new,2.0,
24033800408,2019.0,NAICS22_job_creation_new,5.0,
24033800409,2012.0,NAICS22_job_creation_new,0.0,
24033800409,2013.0,NAICS22_job_creation_new,0.0,
24033800409,2018.0,NAICS22_job_creation_new,3.0,
24033800410,2011.0,NAICS22_job_creation_new,0.0,
24033800410,2020.0,NAICS22_job_creation_new,2.0,
24033800507,2020.0,NAICS22_job_creation_new,1.0,
24033800515,2011.0,NAICS22_job_creation_new,1.0,
24033800515,2013.0,NAICS22_job_creation_new,0.0,
24033800515,2019.0,NAICS22_job_creation_new,3.0,
24033800517,2018.0,NAICS22_job_creation_new,3.0,
24033800517,2019.0,NAICS22_job_creation_new,2.0,
24033800517,2020.0,NAICS22_job_creation_new,3.0,
24033800519,2020.0,NAICS22_job_creation_new,1.0,
24033800522,2020.0,NAICS22_job_creation_new,5.0,
24033800604,2011.0,NAICS22_job_creation_new,2.0,
24033800608,2019.0,NAICS22_job_creation_new,3.0,
24033800704,2011.0,NAICS22_job_creation_new,2.0,
24033800705,2016.0,NAICS22_job_creation_new,1.0,
24033800706,2015.0,NAICS22_job_creation_new,3.0,
24033800800,2018.0,NAICS22_job_creation_new,7.0,
24033800900,2011.0,NAICS22_job_creation_new,0.0,
24033801003,2011.0,NAICS22_job_creation_new,0.0,
24033801003,2018.0,NAICS22_job_creation_new,7.0,
24033801003,2019.0,NAICS22_job_creation_new,3.0,
24033801004,2014.0,NAICS22_job_creation_new,1.0,
24033801004,2016.0,NAICS22_job_creation_new,0.0,
24033801211,2011.0,NAICS22_job_creation_new,0.0,
24033801212,2012.0,NAICS22_job_creation_new,3.0,
24033801216,2020.0,NAICS22_job_creation_new,1.0,
24033801307,2011.0,NAICS22_job_creation_new,2.0,
24033801307,2012.0,NAICS22_job_creation_new,0.0,
24033801308,2011.0,NAICS22_job_creation_new,3.0,
24033801308,2019.0,NAICS22_job_creation_new,3.0,
24033801310,2011.0,NAICS22_job_creation_new,0.0,
24033801310,2014.0,NAICS22_job_creation_new,0.0,
24033801310,2019.0,NAICS22_job_creation_new,7.0,
24033801313,2011.0,NAICS22_job_creation_new,2.0,
24033801404,2015.0,NAICS22_job_creation_new,5.0,
24033801407,2019.0,NAICS22_job_creation_new,5.0,
24033801409,2013.0,NAICS22_job_creation_new,0.0,
24033801409,2014.0,NAICS22_job_creation_new,0.0,
24033801410,2020.0,NAICS22_job_creation_new,4.0,
24033801600,2012.0,NAICS22_job_creation_new,2.0,
24033801600,2019.0,NAICS22_job_creation_new,0.0,
24033801704,2020.0,NAICS22_job_creation_new,3.0,
24033801706,2011.0,NAICS22_job_creation_new,2.0,
24033801708,2017.0,NAICS22_job_creation_new,7.0,
24033801901,2011.0,NAICS22_job_creation_new,0.0,
24033801901,2018.0,NAICS22_job_creation_new,1.0,
24033801905,2019.0,NAICS22_job_creation_new,3.0,
24033801907,2019.0,NAICS22_job_creation_new,3.0,
24033801908,2018.0,NAICS22_job_creation_new,7.0,
24033802204,2016.0,NAICS22_job_creation_new,2.0,
24033802204,2019.0,NAICS22_job_creation_new,3.0,
24033802301,2017.0,NAICS22_job_creation_new,3.0,
24033802700,2013.0,NAICS22_job_creation_new,0.0,
24033802803,2019.0,NAICS22_job_creation_new,3.0,
24033802804,2016.0,NAICS22_job_creation_new,6.0,
24033803300,2017.0,NAICS22_job_creation_new,1.0,
24033803509,2010.0,NAICS22_job_creation_new,0.0,
24033803509,2019.0,NAICS22_job_creation_new,3.0,
24033803521,2020.0,NAICS22_job_creation_new,3.0,
24033803522,2014.0,NAICS22_job_creation_new,2.0,
24033803525,2016.0,NAICS22_job_creation_new,2.0,
24033803602,2011.0,NAICS22_job_creation_new,1.0,
24033803605,2018.0,NAICS22_job_creation_new,3.0,
24033803606,2019.0,NAICS22_job_creation_new,7.0,
24033803606,2020.0,NAICS22_job_creation_new,3.0,
24033803608,2011.0,NAICS22_job_creation_new,2.0,
24033803700,2014.0,NAICS22_job_creation_new,2.0,
24033803900,2018.0,NAICS22_job_creation_new,7.0,
24033804102,2018.0,NAICS22_job_creation_new,2.0,
24033804102,2019.0,NAICS22_job_creation_new,3.0,
24033804600,2019.0,NAICS22_job_creation_new,3.0,
24033804700,2011.0,NAICS22_job_creation_new,1.0,
24033804700,2016.0,NAICS22_job_creation_new,0.0,
24033805101,2011.0,NAICS22_job_creation_new,2.0,
24033805500,2019.0,NAICS22_job_creation_new,2.0,
24033805700,2020.0,NAICS22_job_creation_new,3.0,
24033805802,2017.0,NAICS22_job_creation_new,14.0,
24033806100,2019.0,NAICS22_job_creation_new,3.0,
24033806100,2020.0,NAICS22_job_creation_new,3.0,
24033806200,2019.0,NAICS22_job_creation_new,3.0,
24033806300,2019.0,NAICS22_job_creation_new,7.0,
24033806501,2016.0,NAICS22_job_creation_new,7.0,
24033806710,2011.0,NAICS22_job_creation_new,2.0,
24033806711,2019.0,NAICS22_job_creation_new,3.0,
24033806714,2014.0,NAICS22_job_creation_new,4.0,
24033806714,2019.0,NAICS22_job_creation_new,3.0,
24033806900,2011.0,NAICS22_job_creation_new,17.0,
24033807200,2011.0,NAICS22_job_creation_new,0.0,
24033807200,2014.0,NAICS22_job_creation_new,0.0,
24033807200,2016.0,NAICS22_job_creation_new,0.0,
24033807200,2017.0,NAICS22_job_creation_new,0.0,
24033807305,2020.0,NAICS22_job_creation_new,3.0,
24033807404,2012.0,NAICS22_job_creation_new,5.0,
24033807405,2011.0,NAICS22_job_creation_new,2.0,
24033807407,2020.0,NAICS22_job_creation_new,3.0,
24033807408,2011.0,NAICS22_job_creation_new,100.0,
24033807408,2013.0,NAICS22_job_creation_new,10.0,
24033807408,2014.0,NAICS22_job_creation_new,0.0,
24033807408,2015.0,NAICS22_job_creation_new,8.0,
51013100200,2011.0,NAICS22_job_creation_new,0.0,
51013100200,2016.0,NAICS22_job_creation_new,1.0,
51013100300,2016.0,NAICS22_job_creation_new,3.0,
51013100300,2018.0,NAICS22_job_creation_new,2.0,
51013100500,2012.0,NAICS22_job_creation_new,1.0,
51013100700,2011.0,NAICS22_job_creation_new,9.0,
51013100700,2020.0,NAICS22_job_creation_new,2.0,
51013100900,2011.0,NAICS22_job_creation_new,4.0,
51013101000,2018.0,NAICS22_job_creation_new,3.0,
51013101200,2011.0,NAICS22_job_creation_new,3.0,
51013101401,2018.0,NAICS22_job_creation_new,141.0,
51013101402,2012.0,NAICS22_job_creation_new,5.0,
51013101402,2015.0,NAICS22_job_creation_new,0.0,
51013101403,2011.0,NAICS22_job_creation_new,774.0,
51013101403,2012.0,NAICS22_job_creation_new,11.0,
51013101403,2013.0,NAICS22_job_creation_new,0.0,
51013101403,2014.0,NAICS22_job_creation_new,0.0,
51013101403,2015.0,NAICS22_job_creation_new,3.0,
51013101403,2016.0,NAICS22_job_creation_new,0.0,
51013101403,2017.0,NAICS22_job_creation_new,3.0,
51013101403,2019.0,NAICS22_job_creation_new,193.0,
51013101404,2011.0,NAICS22_job_creation_new,4.0,
51013101408,2020.0,NAICS22_job_creation_new,3.0,
51013101500,2013.0,NAICS22_job_creation_new,3.0,
51013101601,2011.0,NAICS22_job_creation_new,0.0,
51013101603,2011.0,NAICS22_job_creation_new,37.0,
51013101701,2011.0,NAICS22_job_creation_new,0.0,
51013101701,2014.0,NAICS22_job_creation_new,0.0,
51013101701,2015.0,NAICS22_job_creation_new,0.0,
51013101701,2016.0,NAICS22_job_creation_new,0.0,
51013101702,2011.0,NAICS22_job_creation_new,6.0,
51013101702,2013.0,NAICS22_job_creation_new,6.0,
51013101802,2011.0,NAICS22_job_creation_new,3.0,
51013101802,2019.0,NAICS22_job_creation_new,3.0,
51013101900,2017.0,NAICS22_job_creation_new,3.0,
51013102301,2011.0,NAICS22_job_creation_new,4.0,
51013102301,2015.0,NAICS22_job_creation_new,0.0,
51013102400,2019.0,NAICS22_job_creation_new,3.0,
51013102500,2016.0,NAICS22_job_creation_new,3.0,
51013102901,2011.0,NAICS22_job_creation_new,0.0,
51013102901,2014.0,NAICS22_job_creation_new,0.0,
51013102902,2017.0,NAICS22_job_creation_new,3.0,
51013103402,2012.0,NAICS22_job_creation_new,2.0,
51013103503,2011.0,NAICS22_job_creation_new,17.0,
51013103503,2013.0,NAICS22_job_creation_new,2.0,
51013103700,2011.0,NAICS22_job_creation_new,1.0,
51013103800,2017.0,NAICS22_job_creation_new,3.0,
51013980100,2011.0,NAICS22_job_creation_new,18.0,
51013980100,2014.0,NAICS22_job_creation_new,0.0,
51013980100,2019.0,NAICS22_job_creation_new,3.0,
51059415401,2016.0,NAICS22_job_creation_new,3.0,
51059415500,2019.0,NAICS22_job_creation_new,3.0,
51059415800,2017.0,NAICS22_job_creation_new,5.0,
51059416000,2018.0,NAICS22_job_creation_new,2.0,
51059416300,2011.0,NAICS22_job_creation_new,2.0,
51059416300,2018.0,NAICS22_job_creation_new,3.0,
51059420203,2017.0,NAICS22_job_creation_new,2.0,
51059420203,2019.0,NAICS22_job_creation_new,2.0,
51059420300,2011.0,NAICS22_job_creation_new,2.0,
51059420800,2018.0,NAICS22_job_creation_new,7.0,
51059421101,2019.0,NAICS22_job_creation_new,3.0,
51059421600,2016.0,NAICS22_job_creation_new,7.0,
51059422102,2017.0,NAICS22_job_creation_new,7.0,
51059422402,2014.0,NAICS22_job_creation_new,0.0,
51059422402,2015.0,NAICS22_job_creation_new,0.0,
51059431500,2011.0,NAICS22_job_creation_new,2.0,
51059431802,2017.0,NAICS22_job_creation_new,2.0,
51059431900,2011.0,NAICS22_job_creation_new,2.0,
51059432000,2012.0,NAICS22_job_creation_new,0.0,
51059432000,2013.0,NAICS22_job_creation_new,0.0,
51059432000,2019.0,NAICS22_job_creation_new,0.0,
51059432702,2013.0,NAICS22_job_creation_new,0.0,
51059432702,2014.0,NAICS22_job_creation_new,0.0,
51059440201,2011.0,NAICS22_job_creation_new,4.0,
51059440201,2014.0,NAICS22_job_creation_new,0.0,
51059440201,2018.0,NAICS22_job_creation_new,0.0,
51059440201,2019.0,NAICS22_job_creation_new,0.0,
51059440800,2011.0,NAICS22_job_creation_new,3.0,
51059450100,2018.0,NAICS22_job_creation_new,7.0,
51059450300,2011.0,NAICS22_job_creation_new,2.0,
51059450300,2012.0,NAICS22_job_creation_new,0.0,
51059450300,2013.0,NAICS22_job_creation_new,0.0,
51059450400,2016.0,NAICS22_job_creation_new,2.0,
51059450601,2018.0,NAICS22_job_creation_new,7.0,
51059450900,2011.0,NAICS22_job_creation_new,2.0,
51059451100,2011.0,NAICS22_job_creation_new,4.0,
51059451502,2011.0,NAICS22_job_creation_new,10.0,
51059451502,2012.0,NAICS22_job_creation_new,0.0,
51059451502,2014.0,NAICS22_job_creation_new,0.0,
51059451502,2015.0,NAICS22_job_creation_new,0.0,
51059451502,2019.0,NAICS22_job_creation_new,4.0,
51059452000,2011.0,NAICS22_job_creation_new,3.0,
51059452101,2011.0,NAICS22_job_creation_new,2.0,
51059452101,2018.0,NAICS22_job_creation_new,2.0,
51059452102,2011.0,NAICS22_job_creation_new,3.0,
51059452400,2015.0,NAICS22_job_creation_new,1.0,
51059452400,2017.0,NAICS22_job_creation_new,0.0,
51059452600,2019.0,NAICS22_job_creation_new,7.0,
51059452600,2020.0,NAICS22_job_creation_new,3.0,
51059460200,2011.0,NAICS22_job_creation_new,2.0,
51059460400,2011.0,NAICS22_job_creation_new,91.0,
51059460400,2016.0,NAICS22_job_creation_new,0.0,
51059460400,2017.0,NAICS22_job_creation_new,0.0,
51059460400,2018.0,NAICS22_job_creation_new,0.0,
51059460501,2011.0,NAICS22_job_creation_new,0.0,
51059460501,2012.0,NAICS22_job_creation_new,0.0,
51059460501,2013.0,NAICS22_job_creation_new,0.0,
51059460501,2014.0,NAICS22_job_creation_new,0.0,
51059460501,2015.0,NAICS22_job_creation_new,7.0,
51059460501,2016.0,NAICS22_job_creation_new,0.0,
51059460501,2017.0,NAICS22_job_creation_new,0.0,
51059460501,2018.0,NAICS22_job_creation_new,0.0,
51059460800,2016.0,NAICS22_job_creation_new,0.0,
51059460900,2018.0,NAICS22_job_creation_new,3.0,
51059461201,2011.0,NAICS22_job_creation_new,0.0,
51059461201,2018.0,NAICS22_job_creation_new,4.0,
51059461202,2011.0,NAICS22_job_creation_new,4.0,
51059461202,2013.0,NAICS22_job_creation_new,0.0,
51059461202,2014.0,NAICS22_job_creation_new,0.0,
51059461601,2013.0,NAICS22_job_creation_new,1.0,
51059461601,2014.0,NAICS22_job_creation_new,0.0,
51059461602,2019.0,NAICS22_job_creation_new,3.0,
51059461802,2011.0,NAICS22_job_creation_new,32.0,
51059461802,2012.0,NAICS22_job_creation_new,1.0,
51059461802,2014.0,NAICS22_job_creation_new,0.0,
51059461802,2017.0,NAICS22_job_creation_new,1.0,
51059461802,2018.0,NAICS22_job_creation_new,0.0,
51059470300,2012.0,NAICS22_job_creation_new,2.0,
51059470300,2019.0,NAICS22_job_creation_new,7.0,
51059470400,2011.0,NAICS22_job_creation_new,2.0,
51059470500,2011.0,NAICS22_job_creation_new,3.0,
51059470600,2011.0,NAICS22_job_creation_new,8.0,
51059470600,2014.0,NAICS22_job_creation_new,0.0,
51059470900,2011.0,NAICS22_job_creation_new,15.0,
51059471100,2011.0,NAICS22_job_creation_new,1.0,
51059471202,2016.0,NAICS22_job_creation_new,3.0,
51059471303,2013.0,NAICS22_job_creation_new,0.0,
51059471303,2015.0,NAICS22_job_creation_new,0.0,
51059480100,2011.0,NAICS22_job_creation_new,2.0,
51059480201,2011.0,NAICS22_job_creation_new,2.0,
51059480202,2011.0,NAICS22_job_creation_new,3.0,
51059480202,2019.0,NAICS22_job_creation_new,7.0,
51059480300,2011.0,NAICS22_job_creation_new,0.0,
51059480300,2012.0,NAICS22_job_creation_new,0.0,
51059480300,2015.0,NAICS22_job_creation_new,2.0,
51059480300,2016.0,NAICS22_job_creation_new,1.0,
51059480401,2011.0,NAICS22_job_creation_new,5.0,
51059480402,2011.0,NAICS22_job_creation_new,5.0,
51059480402,2020.0,NAICS22_job_creation_new,10.0,
51059480501,2015.0,NAICS22_job_creation_new,2.0,
51059480503,2014.0,NAICS22_job_creation_new,2.0,
51059480902,2014.0,NAICS22_job_creation_new,0.0,
51059480903,2017.0,NAICS22_job_creation_new,3.0,
51059481106,2011.0,NAICS22_job_creation_new,1.0,
51059481201,2011.0,NAICS22_job_creation_new,3.0,
51059481202,2014.0,NAICS22_job_creation_new,2.0,
51059481600,2011.0,NAICS22_job_creation_new,2.0,
51059481600,2016.0,NAICS22_job_creation_new,0.0,
51059481701,2011.0,NAICS22_job_creation_new,3.0,
51059481900,2017.0,NAICS22_job_creation_new,3.0,
51059482202,2011.0,NAICS22_job_creation_new,0.0,
51059482202,2013.0,NAICS22_job_creation_new,0.0,
51059482202,2014.0,NAICS22_job_creation_new,4.0,
51059482202,2019.0,NAICS22_job_creation_new,0.0,
51059482203,2016.0,NAICS22_job_creation_new,7.0,
51059482203,2019.0,NAICS22_job_creation_new,0.0,
51059482303,2011.0,NAICS22_job_creation_new,0.0,
51059482303,2014.0,NAICS22_job_creation_new,1.0,
51059482303,2015.0,NAICS22_job_creation_new,0.0,
51059482303,2017.0,NAICS22_job_creation_new,3.0,
51059482400,2013.0,NAICS22_job_creation_new,0.0,
51059482400,2016.0,NAICS22_job_creation_new,0.0,
51059482501,2011.0,NAICS22_job_creation_new,17.0,
51059482502,2011.0,NAICS22_job_creation_new,2.0,
51059482601,2014.0,NAICS22_job_creation_new,1.0,
51059482601,2017.0,NAICS22_job_creation_new,3.0,
51059482602,2012.0,NAICS22_job_creation_new,2.0,
51059482602,2013.0,NAICS22_job_creation_new,0.0,
51059482602,2014.0,NAICS22_job_creation_new,2.0,
51059482602,2015.0,NAICS22_job_creation_new,0.0,
51059490103,2011.0,NAICS22_job_creation_new,13.0,
51059490103,2017.0,NAICS22_job_creation_new,8.0,
51059490103,2018.0,NAICS22_job_creation_new,1.0,
51059490103,2019.0,NAICS22_job_creation_new,0.0,
51059491101,2011.0,NAICS22_job_creation_new,2.0,
51059491101,2013.0,NAICS22_job_creation_new,2.0,
51059491301,2011.0,NAICS22_job_creation_new,185.0,
51059491302,2017.0,NAICS22_job_creation_new,3.0,
51059491401,2011.0,NAICS22_job_creation_new,2.0,
51059491401,2018.0,NAICS22_job_creation_new,3.0,
51059491402,2012.0,NAICS22_job_creation_new,2.0,
51059491501,2019.0,NAICS22_job_creation_new,2.0,
51059491502,2011.0,NAICS22_job_creation_new,1.0,
51059491502,2018.0,NAICS22_job_creation_new,3.0,
51059491602,2017.0,NAICS22_job_creation_new,3.0,
51059491602,2019.0,NAICS22_job_creation_new,3.0,
51059491702,2011.0,NAICS22_job_creation_new,8.0,
51059491702,2014.0,NAICS22_job_creation_new,0.0,
51059491702,2017.0,NAICS22_job_creation_new,3.0,
51059491706,2020.0,NAICS22_job_creation_new,1.0,
51059491802,2011.0,NAICS22_job_creation_new,2.0,
51059491803,2017.0,NAICS22_job_creation_new,3.0,
51059492000,2016.0,NAICS22_job_creation_new,3.0,
51059492100,2011.0,NAICS22_job_creation_new,4.0,
51059492100,2013.0,NAICS22_job_creation_new,0.0,
51059492100,2014.0,NAICS22_job_creation_new,0.0,
51059492500,2011.0,NAICS22_job_creation_new,2.0,
51107610101,2019.0,NAICS22_job_creation_new,2.0,
51107610201,2011.0,NAICS22_job_creation_new,2.0,
51107610201,2018.0,NAICS22_job_creation_new,3.0,
51107610300,2011.0,NAICS22_job_creation_new,8.0,
51107610300,2014.0,NAICS22_job_creation_new,4.0,
51107610300,2015.0,NAICS22_job_creation_new,0.0,
51107610300,2018.0,NAICS22_job_creation_new,0.0,
51107610400,2011.0,NAICS22_job_creation_new,14.0,
51107610505,2015.0,NAICS22_job_creation_new,8.0,
51107610507,2011.0,NAICS22_job_creation_new,2.0,
51107610507,2019.0,NAICS22_job_creation_new,3.0,
51107610603,2018.0,NAICS22_job_creation_new,4.0,
51107610604,2011.0,NAICS22_job_creation_new,2.0,
51107610703,2010.0,NAICS22_job_creation_new,0.0,
51107610900,2015.0,NAICS22_job_creation_new,2.0,
51107611002,2014.0,NAICS22_job_creation_new,0.0,
51107611005,2020.0,NAICS22_job_creation_new,4.0,
51107611006,2011.0,NAICS22_job_creation_new,0.0,
51107611011,2019.0,NAICS22_job_creation_new,3.0,
51107611013,2014.0,NAICS22_job_creation_new,4.0,
51107611014,2015.0,NAICS22_job_creation_new,3.0,
51107611015,2011.0,NAICS22_job_creation_new,2.0,
51107611015,2019.0,NAICS22_job_creation_new,7.0,
51107611018,2011.0,NAICS22_job_creation_new,50.0,
51107611018,2017.0,NAICS22_job_creation_new,0.0,
51107611019,2011.0,NAICS22_job_creation_new,0.0,
51107611019,2017.0,NAICS22_job_creation_new,3.0,
51107611020,2011.0,NAICS22_job_creation_new,14.0,
51107611024,2011.0,NAICS22_job_creation_new,0.0,
51107611024,2012.0,NAICS22_job_creation_new,0.0,
51107611024,2018.0,NAICS22_job_creation_new,7.0,
51107611204,2019.0,NAICS22_job_creation_new,2.0,
51107611205,2020.0,NAICS22_job_creation_new,3.0,
51107611300,2013.0,NAICS22_job_creation_new,2.0,
51107611300,2019.0,NAICS22_job_creation_new,3.0,
51107611601,2011.0,NAICS22_job_creation_new,12.0,
51107611700,2011.0,NAICS22_job_creation_new,1.0,
51107611700,2017.0,NAICS22_job_creation_new,3.0,
51107611803,2013.0,NAICS22_job_creation_new,2.0,
51107611803,2014.0,NAICS22_job_creation_new,0.0,
51107611803,2015.0,NAICS22_job_creation_new,0.0,
51107611803,2017.0,NAICS22_job_creation_new,30.0,
51107611803,2018.0,NAICS22_job_creation_new,0.0,
51107611804,2010.0,NAICS22_job_creation_new,0.0,
51107611804,2011.0,NAICS22_job_creation_new,2.0,
51107611810,2020.0,NAICS22_job_creation_new,8.0,
51107611900,2011.0,NAICS22_job_creation_new,31.0,
51107611900,2019.0,NAICS22_job_creation_new,3.0,
51153900100,2011.0,NAICS22_job_creation_new,2.0,
51153900100,2015.0,NAICS22_job_creation_new,0.0,
51153900100,2016.0,NAICS22_job_creation_new,0.0,
51153900300,2015.0,NAICS22_job_creation_new,2.0,
51153900300,2018.0,NAICS22_job_creation_new,4.0,
51153900403,2011.0,NAICS22_job_creation_new,6.0,
51153900403,2015.0,NAICS22_job_creation_new,3.0,
51153900404,2014.0,NAICS22_job_creation_new,2.0,
51153900404,2017.0,NAICS22_job_creation_new,2.0,
51153900404,2019.0,NAICS22_job_creation_new,3.0,
51153900409,2018.0,NAICS22_job_creation_new,2.0,
51153900501,2019.0,NAICS22_job_creation_new,2.0,
51153900600,2019.0,NAICS22_job_creation_new,2.0,
51153900701,2011.0,NAICS22_job_creation_new,0.0,
51153900701,2020.0,NAICS22_job_creation_new,1.0,
51153900702,2017.0,NAICS22_job_creation_new,7.0,
51153900904,2018.0,NAICS22_job_creation_new,7.0,
51153901001,2019.0,NAICS22_job_creation_new,3.0,
51153901008,2012.0,NAICS22_job_creation_new,2.0,
51153901009,2019.0,NAICS22_job_creation_new,3.0,
51153901211,2018.0,NAICS22_job_creation_new,2.0,
51153901212,2011.0,NAICS22_job_creation_new,0.0,
51153901212,2012.0,NAICS22_job_creation_new,0.0,
51153901219,2011.0,NAICS22_job_creation_new,10.0,
51153901219,2018.0,NAICS22_job_creation_new,7.0,
51153901221,2020.0,NAICS22_job_creation_new,3.0,
51153901226,2011.0,NAICS22_job_creation_new,24.0,
51153901226,2015.0,NAICS22_job_creation_new,1.0,
51153901227,2018.0,NAICS22_job_creation_new,7.0,
51153901228,2011.0,NAICS22_job_creation_new,2.0,
51153901229,2011.0,NAICS22_job_creation_new,2.0,
51153901230,2017.0,NAICS22_job_creation_new,3.0,
51153901231,2016.0,NAICS22_job_creation_new,3.0,
51153901234,2018.0,NAICS22_job_creation_new,9.0,
51153901235,2011.0,NAICS22_job_creation_new,2.0,
51153901236,2011.0,NAICS22_job_creation_new,254.0,
51153901237,2011.0,NAICS22_job_creation_new,3.0,
51153901237,2018.0,NAICS22_job_creation_new,0.0,
51153901306,2019.0,NAICS22_job_creation_new,3.0,
51153901408,2011.0,NAICS22_job_creation_new,41.0,
51153901410,2011.0,NAICS22_job_creation_new,5.0,
51153901410,2012.0,NAICS22_job_creation_new,0.0,
51153901410,2015.0,NAICS22_job_creation_new,4.0,
51153901413,2011.0,NAICS22_job_creation_new,2.0,
51153901415,2018.0,NAICS22_job_creation_new,7.0,
51153901416,2017.0,NAICS22_job_creation_new,7.0,
51153901507,2015.0,NAICS22_job_creation_new,3.0,
51153901507,2016.0,NAICS22_job_creation_new,0.0,
51153901508,2011.0,NAICS22_job_creation_new,7.0,
51153901602,2019.0,NAICS22_job_creation_new,3.0,
51153901701,2011.0,NAICS22_job_creation_new,135.0,
51153901701,2016.0,NAICS22_job_creation_new,0.0,
51153901900,2018.0,NAICS22_job_creation_new,7.0,
51153901900,2019.0,NAICS22_job_creation_new,3.0,
51510200102,2017.0,NAICS22_job_creation_new,7.0,
51510200107,2016.0,NAICS22_job_creation_new,3.0,
51510200404,2016.0,NAICS22_job_creation_new,3.0,
51510200407,2016.0,NAICS22_job_creation_new,3.0,
51510200802,2011.0,NAICS22_job_creation_new,55.0,
51510200900,2011.0,NAICS22_job_creation_new,2.0,
51510200900,2016.0,NAICS22_job_creation_new,0.0,
51510201300,2011.0,NAICS22_job_creation_new,0.0,
51510201400,2011.0,NAICS22_job_creation_new,0.0,
51510201600,2014.0,NAICS22_job_creation_new,1.0,
51510201801,2018.0,NAICS22_job_creation_new,4.0,
51510201900,2011.0,NAICS22_job_creation_new,11.0,
51510201900,2013.0,NAICS22_job_creation_new,0.0,
51510201900,2014.0,NAICS22_job_creation_new,0.0,
51510201900,2016.0,NAICS22_job_creation_new,3.0,
51510202001,2011.0,NAICS22_job_creation_new,3.0,
51600300100,2017.0,NAICS22_job_creation_new,7.0,
51600300100,2019.0,NAICS22_job_creation_new,2.0,
51600300100,2020.0,NAICS22_job_creation_new,3.0,
51600300200,2011.0,NAICS22_job_creation_new,5.0,
51600300400,2011.0,NAICS22_job_creation_new,0.0,
51600300400,2014.0,NAICS22_job_creation_new,0.0,
51600300500,2011.0,NAICS22_job_creation_new,2.0,
51610500100,2012.0,NAICS22_job_creation_new,1.0,
51610500200,2011.0,NAICS22_job_creation_new,2.0,
51610500300,2017.0,NAICS22_job_creation_new,4.0,
51683910302,2019.0,NAICS22_job_creation_new,3.0,
51683910401,2011.0,NAICS22_job_creation_new,2.0,
51683910401,2019.0,NAICS22_job_creation_new,8.0,
51683910402,2011.0,NAICS22_job_creation_new,1.0,
51683910402,2016.0,NAICS22_job_creation_new,2.0,
51683910402,2017.0,NAICS22_job_creation_new,7.0,
51683910402,2018.0,NAICS22_job_creation_new,0.0,
110010001002,2012.0,NAICS22_job_creation_new,2.0,
110010001002,2018.0,NAICS22_job_creation_new,1.0,
110010001004,2011.0,NAICS22_job_creation_new,1.0,
110010001004,2012.0,NAICS22_job_creation_new,2.0,
110010001004,2014.0,NAICS22_job_creation_new,0.0,
110010001004,2017.0,NAICS22_job_creation_new,7.0,
110010001004,2019.0,NAICS22_job_creation_new,2.0,
110010002021,2011.0,NAICS22_job_creation_new,2.0,
110010005011,2015.0,NAICS22_job_creation_new,5.0,
110010005021,2018.0,NAICS22_job_creation_new,2.0,
110010006004,2017.0,NAICS22_job_creation_new,3.0,
110010008022,2011.0,NAICS22_job_creation_new,0.0,
110010008022,2013.0,NAICS22_job_creation_new,0.0,
110010008022,2016.0,NAICS22_job_creation_new,0.0,
110010009021,2011.0,NAICS22_job_creation_new,3.0,
110010009021,2012.0,NAICS22_job_creation_new,1.0,
110010010015,2012.0,NAICS22_job_creation_new,1.0,
110010011004,2011.0,NAICS22_job_creation_new,2.0,
110010011004,2012.0,NAICS22_job_creation_new,5.0,
110010011004,2015.0,NAICS22_job_creation_new,3.0,
110010016004,2018.0,NAICS22_job_creation_new,2.0,
110010020022,2014.0,NAICS22_job_creation_new,0.0,
110010020022,2015.0,NAICS22_job_creation_new,0.0,
110010037002,2017.0,NAICS22_job_creation_new,2.0,
110010048011,2018.0,NAICS22_job_creation_new,2.0,
110010053014,2011.0,NAICS22_job_creation_new,2.0,
110010053014,2012.0,NAICS22_job_creation_new,11.0,
110010053014,2013.0,NAICS22_job_creation_new,2.0,
110010055001,2010.0,NAICS22_job_creation_new,0.0,
110010055003,2010.0,NAICS22_job_creation_new,0.0,
110010055003,2011.0,NAICS22_job_creation_new,2.0,
110010058001,2011.0,NAICS22_job_creation_new,6.0,
110010058001,2012.0,NAICS22_job_creation_new,3.0,
110010058001,2013.0,NAICS22_job_creation_new,0.0,
110010058001,2014.0,NAICS22_job_creation_new,0.0,
110010058001,2015.0,NAICS22_job_creation_new,19.0,
110010058001,2016.0,NAICS22_job_creation_new,2.0,
110010058001,2017.0,NAICS22_job_creation_new,7.0,
110010058001,2018.0,NAICS22_job_creation_new,0.0,
110010058001,2019.0,NAICS22_job_creation_new,3.0,
110010058025,2020.0,NAICS22_job_creation_new,1.0,
110010059001,2011.0,NAICS22_job_creation_new,2.0,
110010059001,2014.0,NAICS22_job_creation_new,0.0,
110010059001,2019.0,NAICS22_job_creation_new,3.0,
110010062021,2011.0,NAICS22_job_creation_new,1.0,
110010062021,2014.0,NAICS22_job_creation_new,0.0,
110010062021,2015.0,NAICS22_job_creation_new,0.0,
110010062021,2016.0,NAICS22_job_creation_new,0.0,
110010067003,2013.0,NAICS22_job_creation_new,0.0,
110010067003,2018.0,NAICS22_job_creation_new,0.0,
110010072002,2010.0,NAICS22_job_creation_new,0.0,
110010072002,2016.0,NAICS22_job_creation_new,1.0,
110010072002,2019.0,NAICS22_job_creation_new,0.0,
110010074092,2018.0,NAICS22_job_creation_new,7.0,
110010076014,2012.0,NAICS22_job_creation_new,2.0,
110010084021,2017.0,NAICS22_job_creation_new,2.0,
110010084021,2018.0,NAICS22_job_creation_new,0.0,
110010087021,2011.0,NAICS22_job_creation_new,0.0,
110010091022,2011.0,NAICS22_job_creation_new,0.0,
110010093014,2011.0,NAICS22_job_creation_new,3.0,
110010093014,2013.0,NAICS22_job_creation_new,3.0,
110010093021,2011.0,NAICS22_job_creation_new,2.0,
110010099012,2011.0,NAICS22_job_creation_new,3.0,
110010101001,2011.0,NAICS22_job_creation_new,3.0,
110010101001,2012.0,NAICS22_job_creation_new,0.0,
110010101001,2013.0,NAICS22_job_creation_new,1.0,
110010101001,2014.0,NAICS22_job_creation_new,2.0,
110010101001,2017.0,NAICS22_job_creation_new,2.0,
110010101001,2018.0,NAICS22_job_creation_new,0.0,
110010101002,2011.0,NAICS22_job_creation_new,4.0,
110010101002,2012.0,NAICS22_job_creation_new,1.0,
110010101002,2013.0,NAICS22_job_creation_new,1.0,
110010102002,2011.0,NAICS22_job_creation_new,1.0,
110010102002,2013.0,NAICS22_job_creation_new,0.0,
110010102002,2014.0,NAICS22_job_creation_new,0.0,
110010102002,2016.0,NAICS22_job_creation_new,0.0,
110010102002,2018.0,NAICS22_job_creation_new,0.0,
110010102002,2019.0,NAICS22_job_creation_new,7.0,
110010104001,2012.0,NAICS22_job_creation_new,3.0,
110010106002,2011.0,NAICS22_job_creation_new,5.0,
110010106002,2017.0,NAICS22_job_creation_new,7.0,
110010107001,2013.0,NAICS22_job_creation_new,1.0,
110010107001,2014.0,NAICS22_job_creation_new,0.0,
110010107001,2015.0,NAICS22_job_creation_new,1.0,
110010107001,2016.0,NAICS22_job_creation_new,3.0,
110010107001,2018.0,NAICS22_job_creation_new,2.0,
110010107001,2020.0,NAICS22_job_creation_new,6.0,
110010107002,2016.0,NAICS22_job_creation_new,3.0,
110010108001,2011.0,NAICS22_job_creation_new,2.0,
110010108001,2012.0,NAICS22_job_creation_new,0.0,
110010108002,2011.0,NAICS22_job_creation_new,2.0,
110010108002,2015.0,NAICS22_job_creation_new,8.0,
110010109002,2015.0,NAICS22_job_creation_new,1100.0,
110010109002,2016.0,NAICS22_job_creation_new,3.0,
110010109002,2017.0,NAICS22_job_creation_new,0.0,
110010109002,2018.0,NAICS22_job_creation_new,7.0,
240178501011,2011.0,NAICS22_job_creation_new,2.0,
240178501012,2011.0,NAICS22_job_creation_new,5.0,
240178501012,2020.0,NAICS22_job_creation_new,7.0,
240178507091,2017.0,NAICS22_job_creation_new,7.0,
240178507111,2019.0,NAICS22_job_creation_new,3.0,
240178507121,2011.0,NAICS22_job_creation_new,4.0,
240178509011,2011.0,NAICS22_job_creation_new,0.0,
240178509011,2014.0,NAICS22_job_creation_new,0.0,
240178509011,2015.0,NAICS22_job_creation_new,0.0,
240178509011,2018.0,NAICS22_job_creation_new,7.0,
240178509023,2014.0,NAICS22_job_creation_new,1.0,
240178509041,2011.0,NAICS22_job_creation_new,2.0,
240178509062,2011.0,NAICS22_job_creation_new,2.0,
240178512003,2018.0,NAICS22_job_creation_new,7.0,
240178513012,2011.0,NAICS22_job_creation_new,5.0,
240178513022,2015.0,NAICS22_job_creation_new,29.0,
240178513022,2018.0,NAICS22_job_creation_new,0.0,
240178513023,2011.0,NAICS22_job_creation_new,2.0,
240178514002,2011.0,NAICS22_job_creation_new,1.0,
240178514002,2013.0,NAICS22_job_creation_new,0.0,
240178514012,2020.0,NAICS22_job_creation_new,3.0,
240178515001,2011.0,NAICS22_job_creation_new,2.0,
240217502002,2011.0,NAICS22_job_creation_new,2.0,
240217506001,2011.0,NAICS22_job_creation_new,0.0,
240217506002,2011.0,NAICS22_job_creation_new,5.0,
240217507012,2019.0,NAICS22_job_creation_new,7.0,
240217507023,2019.0,NAICS22_job_creation_new,7.0,
240217508021,2018.0,NAICS22_job_creation_new,7.0,
240217508033,2011.0,NAICS22_job_creation_new,0.0,
240217508033,2014.0,NAICS22_job_creation_new,0.0,
240217510023,2011.0,NAICS22_job_creation_new,4.0,
240217510031,2016.0,NAICS22_job_creation_new,7.0,
240217510033,2011.0,NAICS22_job_creation_new,17.0,
240217510033,2013.0,NAICS22_job_creation_new,0.0,
240217510033,2014.0,NAICS22_job_creation_new,0.0,
240217510033,2018.0,NAICS22_job_creation_new,4.0,
240217510033,2020.0,NAICS22_job_creation_new,4.0,
240217512032,2012.0,NAICS22_job_creation_new,2.0,
240217513011,2011.0,NAICS22_job_creation_new,21.0,
240217518014,2011.0,NAICS22_job_creation_new,1.0,
240217520013,2011.0,NAICS22_job_creation_new,7.0,
240217521024,2011.0,NAICS22_job_creation_new,2.0,
240217522041,2012.0,NAICS22_job_creation_new,0.0,
240217522041,2013.0,NAICS22_job_creation_new,0.0,
240217522042,2018.0,NAICS22_job_creation_new,7.0,
240217523022,2011.0,NAICS22_job_creation_new,0.0,
240217525021,2013.0,NAICS22_job_creation_new,0.0,
240217525021,2014.0,NAICS22_job_creation_new,0.0,
240217526013,2017.0,NAICS22_job_creation_new,8.0,
240217529002,2011.0,NAICS22_job_creation_new,0.0,
240217530012,2011.0,NAICS22_job_creation_new,1.0,
240217530015,2020.0,NAICS22_job_creation_new,3.0,
240217707002,2011.0,NAICS22_job_creation_new,0.0,
240217722001,2018.0,NAICS22_job_creation_new,4.0,
240217722002,2011.0,NAICS22_job_creation_new,0.0,
240217753023,2011.0,NAICS22_job_creation_new,2.0,
240217753023,2014.0,NAICS22_job_creation_new,2.0,
240217753026,2012.0,NAICS22_job_creation_new,1.0,
240217756002,2014.0,NAICS22_job_creation_new,1.0,
240317001011,2011.0,NAICS22_job_creation_new,7.0,
240317001011,2019.0,NAICS22_job_creation_new,5.0,
240317001051,2018.0,NAICS22_job_creation_new,7.0,
240317001053,2019.0,NAICS22_job_creation_new,3.0,
240317002063,2011.0,NAICS22_job_creation_new,2.0,
240317003092,2013.0,NAICS22_job_creation_new,0.0,
240317003092,2014.0,NAICS22_job_creation_new,0.0,
240317003092,2015.0,NAICS22_job_creation_new,0.0,
240317003092,2016.0,NAICS22_job_creation_new,0.0,
240317003111,2011.0,NAICS22_job_creation_new,3.0,
240317003112,2011.0,NAICS22_job_creation_new,3.0,
240317005003,2017.0,NAICS22_job_creation_new,7.0,
240317006041,2013.0,NAICS22_job_creation_new,0.0,
240317006041,2017.0,NAICS22_job_creation_new,1.0,
240317006101,2014.0,NAICS22_job_creation_new,2.0,
240317007042,2019.0,NAICS22_job_creation_new,7.0,
240317007062,2015.0,NAICS22_job_creation_new,0.0,
240317007062,2020.0,NAICS22_job_creation_new,3.0,
240317007104,2018.0,NAICS22_job_creation_new,7.0,
240317007131,2018.0,NAICS22_job_creation_new,7.0,
240317007132,2011.0,NAICS22_job_creation_new,0.0,
240317007152,2019.0,NAICS22_job_creation_new,3.0,
240317007171,2011.0,NAICS22_job_creation_new,6.0,
240317007181,2016.0,NAICS22_job_creation_new,1.0,
240317007181,2020.0,NAICS22_job_creation_new,3.0,
240317007182,2019.0,NAICS22_job_creation_new,3.0,
240317007212,2020.0,NAICS22_job_creation_new,3.0,
240317007221,2011.0,NAICS22_job_creation_new,2.0,
240317007222,2019.0,NAICS22_job_creation_new,3.0,
240317008101,2020.0,NAICS22_job_creation_new,3.0,
240317008113,2017.0,NAICS22_job_creation_new,6.0,
240317008121,2018.0,NAICS22_job_creation_new,7.0,
240317008122,2018.0,NAICS22_job_creation_new,3.0,
240317008154,2014.0,NAICS22_job_creation_new,0.0,
240317008163,2019.0,NAICS22_job_creation_new,3.0,
240317008184,2018.0,NAICS22_job_creation_new,3.0,
240317008201,2019.0,NAICS22_job_creation_new,7.0,
240317008281,2014.0,NAICS22_job_creation_new,2.0,
240317008321,2019.0,NAICS22_job_creation_new,3.0,
240317008332,2015.0,NAICS22_job_creation_new,7.0,
240317008342,2016.0,NAICS22_job_creation_new,3.0,
240317010042,2016.0,NAICS22_job_creation_new,5.0,
240317010071,2012.0,NAICS22_job_creation_new,2.0,
240317012013,2019.0,NAICS22_job_creation_new,4.0,
240317012022,2017.0,NAICS22_job_creation_new,3.0,
240317012051,2011.0,NAICS22_job_creation_new,12.0,
240317012051,2014.0,NAICS22_job_creation_new,0.0,
240317012111,2011.0,NAICS22_job_creation_new,10.0,
240317012113,2011.0,NAICS22_job_creation_new,20.0,
240317012113,2015.0,NAICS22_job_creation_new,8.0,
240317012191,2011.0,NAICS22_job_creation_new,2.0,
240317012192,2020.0,NAICS22_job_creation_new,3.0,
240317012212,2017.0,NAICS22_job_creation_new,6.0,
240317013032,2017.0,NAICS22_job_creation_new,6.0,
240317013043,2011.0,NAICS22_job_creation_new,4.0,
240317013061,2019.0,NAICS22_job_creation_new,3.0,
240317013121,2011.0,NAICS22_job_creation_new,2.0,
240317013123,2017.0,NAICS22_job_creation_new,7.0,
240317014155,2011.0,NAICS22_job_creation_new,0.0,
240317014172,2020.0,NAICS22_job_creation_new,4.0,
240317014221,2019.0,NAICS22_job_creation_new,3.0,
240317014231,2014.0,NAICS22_job_creation_new,2.0,
240317014232,2017.0,NAICS22_job_creation_new,7.0,
240317015053,2017.0,NAICS22_job_creation_new,7.0,
240317015071,2018.0,NAICS22_job_creation_new,4.0,
240317015073,2011.0,NAICS22_job_creation_new,2.0,
240317015073,2014.0,NAICS22_job_creation_new,0.0,
240317015073,2019.0,NAICS22_job_creation_new,0.0,
240317015091,2019.0,NAICS22_job_creation_new,3.0,
240317017012,2016.0,NAICS22_job_creation_new,1.0,
240317018003,2011.0,NAICS22_job_creation_new,1.0,
240317024012,2020.0,NAICS22_job_creation_new,3.0,
240317025001,2010.0,NAICS22_job_creation_new,0.0,
240317025001,2015.0,NAICS22_job_creation_new,5.0,
240317025001,2016.0,NAICS22_job_creation_new,1.0,
240317025002,2011.0,NAICS22_job_creation_new,1.0,
240317025002,2013.0,NAICS22_job_creation_new,2.0,
240317025002,2014.0,NAICS22_job_creation_new,0.0,
240317025002,2017.0,NAICS22_job_creation_new,4.0,
240317025002,2018.0,NAICS22_job_creation_new,3.0,
240317025002,2019.0,NAICS22_job_creation_new,1.0,
240317025003,2013.0,NAICS22_job_creation_new,0.0,
240317025004,2011.0,NAICS22_job_creation_new,2.0,
240317025031,2020.0,NAICS22_job_creation_new,10.0,
240317028002,2019.0,NAICS22_job_creation_new,3.0,
240317031003,2015.0,NAICS22_job_creation_new,8.0,
240317032014,2012.0,NAICS22_job_creation_new,2.0,
240317032014,2014.0,NAICS22_job_creation_new,0.0,
240317032071,2017.0,NAICS22_job_creation_new,7.0,
240317032071,2019.0,NAICS22_job_creation_new,3.0,
240317032102,2019.0,NAICS22_job_creation_new,3.0,
240317032141,2019.0,NAICS22_job_creation_new,3.0,
240317032231,2020.0,NAICS22_job_creation_new,3.0,
240317034011,2019.0,NAICS22_job_creation_new,3.0,
240317034032,2019.0,NAICS22_job_creation_new,3.0,
240317036012,2017.0,NAICS22_job_creation_new,1.0,
240317038001,2011.0,NAICS22_job_creation_new,0.0,
240317038001,2012.0,NAICS22_job_creation_new,0.0,
240317038001,2014.0,NAICS22_job_creation_new,0.0,
240317038001,2015.0,NAICS22_job_creation_new,0.0,
240317043002,2019.0,NAICS22_job_creation_new,3.0,
240317044012,2020.0,NAICS22_job_creation_new,7.0,
240317045012,2011.0,NAICS22_job_creation_new,1.0,
240317045014,2011.0,NAICS22_job_creation_new,3.0,
240317048041,2011.0,NAICS22_job_creation_new,4.0,
240317048041,2014.0,NAICS22_job_creation_new,2.0,
240317048041,2015.0,NAICS22_job_creation_new,3.0,
240317048041,2016.0,NAICS22_job_creation_new,3.0,
240317048041,2017.0,NAICS22_job_creation_new,201.0,
240317048041,2018.0,NAICS22_job_creation_new,0.0,
240317048041,2019.0,NAICS22_job_creation_new,0.0,
240317048041,2020.0,NAICS22_job_creation_new,23.0,
240317048051,2011.0,NAICS22_job_creation_new,16.0,
240317048051,2015.0,NAICS22_job_creation_new,9.0,
240317048061,2011.0,NAICS22_job_creation_new,8.0,
240317056021,2011.0,NAICS22_job_creation_new,2.0,
240317057013,2011.0,NAICS22_job_creation_new,1.0,
240317057013,2013.0,NAICS22_job_creation_new,5.0,
240317057013,2014.0,NAICS22_job_creation_new,0.0,
240317058001,2011.0,NAICS22_job_creation_new,10.0,
240317059021,2011.0,NAICS22_job_creation_new,0.0,
240317059021,2014.0,NAICS22_job_creation_new,0.0,
240317059031,2010.0,NAICS22_job_creation_new,0.0,
240317059031,2016.0,NAICS22_job_creation_new,0.0,
240317060071,2019.0,NAICS22_job_creation_new,3.0,
240317060073,2011.0,NAICS22_job_creation_new,0.0,
240317060073,2013.0,NAICS22_job_creation_new,0.0,
240338001081,2015.0,NAICS22_job_creation_new,7.0,
240338001081,2019.0,NAICS22_job_creation_new,1.0,
240338001082,2019.0,NAICS22_job_creation_new,7.0,
240338002031,2020.0,NAICS22_job_creation_new,3.0,
240338002032,2011.0,NAICS22_job_creation_new,900.0,
240338002081,2019.0,NAICS22_job_creation_new,3.0,
240338002082,2018.0,NAICS22_job_creation_new,2.0,
240338002082,2019.0,NAICS22_job_creation_new,3.0,
240338002102,2019.0,NAICS22_job_creation_new,3.0,
240338002111,2016.0,NAICS22_job_creation_new,10.0,
240338004031,2011.0,NAICS22_job_creation_new,2.0,
240338004082,2019.0,NAICS22_job_creation_new,5.0,
240338004091,2018.0,NAICS22_job_creation_new,3.0,
240338004092,2012.0,NAICS22_job_creation_new,0.0,
240338004092,2013.0,NAICS22_job_creation_new,0.0,
240338004101,2011.0,NAICS22_job_creation_new,0.0,
240338004102,2020.0,NAICS22_job_creation_new,2.0,
240338005071,2020.0,NAICS22_job_creation_new,1.0,
240338005151,2011.0,NAICS22_job_creation_new,1.0,
240338005151,2013.0,NAICS22_job_creation_new,0.0,
240338005152,2019.0,NAICS22_job_creation_new,3.0,
240338005172,2018.0,NAICS22_job_creation_new,3.0,
240338005172,2019.0,NAICS22_job_creation_new,2.0,
240338005172,2020.0,NAICS22_job_creation_new,3.0,
240338005191,2020.0,NAICS22_job_creation_new,1.0,
240338005222,2020.0,NAICS22_job_creation_new,5.0,
240338006041,2011.0,NAICS22_job_creation_new,2.0,
240338006082,2019.0,NAICS22_job_creation_new,3.0,
240338007043,2011.0,NAICS22_job_creation_new,2.0,
240338007052,2016.0,NAICS22_job_creation_new,1.0,
240338007061,2015.0,NAICS22_job_creation_new,3.0,
240338008003,2018.0,NAICS22_job_creation_new,7.0,
240338009001,2011.0,NAICS22_job_creation_new,0.0,
240338010031,2011.0,NAICS22_job_creation_new,0.0,
240338010031,2018.0,NAICS22_job_creation_new,7.0,
240338010031,2019.0,NAICS22_job_creation_new,3.0,
240338010042,2014.0,NAICS22_job_creation_new,1.0,
240338010042,2016.0,NAICS22_job_creation_new,0.0,
240338012112,2011.0,NAICS22_job_creation_new,0.0,
240338012121,2012.0,NAICS22_job_creation_new,3.0,
240338012162,2020.0,NAICS22_job_creation_new,1.0,
240338013071,2011.0,NAICS22_job_creation_new,2.0,
240338013071,2012.0,NAICS22_job_creation_new,0.0,
240338013082,2011.0,NAICS22_job_creation_new,3.0,
240338013082,2019.0,NAICS22_job_creation_new,3.0,
240338013102,2011.0,NAICS22_job_creation_new,0.0,
240338013102,2014.0,NAICS22_job_creation_new,0.0,
240338013102,2019.0,NAICS22_job_creation_new,7.0,
240338013132,2011.0,NAICS22_job_creation_new,2.0,
240338014043,2015.0,NAICS22_job_creation_new,5.0,
240338014072,2019.0,NAICS22_job_creation_new,5.0,
240338014091,2013.0,NAICS22_job_creation_new,0.0,
240338014091,2014.0,NAICS22_job_creation_new,0.0,
240338014102,2020.0,NAICS22_job_creation_new,4.0,
240338016001,2012.0,NAICS22_job_creation_new,2.0,
240338016001,2019.0,NAICS22_job_creation_new,0.0,
240338017041,2020.0,NAICS22_job_creation_new,3.0,
240338017061,2011.0,NAICS22_job_creation_new,2.0,
240338017081,2017.0,NAICS22_job_creation_new,7.0,
240338019011,2018.0,NAICS22_job_creation_new,1.0,
240338019012,2011.0,NAICS22_job_creation_new,0.0,
240338019052,2019.0,NAICS22_job_creation_new,3.0,
240338019071,2019.0,NAICS22_job_creation_new,3.0,
240338019081,2018.0,NAICS22_job_creation_new,7.0,
240338022042,2016.0,NAICS22_job_creation_new,2.0,
240338022044,2019.0,NAICS22_job_creation_new,3.0,
240338023011,2017.0,NAICS22_job_creation_new,3.0,
240338027003,2013.0,NAICS22_job_creation_new,0.0,
240338028031,2019.0,NAICS22_job_creation_new,3.0,
240338028041,2016.0,NAICS22_job_creation_new,6.0,
240338033004,2017.0,NAICS22_job_creation_new,1.0,
240338035091,2010.0,NAICS22_job_creation_new,0.0,
240338035091,2019.0,NAICS22_job_creation_new,3.0,
240338035211,2020.0,NAICS22_job_creation_new,3.0,
240338035221,2014.0,NAICS22_job_creation_new,2.0,
240338035252,2016.0,NAICS22_job_creation_new,2.0,
240338036022,2011.0,NAICS22_job_creation_new,1.0,
240338036054,2018.0,NAICS22_job_creation_new,3.0,
240338036062,2019.0,NAICS22_job_creation_new,7.0,
240338036062,2020.0,NAICS22_job_creation_new,3.0,
240338036082,2011.0,NAICS22_job_creation_new,2.0,
240338037001,2014.0,NAICS22_job_creation_new,2.0,
240338039001,2018.0,NAICS22_job_creation_new,7.0,
240338041022,2018.0,NAICS22_job_creation_new,2.0,
240338041022,2019.0,NAICS22_job_creation_new,3.0,
240338046002,2019.0,NAICS22_job_creation_new,3.0,
240338047003,2011.0,NAICS22_job_creation_new,1.0,
240338047003,2016.0,NAICS22_job_creation_new,0.0,
240338051012,2011.0,NAICS22_job_creation_new,2.0,
240338055002,2019.0,NAICS22_job_creation_new,2.0,
240338057001,2020.0,NAICS22_job_creation_new,3.0,
240338058021,2017.0,NAICS22_job_creation_new,14.0,
240338061003,2019.0,NAICS22_job_creation_new,3.0,
240338061003,2020.0,NAICS22_job_creation_new,3.0,
240338062002,2019.0,NAICS22_job_creation_new,3.0,
240338063001,2019.0,NAICS22_job_creation_new,7.0,
240338065011,2016.0,NAICS22_job_creation_new,7.0,
240338067102,2011.0,NAICS22_job_creation_new,2.0,
240338067111,2019.0,NAICS22_job_creation_new,3.0,
240338067142,2014.0,NAICS22_job_creation_new,4.0,
240338067142,2019.0,NAICS22_job_creation_new,3.0,
240338069002,2011.0,NAICS22_job_creation_new,17.0,
240338072003,2011.0,NAICS22_job_creation_new,0.0,
240338072003,2014.0,NAICS22_job_creation_new,0.0,
240338072003,2016.0,NAICS22_job_creation_new,0.0,
240338072003,2017.0,NAICS22_job_creation_new,0.0,
240338073051,2020.0,NAICS22_job_creation_new,3.0,
240338074042,2012.0,NAICS22_job_creation_new,5.0,
240338074051,2011.0,NAICS22_job_creation_new,2.0,
240338074074,2020.0,NAICS22_job_creation_new,3.0,
240338074083,2011.0,NAICS22_job_creation_new,100.0,
240338074083,2013.0,NAICS22_job_creation_new,10.0,
240338074083,2014.0,NAICS22_job_creation_new,0.0,
240338074083,2015.0,NAICS22_job_creation_new,8.0,
510131002002,2016.0,NAICS22_job_creation_new,1.0,
510131002005,2011.0,NAICS22_job_creation_new,0.0,
510131003003,2018.0,NAICS22_job_creation_new,2.0,
510131003004,2016.0,NAICS22_job_creation_new,3.0,
510131005003,2012.0,NAICS22_job_creation_new,1.0,
510131007004,2011.0,NAICS22_job_creation_new,9.0,
510131007004,2020.0,NAICS22_job_creation_new,2.0,
510131009001,2011.0,NAICS22_job_creation_new,4.0,
510131010002,2018.0,NAICS22_job_creation_new,3.0,
510131012002,2011.0,NAICS22_job_creation_new,3.0,
510131014011,2018.0,NAICS22_job_creation_new,141.0,
510131014022,2012.0,NAICS22_job_creation_new,5.0,
510131014022,2015.0,NAICS22_job_creation_new,0.0,
510131014031,2011.0,NAICS22_job_creation_new,774.0,
510131014031,2012.0,NAICS22_job_creation_new,11.0,
510131014031,2013.0,NAICS22_job_creation_new,0.0,
510131014031,2014.0,NAICS22_job_creation_new,0.0,
510131014031,2015.0,NAICS22_job_creation_new,3.0,
510131014031,2016.0,NAICS22_job_creation_new,0.0,
510131014031,2017.0,NAICS22_job_creation_new,0.0,
510131014031,2019.0,NAICS22_job_creation_new,193.0,
510131014033,2017.0,NAICS22_job_creation_new,3.0,
510131014041,2011.0,NAICS22_job_creation_new,4.0,
510131014082,2020.0,NAICS22_job_creation_new,3.0,
510131015001,2013.0,NAICS22_job_creation_new,3.0,
510131016012,2011.0,NAICS22_job_creation_new,0.0,
510131016033,2011.0,NAICS22_job_creation_new,37.0,
510131017014,2011.0,NAICS22_job_creation_new,0.0,
510131017014,2014.0,NAICS22_job_creation_new,0.0,
510131017014,2015.0,NAICS22_job_creation_new,0.0,
510131017014,2016.0,NAICS22_job_creation_new,0.0,
510131017022,2011.0,NAICS22_job_creation_new,6.0,
510131017022,2013.0,NAICS22_job_creation_new,6.0,
510131018021,2011.0,NAICS22_job_creation_new,3.0,
510131018021,2019.0,NAICS22_job_creation_new,3.0,
510131019001,2017.0,NAICS22_job_creation_new,3.0,
510131023011,2011.0,NAICS22_job_creation_new,4.0,
510131023011,2015.0,NAICS22_job_creation_new,0.0,
510131024001,2019.0,NAICS22_job_creation_new,3.0,
510131025002,2016.0,NAICS22_job_creation_new,3.0,
510131029013,2011.0,NAICS22_job_creation_new,0.0,
510131029013,2014.0,NAICS22_job_creation_new,0.0,
510131029022,2017.0,NAICS22_job_creation_new,3.0,
510131034024,2012.0,NAICS22_job_creation_new,2.0,
510131035031,2011.0,NAICS22_job_creation_new,17.0,
510131035032,2013.0,NAICS22_job_creation_new,2.0,
510131037001,2011.0,NAICS22_job_creation_new,1.0,
510131038002,2017.0,NAICS22_job_creation_new,3.0,
510139801001,2011.0,NAICS22_job_creation_new,18.0,
510139801001,2014.0,NAICS22_job_creation_new,0.0,
510139801001,2019.0,NAICS22_job_creation_new,3.0,
510594154011,2016.0,NAICS22_job_creation_new,3.0,
510594155003,2019.0,NAICS22_job_creation_new,3.0,
510594158002,2017.0,NAICS22_job_creation_new,5.0,
510594160002,2018.0,NAICS22_job_creation_new,2.0,
510594163002,2011.0,NAICS22_job_creation_new,2.0,
510594163002,2018.0,NAICS22_job_creation_new,3.0,
510594202031,2017.0,NAICS22_job_creation_new,2.0,
510594202031,2019.0,NAICS22_job_creation_new,2.0,
510594203003,2011.0,NAICS22_job_creation_new,2.0,
510594208003,2018.0,NAICS22_job_creation_new,7.0,
510594211012,2019.0,NAICS22_job_creation_new,3.0,
510594216001,2016.0,NAICS22_job_creation_new,7.0,
510594221021,2017.0,NAICS22_job_creation_new,7.0,
510594224023,2014.0,NAICS22_job_creation_new,0.0,
510594224023,2015.0,NAICS22_job_creation_new,0.0,
510594315001,2011.0,NAICS22_job_creation_new,2.0,
510594318021,2017.0,NAICS22_job_creation_new,2.0,
510594319001,2011.0,NAICS22_job_creation_new,2.0,
510594320002,2012.0,NAICS22_job_creation_new,0.0,
510594320002,2013.0,NAICS22_job_creation_new,0.0,
510594320002,2019.0,NAICS22_job_creation_new,0.0,
510594327022,2013.0,NAICS22_job_creation_new,0.0,
510594327022,2014.0,NAICS22_job_creation_new,0.0,
510594402011,2011.0,NAICS22_job_creation_new,4.0,
510594402011,2014.0,NAICS22_job_creation_new,0.0,
510594402011,2018.0,NAICS22_job_creation_new,0.0,
510594402011,2019.0,NAICS22_job_creation_new,0.0,
510594408001,2011.0,NAICS22_job_creation_new,3.0,
510594501003,2018.0,NAICS22_job_creation_new,7.0,
510594503001,2012.0,NAICS22_job_creation_new,0.0,
510594503001,2013.0,NAICS22_job_creation_new,0.0,
510594503004,2011.0,NAICS22_job_creation_new,2.0,
510594504001,2016.0,NAICS22_job_creation_new,2.0,
510594506014,2018.0,NAICS22_job_creation_new,7.0,
510594509002,2011.0,NAICS22_job_creation_new,2.0,
510594511002,2011.0,NAICS22_job_creation_new,4.0,
510594515022,2011.0,NAICS22_job_creation_new,10.0,
510594515022,2012.0,NAICS22_job_creation_new,0.0,
510594515022,2014.0,NAICS22_job_creation_new,0.0,
510594515022,2015.0,NAICS22_job_creation_new,0.0,
510594515022,2019.0,NAICS22_job_creation_new,4.0,
510594520001,2011.0,NAICS22_job_creation_new,3.0,
510594521012,2011.0,NAICS22_job_creation_new,0.0,
510594521012,2018.0,NAICS22_job_creation_new,2.0,
510594521013,2011.0,NAICS22_job_creation_new,2.0,
510594521021,2011.0,NAICS22_job_creation_new,3.0,
510594524004,2015.0,NAICS22_job_creation_new,1.0,
510594524004,2017.0,NAICS22_job_creation_new,0.0,
510594526001,2019.0,NAICS22_job_creation_new,7.0,
510594526004,2020.0,NAICS22_job_creation_new,3.0,
510594602002,2011.0,NAICS22_job_creation_new,2.0,
510594604003,2011.0,NAICS22_job_creation_new,91.0,
510594604003,2016.0,NAICS22_job_creation_new,0.0,
510594604003,2017.0,NAICS22_job_creation_new,0.0,
510594604003,2018.0,NAICS22_job_creation_new,0.0,
510594605011,2011.0,NAICS22_job_creation_new,0.0,
510594605011,2012.0,NAICS22_job_creation_new,0.0,
510594605011,2013.0,NAICS22_job_creation_new,0.0,
510594605011,2014.0,NAICS22_job_creation_new,0.0,
510594605011,2015.0,NAICS22_job_creation_new,7.0,
510594605011,2016.0,NAICS22_job_creation_new,0.0,
510594605011,2017.0,NAICS22_job_creation_new,0.0,
510594605011,2018.0,NAICS22_job_creation_new,0.0,
510594608001,2016.0,NAICS22_job_creation_new,0.0,
510594609001,2018.0,NAICS22_job_creation_new,3.0,
510594612011,2011.0,NAICS22_job_creation_new,0.0,
510594612013,2018.0,NAICS22_job_creation_new,4.0,
510594612021,2013.0,NAICS22_job_creation_new,0.0,
510594612021,2014.0,NAICS22_job_creation_new,0.0,
510594612022,2011.0,NAICS22_job_creation_new,4.0,
510594616012,2014.0,NAICS22_job_creation_new,0.0,
510594616013,2013.0,NAICS22_job_creation_new,1.0,
510594616021,2019.0,NAICS22_job_creation_new,3.0,
510594618021,2011.0,NAICS22_job_creation_new,1.0,
510594618021,2018.0,NAICS22_job_creation_new,0.0,
510594618023,2011.0,NAICS22_job_creation_new,31.0,
510594618023,2012.0,NAICS22_job_creation_new,1.0,
510594618023,2014.0,NAICS22_job_creation_new,0.0,
510594618023,2017.0,NAICS22_job_creation_new,1.0,
510594703001,2012.0,NAICS22_job_creation_new,2.0,
510594703002,2019.0,NAICS22_job_creation_new,7.0,
510594704002,2011.0,NAICS22_job_creation_new,2.0,
510594705004,2011.0,NAICS22_job_creation_new,3.0,
510594706002,2011.0,NAICS22_job_creation_new,8.0,
510594706002,2014.0,NAICS22_job_creation_new,0.0,
510594709001,2011.0,NAICS22_job_creation_new,15.0,
510594711004,2011.0,NAICS22_job_creation_new,1.0,
510594712022,2016.0,NAICS22_job_creation_new,3.0,
510594713032,2013.0,NAICS22_job_creation_new,0.0,
510594713032,2015.0,NAICS22_job_creation_new,0.0,
510594801001,2011.0,NAICS22_job_creation_new,2.0,
510594802013,2011.0,NAICS22_job_creation_new,2.0,
510594802022,2011.0,NAICS22_job_creation_new,3.0,
510594802022,2019.0,NAICS22_job_creation_new,7.0,
510594803001,2011.0,NAICS22_job_creation_new,0.0,
510594803001,2012.0,NAICS22_job_creation_new,0.0,
510594803001,2015.0,NAICS22_job_creation_new,2.0,
510594803001,2016.0,NAICS22_job_creation_new,1.0,
510594804011,2011.0,NAICS22_job_creation_new,5.0,
510594804021,2011.0,NAICS22_job_creation_new,4.0,
510594804022,2020.0,NAICS22_job_creation_new,10.0,
510594804023,2011.0,NAICS22_job_creation_new,1.0,
510594805012,2015.0,NAICS22_job_creation_new,2.0,
510594805031,2014.0,NAICS22_job_creation_new,2.0,
510594809021,2014.0,NAICS22_job_creation_new,0.0,
510594809033,2017.0,NAICS22_job_creation_new,3.0,
510594811063,2011.0,NAICS22_job_creation_new,1.0,
510594812011,2011.0,NAICS22_job_creation_new,3.0,
510594812023,2014.0,NAICS22_job_creation_new,2.0,
510594816001,2011.0,NAICS22_job_creation_new,2.0,
510594816001,2016.0,NAICS22_job_creation_new,0.0,
510594817011,2011.0,NAICS22_job_creation_new,2.0,
510594817012,2011.0,NAICS22_job_creation_new,1.0,
510594819003,2017.0,NAICS22_job_creation_new,3.0,
510594822022,2011.0,NAICS22_job_creation_new,0.0,
510594822022,2013.0,NAICS22_job_creation_new,0.0,
510594822022,2014.0,NAICS22_job_creation_new,4.0,
510594822022,2019.0,NAICS22_job_creation_new,0.0,
510594822031,2016.0,NAICS22_job_creation_new,7.0,
510594822031,2019.0,NAICS22_job_creation_new,0.0,
510594823031,2017.0,NAICS22_job_creation_new,3.0,
510594823032,2011.0,NAICS22_job_creation_new,0.0,
510594823032,2014.0,NAICS22_job_creation_new,1.0,
510594823032,2015.0,NAICS22_job_creation_new,0.0,
510594824001,2013.0,NAICS22_job_creation_new,0.0,
510594824001,2016.0,NAICS22_job_creation_new,0.0,
510594825011,2011.0,NAICS22_job_creation_new,17.0,
510594825022,2011.0,NAICS22_job_creation_new,2.0,
510594826012,2017.0,NAICS22_job_creation_new,3.0,
510594826013,2014.0,NAICS22_job_creation_new,1.0,
510594826021,2014.0,NAICS22_job_creation_new,2.0,
510594826021,2015.0,NAICS22_job_creation_new,0.0,
510594826022,2012.0,NAICS22_job_creation_new,2.0,
510594826022,2013.0,NAICS22_job_creation_new,0.0,
510594901031,2017.0,NAICS22_job_creation_new,8.0,
510594901031,2018.0,NAICS22_job_creation_new,0.0,
510594901032,2011.0,NAICS22_job_creation_new,13.0,
510594901033,2018.0,NAICS22_job_creation_new,1.0,
510594901033,2019.0,NAICS22_job_creation_new,0.0,
510594911011,2013.0,NAICS22_job_creation_new,2.0,
510594911012,2011.0,NAICS22_job_creation_new,2.0,
510594913011,2011.0,NAICS22_job_creation_new,185.0,
510594913022,2017.0,NAICS22_job_creation_new,3.0,
510594914011,2018.0,NAICS22_job_creation_new,3.0,
510594914012,2011.0,NAICS22_job_creation_new,2.0,
510594914022,2012.0,NAICS22_job_creation_new,2.0,
510594915011,2019.0,NAICS22_job_creation_new,2.0,
510594915021,2018.0,NAICS22_job_creation_new,3.0,
510594915023,2011.0,NAICS22_job_creation_new,1.0,
510594916021,2017.0,NAICS22_job_creation_new,3.0,
510594916021,2019.0,NAICS22_job_creation_new,3.0,
510594917023,2017.0,NAICS22_job_creation_new,3.0,
510594917024,2011.0,NAICS22_job_creation_new,8.0,
510594917024,2014.0,NAICS22_job_creation_new,0.0,
510594917062,2020.0,NAICS22_job_creation_new,1.0,
510594918021,2011.0,NAICS22_job_creation_new,2.0,
510594918032,2017.0,NAICS22_job_creation_new,3.0,
510594920003,2016.0,NAICS22_job_creation_new,3.0,
510594921001,2011.0,NAICS22_job_creation_new,4.0,
510594921001,2014.0,NAICS22_job_creation_new,0.0,
510594921002,2011.0,NAICS22_job_creation_new,0.0,
510594921002,2013.0,NAICS22_job_creation_new,0.0,
510594925002,2011.0,NAICS22_job_creation_new,2.0,
511076101012,2019.0,NAICS22_job_creation_new,2.0,
511076102012,2011.0,NAICS22_job_creation_new,2.0,
511076102012,2018.0,NAICS22_job_creation_new,3.0,
511076103002,2014.0,NAICS22_job_creation_new,2.0,
511076103002,2018.0,NAICS22_job_creation_new,0.0,
511076103003,2011.0,NAICS22_job_creation_new,3.0,
511076103003,2014.0,NAICS22_job_creation_new,2.0,
511076103003,2015.0,NAICS22_job_creation_new,0.0,
511076103004,2011.0,NAICS22_job_creation_new,5.0,
511076104001,2011.0,NAICS22_job_creation_new,12.0,
511076104002,2011.0,NAICS22_job_creation_new,2.0,
511076105051,2015.0,NAICS22_job_creation_new,8.0,
511076105073,2011.0,NAICS22_job_creation_new,2.0,
511076105073,2019.0,NAICS22_job_creation_new,3.0,
511076106031,2018.0,NAICS22_job_creation_new,4.0,
511076106042,2011.0,NAICS22_job_creation_new,2.0,
511076107031,2010.0,NAICS22_job_creation_new,0.0,
511076109002,2015.0,NAICS22_job_creation_new,2.0,
511076110021,2014.0,NAICS22_job_creation_new,0.0,
511076110051,2020.0,NAICS22_job_creation_new,4.0,
511076110062,2011.0,NAICS22_job_creation_new,0.0,
511076110111,2019.0,NAICS22_job_creation_new,3.0,
511076110132,2014.0,NAICS22_job_creation_new,4.0,
511076110142,2015.0,NAICS22_job_creation_new,3.0,
511076110151,2011.0,NAICS22_job_creation_new,2.0,
511076110151,2019.0,NAICS22_job_creation_new,7.0,
511076110182,2011.0,NAICS22_job_creation_new,50.0,
511076110182,2017.0,NAICS22_job_creation_new,0.0,
511076110192,2011.0,NAICS22_job_creation_new,0.0,
511076110192,2017.0,NAICS22_job_creation_new,3.0,
511076110203,2011.0,NAICS22_job_creation_new,14.0,
511076110241,2018.0,NAICS22_job_creation_new,7.0,
511076110242,2011.0,NAICS22_job_creation_new,0.0,
511076110242,2012.0,NAICS22_job_creation_new,0.0,
511076112041,2019.0,NAICS22_job_creation_new,2.0,
511076112051,2020.0,NAICS22_job_creation_new,3.0,
511076113001,2019.0,NAICS22_job_creation_new,3.0,
511076113002,2013.0,NAICS22_job_creation_new,2.0,
511076116012,2011.0,NAICS22_job_creation_new,12.0,
511076117003,2011.0,NAICS22_job_creation_new,1.0,
511076117003,2017.0,NAICS22_job_creation_new,3.0,
511076118032,2017.0,NAICS22_job_creation_new,30.0,
511076118033,2013.0,NAICS22_job_creation_new,2.0,
511076118033,2014.0,NAICS22_job_creation_new,0.0,
511076118033,2015.0,NAICS22_job_creation_new,0.0,
511076118033,2018.0,NAICS22_job_creation_new,0.0,
511076118041,2010.0,NAICS22_job_creation_new,0.0,
511076118041,2011.0,NAICS22_job_creation_new,2.0,
511076118101,2020.0,NAICS22_job_creation_new,8.0,
511076119001,2011.0,NAICS22_job_creation_new,31.0,
511076119001,2019.0,NAICS22_job_creation_new,3.0,
511539001001,2015.0,NAICS22_job_creation_new,0.0,
511539001001,2016.0,NAICS22_job_creation_new,0.0,
511539001002,2011.0,NAICS22_job_creation_new,2.0,
511539003002,2018.0,NAICS22_job_creation_new,4.0,
511539003004,2015.0,NAICS22_job_creation_new,2.0,
511539004031,2011.0,NAICS22_job_creation_new,4.0,
511539004031,2015.0,NAICS22_job_creation_new,3.0,
511539004034,2011.0,NAICS22_job_creation_new,2.0,
511539004041,2014.0,NAICS22_job_creation_new,2.0,
511539004041,2019.0,NAICS22_job_creation_new,3.0,
511539004043,2017.0,NAICS22_job_creation_new,2.0,
511539004092,2018.0,NAICS22_job_creation_new,2.0,
511539005011,2019.0,NAICS22_job_creation_new,2.0,
511539006001,2019.0,NAICS22_job_creation_new,2.0,
511539007011,2011.0,NAICS22_job_creation_new,0.0,
511539007013,2020.0,NAICS22_job_creation_new,1.0,
511539007022,2017.0,NAICS22_job_creation_new,7.0,
511539009042,2018.0,NAICS22_job_creation_new,7.0,
511539010014,2019.0,NAICS22_job_creation_new,3.0,
511539010082,2012.0,NAICS22_job_creation_new,2.0,
511539010094,2019.0,NAICS22_job_creation_new,3.0,
511539012111,2018.0,NAICS22_job_creation_new,2.0,
511539012123,2011.0,NAICS22_job_creation_new,0.0,
511539012123,2012.0,NAICS22_job_creation_new,0.0,
511539012191,2011.0,NAICS22_job_creation_new,10.0,
511539012193,2018.0,NAICS22_job_creation_new,7.0,
511539012214,2020.0,NAICS22_job_creation_new,3.0,
511539012263,2011.0,NAICS22_job_creation_new,24.0,
511539012263,2015.0,NAICS22_job_creation_new,1.0,
511539012272,2018.0,NAICS22_job_creation_new,7.0,
511539012281,2011.0,NAICS22_job_creation_new,2.0,
511539012292,2011.0,NAICS22_job_creation_new,2.0,
511539012303,2017.0,NAICS22_job_creation_new,3.0,
511539012313,2016.0,NAICS22_job_creation_new,3.0,
511539012341,2018.0,NAICS22_job_creation_new,2.0,
511539012342,2018.0,NAICS22_job_creation_new,7.0,
511539012351,2011.0,NAICS22_job_creation_new,2.0,
511539012361,2011.0,NAICS22_job_creation_new,254.0,
511539012371,2011.0,NAICS22_job_creation_new,3.0,
511539012371,2018.0,NAICS22_job_creation_new,0.0,
511539013062,2019.0,NAICS22_job_creation_new,3.0,
511539014081,2011.0,NAICS22_job_creation_new,41.0,
511539014101,2011.0,NAICS22_job_creation_new,5.0,
511539014101,2012.0,NAICS22_job_creation_new,0.0,
511539014102,2015.0,NAICS22_job_creation_new,4.0,
511539014132,2011.0,NAICS22_job_creation_new,2.0,
511539014151,2018.0,NAICS22_job_creation_new,7.0,
511539014162,2017.0,NAICS22_job_creation_new,7.0,
511539015072,2015.0,NAICS22_job_creation_new,3.0,
511539015072,2016.0,NAICS22_job_creation_new,0.0,
511539015081,2011.0,NAICS22_job_creation_new,7.0,
511539016024,2019.0,NAICS22_job_creation_new,3.0,
511539017015,2011.0,NAICS22_job_creation_new,135.0,
511539017015,2016.0,NAICS22_job_creation_new,0.0,
511539019002,2019.0,NAICS22_job_creation_new,3.0,
511539019004,2018.0,NAICS22_job_creation_new,7.0,
515102001022,2017.0,NAICS22_job_creation_new,7.0,
515102001071,2016.0,NAICS22_job_creation_new,3.0,
515102004041,2016.0,NAICS22_job_creation_new,3.0,
515102004072,2016.0,NAICS22_job_creation_new,3.0,
515102008023,2011.0,NAICS22_job_creation_new,55.0,
515102009004,2011.0,NAICS22_job_creation_new,2.0,
515102009004,2016.0,NAICS22_job_creation_new,0.0,
515102013002,2011.0,NAICS22_job_creation_new,0.0,
515102014004,2011.0,NAICS22_job_creation_new,0.0,
515102016002,2014.0,NAICS22_job_creation_new,1.0,
515102018013,2018.0,NAICS22_job_creation_new,4.0,
515102019001,2011.0,NAICS22_job_creation_new,5.0,
515102019001,2013.0,NAICS22_job_creation_new,0.0,
515102019001,2014.0,NAICS22_job_creation_new,0.0,
515102019002,2011.0,NAICS22_job_creation_new,6.0,
515102019002,2016.0,NAICS22_job_creation_new,3.0,
515102020012,2011.0,NAICS22_job_creation_new,3.0,
516003001002,2019.0,NAICS22_job_creation_new,2.0,
516003001003,2020.0,NAICS22_job_creation_new,3.0,
516003001004,2017.0,NAICS22_job_creation_new,7.0,
516003002003,2011.0,NAICS22_job_creation_new,5.0,
516003004002,2011.0,NAICS22_job_creation_new,0.0,
516003004002,2014.0,NAICS22_job_creation_new,0.0,
516003005003,2011.0,NAICS22_job_creation_new,2.0,
516105001001,2012.0,NAICS22_job_creation_new,1.0,
516105002003,2011.0,NAICS22_job_creation_new,2.0,
516105003001,2017.0,NAICS22_job_creation_new,4.0,
516839103022,2019.0,NAICS22_job_creation_new,3.0,
516839104011,2011.0,NAICS22_job_creation_new,2.0,
516839104011,2019.0,NAICS22_job_creation_new,3.0,
516839104012,2019.0,NAICS22_job_creation_new,5.0,
516839104021,2011.0,NAICS22_job_creation_new,1.0,
516839104022,2017.0,NAICS22_job_creation_new,7.0,
516839104022,2018.0,NAICS22_job_creation_new,0.0,
516839104023,2016.0,NAICS22_job_creation_new,2.0,
11001,2010.0,NAICS22_job_creation_new,0.0,
11001,2011.0,NAICS22_job_creation_new,46.0,
11001,2012.0,NAICS22_job_creation_new,31.0,
11001,2013.0,NAICS22_job_creation_new,8.0,
11001,2014.0,NAICS22_job_creation_new,2.0,
11001,2015.0,NAICS22_job_creation_new,1136.0,
11001,2016.0,NAICS22_job_creation_new,12.0,
11001,2017.0,NAICS22_job_creation_new,30.0,
11001,2018.0,NAICS22_job_creation_new,23.0,
11001,2019.0,NAICS22_job_creation_new,15.0,
11001,2020.0,NAICS22_job_creation_new,7.0,
24017,2011.0,NAICS22_job_creation_new,25.0,
24017,2013.0,NAICS22_job_creation_new,0.0,
24017,2014.0,NAICS22_job_creation_new,1.0,
24017,2015.0,NAICS22_job_creation_new,29.0,
24017,2017.0,NAICS22_job_creation_new,7.0,
24017,2018.0,NAICS22_job_creation_new,14.0,
24017,2019.0,NAICS22_job_creation_new,3.0,
24017,2020.0,NAICS22_job_creation_new,10.0,
24021,2011.0,NAICS22_job_creation_new,62.0,
24021,2012.0,NAICS22_job_creation_new,3.0,
24021,2013.0,NAICS22_job_creation_new,0.0,
24021,2014.0,NAICS22_job_creation_new,3.0,
24021,2016.0,NAICS22_job_creation_new,7.0,
24021,2017.0,NAICS22_job_creation_new,8.0,
24021,2018.0,NAICS22_job_creation_new,22.0,
24021,2019.0,NAICS22_job_creation_new,14.0,
24021,2020.0,NAICS22_job_creation_new,7.0,
24031,2010.0,NAICS22_job_creation_new,0.0,
24031,2011.0,NAICS22_job_creation_new,124.0,
24031,2012.0,NAICS22_job_creation_new,4.0,
24031,2013.0,NAICS22_job_creation_new,7.0,
24031,2014.0,NAICS22_job_creation_new,8.0,
24031,2015.0,NAICS22_job_creation_new,40.0,
24031,2016.0,NAICS22_job_creation_new,14.0,
24031,2017.0,NAICS22_job_creation_new,263.0,
24031,2018.0,NAICS22_job_creation_new,41.0,
24031,2019.0,NAICS22_job_creation_new,75.0,
24031,2020.0,NAICS22_job_creation_new,65.0,
24033,2010.0,NAICS22_job_creation_new,0.0,
24033,2011.0,NAICS22_job_creation_new,1043.0,
24033,2012.0,NAICS22_job_creation_new,10.0,
24033,2013.0,NAICS22_job_creation_new,10.0,
24033,2014.0,NAICS22_job_creation_new,9.0,
24033,2015.0,NAICS22_job_creation_new,23.0,
24033,2016.0,NAICS22_job_creation_new,28.0,
24033,2017.0,NAICS22_job_creation_new,25.0,
24033,2018.0,NAICS22_job_creation_new,42.0,
24033,2019.0,NAICS22_job_creation_new,97.0,
24033,2020.0,NAICS22_job_creation_new,41.0,
51013,2011.0,NAICS22_job_creation_new,880.0,
51013,2012.0,NAICS22_job_creation_new,19.0,
51013,2013.0,NAICS22_job_creation_new,11.0,
51013,2014.0,NAICS22_job_creation_new,0.0,
51013,2015.0,NAICS22_job_creation_new,3.0,
51013,2016.0,NAICS22_job_creation_new,7.0,
51013,2017.0,NAICS22_job_creation_new,12.0,
51013,2018.0,NAICS22_job_creation_new,146.0,
51013,2019.0,NAICS22_job_creation_new,202.0,
51013,2020.0,NAICS22_job_creation_new,5.0,
51059,2011.0,NAICS22_job_creation_new,463.0,
51059,2012.0,NAICS22_job_creation_new,7.0,
51059,2013.0,NAICS22_job_creation_new,3.0,
51059,2014.0,NAICS22_job_creation_new,12.0,
51059,2015.0,NAICS22_job_creation_new,12.0,
51059,2016.0,NAICS22_job_creation_new,26.0,
51059,2017.0,NAICS22_job_creation_new,49.0,
51059,2018.0,NAICS22_job_creation_new,42.0,
51059,2019.0,NAICS22_job_creation_new,41.0,
51059,2020.0,NAICS22_job_creation_new,14.0,
51107,2010.0,NAICS22_job_creation_new,0.0,
51107,2011.0,NAICS22_job_creation_new,140.0,
51107,2012.0,NAICS22_job_creation_new,0.0,
51107,2013.0,NAICS22_job_creation_new,4.0,
51107,2014.0,NAICS22_job_creation_new,8.0,
51107,2015.0,NAICS22_job_creation_new,13.0,
51107,2017.0,NAICS22_job_creation_new,36.0,
51107,2018.0,NAICS22_job_creation_new,14.0,
51107,2019.0,NAICS22_job_creation_new,23.0,
51107,2020.0,NAICS22_job_creation_new,15.0,
51153,2011.0,NAICS22_job_creation_new,495.0,
51153,2012.0,NAICS22_job_creation_new,2.0,
51153,2014.0,NAICS22_job_creation_new,2.0,
51153,2015.0,NAICS22_job_creation_new,13.0,
51153,2016.0,NAICS22_job_creation_new,3.0,
51153,2017.0,NAICS22_job_creation_new,19.0,
51153,2018.0,NAICS22_job_creation_new,52.0,
51153,2019.0,NAICS22_job_creation_new,22.0,
51153,2020.0,NAICS22_job_creation_new,4.0,
51510,2011.0,NAICS22_job_creation_new,71.0,
51510,2013.0,NAICS22_job_creation_new,0.0,
51510,2014.0,NAICS22_job_creation_new,1.0,
51510,2016.0,NAICS22_job_creation_new,12.0,
51510,2017.0,NAICS22_job_creation_new,7.0,
51510,2018.0,NAICS22_job_creation_new,4.0,
51600,2011.0,NAICS22_job_creation_new,7.0,
51600,2014.0,NAICS22_job_creation_new,0.0,
51600,2017.0,NAICS22_job_creation_new,7.0,
51600,2019.0,NAICS22_job_creation_new,2.0,
51600,2020.0,NAICS22_job_creation_new,3.0,
51610,2011.0,NAICS22_job_creation_new,2.0,
51610,2012.0,NAICS22_job_creation_new,1.0,
51610,2017.0,NAICS22_job_creation_new,4.0,
51683,2011.0,NAICS22_job_creation_new,3.0,
51683,2016.0,NAICS22_job_creation_new,2.0,
51683,2017.0,NAICS22_job_creation_new,7.0,
51683,2018.0,NAICS22_job_creation_new,0.0,
51683,2019.0,NAICS22_job_creation_new,11.0,
51041100107,2015.0,NAICS22_job_creation_new,1.0,
51041100107,2019.0,NAICS22_job_creation_new,3.0,
51041100403,2011.0,NAICS22_job_creation_new,0.0,
51041100403,2014.0,NAICS22_job_creation_new,0.0,
51041100403,2016.0,NAICS22_job_creation_new,3.0,
51041100403,2020.0,NAICS22_job_creation_new,7.0,
51041100407,2019.0,NAICS22_job_creation_new,3.0,
51041100506,2011.0,NAICS22_job_creation_new,11.0,
51041100507,2011.0,NAICS22_job_creation_new,0.0,
51041100507,2014.0,NAICS22_job_creation_new,0.0,
51041100507,2016.0,NAICS22_job_creation_new,0.0,
51041100509,2017.0,NAICS22_job_creation_new,2.0,
51041100812,2011.0,NAICS22_job_creation_new,2.0,
51041100814,2011.0,NAICS22_job_creation_new,4.0,
51041100816,2013.0,NAICS22_job_creation_new,4.0,
51041100819,2020.0,NAICS22_job_creation_new,3.0,
51041100820,2011.0,NAICS22_job_creation_new,2.0,
51041100820,2012.0,NAICS22_job_creation_new,0.0,
51041100821,2017.0,NAICS22_job_creation_new,3.0,
51041100821,2019.0,NAICS22_job_creation_new,4.0,
51041100822,2011.0,NAICS22_job_creation_new,2.0,
51041100822,2017.0,NAICS22_job_creation_new,15.0,
51041100823,2011.0,NAICS22_job_creation_new,2.0,
51041100902,2011.0,NAICS22_job_creation_new,0.0,
51041100902,2014.0,NAICS22_job_creation_new,0.0,
51041100902,2016.0,NAICS22_job_creation_new,0.0,
51041100910,2017.0,NAICS22_job_creation_new,3.0,
51041100912,2017.0,NAICS22_job_creation_new,2.0,
51041100919,2011.0,NAICS22_job_creation_new,2.0,
51041100920,2011.0,NAICS22_job_creation_new,4.0,
51041100922,2011.0,NAICS22_job_creation_new,2.0,
51041100922,2014.0,NAICS22_job_creation_new,0.0,
51041100922,2015.0,NAICS22_job_creation_new,0.0,
51041100922,2019.0,NAICS22_job_creation_new,3.0,
51041100924,2015.0,NAICS22_job_creation_new,2.0,
51041100926,2011.0,NAICS22_job_creation_new,0.0,
51041100926,2017.0,NAICS22_job_creation_new,3.0,
51041100927,2012.0,NAICS22_job_creation_new,1.0,
51041100928,2011.0,NAICS22_job_creation_new,8.0,
51041100931,2017.0,NAICS22_job_creation_new,2.0,
51041100934,2011.0,NAICS22_job_creation_new,2.0,
51041100934,2012.0,NAICS22_job_creation_new,2.0,
51041100934,2015.0,NAICS22_job_creation_new,0.0,
51041100934,2017.0,NAICS22_job_creation_new,0.0,
51041100935,2017.0,NAICS22_job_creation_new,3.0,
51041100936,2011.0,NAICS22_job_creation_new,10.0,
51041101004,2015.0,NAICS22_job_creation_new,2.0,
51041101007,2011.0,NAICS22_job_creation_new,3.0,
51041101008,2019.0,NAICS22_job_creation_new,3.0,
51041101012,2011.0,NAICS22_job_creation_new,2.0,
51087200109,2014.0,NAICS22_job_creation_new,0.0,
51087200109,2016.0,NAICS22_job_creation_new,0.0,
51087200116,2011.0,NAICS22_job_creation_new,0.0,
51087200116,2014.0,NAICS22_job_creation_new,0.0,
51087200116,2015.0,NAICS22_job_creation_new,0.0,
51087200116,2016.0,NAICS22_job_creation_new,0.0,
51087200119,2011.0,NAICS22_job_creation_new,1.0,
51087200119,2014.0,NAICS22_job_creation_new,0.0,
51087200119,2018.0,NAICS22_job_creation_new,3.0,
51087200121,2017.0,NAICS22_job_creation_new,3.0,
51087200122,2018.0,NAICS22_job_creation_new,7.0,
51087200122,2019.0,NAICS22_job_creation_new,0.0,
51087200127,2011.0,NAICS22_job_creation_new,2.0,
51087200129,2018.0,NAICS22_job_creation_new,7.0,
51087200130,2011.0,NAICS22_job_creation_new,0.0,
51087200130,2013.0,NAICS22_job_creation_new,0.0,
51087200130,2015.0,NAICS22_job_creation_new,0.0,
51087200130,2016.0,NAICS22_job_creation_new,0.0,
51087200130,2018.0,NAICS22_job_creation_new,3.0,
51087200138,2020.0,NAICS22_job_creation_new,3.0,
51087200301,2017.0,NAICS22_job_creation_new,4.0,
51087200301,2019.0,NAICS22_job_creation_new,0.0,
51087200303,2011.0,NAICS22_job_creation_new,5.0,
51087200305,2013.0,NAICS22_job_creation_new,3.0,
51087200305,2014.0,NAICS22_job_creation_new,4.0,
51087200305,2017.0,NAICS22_job_creation_new,3.0,
51087200305,2019.0,NAICS22_job_creation_new,2.0,
51087200404,2020.0,NAICS22_job_creation_new,5.0,
51087200407,2010.0,NAICS22_job_creation_new,0.0,
51087200407,2014.0,NAICS22_job_creation_new,0.0,
51087200407,2015.0,NAICS22_job_creation_new,0.0,
51087200501,2011.0,NAICS22_job_creation_new,2.0,
51087200502,2011.0,NAICS22_job_creation_new,3.0,
51087200503,2011.0,NAICS22_job_creation_new,0.0,
51087200600,2018.0,NAICS22_job_creation_new,2.0,
51087200700,2011.0,NAICS22_job_creation_new,2.0,
51087200802,2011.0,NAICS22_job_creation_new,2.0,
51087200804,2019.0,NAICS22_job_creation_new,3.0,
51087200906,2011.0,NAICS22_job_creation_new,2.0,
51087201101,2017.0,NAICS22_job_creation_new,1.0,
51087201202,2011.0,NAICS22_job_creation_new,2.0,
51087201404,2011.0,NAICS22_job_creation_new,0.0,
51087201404,2014.0,NAICS22_job_creation_new,0.0,
51087201404,2019.0,NAICS22_job_creation_new,3.0,
51087201501,2011.0,NAICS22_job_creation_new,10.0,
51087201501,2012.0,NAICS22_job_creation_new,0.0,
51087201501,2014.0,NAICS22_job_creation_new,0.0,
51087201501,2018.0,NAICS22_job_creation_new,7.0,
51087201602,2011.0,NAICS22_job_creation_new,3.0,
51087201701,2016.0,NAICS22_job_creation_new,3.0,
510411001071,2015.0,NAICS22_job_creation_new,1.0,
510411001071,2019.0,NAICS22_job_creation_new,3.0,
510411004033,2011.0,NAICS22_job_creation_new,0.0,
510411004033,2014.0,NAICS22_job_creation_new,0.0,
510411004033,2016.0,NAICS22_job_creation_new,3.0,
510411004033,2020.0,NAICS22_job_creation_new,7.0,
510411004072,2019.0,NAICS22_job_creation_new,3.0,
510411005063,2011.0,NAICS22_job_creation_new,11.0,
510411005071,2011.0,NAICS22_job_creation_new,0.0,
510411005071,2014.0,NAICS22_job_creation_new,0.0,
510411005071,2016.0,NAICS22_job_creation_new,0.0,
510411005092,2017.0,NAICS22_job_creation_new,2.0,
510411008121,2011.0,NAICS22_job_creation_new,2.0,
510411008142,2011.0,NAICS22_job_creation_new,4.0,
510411008161,2013.0,NAICS22_job_creation_new,4.0,
510411008192,2020.0,NAICS22_job_creation_new,3.0,
510411008201,2011.0,NAICS22_job_creation_new,2.0,
510411008201,2012.0,NAICS22_job_creation_new,0.0,
510411008211,2017.0,NAICS22_job_creation_new,3.0,
510411008211,2019.0,NAICS22_job_creation_new,4.0,
510411008222,2011.0,NAICS22_job_creation_new,2.0,
510411008223,2017.0,NAICS22_job_creation_new,15.0,
510411008231,2011.0,NAICS22_job_creation_new,2.0,
510411009022,2011.0,NAICS22_job_creation_new,0.0,
510411009022,2014.0,NAICS22_job_creation_new,0.0,
510411009022,2016.0,NAICS22_job_creation_new,0.0,
510411009104,2017.0,NAICS22_job_creation_new,3.0,
510411009123,2017.0,NAICS22_job_creation_new,2.0,
510411009191,2011.0,NAICS22_job_creation_new,2.0,
510411009201,2011.0,NAICS22_job_creation_new,4.0,
510411009222,2011.0,NAICS22_job_creation_new,2.0,
510411009222,2014.0,NAICS22_job_creation_new,0.0,
510411009222,2015.0,NAICS22_job_creation_new,0.0,
510411009222,2019.0,NAICS22_job_creation_new,3.0,
510411009241,2015.0,NAICS22_job_creation_new,2.0,
510411009263,2011.0,NAICS22_job_creation_new,0.0,
510411009263,2017.0,NAICS22_job_creation_new,3.0,
510411009271,2012.0,NAICS22_job_creation_new,1.0,
510411009282,2011.0,NAICS22_job_creation_new,8.0,
510411009312,2017.0,NAICS22_job_creation_new,2.0,
510411009342,2011.0,NAICS22_job_creation_new,2.0,
510411009343,2012.0,NAICS22_job_creation_new,2.0,
510411009343,2015.0,NAICS22_job_creation_new,0.0,
510411009343,2017.0,NAICS22_job_creation_new,0.0,
510411009351,2017.0,NAICS22_job_creation_new,3.0,
510411009361,2011.0,NAICS22_job_creation_new,10.0,
510411010041,2015.0,NAICS22_job_creation_new,2.0,
510411010072,2011.0,NAICS22_job_creation_new,3.0,
510411010082,2019.0,NAICS22_job_creation_new,3.0,
510411010122,2011.0,NAICS22_job_creation_new,2.0,
510872001091,2014.0,NAICS22_job_creation_new,0.0,
510872001091,2016.0,NAICS22_job_creation_new,0.0,
510872001163,2011.0,NAICS22_job_creation_new,0.0,
510872001163,2014.0,NAICS22_job_creation_new,0.0,
510872001164,2015.0,NAICS22_job_creation_new,0.0,
510872001164,2016.0,NAICS22_job_creation_new,0.0,
510872001191,2011.0,NAICS22_job_creation_new,0.0,
510872001191,2014.0,NAICS22_job_creation_new,0.0,
510872001191,2018.0,NAICS22_job_creation_new,3.0,
510872001192,2011.0,NAICS22_job_creation_new,1.0,
510872001213,2017.0,NAICS22_job_creation_new,3.0,
510872001221,2018.0,NAICS22_job_creation_new,7.0,
510872001221,2019.0,NAICS22_job_creation_new,0.0,
510872001272,2011.0,NAICS22_job_creation_new,2.0,
510872001291,2018.0,NAICS22_job_creation_new,7.0,
510872001302,2011.0,NAICS22_job_creation_new,0.0,
510872001302,2013.0,NAICS22_job_creation_new,0.0,
510872001302,2015.0,NAICS22_job_creation_new,0.0,
510872001302,2016.0,NAICS22_job_creation_new,0.0,
510872001303,2018.0,NAICS22_job_creation_new,3.0,
510872001383,2020.0,NAICS22_job_creation_new,3.0,
510872003011,2017.0,NAICS22_job_creation_new,4.0,
510872003011,2019.0,NAICS22_job_creation_new,0.0,
510872003032,2011.0,NAICS22_job_creation_new,5.0,
510872003051,2014.0,NAICS22_job_creation_new,4.0,
510872003051,2017.0,NAICS22_job_creation_new,3.0,
510872003051,2019.0,NAICS22_job_creation_new,2.0,
510872003052,2013.0,NAICS22_job_creation_new,3.0,
510872004043,2020.0,NAICS22_job_creation_new,5.0,
510872004071,2010.0,NAICS22_job_creation_new,0.0,
510872004071,2014.0,NAICS22_job_creation_new,0.0,
510872004071,2015.0,NAICS22_job_creation_new,0.0,
510872005012,2011.0,NAICS22_job_creation_new,2.0,
510872005022,2011.0,NAICS22_job_creation_new,3.0,
510872005031,2011.0,NAICS22_job_creation_new,0.0,
510872006003,2018.0,NAICS22_job_creation_new,2.0,
510872007003,2011.0,NAICS22_job_creation_new,2.0,
510872008021,2011.0,NAICS22_job_creation_new,2.0,
510872008041,2019.0,NAICS22_job_creation_new,3.0,
510872009061,2011.0,NAICS22_job_creation_new,2.0,
510872011011,2017.0,NAICS22_job_creation_new,1.0,
510872012022,2011.0,NAICS22_job_creation_new,2.0,
510872014041,2011.0,NAICS22_job_creation_new,0.0,
510872014041,2014.0,NAICS22_job_creation_new,0.0,
510872014041,2019.0,NAICS22_job_creation_new,3.0,
510872015011,2012.0,NAICS22_job_creation_new,0.0,
510872015011,2014.0,NAICS22_job_creation_new,0.0,
510872015015,2011.0,NAICS22_job_creation_new,10.0,
510872015015,2018.0,NAICS22_job_creation_new,7.0,
510872016022,2011.0,NAICS22_job_creation_new,3.0,
510872017011,2016.0,NAICS22_job_creation_new,3.0,
51041,2011.0,NAICS22_job_creation_new,56.0,
51041,2012.0,NAICS22_job_creation_new,3.0,
51041,2013.0,NAICS22_job_creation_new,4.0,
51041,2014.0,NAICS22_job_creation_new,0.0,
51041,2015.0,NAICS22_job_creation_new,5.0,
51041,2016.0,NAICS22_job_creation_new,3.0,
51041,2017.0,NAICS22_job_creation_new,33.0,
51041,2019.0,NAICS22_job_creation_new,16.0,
51041,2020.0,NAICS22_job_creation_new,10.0,
51087,2010.0,NAICS22_job_creation_new,0.0,
51087,2011.0,NAICS22_job_creation_new,34.0,
51087,2012.0,NAICS22_job_creation_new,0.0,
51087,2013.0,NAICS22_job_creation_new,3.0,
51087,2014.0,NAICS22_job_creation_new,4.0,
51087,2015.0,NAICS22_job_creation_new,0.0,
51087,2016.0,NAICS22_job_creation_new,3.0,
51087,2017.0,NAICS22_job_creation_new,11.0,
51087,2018.0,NAICS22_job_creation_new,29.0,
51087,2019.0,NAICS22_job_creation_new,8.0,
51087,2020.0,NAICS22_job_creation_new,8.0,
51059415500,2019.0,NAICS22_job_creation_new,3.0,
51059415800,2017.0,NAICS22_job_creation_new,5.0,
51059416000,2018.0,NAICS22_job_creation_new,2.0,
51059420203,2019.0,NAICS22_job_creation_new,2.0,
51059420800,2018.0,NAICS22_job_creation_new,7.0,
51059421101,2019.0,NAICS22_job_creation_new,3.0,
51059421600,2016.0,NAICS22_job_creation_new,7.0,
51059422402,2014.0,NAICS22_job_creation_new,0.0,
51059422402,2015.0,NAICS22_job_creation_new,0.0,
51059431500,2011.0,NAICS22_job_creation_new,2.0,
51059431802,2017.0,NAICS22_job_creation_new,2.0,
51059432000,2012.0,NAICS22_job_creation_new,0.0,
51059432000,2013.0,NAICS22_job_creation_new,0.0,
51059432000,2019.0,NAICS22_job_creation_new,0.0,
51059440201,2014.0,NAICS22_job_creation_new,0.0,
51059440201,2018.0,NAICS22_job_creation_new,0.0,
51059440201,2019.0,NAICS22_job_creation_new,0.0,
51059450100,2018.0,NAICS22_job_creation_new,7.0,
51059450601,2018.0,NAICS22_job_creation_new,7.0,
51059450900,2011.0,NAICS22_job_creation_new,2.0,
51059451502,2012.0,NAICS22_job_creation_new,0.0,
51059451502,2014.0,NAICS22_job_creation_new,0.0,
51059451502,2015.0,NAICS22_job_creation_new,0.0,
51059452000,2011.0,NAICS22_job_creation_new,3.0,
51059452400,2015.0,NAICS22_job_creation_new,1.0,
51059452400,2017.0,NAICS22_job_creation_new,0.0,
51059452600,2019.0,NAICS22_job_creation_new,7.0,
51059460200,2011.0,NAICS22_job_creation_new,2.0,
51059460400,2011.0,NAICS22_job_creation_new,89.0,
51059460400,2016.0,NAICS22_job_creation_new,0.0,
51059460400,2017.0,NAICS22_job_creation_new,0.0,
51059460400,2018.0,NAICS22_job_creation_new,0.0,
51059460501,2014.0,NAICS22_job_creation_new,0.0,
51059460501,2017.0,NAICS22_job_creation_new,0.0,
51059460501,2018.0,NAICS22_job_creation_new,0.0,
51059460800,2016.0,NAICS22_job_creation_new,0.0,
51059461202,2013.0,NAICS22_job_creation_new,0.0,
51059461202,2014.0,NAICS22_job_creation_new,0.0,
51059461601,2013.0,NAICS22_job_creation_new,1.0,
51059461601,2014.0,NAICS22_job_creation_new,0.0,
51059461602,2019.0,NAICS22_job_creation_new,3.0,
51059461802,2011.0,NAICS22_job_creation_new,1.0,
51059461802,2018.0,NAICS22_job_creation_new,0.0,
51059470300,2019.0,NAICS22_job_creation_new,7.0,
51059470400,2011.0,NAICS22_job_creation_new,2.0,
51059470900,2011.0,NAICS22_job_creation_new,15.0,
51059471100,2011.0,NAICS22_job_creation_new,1.0,
51059480202,2011.0,NAICS22_job_creation_new,2.0,
51059480202,2019.0,NAICS22_job_creation_new,7.0,
51059480300,2011.0,NAICS22_job_creation_new,0.0,
51059480300,2012.0,NAICS22_job_creation_new,0.0,
51059480300,2015.0,NAICS22_job_creation_new,2.0,
51059480300,2016.0,NAICS22_job_creation_new,1.0,
51059480401,2011.0,NAICS22_job_creation_new,5.0,
51059480402,2011.0,NAICS22_job_creation_new,5.0,
51059480402,2020.0,NAICS22_job_creation_new,10.0,
51059481106,2011.0,NAICS22_job_creation_new,1.0,
51059481201,2011.0,NAICS22_job_creation_new,3.0,
51059481202,2014.0,NAICS22_job_creation_new,2.0,
51059481600,2011.0,NAICS22_job_creation_new,2.0,
51059481600,2016.0,NAICS22_job_creation_new,0.0,
51059481701,2011.0,NAICS22_job_creation_new,1.0,
51059481900,2019.0,NAICS22_job_creation_new,3.0,
51059482202,2019.0,NAICS22_job_creation_new,0.0,
51059482203,2016.0,NAICS22_job_creation_new,7.0,
51059482203,2019.0,NAICS22_job_creation_new,0.0,
51059482501,2011.0,NAICS22_job_creation_new,3.0,
51059482502,2011.0,NAICS22_job_creation_new,2.0,
51059482602,2012.0,NAICS22_job_creation_new,2.0,
51059482602,2014.0,NAICS22_job_creation_new,0.0,
51059490103,2011.0,NAICS22_job_creation_new,10.0,
51059490103,2017.0,NAICS22_job_creation_new,8.0,
51059490103,2018.0,NAICS22_job_creation_new,1.0,
51059490103,2019.0,NAICS22_job_creation_new,0.0,
51059491401,2018.0,NAICS22_job_creation_new,3.0,
51059491501,2019.0,NAICS22_job_creation_new,2.0,
51059491502,2020.0,NAICS22_job_creation_new,1.0,
51059491602,2019.0,NAICS22_job_creation_new,3.0,
51059491803,2017.0,NAICS22_job_creation_new,3.0,
51059492500,2011.0,NAICS22_job_creation_new,2.0,
510594155003,2019.0,NAICS22_job_creation_new,3.0,
510594158002,2017.0,NAICS22_job_creation_new,5.0,
510594160002,2018.0,NAICS22_job_creation_new,2.0,
510594202031,2019.0,NAICS22_job_creation_new,2.0,
510594208003,2018.0,NAICS22_job_creation_new,7.0,
510594211012,2019.0,NAICS22_job_creation_new,3.0,
510594216001,2016.0,NAICS22_job_creation_new,7.0,
510594224023,2014.0,NAICS22_job_creation_new,0.0,
510594224023,2015.0,NAICS22_job_creation_new,0.0,
510594315001,2011.0,NAICS22_job_creation_new,2.0,
510594318021,2017.0,NAICS22_job_creation_new,2.0,
510594320002,2012.0,NAICS22_job_creation_new,0.0,
510594320002,2013.0,NAICS22_job_creation_new,0.0,
510594320002,2019.0,NAICS22_job_creation_new,0.0,
510594402011,2014.0,NAICS22_job_creation_new,0.0,
510594402011,2018.0,NAICS22_job_creation_new,0.0,
510594402011,2019.0,NAICS22_job_creation_new,0.0,
510594501003,2018.0,NAICS22_job_creation_new,7.0,
510594506014,2018.0,NAICS22_job_creation_new,7.0,
510594509002,2011.0,NAICS22_job_creation_new,2.0,
510594515022,2012.0,NAICS22_job_creation_new,0.0,
510594515022,2014.0,NAICS22_job_creation_new,0.0,
510594515022,2015.0,NAICS22_job_creation_new,0.0,
510594520001,2011.0,NAICS22_job_creation_new,3.0,
510594524004,2015.0,NAICS22_job_creation_new,1.0,
510594524004,2017.0,NAICS22_job_creation_new,0.0,
510594526001,2019.0,NAICS22_job_creation_new,7.0,
510594602002,2011.0,NAICS22_job_creation_new,2.0,
510594604003,2011.0,NAICS22_job_creation_new,89.0,
510594604003,2016.0,NAICS22_job_creation_new,0.0,
510594604003,2017.0,NAICS22_job_creation_new,0.0,
510594604003,2018.0,NAICS22_job_creation_new,0.0,
510594605011,2014.0,NAICS22_job_creation_new,0.0,
510594605011,2017.0,NAICS22_job_creation_new,0.0,
510594605011,2018.0,NAICS22_job_creation_new,0.0,
510594608001,2016.0,NAICS22_job_creation_new,0.0,
510594612021,2013.0,NAICS22_job_creation_new,0.0,
510594612021,2014.0,NAICS22_job_creation_new,0.0,
510594616012,2014.0,NAICS22_job_creation_new,0.0,
510594616013,2013.0,NAICS22_job_creation_new,1.0,
510594616021,2019.0,NAICS22_job_creation_new,3.0,
510594618021,2011.0,NAICS22_job_creation_new,1.0,
510594618021,2018.0,NAICS22_job_creation_new,0.0,
510594703002,2019.0,NAICS22_job_creation_new,7.0,
510594704002,2011.0,NAICS22_job_creation_new,2.0,
510594709001,2011.0,NAICS22_job_creation_new,15.0,
510594711004,2011.0,NAICS22_job_creation_new,1.0,
510594802022,2011.0,NAICS22_job_creation_new,2.0,
510594802022,2019.0,NAICS22_job_creation_new,7.0,
510594803001,2011.0,NAICS22_job_creation_new,0.0,
510594803001,2012.0,NAICS22_job_creation_new,0.0,
510594803001,2015.0,NAICS22_job_creation_new,2.0,
510594803001,2016.0,NAICS22_job_creation_new,1.0,
510594804011,2011.0,NAICS22_job_creation_new,5.0,
510594804021,2011.0,NAICS22_job_creation_new,4.0,
510594804022,2020.0,NAICS22_job_creation_new,10.0,
510594804023,2011.0,NAICS22_job_creation_new,1.0,
510594811063,2011.0,NAICS22_job_creation_new,1.0,
510594812011,2011.0,NAICS22_job_creation_new,3.0,
510594812023,2014.0,NAICS22_job_creation_new,2.0,
510594816001,2011.0,NAICS22_job_creation_new,2.0,
510594816001,2016.0,NAICS22_job_creation_new,0.0,
510594817012,2011.0,NAICS22_job_creation_new,1.0,
510594819002,2019.0,NAICS22_job_creation_new,3.0,
510594822022,2019.0,NAICS22_job_creation_new,0.0,
510594822031,2016.0,NAICS22_job_creation_new,7.0,
510594822031,2019.0,NAICS22_job_creation_new,0.0,
510594825011,2011.0,NAICS22_job_creation_new,3.0,
510594825022,2011.0,NAICS22_job_creation_new,2.0,
510594826022,2012.0,NAICS22_job_creation_new,2.0,
510594826023,2014.0,NAICS22_job_creation_new,0.0,
510594901031,2017.0,NAICS22_job_creation_new,8.0,
510594901031,2018.0,NAICS22_job_creation_new,0.0,
510594901032,2011.0,NAICS22_job_creation_new,10.0,
510594901032,2018.0,NAICS22_job_creation_new,1.0,
510594901032,2019.0,NAICS22_job_creation_new,0.0,
510594914011,2018.0,NAICS22_job_creation_new,3.0,
510594915011,2019.0,NAICS22_job_creation_new,2.0,
510594915021,2020.0,NAICS22_job_creation_new,1.0,
510594916021,2019.0,NAICS22_job_creation_new,3.0,
510594918032,2017.0,NAICS22_job_creation_new,3.0,
510594925002,2011.0,NAICS22_job_creation_new,2.0,
51059,2011.0,NAICS22_job_creation_new,153.0,
51059,2012.0,NAICS22_job_creation_new,2.0,
51059,2013.0,NAICS22_job_creation_new,1.0,
51059,2014.0,NAICS22_job_creation_new,2.0,
51059,2015.0,NAICS22_job_creation_new,3.0,
51059,2016.0,NAICS22_job_creation_new,15.0,
51059,2017.0,NAICS22_job_creation_new,18.0,
51059,2018.0,NAICS22_job_creation_new,27.0,
51059,2019.0,NAICS22_job_creation_new,40.0,
51059,2020.0,NAICS22_job_creation_new,11.0,
