geoid,year,measure,value,moe
11001000100,2011.0,NAICS22_job_destruction_active,-0.0,
11001000100,2013.0,NAICS22_job_destruction_active,-0.0,
11001000100,2015.0,NAICS22_job_destruction_active,7.0,
11001000100,2017.0,NAICS22_job_destruction_active,-0.0,
11001000202,2011.0,NAICS22_job_destruction_active,-0.0,
11001000600,2018.0,NAICS22_job_destruction_active,-0.0,
11001000902,2013.0,NAICS22_job_destruction_active,-0.0,
11001001100,2011.0,NAICS22_job_destruction_active,-0.0,
11001002102,2016.0,NAICS22_job_destruction_active,-0.0,
11001003400,2013.0,NAICS22_job_destruction_active,-0.0,
11001003700,2018.0,NAICS22_job_destruction_active,-0.0,
11001005500,2011.0,NAICS22_job_destruction_active,-0.0,
11001005500,2013.0,NAICS22_job_destruction_active,-0.0,
11001005500,2015.0,NAICS22_job_destruction_active,21.0,
11001005800,2010.0,NAICS22_job_destruction_active,50.0,
11001005800,2011.0,NAICS22_job_destruction_active,-0.0,
11001005800,2014.0,NAICS22_job_destruction_active,-0.0,
11001005800,2015.0,NAICS22_job_destruction_active,45.0,
11001005800,2016.0,NAICS22_job_destruction_active,31.0,
11001005800,2017.0,NAICS22_job_destruction_active,146.0,
11001005800,2018.0,NAICS22_job_destruction_active,23.0,
11001005800,2019.0,NAICS22_job_destruction_active,62.0,
11001005900,2011.0,NAICS22_job_destruction_active,1.0,
11001005900,2013.0,NAICS22_job_destruction_active,-0.0,
11001005900,2018.0,NAICS22_job_destruction_active,-0.0,
11001006202,2012.0,NAICS22_job_destruction_active,-0.0,
11001006202,2018.0,NAICS22_job_destruction_active,-0.0,
11001007409,2019.0,NAICS22_job_destruction_active,4.0,
11001008702,2012.0,NAICS22_job_destruction_active,-0.0,
11001009102,2012.0,NAICS22_job_destruction_active,-0.0,
11001009203,2011.0,NAICS22_job_destruction_active,-0.0,
11001009301,2015.0,NAICS22_job_destruction_active,-0.0,
11001009301,2017.0,NAICS22_job_destruction_active,-0.0,
11001009901,2012.0,NAICS22_job_destruction_active,-0.0,
11001010100,2014.0,NAICS22_job_destruction_active,-0.0,
11001010100,2015.0,NAICS22_job_destruction_active,-0.0,
11001010100,2016.0,NAICS22_job_destruction_active,-0.0,
11001010100,2017.0,NAICS22_job_destruction_active,-0.0,
11001010100,2018.0,NAICS22_job_destruction_active,-0.0,
11001010100,2019.0,NAICS22_job_destruction_active,2.0,
11001010200,2010.0,NAICS22_job_destruction_active,6.0,
11001010200,2012.0,NAICS22_job_destruction_active,1399.0,
11001010200,2015.0,NAICS22_job_destruction_active,49.0,
11001010200,2017.0,NAICS22_job_destruction_active,44.0,
11001010200,2019.0,NAICS22_job_destruction_active,48.0,
11001010400,2012.0,NAICS22_job_destruction_active,-0.0,
11001010600,2011.0,NAICS22_job_destruction_active,-0.0,
11001010600,2015.0,NAICS22_job_destruction_active,-0.0,
11001010600,2017.0,NAICS22_job_destruction_active,2.0,
11001010600,2018.0,NAICS22_job_destruction_active,-0.0,
11001010700,2012.0,NAICS22_job_destruction_active,-0.0,
11001010700,2016.0,NAICS22_job_destruction_active,-0.0,
11001010700,2017.0,NAICS22_job_destruction_active,-0.0,
11001010800,2014.0,NAICS22_job_destruction_active,-0.0,
11001010800,2015.0,NAICS22_job_destruction_active,4.0,
11001010800,2019.0,NAICS22_job_destruction_active,-0.0,
11001010900,2016.0,NAICS22_job_destruction_active,-0.0,
11001010900,2018.0,NAICS22_job_destruction_active,500.0,
11001010900,2019.0,NAICS22_job_destruction_active,3.0,
24017850101,2011.0,NAICS22_job_destruction_active,-0.0,
24017850101,2016.0,NAICS22_job_destruction_active,-0.0,
24017850709,2019.0,NAICS22_job_destruction_active,2.0,
24017850712,2011.0,NAICS22_job_destruction_active,-0.0,
24017850712,2014.0,NAICS22_job_destruction_active,-0.0,
24017850901,2017.0,NAICS22_job_destruction_active,-0.0,
24017850901,2018.0,NAICS22_job_destruction_active,1.0,
24017850901,2019.0,NAICS22_job_destruction_active,2.0,
24017850902,2016.0,NAICS22_job_destruction_active,-0.0,
24017850906,2012.0,NAICS22_job_destruction_active,-0.0,
24017851200,2018.0,NAICS22_job_destruction_active,4.0,
24017851301,2016.0,NAICS22_job_destruction_active,-0.0,
24017851302,2015.0,NAICS22_job_destruction_active,10.0,
24017851302,2016.0,NAICS22_job_destruction_active,2.0,
24017851302,2019.0,NAICS22_job_destruction_active,2.0,
24017851500,2013.0,NAICS22_job_destruction_active,-0.0,
24021750200,2016.0,NAICS22_job_destruction_active,-0.0,
24021750600,2012.0,NAICS22_job_destruction_active,2.0,
24021750600,2013.0,NAICS22_job_destruction_active,-0.0,
24021750702,2019.0,NAICS22_job_destruction_active,4.0,
24021750803,2016.0,NAICS22_job_destruction_active,-0.0,
24021751002,2013.0,NAICS22_job_destruction_active,2.0,
24021751003,2013.0,NAICS22_job_destruction_active,-0.0,
24021751003,2016.0,NAICS22_job_destruction_active,1.0,
24021751003,2017.0,NAICS22_job_destruction_active,2.0,
24021751003,2018.0,NAICS22_job_destruction_active,-0.0,
24021751203,2013.0,NAICS22_job_destruction_active,-0.0,
24021751301,2014.0,NAICS22_job_destruction_active,-0.0,
24021751801,2018.0,NAICS22_job_destruction_active,-0.0,
24021752204,2016.0,NAICS22_job_destruction_active,1.0,
24021752204,2018.0,NAICS22_job_destruction_active,6.0,
24021752302,2014.0,NAICS22_job_destruction_active,-0.0,
24021752502,2015.0,NAICS22_job_destruction_active,1.0,
24021752502,2016.0,NAICS22_job_destruction_active,1.0,
24021752601,2018.0,NAICS22_job_destruction_active,3.0,
24021752900,2012.0,NAICS22_job_destruction_active,-0.0,
24021753001,2016.0,NAICS22_job_destruction_active,-0.0,
24021770700,2014.0,NAICS22_job_destruction_active,-0.0,
24021772200,2011.0,NAICS22_job_destruction_active,-0.0,
24021772200,2019.0,NAICS22_job_destruction_active,2.0,
24021775302,2012.0,NAICS22_job_destruction_active,-0.0,
24021775302,2016.0,NAICS22_job_destruction_active,-0.0,
24021775600,2016.0,NAICS22_job_destruction_active,-0.0,
24031700101,2012.0,NAICS22_job_destruction_active,-0.0,
24031700104,2010.0,NAICS22_job_destruction_active,-0.0,
24031700206,2014.0,NAICS22_job_destruction_active,1.0,
24031700206,2017.0,NAICS22_job_destruction_active,-0.0,
24031700309,2018.0,NAICS22_job_destruction_active,-0.0,
24031700311,2012.0,NAICS22_job_destruction_active,3.0,
24031700311,2014.0,NAICS22_job_destruction_active,-0.0,
24031700500,2017.0,NAICS22_job_destruction_active,3.0,
24031700704,2019.0,NAICS22_job_destruction_active,3.0,
24031700713,2012.0,NAICS22_job_destruction_active,-0.0,
24031700713,2019.0,NAICS22_job_destruction_active,5.0,
24031700722,2012.0,NAICS22_job_destruction_active,-0.0,
24031700722,2013.0,NAICS22_job_destruction_active,-0.0,
24031700722,2017.0,NAICS22_job_destruction_active,-0.0,
24031700810,2015.0,NAICS22_job_destruction_active,-0.0,
24031700811,2018.0,NAICS22_job_destruction_active,2.0,
24031700812,2019.0,NAICS22_job_destruction_active,4.0,
24031700815,2019.0,NAICS22_job_destruction_active,-0.0,
24031700818,2019.0,NAICS22_job_destruction_active,-0.0,
24031700820,2019.0,NAICS22_job_destruction_active,4.0,
24031700833,2015.0,NAICS22_job_destruction_active,-0.0,
24031700834,2019.0,NAICS22_job_destruction_active,-0.0,
24031701007,2018.0,NAICS22_job_destruction_active,-0.0,
24031701205,2016.0,NAICS22_job_destruction_active,-0.0,
24031701211,2011.0,NAICS22_job_destruction_active,-0.0,
24031701211,2015.0,NAICS22_job_destruction_active,1.0,
24031701216,2012.0,NAICS22_job_destruction_active,-0.0,
24031701219,2012.0,NAICS22_job_destruction_active,-0.0,
24031701221,2019.0,NAICS22_job_destruction_active,2.0,
24031701304,2013.0,NAICS22_job_destruction_active,1.0,
24031701312,2019.0,NAICS22_job_destruction_active,3.0,
24031701415,2012.0,NAICS22_job_destruction_active,-0.0,
24031701423,2014.0,NAICS22_job_destruction_active,-0.0,
24031701423,2017.0,NAICS22_job_destruction_active,3.0,
24031701505,2017.0,NAICS22_job_destruction_active,4.0,
24031701507,2016.0,NAICS22_job_destruction_active,2.0,
24031701507,2017.0,NAICS22_job_destruction_active,1.0,
24031701800,2015.0,NAICS22_job_destruction_active,-0.0,
24031702500,2010.0,NAICS22_job_destruction_active,-0.0,
24031702500,2011.0,NAICS22_job_destruction_active,-0.0,
24031702500,2012.0,NAICS22_job_destruction_active,-0.0,
24031702500,2013.0,NAICS22_job_destruction_active,-0.0,
24031702500,2018.0,NAICS22_job_destruction_active,-0.0,
24031703100,2015.0,NAICS22_job_destruction_active,5.0,
24031703100,2016.0,NAICS22_job_destruction_active,-0.0,
24031703201,2015.0,NAICS22_job_destruction_active,4.0,
24031703207,2019.0,NAICS22_job_destruction_active,2.0,
24031703800,2013.0,NAICS22_job_destruction_active,-0.0,
24031703800,2018.0,NAICS22_job_destruction_active,-0.0,
24031704501,2011.0,NAICS22_job_destruction_active,-0.0,
24031704501,2018.0,NAICS22_job_destruction_active,-0.0,
24031704804,2014.0,NAICS22_job_destruction_active,-0.0,
24031704804,2015.0,NAICS22_job_destruction_active,1.0,
24031704804,2016.0,NAICS22_job_destruction_active,-0.0,
24031704804,2018.0,NAICS22_job_destruction_active,3.0,
24031704804,2019.0,NAICS22_job_destruction_active,8.0,
24031704805,2011.0,NAICS22_job_destruction_active,-0.0,
24031704805,2015.0,NAICS22_job_destruction_active,2.0,
24031704805,2016.0,NAICS22_job_destruction_active,-0.0,
24031704805,2017.0,NAICS22_job_destruction_active,1.0,
24031704805,2018.0,NAICS22_job_destruction_active,-0.0,
24031705602,2013.0,NAICS22_job_destruction_active,-0.0,
24031705701,2012.0,NAICS22_job_destruction_active,1.0,
24031705902,2016.0,NAICS22_job_destruction_active,1.0,
24031705902,2018.0,NAICS22_job_destruction_active,1.0,
24031706007,2018.0,NAICS22_job_destruction_active,-0.0,
24033800108,2015.0,NAICS22_job_destruction_active,4.0,
24033800108,2016.0,NAICS22_job_destruction_active,-0.0,
24033800108,2019.0,NAICS22_job_destruction_active,2.0,
24033800208,2019.0,NAICS22_job_destruction_active,1.0,
24033800211,2019.0,NAICS22_job_destruction_active,-0.0,
24033800403,2012.0,NAICS22_job_destruction_active,-0.0,
24033800410,2013.0,NAICS22_job_destruction_active,-0.0,
24033800515,2012.0,NAICS22_job_destruction_active,1.0,
24033800515,2013.0,NAICS22_job_destruction_active,-0.0,
24033800515,2019.0,NAICS22_job_destruction_active,2.0,
24033800704,2014.0,NAICS22_job_destruction_active,-0.0,
24033800800,2019.0,NAICS22_job_destruction_active,3.0,
24033800900,2012.0,NAICS22_job_destruction_active,-0.0,
24033801003,2013.0,NAICS22_job_destruction_active,-0.0,
24033801212,2014.0,NAICS22_job_destruction_active,-0.0,
24033801310,2015.0,NAICS22_job_destruction_active,-0.0,
24033801310,2019.0,NAICS22_job_destruction_active,3.0,
24033801312,2014.0,NAICS22_job_destruction_active,-0.0,
24033801313,2013.0,NAICS22_job_destruction_active,-0.0,
24033801404,2016.0,NAICS22_job_destruction_active,-0.0,
24033801706,2013.0,NAICS22_job_destruction_active,-0.0,
24033801708,2017.0,NAICS22_job_destruction_active,3.0,
24033801901,2011.0,NAICS22_job_destruction_active,-0.0,
24033801908,2019.0,NAICS22_job_destruction_active,2.0,
24033802804,2016.0,NAICS22_job_destruction_active,1.0,
24033802804,2018.0,NAICS22_job_destruction_active,1.0,
24033803509,2012.0,NAICS22_job_destruction_active,-0.0,
24033803525,2017.0,NAICS22_job_destruction_active,-0.0,
24033803602,2011.0,NAICS22_job_destruction_active,-0.0,
24033803606,2019.0,NAICS22_job_destruction_active,3.0,
24033803608,2016.0,NAICS22_job_destruction_active,-0.0,
24033804102,2019.0,NAICS22_job_destruction_active,-0.0,
24033805101,2011.0,NAICS22_job_destruction_active,-0.0,
24033805802,2017.0,NAICS22_job_destruction_active,6.0,
24033806300,2019.0,NAICS22_job_destruction_active,1.0,
24033806501,2016.0,NAICS22_job_destruction_active,2.0,
24033806602,2010.0,NAICS22_job_destruction_active,-0.0,
24033806710,2012.0,NAICS22_job_destruction_active,-0.0,
24033806714,2014.0,NAICS22_job_destruction_active,-0.0,
24033807200,2014.0,NAICS22_job_destruction_active,-0.0,
24033807200,2015.0,NAICS22_job_destruction_active,4.0,
24033807200,2018.0,NAICS22_job_destruction_active,58.0,
24033807200,2019.0,NAICS22_job_destruction_active,-0.0,
24033807405,2019.0,NAICS22_job_destruction_active,-0.0,
24033807408,2015.0,NAICS22_job_destruction_active,6.0,
24033807408,2016.0,NAICS22_job_destruction_active,-0.0,
24033807408,2017.0,NAICS22_job_destruction_active,-0.0,
24033807408,2018.0,NAICS22_job_destruction_active,-0.0,
24033807408,2019.0,NAICS22_job_destruction_active,-0.0,
51013100200,2013.0,NAICS22_job_destruction_active,-0.0,
51013100300,2018.0,NAICS22_job_destruction_active,-0.0,
51013100500,2018.0,NAICS22_job_destruction_active,-0.0,
51013101200,2013.0,NAICS22_job_destruction_active,-0.0,
51013101401,2018.0,NAICS22_job_destruction_active,73.0,
51013101402,2012.0,NAICS22_job_destruction_active,1.0,
51013101402,2014.0,NAICS22_job_destruction_active,-0.0,
51013101402,2018.0,NAICS22_job_destruction_active,-0.0,
51013101403,2011.0,NAICS22_job_destruction_active,-0.0,
51013101403,2012.0,NAICS22_job_destruction_active,-0.0,
51013101403,2015.0,NAICS22_job_destruction_active,6.0,
51013101403,2016.0,NAICS22_job_destruction_active,1.0,
51013101403,2017.0,NAICS22_job_destruction_active,1.0,
51013101403,2018.0,NAICS22_job_destruction_active,-0.0,
51013101403,2019.0,NAICS22_job_destruction_active,-0.0,
51013101601,2014.0,NAICS22_job_destruction_active,-0.0,
51013101603,2015.0,NAICS22_job_destruction_active,-0.0,
51013101603,2018.0,NAICS22_job_destruction_active,-0.0,
51013101701,2018.0,NAICS22_job_destruction_active,-0.0,
51013101702,2014.0,NAICS22_job_destruction_active,-0.0,
51013101702,2016.0,NAICS22_job_destruction_active,-0.0,
51013101801,2016.0,NAICS22_job_destruction_active,-0.0,
51013101900,2017.0,NAICS22_job_destruction_active,-0.0,
51013102301,2014.0,NAICS22_job_destruction_active,1.0,
51013102301,2017.0,NAICS22_job_destruction_active,1.0,
51013102500,2016.0,NAICS22_job_destruction_active,-0.0,
51013102901,2015.0,NAICS22_job_destruction_active,1.0,
51013102902,2017.0,NAICS22_job_destruction_active,-0.0,
51013103000,2014.0,NAICS22_job_destruction_active,-0.0,
51013103700,2012.0,NAICS22_job_destruction_active,-0.0,
51013103800,2017.0,NAICS22_job_destruction_active,-0.0,
51013980100,2019.0,NAICS22_job_destruction_active,2.0,
51059415401,2016.0,NAICS22_job_destruction_active,-0.0,
51059415800,2018.0,NAICS22_job_destruction_active,2.0,
51059416300,2011.0,NAICS22_job_destruction_active,-0.0,
51059420203,2018.0,NAICS22_job_destruction_active,-0.0,
51059420300,2013.0,NAICS22_job_destruction_active,2.0,
51059420300,2017.0,NAICS22_job_destruction_active,-0.0,
51059420800,2018.0,NAICS22_job_destruction_active,2.0,
51059421600,2016.0,NAICS22_job_destruction_active,2.0,
51059421600,2019.0,NAICS22_job_destruction_active,1.0,
51059422102,2018.0,NAICS22_job_destruction_active,-0.0,
51059430203,2017.0,NAICS22_job_destruction_active,-0.0,
51059431300,2014.0,NAICS22_job_destruction_active,-0.0,
51059431900,2016.0,NAICS22_job_destruction_active,-0.0,
51059432500,2011.0,NAICS22_job_destruction_active,-0.0,
51059432702,2015.0,NAICS22_job_destruction_active,1.0,
51059432702,2016.0,NAICS22_job_destruction_active,1.0,
51059432702,2018.0,NAICS22_job_destruction_active,-0.0,
51059440201,2012.0,NAICS22_job_destruction_active,-0.0,
51059440201,2015.0,NAICS22_job_destruction_active,27.0,
51059440201,2016.0,NAICS22_job_destruction_active,14.0,
51059440201,2017.0,NAICS22_job_destruction_active,12.0,
51059440800,2011.0,NAICS22_job_destruction_active,-0.0,
51059450100,2019.0,NAICS22_job_destruction_active,4.0,
51059450300,2012.0,NAICS22_job_destruction_active,-0.0,
51059450400,2017.0,NAICS22_job_destruction_active,-0.0,
51059450601,2018.0,NAICS22_job_destruction_active,2.0,
51059450602,2017.0,NAICS22_job_destruction_active,-0.0,
51059451100,2012.0,NAICS22_job_destruction_active,-0.0,
51059451502,2013.0,NAICS22_job_destruction_active,-0.0,
51059451502,2016.0,NAICS22_job_destruction_active,2.0,
51059452101,2011.0,NAICS22_job_destruction_active,-0.0,
51059452101,2012.0,NAICS22_job_destruction_active,-0.0,
51059452101,2019.0,NAICS22_job_destruction_active,-0.0,
51059452102,2013.0,NAICS22_job_destruction_active,-0.0,
51059452200,2012.0,NAICS22_job_destruction_active,-0.0,
51059452600,2019.0,NAICS22_job_destruction_active,2.0,
51059460501,2015.0,NAICS22_job_destruction_active,2.0,
51059460501,2016.0,NAICS22_job_destruction_active,41.0,
51059460501,2018.0,NAICS22_job_destruction_active,-0.0,
51059460900,2018.0,NAICS22_job_destruction_active,-0.0,
51059461201,2014.0,NAICS22_job_destruction_active,-0.0,
51059461201,2019.0,NAICS22_job_destruction_active,-0.0,
51059461202,2014.0,NAICS22_job_destruction_active,-0.0,
51059461601,2019.0,NAICS22_job_destruction_active,6.0,
51059461802,2011.0,NAICS22_job_destruction_active,-0.0,
51059461802,2012.0,NAICS22_job_destruction_active,-0.0,
51059461802,2016.0,NAICS22_job_destruction_active,-0.0,
51059470300,2017.0,NAICS22_job_destruction_active,-0.0,
51059470300,2019.0,NAICS22_job_destruction_active,3.0,
51059470500,2013.0,NAICS22_job_destruction_active,-0.0,
51059470600,2012.0,NAICS22_job_destruction_active,-0.0,
51059470600,2015.0,NAICS22_job_destruction_active,1.0,
51059470600,2016.0,NAICS22_job_destruction_active,-0.0,
51059471202,2016.0,NAICS22_job_destruction_active,-0.0,
51059471303,2017.0,NAICS22_job_destruction_active,-0.0,
51059480100,2012.0,NAICS22_job_destruction_active,-0.0,
51059480201,2017.0,NAICS22_job_destruction_active,-0.0,
51059480202,2018.0,NAICS22_job_destruction_active,-0.0,
51059480202,2019.0,NAICS22_job_destruction_active,3.0,
51059480300,2014.0,NAICS22_job_destruction_active,-0.0,
51059480402,2017.0,NAICS22_job_destruction_active,-0.0,
51059480501,2016.0,NAICS22_job_destruction_active,-0.0,
51059480503,2014.0,NAICS22_job_destruction_active,1.0,
51059480503,2017.0,NAICS22_job_destruction_active,-0.0,
51059480902,2014.0,NAICS22_job_destruction_active,-0.0,
51059480903,2017.0,NAICS22_job_destruction_active,-0.0,
51059481701,2012.0,NAICS22_job_destruction_active,-0.0,
51059481900,2018.0,NAICS22_job_destruction_active,-0.0,
51059482202,2018.0,NAICS22_job_destruction_active,-0.0,
51059482203,2017.0,NAICS22_job_destruction_active,5.0,
51059482303,2016.0,NAICS22_job_destruction_active,-0.0,
51059482303,2017.0,NAICS22_job_destruction_active,-0.0,
51059482400,2018.0,NAICS22_job_destruction_active,-0.0,
51059482501,2011.0,NAICS22_job_destruction_active,-0.0,
51059482601,2017.0,NAICS22_job_destruction_active,-0.0,
51059482602,2016.0,NAICS22_job_destruction_active,-0.0,
51059482602,2017.0,NAICS22_job_destruction_active,-0.0,
51059490103,2019.0,NAICS22_job_destruction_active,-0.0,
51059491101,2013.0,NAICS22_job_destruction_active,-0.0,
51059491101,2014.0,NAICS22_job_destruction_active,-0.0,
51059491302,2017.0,NAICS22_job_destruction_active,-0.0,
51059491401,2012.0,NAICS22_job_destruction_active,-0.0,
51059491402,2017.0,NAICS22_job_destruction_active,-0.0,
51059491502,2019.0,NAICS22_job_destruction_active,-0.0,
51059491602,2017.0,NAICS22_job_destruction_active,-0.0,
51059491702,2017.0,NAICS22_job_destruction_active,-0.0,
51059491802,2014.0,NAICS22_job_destruction_active,-0.0,
51059492000,2018.0,NAICS22_job_destruction_active,-0.0,
51059492100,2012.0,NAICS22_job_destruction_active,-0.0,
51059492100,2013.0,NAICS22_job_destruction_active,-0.0,
51059492100,2015.0,NAICS22_job_destruction_active,-0.0,
51059492100,2017.0,NAICS22_job_destruction_active,-0.0,
51107610101,2019.0,NAICS22_job_destruction_active,-0.0,
51107610102,2010.0,NAICS22_job_destruction_active,1.0,
51107610102,2016.0,NAICS22_job_destruction_active,-0.0,
51107610201,2014.0,NAICS22_job_destruction_active,-0.0,
51107610300,2016.0,NAICS22_job_destruction_active,-0.0,
51107610300,2017.0,NAICS22_job_destruction_active,-0.0,
51107610400,2012.0,NAICS22_job_destruction_active,-0.0,
51107610505,2015.0,NAICS22_job_destruction_active,4.0,
51107610507,2014.0,NAICS22_job_destruction_active,-0.0,
51107610604,2016.0,NAICS22_job_destruction_active,-0.0,
51107610900,2016.0,NAICS22_job_destruction_active,-0.0,
51107611002,2014.0,NAICS22_job_destruction_active,-0.0,
51107611002,2017.0,NAICS22_job_destruction_active,-0.0,
51107611005,2012.0,NAICS22_job_destruction_active,1.0,
51107611005,2016.0,NAICS22_job_destruction_active,-0.0,
51107611006,2012.0,NAICS22_job_destruction_active,-0.0,
51107611011,2019.0,NAICS22_job_destruction_active,-0.0,
51107611013,2019.0,NAICS22_job_destruction_active,-0.0,
51107611015,2012.0,NAICS22_job_destruction_active,-0.0,
51107611018,2013.0,NAICS22_job_destruction_active,-0.0,
51107611018,2019.0,NAICS22_job_destruction_active,150.0,
51107611019,2012.0,NAICS22_job_destruction_active,-0.0,
51107611019,2018.0,NAICS22_job_destruction_active,-0.0,
51107611024,2016.0,NAICS22_job_destruction_active,1.0,
51107611700,2014.0,NAICS22_job_destruction_active,-0.0,
51107611803,2019.0,NAICS22_job_destruction_active,-0.0,
51107611804,2016.0,NAICS22_job_destruction_active,-0.0,
51107611804,2017.0,NAICS22_job_destruction_active,-0.0,
51107611900,2012.0,NAICS22_job_destruction_active,-0.0,
51153900100,2019.0,NAICS22_job_destruction_active,-0.0,
51153900300,2019.0,NAICS22_job_destruction_active,-0.0,
51153900403,2011.0,NAICS22_job_destruction_active,-0.0,
51153900403,2014.0,NAICS22_job_destruction_active,-0.0,
51153900403,2018.0,NAICS22_job_destruction_active,-0.0,
51153900404,2019.0,NAICS22_job_destruction_active,-0.0,
51153900409,2019.0,NAICS22_job_destruction_active,-0.0,
51153900701,2011.0,NAICS22_job_destruction_active,1.0,
51153900701,2012.0,NAICS22_job_destruction_active,-0.0,
51153900702,2018.0,NAICS22_job_destruction_active,-0.0,
51153901008,2014.0,NAICS22_job_destruction_active,-0.0,
51153901219,2016.0,NAICS22_job_destruction_active,-0.0,
51153901219,2018.0,NAICS22_job_destruction_active,2.0,
51153901226,2018.0,NAICS22_job_destruction_active,-0.0,
51153901226,2019.0,NAICS22_job_destruction_active,-0.0,
51153901227,2019.0,NAICS22_job_destruction_active,3.0,
51153901228,2018.0,NAICS22_job_destruction_active,-0.0,
51153901229,2013.0,NAICS22_job_destruction_active,-0.0,
51153901231,2018.0,NAICS22_job_destruction_active,-0.0,
51153901237,2014.0,NAICS22_job_destruction_active,1.0,
51153901410,2011.0,NAICS22_job_destruction_active,2.0,
51153901410,2015.0,NAICS22_job_destruction_active,3.0,
51153901410,2017.0,NAICS22_job_destruction_active,-0.0,
51153901413,2014.0,NAICS22_job_destruction_active,-0.0,
51153901416,2017.0,NAICS22_job_destruction_active,4.0,
51153901507,2018.0,NAICS22_job_destruction_active,-0.0,
51153901508,2013.0,NAICS22_job_destruction_active,-0.0,
51153901701,2017.0,NAICS22_job_destruction_active,173.0,
51153901900,2018.0,NAICS22_job_destruction_active,3.0,
51510200102,2018.0,NAICS22_job_destruction_active,3.0,
51510201300,2016.0,NAICS22_job_destruction_active,-0.0,
51510201400,2011.0,NAICS22_job_destruction_active,-0.0,
51510201600,2017.0,NAICS22_job_destruction_active,-0.0,
51510201900,2012.0,NAICS22_job_destruction_active,2.0,
51510201900,2013.0,NAICS22_job_destruction_active,13.0,
51510201900,2017.0,NAICS22_job_destruction_active,-0.0,
51510201900,2019.0,NAICS22_job_destruction_active,-0.0,
51510202001,2011.0,NAICS22_job_destruction_active,-0.0,
51600300100,2017.0,NAICS22_job_destruction_active,1.0,
51600300100,2018.0,NAICS22_job_destruction_active,1.0,
51600300200,2011.0,NAICS22_job_destruction_active,-0.0,
51600300400,2015.0,NAICS22_job_destruction_active,4.0,
51600300400,2016.0,NAICS22_job_destruction_active,4.0,
51600300400,2018.0,NAICS22_job_destruction_active,1.0,
51600300400,2019.0,NAICS22_job_destruction_active,-0.0,
51600300500,2018.0,NAICS22_job_destruction_active,-0.0,
51610500200,2017.0,NAICS22_job_destruction_active,-0.0,
51683910402,2017.0,NAICS22_job_destruction_active,1.0,
110010001004,2011.0,NAICS22_job_destruction_active,-0.0,
110010001004,2013.0,NAICS22_job_destruction_active,-0.0,
110010001004,2015.0,NAICS22_job_destruction_active,7.0,
110010001004,2017.0,NAICS22_job_destruction_active,-0.0,
110010002021,2011.0,NAICS22_job_destruction_active,-0.0,
110010006004,2018.0,NAICS22_job_destruction_active,-0.0,
110010009021,2013.0,NAICS22_job_destruction_active,-0.0,
110010011004,2011.0,NAICS22_job_destruction_active,-0.0,
110010021024,2016.0,NAICS22_job_destruction_active,-0.0,
110010034002,2013.0,NAICS22_job_destruction_active,-0.0,
110010037002,2018.0,NAICS22_job_destruction_active,-0.0,
110010055002,2011.0,NAICS22_job_destruction_active,-0.0,
110010055003,2013.0,NAICS22_job_destruction_active,-0.0,
110010055003,2015.0,NAICS22_job_destruction_active,21.0,
110010058001,2010.0,NAICS22_job_destruction_active,50.0,
110010058001,2011.0,NAICS22_job_destruction_active,-0.0,
110010058001,2014.0,NAICS22_job_destruction_active,-0.0,
110010058001,2015.0,NAICS22_job_destruction_active,45.0,
110010058001,2016.0,NAICS22_job_destruction_active,31.0,
110010058001,2017.0,NAICS22_job_destruction_active,146.0,
110010058001,2018.0,NAICS22_job_destruction_active,23.0,
110010058001,2019.0,NAICS22_job_destruction_active,62.0,
110010059001,2011.0,NAICS22_job_destruction_active,1.0,
110010059001,2013.0,NAICS22_job_destruction_active,-0.0,
110010059001,2018.0,NAICS22_job_destruction_active,-0.0,
110010062021,2012.0,NAICS22_job_destruction_active,-0.0,
110010062021,2018.0,NAICS22_job_destruction_active,-0.0,
110010074092,2019.0,NAICS22_job_destruction_active,4.0,
110010087021,2012.0,NAICS22_job_destruction_active,-0.0,
110010091022,2012.0,NAICS22_job_destruction_active,-0.0,
110010092032,2011.0,NAICS22_job_destruction_active,-0.0,
110010093014,2015.0,NAICS22_job_destruction_active,-0.0,
110010093014,2017.0,NAICS22_job_destruction_active,-0.0,
110010099012,2012.0,NAICS22_job_destruction_active,-0.0,
110010101001,2014.0,NAICS22_job_destruction_active,-0.0,
110010101001,2016.0,NAICS22_job_destruction_active,-0.0,
110010101001,2019.0,NAICS22_job_destruction_active,2.0,
110010101002,2015.0,NAICS22_job_destruction_active,-0.0,
110010101002,2017.0,NAICS22_job_destruction_active,-0.0,
110010101002,2018.0,NAICS22_job_destruction_active,-0.0,
110010102002,2010.0,NAICS22_job_destruction_active,6.0,
110010102002,2012.0,NAICS22_job_destruction_active,1399.0,
110010102002,2015.0,NAICS22_job_destruction_active,49.0,
110010102002,2017.0,NAICS22_job_destruction_active,44.0,
110010102002,2019.0,NAICS22_job_destruction_active,48.0,
110010104001,2012.0,NAICS22_job_destruction_active,-0.0,
110010106002,2011.0,NAICS22_job_destruction_active,-0.0,
110010106002,2015.0,NAICS22_job_destruction_active,-0.0,
110010106002,2017.0,NAICS22_job_destruction_active,2.0,
110010106002,2018.0,NAICS22_job_destruction_active,-0.0,
110010107001,2012.0,NAICS22_job_destruction_active,-0.0,
110010107001,2016.0,NAICS22_job_destruction_active,-0.0,
110010107001,2017.0,NAICS22_job_destruction_active,-0.0,
110010107002,2016.0,NAICS22_job_destruction_active,-0.0,
110010108001,2014.0,NAICS22_job_destruction_active,-0.0,
110010108002,2015.0,NAICS22_job_destruction_active,4.0,
110010108002,2019.0,NAICS22_job_destruction_active,-0.0,
110010109002,2016.0,NAICS22_job_destruction_active,-0.0,
110010109002,2018.0,NAICS22_job_destruction_active,500.0,
110010109002,2019.0,NAICS22_job_destruction_active,3.0,
240178501011,2011.0,NAICS22_job_destruction_active,-0.0,
240178501012,2016.0,NAICS22_job_destruction_active,-0.0,
240178507091,2019.0,NAICS22_job_destruction_active,2.0,
240178507121,2011.0,NAICS22_job_destruction_active,-0.0,
240178507121,2014.0,NAICS22_job_destruction_active,-0.0,
240178509011,2017.0,NAICS22_job_destruction_active,-0.0,
240178509011,2018.0,NAICS22_job_destruction_active,1.0,
240178509011,2019.0,NAICS22_job_destruction_active,2.0,
240178509023,2016.0,NAICS22_job_destruction_active,-0.0,
240178509062,2012.0,NAICS22_job_destruction_active,-0.0,
240178512003,2018.0,NAICS22_job_destruction_active,4.0,
240178513012,2016.0,NAICS22_job_destruction_active,-0.0,
240178513022,2015.0,NAICS22_job_destruction_active,10.0,
240178513022,2016.0,NAICS22_job_destruction_active,2.0,
240178513022,2019.0,NAICS22_job_destruction_active,2.0,
240178515001,2013.0,NAICS22_job_destruction_active,-0.0,
240217502002,2016.0,NAICS22_job_destruction_active,-0.0,
240217506001,2013.0,NAICS22_job_destruction_active,-0.0,
240217506002,2012.0,NAICS22_job_destruction_active,2.0,
240217507023,2019.0,NAICS22_job_destruction_active,4.0,
240217508033,2016.0,NAICS22_job_destruction_active,-0.0,
240217510023,2013.0,NAICS22_job_destruction_active,2.0,
240217510031,2016.0,NAICS22_job_destruction_active,1.0,
240217510031,2017.0,NAICS22_job_destruction_active,2.0,
240217510031,2018.0,NAICS22_job_destruction_active,-0.0,
240217510033,2013.0,NAICS22_job_destruction_active,-0.0,
240217512032,2013.0,NAICS22_job_destruction_active,-0.0,
240217513011,2014.0,NAICS22_job_destruction_active,-0.0,
240217518014,2018.0,NAICS22_job_destruction_active,-0.0,
240217522041,2016.0,NAICS22_job_destruction_active,1.0,
240217522042,2018.0,NAICS22_job_destruction_active,6.0,
240217523022,2014.0,NAICS22_job_destruction_active,-0.0,
240217525021,2015.0,NAICS22_job_destruction_active,1.0,
240217525021,2016.0,NAICS22_job_destruction_active,1.0,
240217526013,2018.0,NAICS22_job_destruction_active,3.0,
240217529002,2012.0,NAICS22_job_destruction_active,-0.0,
240217530012,2016.0,NAICS22_job_destruction_active,-0.0,
240217707002,2014.0,NAICS22_job_destruction_active,-0.0,
240217722001,2019.0,NAICS22_job_destruction_active,2.0,
240217722002,2011.0,NAICS22_job_destruction_active,-0.0,
240217753023,2012.0,NAICS22_job_destruction_active,-0.0,
240217753023,2016.0,NAICS22_job_destruction_active,-0.0,
240217756002,2016.0,NAICS22_job_destruction_active,-0.0,
240317001011,2012.0,NAICS22_job_destruction_active,-0.0,
240317001041,2010.0,NAICS22_job_destruction_active,-0.0,
240317002063,2014.0,NAICS22_job_destruction_active,1.0,
240317002063,2017.0,NAICS22_job_destruction_active,-0.0,
240317003092,2018.0,NAICS22_job_destruction_active,-0.0,
240317003112,2012.0,NAICS22_job_destruction_active,3.0,
240317003112,2014.0,NAICS22_job_destruction_active,-0.0,
240317005003,2017.0,NAICS22_job_destruction_active,3.0,
240317007042,2019.0,NAICS22_job_destruction_active,3.0,
240317007131,2019.0,NAICS22_job_destruction_active,5.0,
240317007132,2012.0,NAICS22_job_destruction_active,-0.0,
240317007221,2012.0,NAICS22_job_destruction_active,-0.0,
240317007221,2013.0,NAICS22_job_destruction_active,-0.0,
240317007221,2017.0,NAICS22_job_destruction_active,-0.0,
240317008102,2015.0,NAICS22_job_destruction_active,-0.0,
240317008113,2018.0,NAICS22_job_destruction_active,2.0,
240317008121,2019.0,NAICS22_job_destruction_active,4.0,
240317008154,2019.0,NAICS22_job_destruction_active,-0.0,
240317008184,2019.0,NAICS22_job_destruction_active,-0.0,
240317008201,2019.0,NAICS22_job_destruction_active,4.0,
240317008332,2015.0,NAICS22_job_destruction_active,-0.0,
240317008342,2019.0,NAICS22_job_destruction_active,-0.0,
240317010071,2018.0,NAICS22_job_destruction_active,-0.0,
240317012051,2016.0,NAICS22_job_destruction_active,-0.0,
240317012111,2011.0,NAICS22_job_destruction_active,-0.0,
240317012113,2015.0,NAICS22_job_destruction_active,1.0,
240317012162,2012.0,NAICS22_job_destruction_active,-0.0,
240317012191,2012.0,NAICS22_job_destruction_active,-0.0,
240317012212,2019.0,NAICS22_job_destruction_active,2.0,
240317013043,2013.0,NAICS22_job_destruction_active,1.0,
240317013123,2019.0,NAICS22_job_destruction_active,3.0,
240317014155,2012.0,NAICS22_job_destruction_active,-0.0,
240317014231,2014.0,NAICS22_job_destruction_active,-0.0,
240317014232,2017.0,NAICS22_job_destruction_active,3.0,
240317015053,2017.0,NAICS22_job_destruction_active,4.0,
240317015073,2016.0,NAICS22_job_destruction_active,2.0,
240317015073,2017.0,NAICS22_job_destruction_active,1.0,
240317018003,2015.0,NAICS22_job_destruction_active,-0.0,
240317025001,2011.0,NAICS22_job_destruction_active,-0.0,
240317025001,2018.0,NAICS22_job_destruction_active,-0.0,
240317025002,2011.0,NAICS22_job_destruction_active,-0.0,
240317025002,2013.0,NAICS22_job_destruction_active,-0.0,
240317025003,2018.0,NAICS22_job_destruction_active,-0.0,
240317025004,2010.0,NAICS22_job_destruction_active,-0.0,
240317025004,2012.0,NAICS22_job_destruction_active,-0.0,
240317031003,2015.0,NAICS22_job_destruction_active,5.0,
240317031003,2016.0,NAICS22_job_destruction_active,-0.0,
240317032014,2015.0,NAICS22_job_destruction_active,4.0,
240317032071,2019.0,NAICS22_job_destruction_active,2.0,
240317038001,2013.0,NAICS22_job_destruction_active,-0.0,
240317038001,2018.0,NAICS22_job_destruction_active,-0.0,
240317045012,2018.0,NAICS22_job_destruction_active,-0.0,
240317045014,2011.0,NAICS22_job_destruction_active,-0.0,
240317048041,2014.0,NAICS22_job_destruction_active,-0.0,
240317048041,2015.0,NAICS22_job_destruction_active,1.0,
240317048041,2016.0,NAICS22_job_destruction_active,-0.0,
240317048041,2018.0,NAICS22_job_destruction_active,3.0,
240317048041,2019.0,NAICS22_job_destruction_active,8.0,
240317048051,2011.0,NAICS22_job_destruction_active,-0.0,
240317048051,2015.0,NAICS22_job_destruction_active,2.0,
240317048051,2016.0,NAICS22_job_destruction_active,-0.0,
240317048051,2017.0,NAICS22_job_destruction_active,1.0,
240317048051,2018.0,NAICS22_job_destruction_active,-0.0,
240317056021,2013.0,NAICS22_job_destruction_active,-0.0,
240317057013,2012.0,NAICS22_job_destruction_active,1.0,
240317059021,2016.0,NAICS22_job_destruction_active,1.0,
240317059021,2018.0,NAICS22_job_destruction_active,1.0,
240317060073,2018.0,NAICS22_job_destruction_active,-0.0,
240338001081,2015.0,NAICS22_job_destruction_active,4.0,
240338001081,2016.0,NAICS22_job_destruction_active,-0.0,
240338001082,2019.0,NAICS22_job_destruction_active,2.0,
240338002081,2019.0,NAICS22_job_destruction_active,1.0,
240338002111,2019.0,NAICS22_job_destruction_active,-0.0,
240338004031,2012.0,NAICS22_job_destruction_active,-0.0,
240338004101,2013.0,NAICS22_job_destruction_active,-0.0,
240338005151,2012.0,NAICS22_job_destruction_active,1.0,
240338005151,2013.0,NAICS22_job_destruction_active,-0.0,
240338005152,2019.0,NAICS22_job_destruction_active,2.0,
240338007043,2014.0,NAICS22_job_destruction_active,-0.0,
240338008003,2019.0,NAICS22_job_destruction_active,3.0,
240338009001,2012.0,NAICS22_job_destruction_active,-0.0,
240338010031,2013.0,NAICS22_job_destruction_active,-0.0,
240338012121,2014.0,NAICS22_job_destruction_active,-0.0,
240338013102,2015.0,NAICS22_job_destruction_active,-0.0,
240338013102,2019.0,NAICS22_job_destruction_active,3.0,
240338013122,2014.0,NAICS22_job_destruction_active,-0.0,
240338013132,2013.0,NAICS22_job_destruction_active,-0.0,
240338014043,2016.0,NAICS22_job_destruction_active,-0.0,
240338017061,2013.0,NAICS22_job_destruction_active,-0.0,
240338017081,2017.0,NAICS22_job_destruction_active,3.0,
240338019012,2011.0,NAICS22_job_destruction_active,-0.0,
240338019081,2019.0,NAICS22_job_destruction_active,2.0,
240338028041,2016.0,NAICS22_job_destruction_active,1.0,
240338028041,2018.0,NAICS22_job_destruction_active,1.0,
240338035091,2012.0,NAICS22_job_destruction_active,-0.0,
240338035252,2017.0,NAICS22_job_destruction_active,-0.0,
240338036022,2011.0,NAICS22_job_destruction_active,-0.0,
240338036062,2019.0,NAICS22_job_destruction_active,3.0,
240338036082,2016.0,NAICS22_job_destruction_active,-0.0,
240338041022,2019.0,NAICS22_job_destruction_active,-0.0,
240338051012,2011.0,NAICS22_job_destruction_active,-0.0,
240338058021,2017.0,NAICS22_job_destruction_active,6.0,
240338063001,2019.0,NAICS22_job_destruction_active,1.0,
240338065011,2016.0,NAICS22_job_destruction_active,2.0,
240338066021,2010.0,NAICS22_job_destruction_active,-0.0,
240338067102,2012.0,NAICS22_job_destruction_active,-0.0,
240338067142,2014.0,NAICS22_job_destruction_active,-0.0,
240338072003,2014.0,NAICS22_job_destruction_active,-0.0,
240338072003,2015.0,NAICS22_job_destruction_active,4.0,
240338072003,2018.0,NAICS22_job_destruction_active,58.0,
240338072003,2019.0,NAICS22_job_destruction_active,-0.0,
240338074051,2019.0,NAICS22_job_destruction_active,-0.0,
240338074083,2015.0,NAICS22_job_destruction_active,6.0,
240338074083,2016.0,NAICS22_job_destruction_active,-0.0,
240338074083,2017.0,NAICS22_job_destruction_active,-0.0,
240338074083,2018.0,NAICS22_job_destruction_active,-0.0,
240338074083,2019.0,NAICS22_job_destruction_active,-0.0,
510131002005,2013.0,NAICS22_job_destruction_active,-0.0,
510131003003,2018.0,NAICS22_job_destruction_active,-0.0,
510131003004,2018.0,NAICS22_job_destruction_active,-0.0,
510131005003,2018.0,NAICS22_job_destruction_active,-0.0,
510131012002,2013.0,NAICS22_job_destruction_active,-0.0,
510131014011,2018.0,NAICS22_job_destruction_active,73.0,
510131014022,2012.0,NAICS22_job_destruction_active,1.0,
510131014022,2014.0,NAICS22_job_destruction_active,-0.0,
510131014022,2018.0,NAICS22_job_destruction_active,-0.0,
510131014031,2011.0,NAICS22_job_destruction_active,-0.0,
510131014031,2012.0,NAICS22_job_destruction_active,-0.0,
510131014031,2015.0,NAICS22_job_destruction_active,6.0,
510131014031,2016.0,NAICS22_job_destruction_active,1.0,
510131014031,2017.0,NAICS22_job_destruction_active,1.0,
510131014031,2018.0,NAICS22_job_destruction_active,-0.0,
510131014031,2019.0,NAICS22_job_destruction_active,-0.0,
510131014033,2017.0,NAICS22_job_destruction_active,-0.0,
510131016012,2014.0,NAICS22_job_destruction_active,-0.0,
510131016033,2015.0,NAICS22_job_destruction_active,-0.0,
510131016033,2018.0,NAICS22_job_destruction_active,-0.0,
510131017014,2018.0,NAICS22_job_destruction_active,-0.0,
510131017022,2014.0,NAICS22_job_destruction_active,-0.0,
510131017022,2016.0,NAICS22_job_destruction_active,-0.0,
510131018011,2016.0,NAICS22_job_destruction_active,-0.0,
510131019001,2017.0,NAICS22_job_destruction_active,-0.0,
510131023011,2014.0,NAICS22_job_destruction_active,1.0,
510131023011,2017.0,NAICS22_job_destruction_active,1.0,
510131025002,2016.0,NAICS22_job_destruction_active,-0.0,
510131029013,2015.0,NAICS22_job_destruction_active,1.0,
510131029022,2017.0,NAICS22_job_destruction_active,-0.0,
510131030002,2014.0,NAICS22_job_destruction_active,-0.0,
510131037001,2012.0,NAICS22_job_destruction_active,-0.0,
510131038002,2017.0,NAICS22_job_destruction_active,-0.0,
510139801001,2019.0,NAICS22_job_destruction_active,2.0,
510594154011,2016.0,NAICS22_job_destruction_active,-0.0,
510594158002,2018.0,NAICS22_job_destruction_active,2.0,
510594163002,2011.0,NAICS22_job_destruction_active,-0.0,
510594202031,2018.0,NAICS22_job_destruction_active,-0.0,
510594203003,2013.0,NAICS22_job_destruction_active,2.0,
510594203003,2017.0,NAICS22_job_destruction_active,-0.0,
510594208003,2018.0,NAICS22_job_destruction_active,2.0,
510594216001,2016.0,NAICS22_job_destruction_active,2.0,
510594216001,2019.0,NAICS22_job_destruction_active,1.0,
510594221021,2018.0,NAICS22_job_destruction_active,-0.0,
510594302031,2017.0,NAICS22_job_destruction_active,-0.0,
510594313002,2014.0,NAICS22_job_destruction_active,-0.0,
510594319001,2016.0,NAICS22_job_destruction_active,-0.0,
510594325002,2011.0,NAICS22_job_destruction_active,-0.0,
510594327022,2015.0,NAICS22_job_destruction_active,1.0,
510594327022,2016.0,NAICS22_job_destruction_active,1.0,
510594327022,2018.0,NAICS22_job_destruction_active,-0.0,
510594402011,2012.0,NAICS22_job_destruction_active,-0.0,
510594402011,2015.0,NAICS22_job_destruction_active,27.0,
510594402011,2016.0,NAICS22_job_destruction_active,14.0,
510594402011,2017.0,NAICS22_job_destruction_active,12.0,
510594408001,2011.0,NAICS22_job_destruction_active,-0.0,
510594501003,2019.0,NAICS22_job_destruction_active,4.0,
510594503004,2012.0,NAICS22_job_destruction_active,-0.0,
510594504001,2017.0,NAICS22_job_destruction_active,-0.0,
510594506014,2018.0,NAICS22_job_destruction_active,2.0,
510594506021,2017.0,NAICS22_job_destruction_active,-0.0,
510594511002,2012.0,NAICS22_job_destruction_active,-0.0,
510594515022,2013.0,NAICS22_job_destruction_active,-0.0,
510594515022,2016.0,NAICS22_job_destruction_active,2.0,
510594521012,2011.0,NAICS22_job_destruction_active,-0.0,
510594521012,2019.0,NAICS22_job_destruction_active,-0.0,
510594521013,2012.0,NAICS22_job_destruction_active,-0.0,
510594521021,2013.0,NAICS22_job_destruction_active,-0.0,
510594522001,2012.0,NAICS22_job_destruction_active,-0.0,
510594526001,2019.0,NAICS22_job_destruction_active,2.0,
510594605011,2015.0,NAICS22_job_destruction_active,2.0,
510594605011,2016.0,NAICS22_job_destruction_active,41.0,
510594605011,2018.0,NAICS22_job_destruction_active,-0.0,
510594609001,2018.0,NAICS22_job_destruction_active,-0.0,
510594612011,2014.0,NAICS22_job_destruction_active,-0.0,
510594612013,2019.0,NAICS22_job_destruction_active,-0.0,
510594612022,2014.0,NAICS22_job_destruction_active,-0.0,
510594616012,2019.0,NAICS22_job_destruction_active,6.0,
510594618023,2011.0,NAICS22_job_destruction_active,-0.0,
510594618023,2012.0,NAICS22_job_destruction_active,-0.0,
510594618023,2016.0,NAICS22_job_destruction_active,-0.0,
510594703001,2017.0,NAICS22_job_destruction_active,-0.0,
510594703002,2019.0,NAICS22_job_destruction_active,3.0,
510594705004,2013.0,NAICS22_job_destruction_active,-0.0,
510594706002,2012.0,NAICS22_job_destruction_active,-0.0,
510594706002,2015.0,NAICS22_job_destruction_active,1.0,
510594706002,2016.0,NAICS22_job_destruction_active,-0.0,
510594712022,2016.0,NAICS22_job_destruction_active,-0.0,
510594713032,2017.0,NAICS22_job_destruction_active,-0.0,
510594801001,2012.0,NAICS22_job_destruction_active,-0.0,
510594802013,2017.0,NAICS22_job_destruction_active,-0.0,
510594802022,2018.0,NAICS22_job_destruction_active,-0.0,
510594802022,2019.0,NAICS22_job_destruction_active,3.0,
510594803001,2014.0,NAICS22_job_destruction_active,-0.0,
510594804022,2017.0,NAICS22_job_destruction_active,-0.0,
510594805012,2016.0,NAICS22_job_destruction_active,-0.0,
510594805031,2014.0,NAICS22_job_destruction_active,1.0,
510594805031,2017.0,NAICS22_job_destruction_active,-0.0,
510594809021,2014.0,NAICS22_job_destruction_active,-0.0,
510594809033,2017.0,NAICS22_job_destruction_active,-0.0,
510594817011,2012.0,NAICS22_job_destruction_active,-0.0,
510594819003,2018.0,NAICS22_job_destruction_active,-0.0,
510594822022,2018.0,NAICS22_job_destruction_active,-0.0,
510594822031,2017.0,NAICS22_job_destruction_active,5.0,
510594823031,2017.0,NAICS22_job_destruction_active,-0.0,
510594823032,2016.0,NAICS22_job_destruction_active,-0.0,
510594823032,2017.0,NAICS22_job_destruction_active,-0.0,
510594824001,2018.0,NAICS22_job_destruction_active,-0.0,
510594825011,2011.0,NAICS22_job_destruction_active,-0.0,
510594826012,2017.0,NAICS22_job_destruction_active,-0.0,
510594826021,2017.0,NAICS22_job_destruction_active,-0.0,
510594826022,2016.0,NAICS22_job_destruction_active,-0.0,
510594901032,2019.0,NAICS22_job_destruction_active,-0.0,
510594911011,2013.0,NAICS22_job_destruction_active,-0.0,
510594911012,2014.0,NAICS22_job_destruction_active,-0.0,
510594913022,2017.0,NAICS22_job_destruction_active,-0.0,
510594914012,2012.0,NAICS22_job_destruction_active,-0.0,
510594914022,2017.0,NAICS22_job_destruction_active,-0.0,
510594915021,2019.0,NAICS22_job_destruction_active,-0.0,
510594916021,2017.0,NAICS22_job_destruction_active,-0.0,
510594917023,2017.0,NAICS22_job_destruction_active,-0.0,
510594918021,2014.0,NAICS22_job_destruction_active,-0.0,
510594920003,2018.0,NAICS22_job_destruction_active,-0.0,
510594921001,2012.0,NAICS22_job_destruction_active,-0.0,
510594921001,2013.0,NAICS22_job_destruction_active,-0.0,
510594921001,2015.0,NAICS22_job_destruction_active,-0.0,
510594921002,2017.0,NAICS22_job_destruction_active,-0.0,
511076101012,2019.0,NAICS22_job_destruction_active,-0.0,
511076101021,2010.0,NAICS22_job_destruction_active,1.0,
511076101021,2016.0,NAICS22_job_destruction_active,-0.0,
511076102012,2014.0,NAICS22_job_destruction_active,-0.0,
511076103003,2016.0,NAICS22_job_destruction_active,-0.0,
511076103004,2017.0,NAICS22_job_destruction_active,-0.0,
511076104001,2012.0,NAICS22_job_destruction_active,-0.0,
511076105051,2015.0,NAICS22_job_destruction_active,4.0,
511076105073,2014.0,NAICS22_job_destruction_active,-0.0,
511076106042,2016.0,NAICS22_job_destruction_active,-0.0,
511076109002,2016.0,NAICS22_job_destruction_active,-0.0,
511076110021,2014.0,NAICS22_job_destruction_active,-0.0,
511076110021,2017.0,NAICS22_job_destruction_active,-0.0,
511076110053,2012.0,NAICS22_job_destruction_active,1.0,
511076110053,2016.0,NAICS22_job_destruction_active,-0.0,
511076110062,2012.0,NAICS22_job_destruction_active,-0.0,
511076110111,2019.0,NAICS22_job_destruction_active,-0.0,
511076110132,2019.0,NAICS22_job_destruction_active,-0.0,
511076110151,2012.0,NAICS22_job_destruction_active,-0.0,
511076110182,2013.0,NAICS22_job_destruction_active,-0.0,
511076110182,2019.0,NAICS22_job_destruction_active,150.0,
511076110192,2012.0,NAICS22_job_destruction_active,-0.0,
511076110192,2018.0,NAICS22_job_destruction_active,-0.0,
511076110241,2016.0,NAICS22_job_destruction_active,-0.0,
511076110242,2016.0,NAICS22_job_destruction_active,1.0,
511076117003,2014.0,NAICS22_job_destruction_active,-0.0,
511076118033,2019.0,NAICS22_job_destruction_active,-0.0,
511076118041,2016.0,NAICS22_job_destruction_active,-0.0,
511076118041,2017.0,NAICS22_job_destruction_active,-0.0,
511076119001,2012.0,NAICS22_job_destruction_active,-0.0,
511539001002,2019.0,NAICS22_job_destruction_active,-0.0,
511539003004,2019.0,NAICS22_job_destruction_active,-0.0,
511539004031,2014.0,NAICS22_job_destruction_active,-0.0,
511539004031,2018.0,NAICS22_job_destruction_active,-0.0,
511539004034,2011.0,NAICS22_job_destruction_active,-0.0,
511539004041,2019.0,NAICS22_job_destruction_active,-0.0,
511539004092,2019.0,NAICS22_job_destruction_active,-0.0,
511539007011,2012.0,NAICS22_job_destruction_active,-0.0,
511539007012,2011.0,NAICS22_job_destruction_active,1.0,
511539007022,2018.0,NAICS22_job_destruction_active,-0.0,
511539010082,2014.0,NAICS22_job_destruction_active,-0.0,
511539012191,2016.0,NAICS22_job_destruction_active,-0.0,
511539012193,2018.0,NAICS22_job_destruction_active,2.0,
511539012263,2018.0,NAICS22_job_destruction_active,-0.0,
511539012263,2019.0,NAICS22_job_destruction_active,-0.0,
511539012272,2019.0,NAICS22_job_destruction_active,3.0,
511539012281,2018.0,NAICS22_job_destruction_active,-0.0,
511539012292,2013.0,NAICS22_job_destruction_active,-0.0,
511539012313,2018.0,NAICS22_job_destruction_active,-0.0,
511539012371,2014.0,NAICS22_job_destruction_active,1.0,
511539014101,2011.0,NAICS22_job_destruction_active,2.0,
511539014102,2015.0,NAICS22_job_destruction_active,3.0,
511539014103,2017.0,NAICS22_job_destruction_active,-0.0,
511539014132,2014.0,NAICS22_job_destruction_active,-0.0,
511539014162,2017.0,NAICS22_job_destruction_active,4.0,
511539015072,2018.0,NAICS22_job_destruction_active,-0.0,
511539015081,2013.0,NAICS22_job_destruction_active,-0.0,
511539017015,2017.0,NAICS22_job_destruction_active,173.0,
511539019004,2018.0,NAICS22_job_destruction_active,3.0,
515102001022,2018.0,NAICS22_job_destruction_active,3.0,
515102013002,2016.0,NAICS22_job_destruction_active,-0.0,
515102014004,2011.0,NAICS22_job_destruction_active,-0.0,
515102016002,2017.0,NAICS22_job_destruction_active,-0.0,
515102019001,2012.0,NAICS22_job_destruction_active,2.0,
515102019001,2017.0,NAICS22_job_destruction_active,-0.0,
515102019002,2013.0,NAICS22_job_destruction_active,13.0,
515102019002,2017.0,NAICS22_job_destruction_active,-0.0,
515102019002,2019.0,NAICS22_job_destruction_active,-0.0,
515102020012,2011.0,NAICS22_job_destruction_active,-0.0,
516003001004,2017.0,NAICS22_job_destruction_active,1.0,
516003001004,2018.0,NAICS22_job_destruction_active,1.0,
516003002003,2011.0,NAICS22_job_destruction_active,-0.0,
516003004002,2015.0,NAICS22_job_destruction_active,4.0,
516003004002,2016.0,NAICS22_job_destruction_active,4.0,
516003004002,2018.0,NAICS22_job_destruction_active,1.0,
516003004002,2019.0,NAICS22_job_destruction_active,-0.0,
516003005003,2018.0,NAICS22_job_destruction_active,-0.0,
516105002003,2017.0,NAICS22_job_destruction_active,-0.0,
516839104022,2017.0,NAICS22_job_destruction_active,1.0,
11001,2010.0,NAICS22_job_destruction_active,56.0,
11001,2011.0,NAICS22_job_destruction_active,1.0,
11001,2012.0,NAICS22_job_destruction_active,1399.0,
11001,2013.0,NAICS22_job_destruction_active,-0.0,
11001,2014.0,NAICS22_job_destruction_active,-0.0,
11001,2015.0,NAICS22_job_destruction_active,126.0,
11001,2016.0,NAICS22_job_destruction_active,31.0,
11001,2017.0,NAICS22_job_destruction_active,192.0,
11001,2018.0,NAICS22_job_destruction_active,523.0,
11001,2019.0,NAICS22_job_destruction_active,119.0,
24017,2011.0,NAICS22_job_destruction_active,-0.0,
24017,2012.0,NAICS22_job_destruction_active,-0.0,
24017,2013.0,NAICS22_job_destruction_active,-0.0,
24017,2014.0,NAICS22_job_destruction_active,-0.0,
24017,2015.0,NAICS22_job_destruction_active,10.0,
24017,2016.0,NAICS22_job_destruction_active,2.0,
24017,2017.0,NAICS22_job_destruction_active,-0.0,
24017,2018.0,NAICS22_job_destruction_active,5.0,
24017,2019.0,NAICS22_job_destruction_active,6.0,
24021,2011.0,NAICS22_job_destruction_active,-0.0,
24021,2012.0,NAICS22_job_destruction_active,2.0,
24021,2013.0,NAICS22_job_destruction_active,2.0,
24021,2014.0,NAICS22_job_destruction_active,-0.0,
24021,2015.0,NAICS22_job_destruction_active,1.0,
24021,2016.0,NAICS22_job_destruction_active,3.0,
24021,2017.0,NAICS22_job_destruction_active,2.0,
24021,2018.0,NAICS22_job_destruction_active,9.0,
24021,2019.0,NAICS22_job_destruction_active,6.0,
24031,2010.0,NAICS22_job_destruction_active,-0.0,
24031,2011.0,NAICS22_job_destruction_active,-0.0,
24031,2012.0,NAICS22_job_destruction_active,4.0,
24031,2013.0,NAICS22_job_destruction_active,1.0,
24031,2014.0,NAICS22_job_destruction_active,1.0,
24031,2015.0,NAICS22_job_destruction_active,13.0,
24031,2016.0,NAICS22_job_destruction_active,3.0,
24031,2017.0,NAICS22_job_destruction_active,12.0,
24031,2018.0,NAICS22_job_destruction_active,6.0,
24031,2019.0,NAICS22_job_destruction_active,31.0,
24033,2010.0,NAICS22_job_destruction_active,-0.0,
24033,2011.0,NAICS22_job_destruction_active,-0.0,
24033,2012.0,NAICS22_job_destruction_active,1.0,
24033,2013.0,NAICS22_job_destruction_active,-0.0,
24033,2014.0,NAICS22_job_destruction_active,-0.0,
24033,2015.0,NAICS22_job_destruction_active,14.0,
24033,2016.0,NAICS22_job_destruction_active,3.0,
24033,2017.0,NAICS22_job_destruction_active,9.0,
24033,2018.0,NAICS22_job_destruction_active,59.0,
24033,2019.0,NAICS22_job_destruction_active,17.0,
51013,2011.0,NAICS22_job_destruction_active,-0.0,
51013,2012.0,NAICS22_job_destruction_active,1.0,
51013,2013.0,NAICS22_job_destruction_active,-0.0,
51013,2014.0,NAICS22_job_destruction_active,1.0,
51013,2015.0,NAICS22_job_destruction_active,7.0,
51013,2016.0,NAICS22_job_destruction_active,1.0,
51013,2017.0,NAICS22_job_destruction_active,2.0,
51013,2018.0,NAICS22_job_destruction_active,73.0,
51013,2019.0,NAICS22_job_destruction_active,2.0,
51059,2011.0,NAICS22_job_destruction_active,-0.0,
51059,2012.0,NAICS22_job_destruction_active,-0.0,
51059,2013.0,NAICS22_job_destruction_active,2.0,
51059,2014.0,NAICS22_job_destruction_active,1.0,
51059,2015.0,NAICS22_job_destruction_active,31.0,
51059,2016.0,NAICS22_job_destruction_active,60.0,
51059,2017.0,NAICS22_job_destruction_active,17.0,
51059,2018.0,NAICS22_job_destruction_active,6.0,
51059,2019.0,NAICS22_job_destruction_active,19.0,
51107,2010.0,NAICS22_job_destruction_active,1.0,
51107,2012.0,NAICS22_job_destruction_active,1.0,
51107,2013.0,NAICS22_job_destruction_active,-0.0,
51107,2014.0,NAICS22_job_destruction_active,-0.0,
51107,2015.0,NAICS22_job_destruction_active,4.0,
51107,2016.0,NAICS22_job_destruction_active,1.0,
51107,2017.0,NAICS22_job_destruction_active,-0.0,
51107,2018.0,NAICS22_job_destruction_active,-0.0,
51107,2019.0,NAICS22_job_destruction_active,150.0,
51153,2011.0,NAICS22_job_destruction_active,3.0,
51153,2012.0,NAICS22_job_destruction_active,-0.0,
51153,2013.0,NAICS22_job_destruction_active,-0.0,
51153,2014.0,NAICS22_job_destruction_active,1.0,
51153,2015.0,NAICS22_job_destruction_active,3.0,
51153,2016.0,NAICS22_job_destruction_active,-0.0,
51153,2017.0,NAICS22_job_destruction_active,177.0,
51153,2018.0,NAICS22_job_destruction_active,5.0,
51153,2019.0,NAICS22_job_destruction_active,3.0,
51510,2011.0,NAICS22_job_destruction_active,-0.0,
51510,2012.0,NAICS22_job_destruction_active,2.0,
51510,2013.0,NAICS22_job_destruction_active,13.0,
51510,2016.0,NAICS22_job_destruction_active,-0.0,
51510,2017.0,NAICS22_job_destruction_active,-0.0,
51510,2018.0,NAICS22_job_destruction_active,3.0,
51510,2019.0,NAICS22_job_destruction_active,-0.0,
51600,2011.0,NAICS22_job_destruction_active,-0.0,
51600,2015.0,NAICS22_job_destruction_active,4.0,
51600,2016.0,NAICS22_job_destruction_active,4.0,
51600,2017.0,NAICS22_job_destruction_active,1.0,
51600,2018.0,NAICS22_job_destruction_active,2.0,
51600,2019.0,NAICS22_job_destruction_active,-0.0,
51610,2017.0,NAICS22_job_destruction_active,-0.0,
51683,2017.0,NAICS22_job_destruction_active,1.0,
51041100107,2019.0,NAICS22_job_destruction_active,-0.0,
51041100403,2011.0,NAICS22_job_destruction_active,-0.0,
51041100403,2016.0,NAICS22_job_destruction_active,4.0,
51041100403,2017.0,NAICS22_job_destruction_active,-0.0,
51041100403,2019.0,NAICS22_job_destruction_active,1.0,
51041100506,2013.0,NAICS22_job_destruction_active,-0.0,
51041100812,2012.0,NAICS22_job_destruction_active,-0.0,
51041100814,2012.0,NAICS22_job_destruction_active,2.0,
51041100816,2013.0,NAICS22_job_destruction_active,-0.0,
51041100821,2018.0,NAICS22_job_destruction_active,-0.0,
51041100822,2012.0,NAICS22_job_destruction_active,-0.0,
51041100910,2013.0,NAICS22_job_destruction_active,-0.0,
51041100919,2013.0,NAICS22_job_destruction_active,-0.0,
51041100920,2011.0,NAICS22_job_destruction_active,2.0,
51041100920,2012.0,NAICS22_job_destruction_active,-0.0,
51041100924,2016.0,NAICS22_job_destruction_active,-0.0,
51041100926,2012.0,NAICS22_job_destruction_active,-0.0,
51041100927,2016.0,NAICS22_job_destruction_active,-0.0,
51041100927,2017.0,NAICS22_job_destruction_active,-0.0,
51041100928,2018.0,NAICS22_job_destruction_active,-0.0,
51041100934,2012.0,NAICS22_job_destruction_active,-0.0,
51041100935,2018.0,NAICS22_job_destruction_active,-0.0,
51041101007,2011.0,NAICS22_job_destruction_active,1.0,
51041101007,2019.0,NAICS22_job_destruction_active,-0.0,
51041101008,2014.0,NAICS22_job_destruction_active,-0.0,
51041101012,2012.0,NAICS22_job_destruction_active,-0.0,
51087200105,2013.0,NAICS22_job_destruction_active,-0.0,
51087200116,2016.0,NAICS22_job_destruction_active,-0.0,
51087200116,2017.0,NAICS22_job_destruction_active,-0.0,
51087200119,2015.0,NAICS22_job_destruction_active,1776.0,
51087200119,2016.0,NAICS22_job_destruction_active,4.0,
51087200119,2018.0,NAICS22_job_destruction_active,-0.0,
51087200121,2018.0,NAICS22_job_destruction_active,-0.0,
51087200122,2018.0,NAICS22_job_destruction_active,2.0,
51087200127,2013.0,NAICS22_job_destruction_active,-0.0,
51087200129,2019.0,NAICS22_job_destruction_active,4.0,
51087200301,2016.0,NAICS22_job_destruction_active,-0.0,
51087200303,2014.0,NAICS22_job_destruction_active,-0.0,
51087200303,2015.0,NAICS22_job_destruction_active,-0.0,
51087200305,2017.0,NAICS22_job_destruction_active,-0.0,
51087200305,2019.0,NAICS22_job_destruction_active,-0.0,
51087200501,2012.0,NAICS22_job_destruction_active,-0.0,
51087200501,2018.0,NAICS22_job_destruction_active,600.0,
51087200503,2011.0,NAICS22_job_destruction_active,-0.0,
51087200802,2014.0,NAICS22_job_destruction_active,-0.0,
51087200804,2011.0,NAICS22_job_destruction_active,-0.0,
51087200903,2012.0,NAICS22_job_destruction_active,-0.0,
51087200906,2017.0,NAICS22_job_destruction_active,-0.0,
51087201202,2011.0,NAICS22_job_destruction_active,-0.0,
51087201404,2015.0,NAICS22_job_destruction_active,1.0,
51087201404,2016.0,NAICS22_job_destruction_active,1.0,
51087201404,2017.0,NAICS22_job_destruction_active,-0.0,
51087201501,2015.0,NAICS22_job_destruction_active,3.0,
51087201501,2016.0,NAICS22_job_destruction_active,12.0,
51087201501,2019.0,NAICS22_job_destruction_active,2.0,
51087201602,2017.0,NAICS22_job_destruction_active,-0.0,
51087201701,2017.0,NAICS22_job_destruction_active,-0.0,
510411001071,2019.0,NAICS22_job_destruction_active,-0.0,
510411004033,2011.0,NAICS22_job_destruction_active,-0.0,
510411004033,2016.0,NAICS22_job_destruction_active,4.0,
510411004033,2017.0,NAICS22_job_destruction_active,-0.0,
510411004033,2019.0,NAICS22_job_destruction_active,1.0,
510411005063,2013.0,NAICS22_job_destruction_active,-0.0,
510411008121,2012.0,NAICS22_job_destruction_active,-0.0,
510411008142,2012.0,NAICS22_job_destruction_active,2.0,
510411008161,2013.0,NAICS22_job_destruction_active,-0.0,
510411008211,2018.0,NAICS22_job_destruction_active,-0.0,
510411008222,2012.0,NAICS22_job_destruction_active,-0.0,
510411009104,2013.0,NAICS22_job_destruction_active,-0.0,
510411009191,2013.0,NAICS22_job_destruction_active,-0.0,
510411009201,2011.0,NAICS22_job_destruction_active,2.0,
510411009201,2012.0,NAICS22_job_destruction_active,-0.0,
510411009241,2016.0,NAICS22_job_destruction_active,-0.0,
510411009263,2012.0,NAICS22_job_destruction_active,-0.0,
510411009271,2017.0,NAICS22_job_destruction_active,-0.0,
510411009273,2016.0,NAICS22_job_destruction_active,-0.0,
510411009282,2018.0,NAICS22_job_destruction_active,-0.0,
510411009342,2012.0,NAICS22_job_destruction_active,-0.0,
510411009351,2018.0,NAICS22_job_destruction_active,-0.0,
510411010072,2011.0,NAICS22_job_destruction_active,1.0,
510411010072,2019.0,NAICS22_job_destruction_active,-0.0,
510411010082,2014.0,NAICS22_job_destruction_active,-0.0,
510411010122,2012.0,NAICS22_job_destruction_active,-0.0,
510872001051,2013.0,NAICS22_job_destruction_active,-0.0,
510872001163,2016.0,NAICS22_job_destruction_active,-0.0,
510872001164,2017.0,NAICS22_job_destruction_active,-0.0,
510872001191,2015.0,NAICS22_job_destruction_active,1776.0,
510872001191,2016.0,NAICS22_job_destruction_active,4.0,
510872001192,2018.0,NAICS22_job_destruction_active,-0.0,
510872001213,2018.0,NAICS22_job_destruction_active,-0.0,
510872001221,2018.0,NAICS22_job_destruction_active,2.0,
510872001272,2013.0,NAICS22_job_destruction_active,-0.0,
510872001291,2019.0,NAICS22_job_destruction_active,4.0,
510872003011,2016.0,NAICS22_job_destruction_active,-0.0,
510872003032,2014.0,NAICS22_job_destruction_active,-0.0,
510872003032,2015.0,NAICS22_job_destruction_active,-0.0,
510872003051,2017.0,NAICS22_job_destruction_active,-0.0,
510872003051,2019.0,NAICS22_job_destruction_active,-0.0,
510872005012,2012.0,NAICS22_job_destruction_active,-0.0,
510872005012,2018.0,NAICS22_job_destruction_active,600.0,
510872005031,2011.0,NAICS22_job_destruction_active,-0.0,
510872008021,2014.0,NAICS22_job_destruction_active,-0.0,
510872008041,2011.0,NAICS22_job_destruction_active,-0.0,
510872009031,2012.0,NAICS22_job_destruction_active,-0.0,
510872009061,2017.0,NAICS22_job_destruction_active,-0.0,
510872012022,2011.0,NAICS22_job_destruction_active,-0.0,
510872014041,2015.0,NAICS22_job_destruction_active,1.0,
510872014041,2016.0,NAICS22_job_destruction_active,1.0,
510872014041,2017.0,NAICS22_job_destruction_active,-0.0,
510872015011,2015.0,NAICS22_job_destruction_active,3.0,
510872015011,2016.0,NAICS22_job_destruction_active,12.0,
510872015011,2019.0,NAICS22_job_destruction_active,-0.0,
510872015015,2019.0,NAICS22_job_destruction_active,2.0,
510872016022,2017.0,NAICS22_job_destruction_active,-0.0,
510872017011,2017.0,NAICS22_job_destruction_active,-0.0,
51041,2011.0,NAICS22_job_destruction_active,3.0,
51041,2012.0,NAICS22_job_destruction_active,2.0,
51041,2013.0,NAICS22_job_destruction_active,-0.0,
51041,2014.0,NAICS22_job_destruction_active,-0.0,
51041,2016.0,NAICS22_job_destruction_active,4.0,
51041,2017.0,NAICS22_job_destruction_active,-0.0,
51041,2018.0,NAICS22_job_destruction_active,-0.0,
51041,2019.0,NAICS22_job_destruction_active,1.0,
51087,2011.0,NAICS22_job_destruction_active,-0.0,
51087,2012.0,NAICS22_job_destruction_active,-0.0,
51087,2013.0,NAICS22_job_destruction_active,-0.0,
51087,2014.0,NAICS22_job_destruction_active,-0.0,
51087,2015.0,NAICS22_job_destruction_active,1780.0,
51087,2016.0,NAICS22_job_destruction_active,17.0,
51087,2017.0,NAICS22_job_destruction_active,-0.0,
51087,2018.0,NAICS22_job_destruction_active,602.0,
51087,2019.0,NAICS22_job_destruction_active,6.0,
51059415800,2018.0,NAICS22_job_destruction_active,2.0,
51059420800,2018.0,NAICS22_job_destruction_active,2.0,
51059421600,2016.0,NAICS22_job_destruction_active,2.0,
51059421600,2019.0,NAICS22_job_destruction_active,1.0,
51059440201,2015.0,NAICS22_job_destruction_active,27.0,
51059440201,2016.0,NAICS22_job_destruction_active,14.0,
51059440201,2017.0,NAICS22_job_destruction_active,12.0,
51059450100,2019.0,NAICS22_job_destruction_active,4.0,
51059450601,2018.0,NAICS22_job_destruction_active,2.0,
51059451502,2016.0,NAICS22_job_destruction_active,2.0,
51059452600,2019.0,NAICS22_job_destruction_active,2.0,
51059460501,2016.0,NAICS22_job_destruction_active,41.0,
51059461601,2019.0,NAICS22_job_destruction_active,6.0,
51059470300,2019.0,NAICS22_job_destruction_active,3.0,
51059480202,2019.0,NAICS22_job_destruction_active,3.0,
51059480300,2014.0,NAICS22_job_destruction_active,-0.0,
51059482203,2017.0,NAICS22_job_destruction_active,5.0,
510594158002,2018.0,NAICS22_job_destruction_active,2.0,
510594208003,2018.0,NAICS22_job_destruction_active,2.0,
510594216001,2016.0,NAICS22_job_destruction_active,2.0,
510594216001,2019.0,NAICS22_job_destruction_active,1.0,
510594402011,2015.0,NAICS22_job_destruction_active,27.0,
510594402011,2016.0,NAICS22_job_destruction_active,14.0,
510594402011,2017.0,NAICS22_job_destruction_active,12.0,
510594501003,2019.0,NAICS22_job_destruction_active,4.0,
510594506014,2018.0,NAICS22_job_destruction_active,2.0,
510594515022,2016.0,NAICS22_job_destruction_active,2.0,
510594526001,2019.0,NAICS22_job_destruction_active,2.0,
510594605011,2016.0,NAICS22_job_destruction_active,41.0,
510594616012,2019.0,NAICS22_job_destruction_active,6.0,
510594703002,2019.0,NAICS22_job_destruction_active,3.0,
510594802022,2019.0,NAICS22_job_destruction_active,3.0,
510594803001,2014.0,NAICS22_job_destruction_active,-0.0,
510594822031,2017.0,NAICS22_job_destruction_active,5.0,
51059,2014.0,NAICS22_job_destruction_active,-0.0,
51059,2015.0,NAICS22_job_destruction_active,27.0,
51059,2016.0,NAICS22_job_destruction_active,59.0,
51059,2017.0,NAICS22_job_destruction_active,17.0,
51059,2018.0,NAICS22_job_destruction_active,6.0,
51059,2019.0,NAICS22_job_destruction_active,19.0,
