geoid,year,measure,value,moe
11001000100,2014.0,NAICS21_total_job_destruction,5.0,
11001000801,2012.0,NAICS21_total_job_destruction,1.0,
11001004400,2016.0,NAICS21_total_job_destruction,2.0,
11001004702,2018.0,NAICS21_total_job_destruction,3.0,
11001005500,2014.0,NAICS21_total_job_destruction,0.0,
11001005800,2011.0,NAICS21_total_job_destruction,0.0,
11001005800,2013.0,NAICS21_total_job_destruction,2.0,
11001005900,2010.0,NAICS21_total_job_destruction,1.0,
11001006202,2019.0,NAICS21_total_job_destruction,2.0,
11001008803,2011.0,NAICS21_total_job_destruction,2.0,
11001010700,2010.0,NAICS21_total_job_destruction,1.0,
11001010700,2011.0,NAICS21_total_job_destruction,4.0,
11001010700,2012.0,NAICS21_total_job_destruction,4.0,
11001010700,2014.0,NAICS21_total_job_destruction,15.0,
11001010700,2015.0,NAICS21_total_job_destruction,27.0,
11001010700,2016.0,NAICS21_total_job_destruction,112.0,
11001010700,2017.0,NAICS21_total_job_destruction,5.0,
11001010700,2019.0,NAICS21_total_job_destruction,1.0,
11001011100,2012.0,NAICS21_total_job_destruction,1.0,
11001011100,2013.0,NAICS21_total_job_destruction,0.0,
24017850102,2012.0,NAICS21_total_job_destruction,2.0,
24017850500,2016.0,NAICS21_total_job_destruction,1.0,
24017850710,2018.0,NAICS21_total_job_destruction,5.0,
24017850711,2012.0,NAICS21_total_job_destruction,2.0,
24017850712,2016.0,NAICS21_total_job_destruction,1.0,
24017851200,2014.0,NAICS21_total_job_destruction,2.0,
24017851500,2017.0,NAICS21_total_job_destruction,2.0,
24021751701,2010.0,NAICS21_total_job_destruction,0.0,
24021751701,2012.0,NAICS21_total_job_destruction,80.0,
24021751701,2013.0,NAICS21_total_job_destruction,0.0,
24021752601,2012.0,NAICS21_total_job_destruction,2.0,
24021752603,2019.0,NAICS21_total_job_destruction,1.0,
24021775600,2013.0,NAICS21_total_job_destruction,2.0,
24031700205,2017.0,NAICS21_total_job_destruction,3.0,
24031700208,2015.0,NAICS21_total_job_destruction,2.0,
24031700304,2012.0,NAICS21_total_job_destruction,3.0,
24031700400,2019.0,NAICS21_total_job_destruction,3.0,
24031700500,2013.0,NAICS21_total_job_destruction,0.0,
24031700604,2013.0,NAICS21_total_job_destruction,1.0,
24031700818,2016.0,NAICS21_total_job_destruction,2.0,
24031700826,2011.0,NAICS21_total_job_destruction,2.0,
24031700832,2017.0,NAICS21_total_job_destruction,4.0,
24031700833,2011.0,NAICS21_total_job_destruction,4.0,
24031700901,2012.0,NAICS21_total_job_destruction,2.0,
24031700901,2014.0,NAICS21_total_job_destruction,2.0,
24031701213,2012.0,NAICS21_total_job_destruction,2.0,
24031701317,2017.0,NAICS21_total_job_destruction,2.0,
24031701415,2012.0,NAICS21_total_job_destruction,2.0,
24031701417,2016.0,NAICS21_total_job_destruction,4.0,
24031701507,2016.0,NAICS21_total_job_destruction,20.0,
24031701509,2014.0,NAICS21_total_job_destruction,10.0,
24031701800,2018.0,NAICS21_total_job_destruction,2.0,
24031702500,2017.0,NAICS21_total_job_destruction,10.0,
24031702500,2018.0,NAICS21_total_job_destruction,2.0,
24031702700,2016.0,NAICS21_total_job_destruction,2.0,
24031702700,2017.0,NAICS21_total_job_destruction,1.0,
24031703210,2016.0,NAICS21_total_job_destruction,2.0,
24031703210,2017.0,NAICS21_total_job_destruction,4.0,
24031703210,2019.0,NAICS21_total_job_destruction,2.0,
24031703301,2014.0,NAICS21_total_job_destruction,2.0,
24031704404,2012.0,NAICS21_total_job_destruction,1.0,
24031705100,2016.0,NAICS21_total_job_destruction,2.0,
24031705800,2017.0,NAICS21_total_job_destruction,3.0,
24033800211,2012.0,NAICS21_total_job_destruction,15.0,
24033800507,2011.0,NAICS21_total_job_destruction,8.0,
24033800507,2017.0,NAICS21_total_job_destruction,7.0,
24033800607,2014.0,NAICS21_total_job_destruction,2.0,
24033800608,2017.0,NAICS21_total_job_destruction,2.0,
24033800707,2018.0,NAICS21_total_job_destruction,2.0,
24033801003,2012.0,NAICS21_total_job_destruction,3.0,
24033801310,2019.0,NAICS21_total_job_destruction,1.0,
24033801312,2010.0,NAICS21_total_job_destruction,2.0,
24033802201,2014.0,NAICS21_total_job_destruction,2.0,
24033802405,2013.0,NAICS21_total_job_destruction,1.0,
24033803520,2013.0,NAICS21_total_job_destruction,2.0,
24033805500,2019.0,NAICS21_total_job_destruction,5.0,
24033805802,2013.0,NAICS21_total_job_destruction,2.0,
24033806708,2012.0,NAICS21_total_job_destruction,2.0,
24033806710,2018.0,NAICS21_total_job_destruction,2.0,
24033806900,2016.0,NAICS21_total_job_destruction,2.0,
24033807000,2013.0,NAICS21_total_job_destruction,2.0,
24033807000,2015.0,NAICS21_total_job_destruction,1.0,
24033807000,2017.0,NAICS21_total_job_destruction,6.0,
51013100900,2010.0,NAICS21_total_job_destruction,1.0,
51013101401,2016.0,NAICS21_total_job_destruction,30.0,
51013101403,2012.0,NAICS21_total_job_destruction,0.0,
51013102001,2014.0,NAICS21_total_job_destruction,2.0,
51013102302,2011.0,NAICS21_total_job_destruction,0.0,
51013103402,2011.0,NAICS21_total_job_destruction,0.0,
51059415700,2012.0,NAICS21_total_job_destruction,2.0,
51059416100,2015.0,NAICS21_total_job_destruction,2.0,
51059421001,2017.0,NAICS21_total_job_destruction,2.0,
51059422000,2013.0,NAICS21_total_job_destruction,5.0,
51059422000,2014.0,NAICS21_total_job_destruction,3.0,
51059422401,2015.0,NAICS21_total_job_destruction,1.0,
51059431900,2012.0,NAICS21_total_job_destruction,2.0,
51059440201,2011.0,NAICS21_total_job_destruction,35.0,
51059440201,2015.0,NAICS21_total_job_destruction,9.0,
51059450300,2012.0,NAICS21_total_job_destruction,2.0,
51059460100,2017.0,NAICS21_total_job_destruction,5.0,
51059460200,2014.0,NAICS21_total_job_destruction,2.0,
51059460501,2011.0,NAICS21_total_job_destruction,2.0,
51059460900,2015.0,NAICS21_total_job_destruction,1.0,
51059460900,2016.0,NAICS21_total_job_destruction,2.0,
51059460900,2017.0,NAICS21_total_job_destruction,1.0,
51059460900,2018.0,NAICS21_total_job_destruction,1.0,
51059470500,2016.0,NAICS21_total_job_destruction,2.0,
51059470600,2017.0,NAICS21_total_job_destruction,5.0,
51059470800,2017.0,NAICS21_total_job_destruction,2.0,
51059470900,2017.0,NAICS21_total_job_destruction,7.0,
51059471100,2012.0,NAICS21_total_job_destruction,2.0,
51059480201,2013.0,NAICS21_total_job_destruction,2.0,
51059480202,2015.0,NAICS21_total_job_destruction,1.0,
51059481600,2014.0,NAICS21_total_job_destruction,2.0,
51059482201,2019.0,NAICS21_total_job_destruction,5.0,
51059482503,2014.0,NAICS21_total_job_destruction,1.0,
51059490103,2016.0,NAICS21_total_job_destruction,2.0,
51059490103,2017.0,NAICS21_total_job_destruction,2.0,
51059491802,2015.0,NAICS21_total_job_destruction,2.0,
51059491802,2019.0,NAICS21_total_job_destruction,1.0,
51107610101,2014.0,NAICS21_total_job_destruction,2.0,
51107610300,2016.0,NAICS21_total_job_destruction,2.0,
51107610507,2018.0,NAICS21_total_job_destruction,2.0,
51107610507,2019.0,NAICS21_total_job_destruction,7.0,
51107610601,2016.0,NAICS21_total_job_destruction,1.0,
51107610800,2019.0,NAICS21_total_job_destruction,1.0,
51107611204,2014.0,NAICS21_total_job_destruction,2.0,
51107611806,2014.0,NAICS21_total_job_destruction,3.0,
51107611806,2016.0,NAICS21_total_job_destruction,7.0,
51107611900,2010.0,NAICS21_total_job_destruction,1.0,
51107611900,2017.0,NAICS21_total_job_destruction,2.0,
51153900407,2012.0,NAICS21_total_job_destruction,2.0,
51153900409,2015.0,NAICS21_total_job_destruction,1.0,
51153900409,2017.0,NAICS21_total_job_destruction,3.0,
51153901409,2014.0,NAICS21_total_job_destruction,1.0,
51153901410,2011.0,NAICS21_total_job_destruction,2.0,
51153901417,2018.0,NAICS21_total_job_destruction,2.0,
51153901602,2012.0,NAICS21_total_job_destruction,2.0,
51510200405,2016.0,NAICS21_total_job_destruction,10.0,
51510201500,2017.0,NAICS21_total_job_destruction,2.0,
51510201900,2012.0,NAICS21_total_job_destruction,1.0,
51510201900,2013.0,NAICS21_total_job_destruction,0.0,
51510201900,2014.0,NAICS21_total_job_destruction,1.0,
51510201900,2017.0,NAICS21_total_job_destruction,1.0,
51600300400,2013.0,NAICS21_total_job_destruction,2.0,
51600300500,2019.0,NAICS21_total_job_destruction,6.0,
51610500300,2017.0,NAICS21_total_job_destruction,3.0,
51683910402,2013.0,NAICS21_total_job_destruction,3.0,
110010001001,2014.0,NAICS21_total_job_destruction,2.0,
110010001004,2014.0,NAICS21_total_job_destruction,3.0,
110010008011,2012.0,NAICS21_total_job_destruction,1.0,
110010044002,2016.0,NAICS21_total_job_destruction,2.0,
110010047021,2018.0,NAICS21_total_job_destruction,3.0,
110010055002,2014.0,NAICS21_total_job_destruction,0.0,
110010058001,2011.0,NAICS21_total_job_destruction,0.0,
110010058001,2013.0,NAICS21_total_job_destruction,2.0,
110010059001,2010.0,NAICS21_total_job_destruction,1.0,
110010062021,2019.0,NAICS21_total_job_destruction,2.0,
110010088031,2011.0,NAICS21_total_job_destruction,2.0,
110010107001,2010.0,NAICS21_total_job_destruction,1.0,
110010107001,2011.0,NAICS21_total_job_destruction,4.0,
110010107001,2012.0,NAICS21_total_job_destruction,4.0,
110010107001,2014.0,NAICS21_total_job_destruction,15.0,
110010107001,2015.0,NAICS21_total_job_destruction,25.0,
110010107001,2016.0,NAICS21_total_job_destruction,107.0,
110010107002,2015.0,NAICS21_total_job_destruction,2.0,
110010107002,2016.0,NAICS21_total_job_destruction,5.0,
110010107002,2017.0,NAICS21_total_job_destruction,5.0,
110010107002,2019.0,NAICS21_total_job_destruction,1.0,
110010111001,2012.0,NAICS21_total_job_destruction,1.0,
110010111001,2013.0,NAICS21_total_job_destruction,0.0,
240178501021,2012.0,NAICS21_total_job_destruction,2.0,
240178505002,2016.0,NAICS21_total_job_destruction,1.0,
240178507101,2018.0,NAICS21_total_job_destruction,5.0,
240178507111,2012.0,NAICS21_total_job_destruction,2.0,
240178507121,2016.0,NAICS21_total_job_destruction,1.0,
240178512003,2014.0,NAICS21_total_job_destruction,2.0,
240178515003,2017.0,NAICS21_total_job_destruction,2.0,
240217517011,2010.0,NAICS21_total_job_destruction,0.0,
240217517011,2012.0,NAICS21_total_job_destruction,80.0,
240217517011,2013.0,NAICS21_total_job_destruction,0.0,
240217526012,2012.0,NAICS21_total_job_destruction,2.0,
240217526033,2019.0,NAICS21_total_job_destruction,1.0,
240217756002,2013.0,NAICS21_total_job_destruction,2.0,
240317002053,2017.0,NAICS21_total_job_destruction,3.0,
240317002082,2015.0,NAICS21_total_job_destruction,2.0,
240317003041,2012.0,NAICS21_total_job_destruction,3.0,
240317004002,2019.0,NAICS21_total_job_destruction,3.0,
240317005001,2013.0,NAICS21_total_job_destruction,0.0,
240317006041,2013.0,NAICS21_total_job_destruction,1.0,
240317008182,2016.0,NAICS21_total_job_destruction,2.0,
240317008261,2011.0,NAICS21_total_job_destruction,2.0,
240317008321,2017.0,NAICS21_total_job_destruction,4.0,
240317008332,2011.0,NAICS21_total_job_destruction,4.0,
240317009011,2012.0,NAICS21_total_job_destruction,2.0,
240317009012,2014.0,NAICS21_total_job_destruction,2.0,
240317012131,2012.0,NAICS21_total_job_destruction,2.0,
240317013173,2017.0,NAICS21_total_job_destruction,2.0,
240317014155,2012.0,NAICS21_total_job_destruction,2.0,
240317014171,2016.0,NAICS21_total_job_destruction,4.0,
240317015071,2016.0,NAICS21_total_job_destruction,20.0,
240317015091,2014.0,NAICS21_total_job_destruction,10.0,
240317018001,2018.0,NAICS21_total_job_destruction,2.0,
240317025002,2017.0,NAICS21_total_job_destruction,10.0,
240317025004,2018.0,NAICS21_total_job_destruction,2.0,
240317027001,2016.0,NAICS21_total_job_destruction,2.0,
240317027001,2017.0,NAICS21_total_job_destruction,1.0,
240317032101,2016.0,NAICS21_total_job_destruction,2.0,
240317032101,2017.0,NAICS21_total_job_destruction,4.0,
240317032101,2019.0,NAICS21_total_job_destruction,2.0,
240317033014,2014.0,NAICS21_total_job_destruction,2.0,
240317044041,2012.0,NAICS21_total_job_destruction,1.0,
240317051002,2016.0,NAICS21_total_job_destruction,2.0,
240317058002,2017.0,NAICS21_total_job_destruction,3.0,
240338002111,2012.0,NAICS21_total_job_destruction,15.0,
240338005071,2017.0,NAICS21_total_job_destruction,7.0,
240338005072,2011.0,NAICS21_total_job_destruction,8.0,
240338006071,2014.0,NAICS21_total_job_destruction,2.0,
240338006082,2017.0,NAICS21_total_job_destruction,2.0,
240338007071,2018.0,NAICS21_total_job_destruction,2.0,
240338010032,2012.0,NAICS21_total_job_destruction,3.0,
240338013101,2019.0,NAICS21_total_job_destruction,1.0,
240338013122,2010.0,NAICS21_total_job_destruction,2.0,
240338022012,2014.0,NAICS21_total_job_destruction,2.0,
240338024051,2013.0,NAICS21_total_job_destruction,1.0,
240338035203,2013.0,NAICS21_total_job_destruction,2.0,
240338055002,2019.0,NAICS21_total_job_destruction,5.0,
240338058021,2013.0,NAICS21_total_job_destruction,2.0,
240338067081,2012.0,NAICS21_total_job_destruction,2.0,
240338067102,2018.0,NAICS21_total_job_destruction,2.0,
240338069002,2016.0,NAICS21_total_job_destruction,2.0,
240338070002,2013.0,NAICS21_total_job_destruction,2.0,
240338070003,2015.0,NAICS21_total_job_destruction,1.0,
240338070003,2017.0,NAICS21_total_job_destruction,6.0,
510131009001,2010.0,NAICS21_total_job_destruction,1.0,
510131014011,2016.0,NAICS21_total_job_destruction,30.0,
510131014031,2012.0,NAICS21_total_job_destruction,0.0,
510131020012,2014.0,NAICS21_total_job_destruction,2.0,
510131023023,2011.0,NAICS21_total_job_destruction,0.0,
510131034024,2011.0,NAICS21_total_job_destruction,0.0,
510594157002,2012.0,NAICS21_total_job_destruction,2.0,
510594161001,2015.0,NAICS21_total_job_destruction,2.0,
510594210011,2017.0,NAICS21_total_job_destruction,2.0,
510594220001,2013.0,NAICS21_total_job_destruction,5.0,
510594220001,2014.0,NAICS21_total_job_destruction,3.0,
510594224012,2015.0,NAICS21_total_job_destruction,1.0,
510594319001,2012.0,NAICS21_total_job_destruction,2.0,
510594402011,2011.0,NAICS21_total_job_destruction,35.0,
510594402011,2015.0,NAICS21_total_job_destruction,9.0,
510594503003,2012.0,NAICS21_total_job_destruction,2.0,
510594601003,2017.0,NAICS21_total_job_destruction,5.0,
510594602002,2014.0,NAICS21_total_job_destruction,2.0,
510594605011,2011.0,NAICS21_total_job_destruction,2.0,
510594609001,2015.0,NAICS21_total_job_destruction,1.0,
510594609001,2016.0,NAICS21_total_job_destruction,2.0,
510594609001,2017.0,NAICS21_total_job_destruction,1.0,
510594609001,2018.0,NAICS21_total_job_destruction,1.0,
510594705004,2016.0,NAICS21_total_job_destruction,2.0,
510594706002,2017.0,NAICS21_total_job_destruction,5.0,
510594708002,2017.0,NAICS21_total_job_destruction,2.0,
510594709002,2017.0,NAICS21_total_job_destruction,2.0,
510594709003,2017.0,NAICS21_total_job_destruction,5.0,
510594711001,2012.0,NAICS21_total_job_destruction,2.0,
510594802013,2013.0,NAICS21_total_job_destruction,2.0,
510594802022,2015.0,NAICS21_total_job_destruction,1.0,
510594816002,2014.0,NAICS21_total_job_destruction,2.0,
510594822011,2019.0,NAICS21_total_job_destruction,5.0,
510594825031,2014.0,NAICS21_total_job_destruction,1.0,
510594901031,2016.0,NAICS21_total_job_destruction,2.0,
510594901031,2017.0,NAICS21_total_job_destruction,2.0,
510594918021,2015.0,NAICS21_total_job_destruction,2.0,
510594918021,2019.0,NAICS21_total_job_destruction,1.0,
511076101011,2014.0,NAICS21_total_job_destruction,2.0,
511076103003,2016.0,NAICS21_total_job_destruction,2.0,
511076105071,2019.0,NAICS21_total_job_destruction,7.0,
511076105073,2018.0,NAICS21_total_job_destruction,2.0,
511076106013,2016.0,NAICS21_total_job_destruction,1.0,
511076108002,2019.0,NAICS21_total_job_destruction,1.0,
511076112042,2014.0,NAICS21_total_job_destruction,2.0,
511076118061,2014.0,NAICS21_total_job_destruction,3.0,
511076118062,2016.0,NAICS21_total_job_destruction,7.0,
511076119001,2010.0,NAICS21_total_job_destruction,1.0,
511076119001,2017.0,NAICS21_total_job_destruction,2.0,
511539004073,2012.0,NAICS21_total_job_destruction,2.0,
511539004092,2015.0,NAICS21_total_job_destruction,1.0,
511539004092,2017.0,NAICS21_total_job_destruction,3.0,
511539014092,2014.0,NAICS21_total_job_destruction,1.0,
511539014101,2011.0,NAICS21_total_job_destruction,2.0,
511539014172,2018.0,NAICS21_total_job_destruction,2.0,
511539016022,2012.0,NAICS21_total_job_destruction,2.0,
515102004054,2016.0,NAICS21_total_job_destruction,10.0,
515102015001,2017.0,NAICS21_total_job_destruction,2.0,
515102019001,2012.0,NAICS21_total_job_destruction,1.0,
515102019001,2013.0,NAICS21_total_job_destruction,0.0,
515102019001,2014.0,NAICS21_total_job_destruction,1.0,
515102019001,2017.0,NAICS21_total_job_destruction,1.0,
516003004001,2013.0,NAICS21_total_job_destruction,2.0,
516003005001,2019.0,NAICS21_total_job_destruction,6.0,
516105003001,2017.0,NAICS21_total_job_destruction,3.0,
516839104023,2013.0,NAICS21_total_job_destruction,3.0,
11001,2010.0,NAICS21_total_job_destruction,2.0,
11001,2011.0,NAICS21_total_job_destruction,6.0,
11001,2012.0,NAICS21_total_job_destruction,6.0,
11001,2013.0,NAICS21_total_job_destruction,2.0,
11001,2014.0,NAICS21_total_job_destruction,20.0,
11001,2015.0,NAICS21_total_job_destruction,27.0,
11001,2016.0,NAICS21_total_job_destruction,114.0,
11001,2017.0,NAICS21_total_job_destruction,5.0,
11001,2018.0,NAICS21_total_job_destruction,3.0,
11001,2019.0,NAICS21_total_job_destruction,3.0,
24017,2012.0,NAICS21_total_job_destruction,4.0,
24017,2014.0,NAICS21_total_job_destruction,2.0,
24017,2016.0,NAICS21_total_job_destruction,2.0,
24017,2017.0,NAICS21_total_job_destruction,2.0,
24017,2018.0,NAICS21_total_job_destruction,5.0,
24021,2010.0,NAICS21_total_job_destruction,0.0,
24021,2012.0,NAICS21_total_job_destruction,82.0,
24021,2013.0,NAICS21_total_job_destruction,2.0,
24021,2019.0,NAICS21_total_job_destruction,1.0,
24031,2011.0,NAICS21_total_job_destruction,6.0,
24031,2012.0,NAICS21_total_job_destruction,10.0,
24031,2013.0,NAICS21_total_job_destruction,1.0,
24031,2014.0,NAICS21_total_job_destruction,14.0,
24031,2015.0,NAICS21_total_job_destruction,2.0,
24031,2016.0,NAICS21_total_job_destruction,32.0,
24031,2017.0,NAICS21_total_job_destruction,27.0,
24031,2018.0,NAICS21_total_job_destruction,4.0,
24031,2019.0,NAICS21_total_job_destruction,5.0,
24033,2010.0,NAICS21_total_job_destruction,2.0,
24033,2011.0,NAICS21_total_job_destruction,8.0,
24033,2012.0,NAICS21_total_job_destruction,20.0,
24033,2013.0,NAICS21_total_job_destruction,7.0,
24033,2014.0,NAICS21_total_job_destruction,4.0,
24033,2015.0,NAICS21_total_job_destruction,1.0,
24033,2016.0,NAICS21_total_job_destruction,2.0,
24033,2017.0,NAICS21_total_job_destruction,15.0,
24033,2018.0,NAICS21_total_job_destruction,4.0,
24033,2019.0,NAICS21_total_job_destruction,6.0,
51013,2010.0,NAICS21_total_job_destruction,1.0,
51013,2011.0,NAICS21_total_job_destruction,0.0,
51013,2012.0,NAICS21_total_job_destruction,0.0,
51013,2014.0,NAICS21_total_job_destruction,2.0,
51013,2016.0,NAICS21_total_job_destruction,30.0,
51059,2011.0,NAICS21_total_job_destruction,37.0,
51059,2012.0,NAICS21_total_job_destruction,8.0,
51059,2013.0,NAICS21_total_job_destruction,7.0,
51059,2014.0,NAICS21_total_job_destruction,8.0,
51059,2015.0,NAICS21_total_job_destruction,16.0,
51059,2016.0,NAICS21_total_job_destruction,6.0,
51059,2017.0,NAICS21_total_job_destruction,24.0,
51059,2018.0,NAICS21_total_job_destruction,1.0,
51059,2019.0,NAICS21_total_job_destruction,6.0,
51107,2010.0,NAICS21_total_job_destruction,1.0,
51107,2014.0,NAICS21_total_job_destruction,7.0,
51107,2016.0,NAICS21_total_job_destruction,10.0,
51107,2017.0,NAICS21_total_job_destruction,2.0,
51107,2018.0,NAICS21_total_job_destruction,2.0,
51107,2019.0,NAICS21_total_job_destruction,8.0,
51153,2011.0,NAICS21_total_job_destruction,2.0,
51153,2012.0,NAICS21_total_job_destruction,4.0,
51153,2014.0,NAICS21_total_job_destruction,1.0,
51153,2015.0,NAICS21_total_job_destruction,1.0,
51153,2017.0,NAICS21_total_job_destruction,3.0,
51153,2018.0,NAICS21_total_job_destruction,2.0,
51510,2012.0,NAICS21_total_job_destruction,1.0,
51510,2013.0,NAICS21_total_job_destruction,0.0,
51510,2014.0,NAICS21_total_job_destruction,1.0,
51510,2016.0,NAICS21_total_job_destruction,10.0,
51510,2017.0,NAICS21_total_job_destruction,3.0,
51600,2013.0,NAICS21_total_job_destruction,2.0,
51600,2019.0,NAICS21_total_job_destruction,6.0,
51610,2017.0,NAICS21_total_job_destruction,3.0,
51683,2013.0,NAICS21_total_job_destruction,3.0,
51041100107,2015.0,NAICS21_total_job_destruction,2.0,
51041100703,2012.0,NAICS21_total_job_destruction,1.0,
51041100812,2015.0,NAICS21_total_job_destruction,2.0,
51041100926,2013.0,NAICS21_total_job_destruction,1.0,
51041100926,2018.0,NAICS21_total_job_destruction,2.0,
51041100934,2018.0,NAICS21_total_job_destruction,7.0,
51087200108,2017.0,NAICS21_total_job_destruction,5.0,
51087200128,2013.0,NAICS21_total_job_destruction,190.0,
51087200303,2015.0,NAICS21_total_job_destruction,2.0,
51087200303,2016.0,NAICS21_total_job_destruction,1.0,
51087200303,2017.0,NAICS21_total_job_destruction,2.0,
51087200303,2018.0,NAICS21_total_job_destruction,2.0,
51087200805,2012.0,NAICS21_total_job_destruction,25.0,
510411001071,2015.0,NAICS21_total_job_destruction,2.0,
510411007032,2012.0,NAICS21_total_job_destruction,1.0,
510411008123,2015.0,NAICS21_total_job_destruction,2.0,
510411009262,2013.0,NAICS21_total_job_destruction,1.0,
510411009262,2018.0,NAICS21_total_job_destruction,2.0,
510411009343,2018.0,NAICS21_total_job_destruction,7.0,
510872001082,2017.0,NAICS21_total_job_destruction,5.0,
510872001282,2013.0,NAICS21_total_job_destruction,190.0,
510872003032,2015.0,NAICS21_total_job_destruction,2.0,
510872003032,2016.0,NAICS21_total_job_destruction,1.0,
510872003032,2017.0,NAICS21_total_job_destruction,2.0,
510872003032,2018.0,NAICS21_total_job_destruction,2.0,
510872008052,2012.0,NAICS21_total_job_destruction,25.0,
51041,2012.0,NAICS21_total_job_destruction,1.0,
51041,2013.0,NAICS21_total_job_destruction,1.0,
51041,2015.0,NAICS21_total_job_destruction,4.0,
51041,2018.0,NAICS21_total_job_destruction,9.0,
51087,2012.0,NAICS21_total_job_destruction,25.0,
51087,2013.0,NAICS21_total_job_destruction,190.0,
51087,2015.0,NAICS21_total_job_destruction,2.0,
51087,2016.0,NAICS21_total_job_destruction,1.0,
51087,2017.0,NAICS21_total_job_destruction,7.0,
51087,2018.0,NAICS21_total_job_destruction,2.0,
51059422000,2014.0,NAICS21_total_job_destruction,3.0,
51059460900,2015.0,NAICS21_total_job_destruction,1.0,
51059460900,2016.0,NAICS21_total_job_destruction,2.0,
51059460900,2017.0,NAICS21_total_job_destruction,1.0,
51059460900,2018.0,NAICS21_total_job_destruction,1.0,
51059470600,2017.0,NAICS21_total_job_destruction,5.0,
51059470900,2017.0,NAICS21_total_job_destruction,5.0,
51059480202,2015.0,NAICS21_total_job_destruction,1.0,
51059482201,2019.0,NAICS21_total_job_destruction,5.0,
51059491802,2015.0,NAICS21_total_job_destruction,2.0,
51059491802,2019.0,NAICS21_total_job_destruction,1.0,
510594220001,2014.0,NAICS21_total_job_destruction,3.0,
510594609001,2015.0,NAICS21_total_job_destruction,1.0,
510594609001,2016.0,NAICS21_total_job_destruction,2.0,
510594609001,2017.0,NAICS21_total_job_destruction,1.0,
510594609001,2018.0,NAICS21_total_job_destruction,1.0,
510594706002,2017.0,NAICS21_total_job_destruction,5.0,
510594709003,2017.0,NAICS21_total_job_destruction,5.0,
510594802022,2015.0,NAICS21_total_job_destruction,1.0,
510594822011,2019.0,NAICS21_total_job_destruction,5.0,
510594918021,2015.0,NAICS21_total_job_destruction,2.0,
510594918021,2019.0,NAICS21_total_job_destruction,1.0,
51059,2014.0,NAICS21_total_job_destruction,3.0,
51059,2015.0,NAICS21_total_job_destruction,4.0,
51059,2016.0,NAICS21_total_job_destruction,2.0,
51059,2017.0,NAICS21_total_job_destruction,11.0,
51059,2018.0,NAICS21_total_job_destruction,1.0,
51059,2019.0,NAICS21_total_job_destruction,6.0,
