geoid,year,measure,value,moe
11001,2010.0,NAICS61_Herfindalh_Hirschman_index,712.52,
11001,2011.0,NAICS61_Herfindalh_Hirschman_index,600.56,
11001,2012.0,NAICS61_Herfindalh_Hirschman_index,614.34,
11001,2013.0,NAICS61_Herfindalh_Hirschman_index,617.27,
11001,2014.0,NAICS61_Herfindalh_Hirschman_index,607.56,
11001,2015.0,NAICS61_Herfindalh_Hirschman_index,576.96,
11001,2016.0,NAICS61_Herfindalh_Hirschman_index,545.64,
11001,2017.0,NAICS61_Herfindalh_Hirschman_index,501.26,
11001,2018.0,NAICS61_Herfindalh_Hirschman_index,464.78,
11001,2019.0,NAICS61_Herfindalh_Hirschman_index,357.71,
11001,2020.0,NAICS61_Herfindalh_Hirschman_index,358.92,
24017,2011.0,NAICS61_Herfindalh_Hirschman_index,1421.1,
24017,2012.0,NAICS61_Herfindalh_Hirschman_index,1380.14,
24017,2013.0,NAICS61_Herfindalh_Hirschman_index,1535.06,
24017,2014.0,NAICS61_Herfindalh_Hirschman_index,1521.08,
24017,2015.0,NAICS61_Herfindalh_Hirschman_index,1206.57,
24017,2016.0,NAICS61_Herfindalh_Hirschman_index,1278.45,
24017,2017.0,NAICS61_Herfindalh_Hirschman_index,1143.62,
24017,2018.0,NAICS61_Herfindalh_Hirschman_index,4646.07,
24017,2019.0,NAICS61_Herfindalh_Hirschman_index,1041.16,
24017,2020.0,NAICS61_Herfindalh_Hirschman_index,1042.35,
24021,2010.0,NAICS61_Herfindalh_Hirschman_index,246.08,
24021,2011.0,NAICS61_Herfindalh_Hirschman_index,1586.87,
24021,2012.0,NAICS61_Herfindalh_Hirschman_index,1514.9,
24021,2013.0,NAICS61_Herfindalh_Hirschman_index,1527.24,
24021,2014.0,NAICS61_Herfindalh_Hirschman_index,1449.88,
24021,2015.0,NAICS61_Herfindalh_Hirschman_index,1571.76,
24021,2016.0,NAICS61_Herfindalh_Hirschman_index,1566.85,
24021,2017.0,NAICS61_Herfindalh_Hirschman_index,986.3,
24021,2018.0,NAICS61_Herfindalh_Hirschman_index,958.95,
24021,2019.0,NAICS61_Herfindalh_Hirschman_index,927.23,
24021,2020.0,NAICS61_Herfindalh_Hirschman_index,941.86,
24031,2010.0,NAICS61_Herfindalh_Hirschman_index,694.06,
24031,2011.0,NAICS61_Herfindalh_Hirschman_index,141.45,
24031,2012.0,NAICS61_Herfindalh_Hirschman_index,178.97,
24031,2013.0,NAICS61_Herfindalh_Hirschman_index,184.46,
24031,2014.0,NAICS61_Herfindalh_Hirschman_index,179.92,
24031,2015.0,NAICS61_Herfindalh_Hirschman_index,743.38,
24031,2016.0,NAICS61_Herfindalh_Hirschman_index,127.38,
24031,2017.0,NAICS61_Herfindalh_Hirschman_index,119.01,
24031,2018.0,NAICS61_Herfindalh_Hirschman_index,113.86,
24031,2019.0,NAICS61_Herfindalh_Hirschman_index,113.18,
24031,2020.0,NAICS61_Herfindalh_Hirschman_index,115.6,
24033,2010.0,NAICS61_Herfindalh_Hirschman_index,95.24,
24033,2011.0,NAICS61_Herfindalh_Hirschman_index,140.6,
24033,2012.0,NAICS61_Herfindalh_Hirschman_index,145.25,
24033,2013.0,NAICS61_Herfindalh_Hirschman_index,145.59,
24033,2014.0,NAICS61_Herfindalh_Hirschman_index,145.43,
24033,2015.0,NAICS61_Herfindalh_Hirschman_index,94.62,
24033,2016.0,NAICS61_Herfindalh_Hirschman_index,88.03,
24033,2017.0,NAICS61_Herfindalh_Hirschman_index,435.97,
24033,2018.0,NAICS61_Herfindalh_Hirschman_index,445.4,
24033,2019.0,NAICS61_Herfindalh_Hirschman_index,445.62,
24033,2020.0,NAICS61_Herfindalh_Hirschman_index,211.41,
51013,2010.0,NAICS61_Herfindalh_Hirschman_index,1985.24,
51013,2011.0,NAICS61_Herfindalh_Hirschman_index,1965.7,
51013,2012.0,NAICS61_Herfindalh_Hirschman_index,2314.1,
51013,2013.0,NAICS61_Herfindalh_Hirschman_index,2290.6,
51013,2014.0,NAICS61_Herfindalh_Hirschman_index,2286.05,
51013,2015.0,NAICS61_Herfindalh_Hirschman_index,1950.61,
51013,2016.0,NAICS61_Herfindalh_Hirschman_index,1934.54,
51013,2017.0,NAICS61_Herfindalh_Hirschman_index,1848.74,
51013,2018.0,NAICS61_Herfindalh_Hirschman_index,1715.57,
51013,2019.0,NAICS61_Herfindalh_Hirschman_index,1631.16,
51013,2020.0,NAICS61_Herfindalh_Hirschman_index,1619.35,
51059,2010.0,NAICS61_Herfindalh_Hirschman_index,49.11,
51059,2011.0,NAICS61_Herfindalh_Hirschman_index,93.01,
51059,2012.0,NAICS61_Herfindalh_Hirschman_index,92.57,
51059,2013.0,NAICS61_Herfindalh_Hirschman_index,95.7,
51059,2014.0,NAICS61_Herfindalh_Hirschman_index,87.97,
51059,2015.0,NAICS61_Herfindalh_Hirschman_index,63.1,
51059,2016.0,NAICS61_Herfindalh_Hirschman_index,66.01,
51059,2017.0,NAICS61_Herfindalh_Hirschman_index,521.21,
51059,2018.0,NAICS61_Herfindalh_Hirschman_index,59.5,
51059,2019.0,NAICS61_Herfindalh_Hirschman_index,58.93,
51059,2020.0,NAICS61_Herfindalh_Hirschman_index,57.27,
51107,2010.0,NAICS61_Herfindalh_Hirschman_index,129.05,
51107,2011.0,NAICS61_Herfindalh_Hirschman_index,859.29,
51107,2012.0,NAICS61_Herfindalh_Hirschman_index,757.42,
51107,2013.0,NAICS61_Herfindalh_Hirschman_index,747.76,
51107,2014.0,NAICS61_Herfindalh_Hirschman_index,618.07,
51107,2015.0,NAICS61_Herfindalh_Hirschman_index,407.38,
51107,2016.0,NAICS61_Herfindalh_Hirschman_index,402.18,
51107,2017.0,NAICS61_Herfindalh_Hirschman_index,327.44,
51107,2018.0,NAICS61_Herfindalh_Hirschman_index,298.32,
51107,2019.0,NAICS61_Herfindalh_Hirschman_index,275.29,
51107,2020.0,NAICS61_Herfindalh_Hirschman_index,285.72,
51153,2010.0,NAICS61_Herfindalh_Hirschman_index,394.18,
51153,2011.0,NAICS61_Herfindalh_Hirschman_index,872.64,
51153,2012.0,NAICS61_Herfindalh_Hirschman_index,809.22,
51153,2013.0,NAICS61_Herfindalh_Hirschman_index,764.85,
51153,2014.0,NAICS61_Herfindalh_Hirschman_index,768.72,
51153,2015.0,NAICS61_Herfindalh_Hirschman_index,562.05,
51153,2016.0,NAICS61_Herfindalh_Hirschman_index,523.06,
51153,2017.0,NAICS61_Herfindalh_Hirschman_index,5997.75,
51153,2018.0,NAICS61_Herfindalh_Hirschman_index,5366.63,
51153,2019.0,NAICS61_Herfindalh_Hirschman_index,5273.51,
51153,2020.0,NAICS61_Herfindalh_Hirschman_index,5353.39,
51510,2010.0,NAICS61_Herfindalh_Hirschman_index,10000.0,
51510,2011.0,NAICS61_Herfindalh_Hirschman_index,498.97,
51510,2012.0,NAICS61_Herfindalh_Hirschman_index,472.07,
51510,2013.0,NAICS61_Herfindalh_Hirschman_index,453.56,
51510,2014.0,NAICS61_Herfindalh_Hirschman_index,554.78,
51510,2015.0,NAICS61_Herfindalh_Hirschman_index,451.63,
51510,2016.0,NAICS61_Herfindalh_Hirschman_index,439.68,
51510,2017.0,NAICS61_Herfindalh_Hirschman_index,406.41,
51510,2018.0,NAICS61_Herfindalh_Hirschman_index,382.74,
51510,2019.0,NAICS61_Herfindalh_Hirschman_index,370.48,
51510,2020.0,NAICS61_Herfindalh_Hirschman_index,381.56,
51600,2010.0,NAICS61_Herfindalh_Hirschman_index,8024.69,
51600,2011.0,NAICS61_Herfindalh_Hirschman_index,779.17,
51600,2012.0,NAICS61_Herfindalh_Hirschman_index,782.42,
51600,2013.0,NAICS61_Herfindalh_Hirschman_index,2366.58,
51600,2014.0,NAICS61_Herfindalh_Hirschman_index,2120.91,
51600,2015.0,NAICS61_Herfindalh_Hirschman_index,1846.28,
51600,2016.0,NAICS61_Herfindalh_Hirschman_index,1765.02,
51600,2017.0,NAICS61_Herfindalh_Hirschman_index,1939.31,
51600,2018.0,NAICS61_Herfindalh_Hirschman_index,1904.59,
51600,2019.0,NAICS61_Herfindalh_Hirschman_index,2042.3,
51600,2020.0,NAICS61_Herfindalh_Hirschman_index,1933.7,
51610,2010.0,NAICS61_Herfindalh_Hirschman_index,5000.0,
51610,2011.0,NAICS61_Herfindalh_Hirschman_index,1099.68,
51610,2012.0,NAICS61_Herfindalh_Hirschman_index,1287.85,
51610,2013.0,NAICS61_Herfindalh_Hirschman_index,1195.02,
51610,2014.0,NAICS61_Herfindalh_Hirschman_index,1211.31,
51610,2015.0,NAICS61_Herfindalh_Hirschman_index,4137.15,
51610,2016.0,NAICS61_Herfindalh_Hirschman_index,3926.2,
51610,2017.0,NAICS61_Herfindalh_Hirschman_index,2684.04,
51610,2018.0,NAICS61_Herfindalh_Hirschman_index,4389.55,
51610,2019.0,NAICS61_Herfindalh_Hirschman_index,4039.58,
51610,2020.0,NAICS61_Herfindalh_Hirschman_index,4369.9,
51683,2011.0,NAICS61_Herfindalh_Hirschman_index,1664.19,
51683,2012.0,NAICS61_Herfindalh_Hirschman_index,1664.93,
51683,2013.0,NAICS61_Herfindalh_Hirschman_index,1544.78,
51683,2014.0,NAICS61_Herfindalh_Hirschman_index,1850.79,
51683,2015.0,NAICS61_Herfindalh_Hirschman_index,786.23,
51683,2016.0,NAICS61_Herfindalh_Hirschman_index,817.0,
51683,2017.0,NAICS61_Herfindalh_Hirschman_index,727.1,
51683,2018.0,NAICS61_Herfindalh_Hirschman_index,713.23,
51683,2019.0,NAICS61_Herfindalh_Hirschman_index,566.28,
51683,2020.0,NAICS61_Herfindalh_Hirschman_index,594.33,
51685,2010.0,NAICS61_Herfindalh_Hirschman_index,2222.22,
51685,2011.0,NAICS61_Herfindalh_Hirschman_index,3273.47,
51685,2012.0,NAICS61_Herfindalh_Hirschman_index,2781.07,
51685,2013.0,NAICS61_Herfindalh_Hirschman_index,4940.83,
51685,2014.0,NAICS61_Herfindalh_Hirschman_index,4970.41,
51685,2015.0,NAICS61_Herfindalh_Hirschman_index,2857.14,
51685,2016.0,NAICS61_Herfindalh_Hirschman_index,2742.42,
51685,2017.0,NAICS61_Herfindalh_Hirschman_index,2760.49,
51685,2018.0,NAICS61_Herfindalh_Hirschman_index,2871.9,
51685,2019.0,NAICS61_Herfindalh_Hirschman_index,2871.9,
51685,2020.0,NAICS61_Herfindalh_Hirschman_index,2750.62,
51041,2010.0,NAICS61_Herfindalh_Hirschman_index,880.2,
51041,2011.0,NAICS61_Herfindalh_Hirschman_index,296.65,
51041,2012.0,NAICS61_Herfindalh_Hirschman_index,286.81,
51041,2013.0,NAICS61_Herfindalh_Hirschman_index,305.38,
51041,2014.0,NAICS61_Herfindalh_Hirschman_index,288.79,
51041,2015.0,NAICS61_Herfindalh_Hirschman_index,203.49,
51041,2016.0,NAICS61_Herfindalh_Hirschman_index,215.55,
51041,2017.0,NAICS61_Herfindalh_Hirschman_index,193.82,
51041,2018.0,NAICS61_Herfindalh_Hirschman_index,196.02,
51041,2019.0,NAICS61_Herfindalh_Hirschman_index,190.52,
51041,2020.0,NAICS61_Herfindalh_Hirschman_index,187.76,
51087,2010.0,NAICS61_Herfindalh_Hirschman_index,4379.39,
51087,2011.0,NAICS61_Herfindalh_Hirschman_index,2555.97,
51087,2012.0,NAICS61_Herfindalh_Hirschman_index,2432.85,
51087,2013.0,NAICS61_Herfindalh_Hirschman_index,2356.75,
51087,2014.0,NAICS61_Herfindalh_Hirschman_index,2174.76,
51087,2015.0,NAICS61_Herfindalh_Hirschman_index,1816.98,
51087,2016.0,NAICS61_Herfindalh_Hirschman_index,1456.76,
51087,2017.0,NAICS61_Herfindalh_Hirschman_index,1371.55,
51087,2018.0,NAICS61_Herfindalh_Hirschman_index,1328.5,
51087,2019.0,NAICS61_Herfindalh_Hirschman_index,1311.96,
51087,2020.0,NAICS61_Herfindalh_Hirschman_index,1315.57,
51059,2010.0,NAICS61_Herfindalh_Hirschman_index,2354.89,
51059,2011.0,NAICS61_Herfindalh_Hirschman_index,157.62,
51059,2012.0,NAICS61_Herfindalh_Hirschman_index,152.54,
51059,2013.0,NAICS61_Herfindalh_Hirschman_index,147.32,
51059,2014.0,NAICS61_Herfindalh_Hirschman_index,125.18,
51059,2015.0,NAICS61_Herfindalh_Hirschman_index,81.33,
51059,2016.0,NAICS61_Herfindalh_Hirschman_index,83.26,
51059,2017.0,NAICS61_Herfindalh_Hirschman_index,628.45,
51059,2018.0,NAICS61_Herfindalh_Hirschman_index,70.21,
51059,2019.0,NAICS61_Herfindalh_Hirschman_index,67.18,
51059,2020.0,NAICS61_Herfindalh_Hirschman_index,63.37,
