geoid,year,measure,value,moe
11001,2010.0,NAICS99_Herfindalh_Hirschman_index,446.16,
11001,2011.0,NAICS99_Herfindalh_Hirschman_index,648.58,
11001,2012.0,NAICS99_Herfindalh_Hirschman_index,1011.7,
11001,2013.0,NAICS99_Herfindalh_Hirschman_index,1595.11,
11001,2014.0,NAICS99_Herfindalh_Hirschman_index,2351.61,
11001,2015.0,NAICS99_Herfindalh_Hirschman_index,9.12,
11001,2016.0,NAICS99_Herfindalh_Hirschman_index,8.56,
11001,2017.0,NAICS99_Herfindalh_Hirschman_index,5.83,
11001,2018.0,NAICS99_Herfindalh_Hirschman_index,6.36,
11001,2019.0,NAICS99_Herfindalh_Hirschman_index,6.07,
11001,2020.0,NAICS99_Herfindalh_Hirschman_index,11.98,
24017,2010.0,NAICS99_Herfindalh_Hirschman_index,0.0,
24017,2011.0,NAICS99_Herfindalh_Hirschman_index,1484.38,
24017,2012.0,NAICS99_Herfindalh_Hirschman_index,2083.33,
24017,2013.0,NAICS99_Herfindalh_Hirschman_index,5555.56,
24017,2014.0,NAICS99_Herfindalh_Hirschman_index,3888.89,
24017,2015.0,NAICS99_Herfindalh_Hirschman_index,77.69,
24017,2016.0,NAICS99_Herfindalh_Hirschman_index,51.12,
24017,2017.0,NAICS99_Herfindalh_Hirschman_index,30.28,
24017,2018.0,NAICS99_Herfindalh_Hirschman_index,17.56,
24017,2019.0,NAICS99_Herfindalh_Hirschman_index,14.09,
24017,2020.0,NAICS99_Herfindalh_Hirschman_index,16.56,
24021,2010.0,NAICS99_Herfindalh_Hirschman_index,5000.0,
24021,2011.0,NAICS99_Herfindalh_Hirschman_index,5591.67,
24021,2012.0,NAICS99_Herfindalh_Hirschman_index,7666.92,
24021,2013.0,NAICS99_Herfindalh_Hirschman_index,2777.78,
24021,2014.0,NAICS99_Herfindalh_Hirschman_index,4375.0,
24021,2015.0,NAICS99_Herfindalh_Hirschman_index,38.1,
24021,2016.0,NAICS99_Herfindalh_Hirschman_index,29.44,
24021,2017.0,NAICS99_Herfindalh_Hirschman_index,21.21,
24021,2018.0,NAICS99_Herfindalh_Hirschman_index,10.93,
24021,2019.0,NAICS99_Herfindalh_Hirschman_index,9.26,
24021,2020.0,NAICS99_Herfindalh_Hirschman_index,13.26,
24031,2010.0,NAICS99_Herfindalh_Hirschman_index,1909.72,
24031,2011.0,NAICS99_Herfindalh_Hirschman_index,406.86,
24031,2012.0,NAICS99_Herfindalh_Hirschman_index,486.66,
24031,2013.0,NAICS99_Herfindalh_Hirschman_index,525.7,
24031,2014.0,NAICS99_Herfindalh_Hirschman_index,884.77,
24031,2015.0,NAICS99_Herfindalh_Hirschman_index,7.26,
24031,2016.0,NAICS99_Herfindalh_Hirschman_index,5.04,
24031,2017.0,NAICS99_Herfindalh_Hirschman_index,3.64,
24031,2018.0,NAICS99_Herfindalh_Hirschman_index,1.76,
24031,2019.0,NAICS99_Herfindalh_Hirschman_index,1.65,
24031,2020.0,NAICS99_Herfindalh_Hirschman_index,2.17,
24033,2010.0,NAICS99_Herfindalh_Hirschman_index,822.06,
24033,2011.0,NAICS99_Herfindalh_Hirschman_index,515.99,
24033,2012.0,NAICS99_Herfindalh_Hirschman_index,534.66,
24033,2013.0,NAICS99_Herfindalh_Hirschman_index,497.08,
24033,2014.0,NAICS99_Herfindalh_Hirschman_index,636.93,
24033,2015.0,NAICS99_Herfindalh_Hirschman_index,10.64,
24033,2016.0,NAICS99_Herfindalh_Hirschman_index,6.8,
24033,2017.0,NAICS99_Herfindalh_Hirschman_index,4.9,
24033,2018.0,NAICS99_Herfindalh_Hirschman_index,2.32,
24033,2019.0,NAICS99_Herfindalh_Hirschman_index,2.01,
24033,2020.0,NAICS99_Herfindalh_Hirschman_index,2.18,
51013,2010.0,NAICS99_Herfindalh_Hirschman_index,3750.0,
51013,2011.0,NAICS99_Herfindalh_Hirschman_index,1356.35,
51013,2012.0,NAICS99_Herfindalh_Hirschman_index,1701.32,
51013,2013.0,NAICS99_Herfindalh_Hirschman_index,1800.55,
51013,2014.0,NAICS99_Herfindalh_Hirschman_index,2892.56,
51013,2015.0,NAICS99_Herfindalh_Hirschman_index,25.4,
51013,2016.0,NAICS99_Herfindalh_Hirschman_index,27.58,
51013,2017.0,NAICS99_Herfindalh_Hirschman_index,26.91,
51013,2018.0,NAICS99_Herfindalh_Hirschman_index,13.56,
51013,2019.0,NAICS99_Herfindalh_Hirschman_index,18.42,
51013,2020.0,NAICS99_Herfindalh_Hirschman_index,43.17,
51059,2010.0,NAICS99_Herfindalh_Hirschman_index,586.01,
51059,2011.0,NAICS99_Herfindalh_Hirschman_index,1235.71,
51059,2012.0,NAICS99_Herfindalh_Hirschman_index,1351.28,
51059,2013.0,NAICS99_Herfindalh_Hirschman_index,1422.87,
51059,2014.0,NAICS99_Herfindalh_Hirschman_index,2028.94,
51059,2015.0,NAICS99_Herfindalh_Hirschman_index,6.62,
51059,2016.0,NAICS99_Herfindalh_Hirschman_index,7.01,
51059,2017.0,NAICS99_Herfindalh_Hirschman_index,5.64,
51059,2018.0,NAICS99_Herfindalh_Hirschman_index,2.46,
51059,2019.0,NAICS99_Herfindalh_Hirschman_index,3.71,
51059,2020.0,NAICS99_Herfindalh_Hirschman_index,6.19,
51107,2010.0,NAICS99_Herfindalh_Hirschman_index,1115.7,
51107,2011.0,NAICS99_Herfindalh_Hirschman_index,630.2,
51107,2012.0,NAICS99_Herfindalh_Hirschman_index,581.72,
51107,2013.0,NAICS99_Herfindalh_Hirschman_index,674.74,
51107,2014.0,NAICS99_Herfindalh_Hirschman_index,899.65,
51107,2015.0,NAICS99_Herfindalh_Hirschman_index,24.09,
51107,2016.0,NAICS99_Herfindalh_Hirschman_index,23.07,
51107,2017.0,NAICS99_Herfindalh_Hirschman_index,17.71,
51107,2018.0,NAICS99_Herfindalh_Hirschman_index,8.49,
51107,2019.0,NAICS99_Herfindalh_Hirschman_index,11.87,
51107,2020.0,NAICS99_Herfindalh_Hirschman_index,34.46,
51153,2010.0,NAICS99_Herfindalh_Hirschman_index,3194.44,
51153,2011.0,NAICS99_Herfindalh_Hirschman_index,1720.23,
51153,2012.0,NAICS99_Herfindalh_Hirschman_index,1900.0,
51153,2013.0,NAICS99_Herfindalh_Hirschman_index,2283.95,
51153,2014.0,NAICS99_Herfindalh_Hirschman_index,2755.1,
51153,2015.0,NAICS99_Herfindalh_Hirschman_index,30.3,
51153,2016.0,NAICS99_Herfindalh_Hirschman_index,26.88,
51153,2017.0,NAICS99_Herfindalh_Hirschman_index,19.92,
51153,2018.0,NAICS99_Herfindalh_Hirschman_index,10.67,
51153,2019.0,NAICS99_Herfindalh_Hirschman_index,14.62,
51153,2020.0,NAICS99_Herfindalh_Hirschman_index,35.92,
51510,2010.0,NAICS99_Herfindalh_Hirschman_index,0.0,
51510,2011.0,NAICS99_Herfindalh_Hirschman_index,1074.38,
51510,2012.0,NAICS99_Herfindalh_Hirschman_index,1001.89,
51510,2013.0,NAICS99_Herfindalh_Hirschman_index,1065.76,
51510,2014.0,NAICS99_Herfindalh_Hirschman_index,1900.83,
51510,2015.0,NAICS99_Herfindalh_Hirschman_index,37.09,
51510,2016.0,NAICS99_Herfindalh_Hirschman_index,38.26,
51510,2017.0,NAICS99_Herfindalh_Hirschman_index,36.73,
51510,2018.0,NAICS99_Herfindalh_Hirschman_index,18.41,
51510,2019.0,NAICS99_Herfindalh_Hirschman_index,26.09,
51510,2020.0,NAICS99_Herfindalh_Hirschman_index,64.09,
51600,2010.0,NAICS99_Herfindalh_Hirschman_index,0.0,
51600,2011.0,NAICS99_Herfindalh_Hirschman_index,5000.0,
51600,2012.0,NAICS99_Herfindalh_Hirschman_index,5000.0,
51600,2013.0,NAICS99_Herfindalh_Hirschman_index,5000.0,
51600,2014.0,NAICS99_Herfindalh_Hirschman_index,10000.0,
51600,2015.0,NAICS99_Herfindalh_Hirschman_index,169.57,
51600,2016.0,NAICS99_Herfindalh_Hirschman_index,145.79,
51600,2017.0,NAICS99_Herfindalh_Hirschman_index,122.82,
51600,2018.0,NAICS99_Herfindalh_Hirschman_index,58.02,
51600,2019.0,NAICS99_Herfindalh_Hirschman_index,107.0,
51600,2020.0,NAICS99_Herfindalh_Hirschman_index,147.85,
51610,2010.0,NAICS99_Herfindalh_Hirschman_index,0.0,
51610,2011.0,NAICS99_Herfindalh_Hirschman_index,0.0,
51610,2012.0,NAICS99_Herfindalh_Hirschman_index,4285.71,
51610,2013.0,NAICS99_Herfindalh_Hirschman_index,4687.5,
51610,2014.0,NAICS99_Herfindalh_Hirschman_index,5918.37,
51610,2015.0,NAICS99_Herfindalh_Hirschman_index,230.78,
51610,2016.0,NAICS99_Herfindalh_Hirschman_index,231.21,
51610,2017.0,NAICS99_Herfindalh_Hirschman_index,295.87,
51610,2018.0,NAICS99_Herfindalh_Hirschman_index,103.98,
51610,2019.0,NAICS99_Herfindalh_Hirschman_index,156.3,
51610,2020.0,NAICS99_Herfindalh_Hirschman_index,277.78,
51683,2011.0,NAICS99_Herfindalh_Hirschman_index,5000.0,
51683,2012.0,NAICS99_Herfindalh_Hirschman_index,5000.0,
51683,2013.0,NAICS99_Herfindalh_Hirschman_index,10000.0,
51683,2014.0,NAICS99_Herfindalh_Hirschman_index,10000.0,
51683,2015.0,NAICS99_Herfindalh_Hirschman_index,196.39,
51683,2016.0,NAICS99_Herfindalh_Hirschman_index,194.48,
51683,2017.0,NAICS99_Herfindalh_Hirschman_index,189.25,
51683,2018.0,NAICS99_Herfindalh_Hirschman_index,99.82,
51683,2019.0,NAICS99_Herfindalh_Hirschman_index,156.32,
51683,2020.0,NAICS99_Herfindalh_Hirschman_index,355.9,
51685,2010.0,NAICS99_Herfindalh_Hirschman_index,10000.0,
51685,2011.0,NAICS99_Herfindalh_Hirschman_index,10000.0,
51685,2012.0,NAICS99_Herfindalh_Hirschman_index,10000.0,
51685,2013.0,NAICS99_Herfindalh_Hirschman_index,5000.0,
51685,2014.0,NAICS99_Herfindalh_Hirschman_index,0.0,
51685,2015.0,NAICS99_Herfindalh_Hirschman_index,1530.61,
51685,2016.0,NAICS99_Herfindalh_Hirschman_index,1083.68,
51685,2017.0,NAICS99_Herfindalh_Hirschman_index,583.47,
51685,2018.0,NAICS99_Herfindalh_Hirschman_index,307.95,
51685,2019.0,NAICS99_Herfindalh_Hirschman_index,476.64,
51685,2020.0,NAICS99_Herfindalh_Hirschman_index,1001.89,
51041,2010.0,NAICS99_Herfindalh_Hirschman_index,2098.77,
51041,2011.0,NAICS99_Herfindalh_Hirschman_index,2592.59,
51041,2012.0,NAICS99_Herfindalh_Hirschman_index,2187.5,
51041,2013.0,NAICS99_Herfindalh_Hirschman_index,2244.9,
51041,2014.0,NAICS99_Herfindalh_Hirschman_index,3600.0,
51041,2015.0,NAICS99_Herfindalh_Hirschman_index,44.53,
51041,2016.0,NAICS99_Herfindalh_Hirschman_index,37.42,
51041,2017.0,NAICS99_Herfindalh_Hirschman_index,26.75,
51041,2018.0,NAICS99_Herfindalh_Hirschman_index,14.08,
51041,2019.0,NAICS99_Herfindalh_Hirschman_index,20.37,
51041,2020.0,NAICS99_Herfindalh_Hirschman_index,50.17,
51087,2010.0,NAICS99_Herfindalh_Hirschman_index,2500.0,
51087,2011.0,NAICS99_Herfindalh_Hirschman_index,1640.62,
51087,2012.0,NAICS99_Herfindalh_Hirschman_index,2098.77,
51087,2013.0,NAICS99_Herfindalh_Hirschman_index,3061.22,
51087,2014.0,NAICS99_Herfindalh_Hirschman_index,7485.14,
51087,2015.0,NAICS99_Herfindalh_Hirschman_index,34.09,
51087,2016.0,NAICS99_Herfindalh_Hirschman_index,33.41,
51087,2017.0,NAICS99_Herfindalh_Hirschman_index,26.01,
51087,2018.0,NAICS99_Herfindalh_Hirschman_index,12.5,
51087,2019.0,NAICS99_Herfindalh_Hirschman_index,17.87,
51087,2020.0,NAICS99_Herfindalh_Hirschman_index,41.62,
51059,2010.0,NAICS99_Herfindalh_Hirschman_index,0.0,
51059,2011.0,NAICS99_Herfindalh_Hirschman_index,0.0,
51059,2012.0,NAICS99_Herfindalh_Hirschman_index,0.0,
51059,2013.0,NAICS99_Herfindalh_Hirschman_index,0.0,
51059,2014.0,NAICS99_Herfindalh_Hirschman_index,0.0,
51059,2015.0,NAICS99_Herfindalh_Hirschman_index,330.11,
51059,2016.0,NAICS99_Herfindalh_Hirschman_index,205.65,
51059,2017.0,NAICS99_Herfindalh_Hirschman_index,77.91,
51059,2018.0,NAICS99_Herfindalh_Hirschman_index,12.77,
51059,2019.0,NAICS99_Herfindalh_Hirschman_index,9.6,
51059,2020.0,NAICS99_Herfindalh_Hirschman_index,7.07,
