geoid,year,measure,value,moe
,,operation_farmValue,,
51013,2017.0,operation_farmValue,298000.0,
51043,2017.0,operation_farmValue,1099589.0,
51047,2017.0,operation_farmValue,1048206.0,
51059,2017.0,operation_farmValue,852783.0,
51061,2017.0,operation_farmValue,1381646.0,
51069,2017.0,operation_farmValue,1041790.0,
51107,2017.0,operation_farmValue,950622.0,
51113,2017.0,operation_farmValue,1193189.0,
51139,2017.0,operation_farmValue,904349.0,
51153,2017.0,operation_farmValue,804671.0,
51157,2017.0,operation_farmValue,1101588.0,
51165,2017.0,operation_farmValue,997634.0,
51171,2017.0,operation_farmValue,796732.0,
51179,2017.0,operation_farmValue,930372.0,
51187,2017.0,operation_farmValue,909921.0,
51005,2017.0,operation_farmValue,788210.0,
51015,2017.0,operation_farmValue,1222854.0,
51017,2017.0,operation_farmValue,1599416.0,
51023,2017.0,operation_farmValue,676797.0,
51045,2017.0,operation_farmValue,725533.0,
51091,2017.0,operation_farmValue,1080848.0,
51161,2017.0,operation_farmValue,572455.0,
51163,2017.0,operation_farmValue,881466.0,
51003,2017.0,operation_farmValue,1980339.0,
51007,2017.0,operation_farmValue,858640.0,
51009,2017.0,operation_farmValue,993967.0,
51011,2017.0,operation_farmValue,568840.0,
51019,2017.0,operation_farmValue,654822.0,
51029,2017.0,operation_farmValue,724596.0,
51031,2017.0,operation_farmValue,578961.0,
51033,2017.0,operation_farmValue,1029270.0,
51041,2017.0,operation_farmValue,790553.0,
51049,2017.0,operation_farmValue,758741.0,
51065,2017.0,operation_farmValue,702048.0,
51075,2017.0,operation_farmValue,867877.0,
51079,2017.0,operation_farmValue,870295.0,
51085,2017.0,operation_farmValue,791920.0,
51087,2017.0,operation_farmValue,601700.0,
51109,2017.0,operation_farmValue,787124.0,
51125,2017.0,operation_farmValue,841397.0,
51137,2017.0,operation_farmValue,1438347.0,
51145,2017.0,operation_farmValue,696770.0,
51147,2017.0,operation_farmValue,580742.0,
51177,2017.0,operation_farmValue,695020.0,
51001,2017.0,operation_farmValue,1370847.0,
51036,2017.0,operation_farmValue,1375102.0,
51057,2017.0,operation_farmValue,2130482.0,
51073,2017.0,operation_farmValue,739196.0,
51095,2017.0,operation_farmValue,931231.0,
51097,2017.0,operation_farmValue,1078959.0,
51099,2017.0,operation_farmValue,954694.0,
51101,2017.0,operation_farmValue,2133522.0,
51103,2017.0,operation_farmValue,860073.0,
51115,2017.0,operation_farmValue,655108.0,
51119,2017.0,operation_farmValue,979876.0,
51127,2017.0,operation_farmValue,711167.0,
51131,2017.0,operation_farmValue,1558831.0,
51133,2017.0,operation_farmValue,975400.0,
51159,2017.0,operation_farmValue,1289515.0,
51193,2017.0,operation_farmValue,1073155.0,
51199,2017.0,operation_farmValue,276375.0,
51021,2017.0,operation_farmValue,714594.0,
51027,2017.0,operation_farmValue,300008.0,
51035,2017.0,operation_farmValue,425568.0,
51051,2017.0,operation_farmValue,246038.0,
51063,2017.0,operation_farmValue,565896.0,
51071,2017.0,operation_farmValue,516470.0,
51077,2017.0,operation_farmValue,692467.0,
51105,2017.0,operation_farmValue,302584.0,
51121,2017.0,operation_farmValue,842923.0,
51155,2017.0,operation_farmValue,692087.0,
51167,2017.0,operation_farmValue,536112.0,
51169,2017.0,operation_farmValue,290473.0,
51173,2017.0,operation_farmValue,544580.0,
51185,2017.0,operation_farmValue,737125.0,
51191,2017.0,operation_farmValue,589890.0,
51195,2017.0,operation_farmValue,554986.0,
51197,2017.0,operation_farmValue,725643.0,
51037,2017.0,operation_farmValue,693206.0,
51067,2017.0,operation_farmValue,552387.0,
51083,2017.0,operation_farmValue,619060.0,
51089,2017.0,operation_farmValue,635840.0,
51111,2017.0,operation_farmValue,579358.0,
51135,2017.0,operation_farmValue,514211.0,
51141,2017.0,operation_farmValue,524237.0,
51143,2017.0,operation_farmValue,603542.0,
51025,2017.0,operation_farmValue,689842.0,
51053,2017.0,operation_farmValue,795681.0,
51081,2017.0,operation_farmValue,986245.0,
51093,2017.0,operation_farmValue,1264037.0,
51117,2017.0,operation_farmValue,762052.0,
51149,2017.0,operation_farmValue,920064.0,
51175,2017.0,operation_farmValue,1704698.0,
51181,2017.0,operation_farmValue,1280403.0,
51183,2017.0,operation_farmValue,1482681.0,
51550,2017.0,operation_farmValue,867657.0,
51800,2017.0,operation_farmValue,1208063.0,
51810,2017.0,operation_farmValue,1149351.0,
