geoid,year,measure,value,moe
51001,2014.0,inadequate_pc,0.272,
51003,2014.0,inadequate_pc,0.096,
51005,2014.0,inadequate_pc,0.024,
51007,2014.0,inadequate_pc,0.071,
51009,2014.0,inadequate_pc,0.308,
51011,2014.0,inadequate_pc,0.273,
51013,2014.0,inadequate_pc,0.169,
51015,2014.0,inadequate_pc,0.125,
51017,2014.0,inadequate_pc,0.094,
51019,2014.0,inadequate_pc,0.217,
51021,2014.0,inadequate_pc,0.077,
51023,2014.0,inadequate_pc,0.038,
51025,2014.0,inadequate_pc,0.145,
51027,2014.0,inadequate_pc,0.128,
51029,2014.0,inadequate_pc,0.128,
51031,2014.0,inadequate_pc,0.211,
51033,2014.0,inadequate_pc,0.103,
51035,2014.0,inadequate_pc,0.094,
51036,2014.0,inadequate_pc,0.154,
51037,2014.0,inadequate_pc,0.32,
51041,2014.0,inadequate_pc,0.07,
51043,2014.0,inadequate_pc,0.154,
51045,2014.0,inadequate_pc,0.125,
51047,2014.0,inadequate_pc,0.143,
51049,2014.0,inadequate_pc,0.055,
51051,2014.0,inadequate_pc,0.257,
51053,2014.0,inadequate_pc,0.102,
51057,2014.0,inadequate_pc,0.123,
51059,2014.0,inadequate_pc,0.126,
51061,2014.0,inadequate_pc,0.115,
51063,2014.0,inadequate_pc,0.068,
51065,2014.0,inadequate_pc,0.145,
51067,2014.0,inadequate_pc,0.05,
51069,2014.0,inadequate_pc,0.151,
51071,2014.0,inadequate_pc,0.146,
51073,2014.0,inadequate_pc,0.137,
51075,2014.0,inadequate_pc,0.065,
51077,2014.0,inadequate_pc,0.092,
51079,2014.0,inadequate_pc,0.167,
51081,2014.0,inadequate_pc,0.215,
51083,2014.0,inadequate_pc,0.171,
51085,2014.0,inadequate_pc,0.071,
51087,2014.0,inadequate_pc,0.079,
51089,2014.0,inadequate_pc,0.25,
51091,2014.0,inadequate_pc,0.2,
51093,2014.0,inadequate_pc,0.115,
51095,2014.0,inadequate_pc,0.143,
51097,2014.0,inadequate_pc,0.197,
51099,2014.0,inadequate_pc,0.082,
51101,2014.0,inadequate_pc,0.086,
51103,2014.0,inadequate_pc,0.133,
51105,2014.0,inadequate_pc,0.31,
51107,2014.0,inadequate_pc,0.07,
51109,2014.0,inadequate_pc,0.104,
51111,2014.0,inadequate_pc,0.236,
51113,2014.0,inadequate_pc,0.164,
51115,2014.0,inadequate_pc,0.2,
51117,2014.0,inadequate_pc,0.202,
51119,2014.0,inadequate_pc,0.218,
51121,2014.0,inadequate_pc,0.08,
51125,2014.0,inadequate_pc,0.167,
51127,2014.0,inadequate_pc,0.101,
51131,2014.0,inadequate_pc,0.193,
51133,2014.0,inadequate_pc,0.229,
51135,2014.0,inadequate_pc,0.174,
51137,2014.0,inadequate_pc,0.128,
51139,2014.0,inadequate_pc,0.152,
51141,2014.0,inadequate_pc,0.091,
51143,2014.0,inadequate_pc,0.117,
51145,2014.0,inadequate_pc,0.054,
51147,2014.0,inadequate_pc,0.136,
51149,2014.0,inadequate_pc,0.091,
51153,2014.0,inadequate_pc,0.141,
51155,2014.0,inadequate_pc,0.09,
51157,2014.0,inadequate_pc,0.106,
51159,2014.0,inadequate_pc,0.109,
51161,2014.0,inadequate_pc,0.034,
51163,2014.0,inadequate_pc,0.164,
51165,2014.0,inadequate_pc,0.128,
51167,2014.0,inadequate_pc,0.188,
51169,2014.0,inadequate_pc,0.353,
51171,2014.0,inadequate_pc,0.142,
51173,2014.0,inadequate_pc,0.111,
51175,2014.0,inadequate_pc,0.175,
51177,2014.0,inadequate_pc,0.114,
51179,2014.0,inadequate_pc,0.106,
51181,2014.0,inadequate_pc,0.167,
51183,2014.0,inadequate_pc,0.205,
51185,2014.0,inadequate_pc,0.086,
51187,2014.0,inadequate_pc,0.179,
51191,2014.0,inadequate_pc,0.25,
51193,2014.0,inadequate_pc,0.177,
51195,2014.0,inadequate_pc,0.188,
51197,2014.0,inadequate_pc,0.065,
51199,2014.0,inadequate_pc,0.064,
51510,2014.0,inadequate_pc,0.147,
51520,2014.0,inadequate_pc,0.0,
51530,2014.0,inadequate_pc,0.5,
51540,2014.0,inadequate_pc,0.118,
51550,2014.0,inadequate_pc,0.086,
51570,2014.0,inadequate_pc,0.132,
51590,2014.0,inadequate_pc,0.16,
51600,2014.0,inadequate_pc,0.098,
51610,2014.0,inadequate_pc,0.126,
51620,2014.0,inadequate_pc,0.406,
51630,2014.0,inadequate_pc,0.176,
51640,2014.0,inadequate_pc,0.082,
51650,2014.0,inadequate_pc,0.118,
51660,2014.0,inadequate_pc,0.19,
51670,2014.0,inadequate_pc,0.191,
51680,2014.0,inadequate_pc,0.211,
51683,2014.0,inadequate_pc,0.227,
51685,2014.0,inadequate_pc,0.0,
51690,2014.0,inadequate_pc,0.246,
51700,2014.0,inadequate_pc,0.132,
51710,2014.0,inadequate_pc,0.132,
51720,2014.0,inadequate_pc,0.105,
51730,2014.0,inadequate_pc,0.177,
51735,2014.0,inadequate_pc,0.083,
51740,2014.0,inadequate_pc,0.144,
51750,2014.0,inadequate_pc,0.1,
51760,2014.0,inadequate_pc,0.125,
51770,2014.0,inadequate_pc,0.081,
51775,2014.0,inadequate_pc,0.058,
51790,2014.0,inadequate_pc,0.171,
51800,2014.0,inadequate_pc,0.132,
51810,2014.0,inadequate_pc,0.092,
51820,2014.0,inadequate_pc,0.118,
51830,2014.0,inadequate_pc,0.214,
51840,2014.0,inadequate_pc,0.303,
51001,2015.0,inadequate_pc,0.226,
51003,2015.0,inadequate_pc,0.162,
51005,2015.0,inadequate_pc,0.062,
51007,2015.0,inadequate_pc,0.074,
51009,2015.0,inadequate_pc,0.11,
51011,2015.0,inadequate_pc,0.132,
51013,2015.0,inadequate_pc,0.181,
51015,2015.0,inadequate_pc,0.093,
51017,2015.0,inadequate_pc,0.111,
51019,2015.0,inadequate_pc,0.089,
51021,2015.0,inadequate_pc,0.114,
51023,2015.0,inadequate_pc,0.062,
51025,2015.0,inadequate_pc,0.19,
51027,2015.0,inadequate_pc,0.107,
51029,2015.0,inadequate_pc,0.162,
51031,2015.0,inadequate_pc,0.082,
51033,2015.0,inadequate_pc,0.087,
51035,2015.0,inadequate_pc,0.08,
51036,2015.0,inadequate_pc,0.104,
51037,2015.0,inadequate_pc,0.254,
51041,2015.0,inadequate_pc,0.088,
51043,2015.0,inadequate_pc,0.129,
51045,2015.0,inadequate_pc,0.083,
51047,2015.0,inadequate_pc,0.11,
51049,2015.0,inadequate_pc,0.127,
51051,2015.0,inadequate_pc,0.12,
51053,2015.0,inadequate_pc,0.079,
51057,2015.0,inadequate_pc,0.198,
51059,2015.0,inadequate_pc,0.131,
51061,2015.0,inadequate_pc,0.086,
51063,2015.0,inadequate_pc,0.08,
51065,2015.0,inadequate_pc,0.107,
51067,2015.0,inadequate_pc,0.065,
51069,2015.0,inadequate_pc,0.15,
51071,2015.0,inadequate_pc,0.092,
51073,2015.0,inadequate_pc,0.091,
51075,2015.0,inadequate_pc,0.07,
51077,2015.0,inadequate_pc,0.033,
51079,2015.0,inadequate_pc,0.2,
51081,2015.0,inadequate_pc,0.183,
51083,2015.0,inadequate_pc,0.154,
51085,2015.0,inadequate_pc,0.067,
51087,2015.0,inadequate_pc,0.091,
51089,2015.0,inadequate_pc,0.177,
51091,2015.0,inadequate_pc,0.111,
51093,2015.0,inadequate_pc,0.136,
51095,2015.0,inadequate_pc,0.153,
51097,2015.0,inadequate_pc,0.109,
51099,2015.0,inadequate_pc,0.08,
51101,2015.0,inadequate_pc,0.152,
51103,2015.0,inadequate_pc,0.167,
51105,2015.0,inadequate_pc,0.224,
51107,2015.0,inadequate_pc,0.085,
51109,2015.0,inadequate_pc,0.166,
51111,2015.0,inadequate_pc,0.204,
51113,2015.0,inadequate_pc,0.091,
51115,2015.0,inadequate_pc,0.1,
51117,2015.0,inadequate_pc,0.196,
51119,2015.0,inadequate_pc,0.226,
51121,2015.0,inadequate_pc,0.082,
51125,2015.0,inadequate_pc,0.152,
51127,2015.0,inadequate_pc,0.053,
51131,2015.0,inadequate_pc,0.155,
51133,2015.0,inadequate_pc,0.173,
51135,2015.0,inadequate_pc,0.138,
51137,2015.0,inadequate_pc,0.137,
51139,2015.0,inadequate_pc,0.141,
51141,2015.0,inadequate_pc,0.178,
51143,2015.0,inadequate_pc,0.099,
51145,2015.0,inadequate_pc,0.043,
51147,2015.0,inadequate_pc,0.124,
51149,2015.0,inadequate_pc,0.083,
51153,2015.0,inadequate_pc,0.151,
51155,2015.0,inadequate_pc,0.068,
51157,2015.0,inadequate_pc,0.174,
51159,2015.0,inadequate_pc,0.074,
51161,2015.0,inadequate_pc,0.067,
51163,2015.0,inadequate_pc,0.142,
51165,2015.0,inadequate_pc,0.109,
51167,2015.0,inadequate_pc,0.06,
51169,2015.0,inadequate_pc,0.0,
51171,2015.0,inadequate_pc,0.147,
51173,2015.0,inadequate_pc,0.086,
51175,2015.0,inadequate_pc,0.186,
51177,2015.0,inadequate_pc,0.125,
51179,2015.0,inadequate_pc,0.112,
51181,2015.0,inadequate_pc,0.069,
51183,2015.0,inadequate_pc,0.15,
51185,2015.0,inadequate_pc,0.082,
51187,2015.0,inadequate_pc,0.183,
51191,2015.0,inadequate_pc,0.088,
51193,2015.0,inadequate_pc,0.149,
51195,2015.0,inadequate_pc,0.18,
51197,2015.0,inadequate_pc,0.088,
51199,2015.0,inadequate_pc,0.117,
51510,2015.0,inadequate_pc,0.162,
51520,2015.0,inadequate_pc,0.222,
51530,2015.0,inadequate_pc,0.0,
51540,2015.0,inadequate_pc,0.147,
51550,2015.0,inadequate_pc,0.092,
51570,2015.0,inadequate_pc,0.126,
51580,2015.0,inadequate_pc,0.0,
51590,2015.0,inadequate_pc,0.176,
51600,2015.0,inadequate_pc,0.088,
51610,2015.0,inadequate_pc,0.128,
51620,2015.0,inadequate_pc,0.299,
51630,2015.0,inadequate_pc,0.174,
51640,2015.0,inadequate_pc,0.1,
51650,2015.0,inadequate_pc,0.158,
51660,2015.0,inadequate_pc,0.169,
51670,2015.0,inadequate_pc,0.159,
51678,2015.0,inadequate_pc,0.0,
51680,2015.0,inadequate_pc,0.106,
51683,2015.0,inadequate_pc,0.206,
51685,2015.0,inadequate_pc,0.1,
51690,2015.0,inadequate_pc,0.193,
51700,2015.0,inadequate_pc,0.186,
51710,2015.0,inadequate_pc,0.123,
51720,2015.0,inadequate_pc,0.15,
51730,2015.0,inadequate_pc,0.208,
51735,2015.0,inadequate_pc,0.072,
51740,2015.0,inadequate_pc,0.162,
51750,2015.0,inadequate_pc,0.073,
51760,2015.0,inadequate_pc,0.183,
51770,2015.0,inadequate_pc,0.092,
51775,2015.0,inadequate_pc,0.049,
51790,2015.0,inadequate_pc,0.129,
51800,2015.0,inadequate_pc,0.158,
51810,2015.0,inadequate_pc,0.093,
51820,2015.0,inadequate_pc,0.15,
51830,2015.0,inadequate_pc,0.302,
51840,2015.0,inadequate_pc,0.305,
51001,2016.0,inadequate_pc,0.267,
51003,2016.0,inadequate_pc,0.137,
51005,2016.0,inadequate_pc,0.066,
51007,2016.0,inadequate_pc,0.117,
51009,2016.0,inadequate_pc,0.13,
51011,2016.0,inadequate_pc,0.118,
51013,2016.0,inadequate_pc,0.154,
51015,2016.0,inadequate_pc,0.126,
51017,2016.0,inadequate_pc,0.194,
51019,2016.0,inadequate_pc,0.083,
51021,2016.0,inadequate_pc,0.059,
51023,2016.0,inadequate_pc,0.079,
51025,2016.0,inadequate_pc,0.192,
51027,2016.0,inadequate_pc,0.183,
51029,2016.0,inadequate_pc,0.113,
51031,2016.0,inadequate_pc,0.075,
51033,2016.0,inadequate_pc,0.117,
51035,2016.0,inadequate_pc,0.062,
51036,2016.0,inadequate_pc,0.091,
51037,2016.0,inadequate_pc,0.227,
51041,2016.0,inadequate_pc,0.11,
51043,2016.0,inadequate_pc,0.138,
51045,2016.0,inadequate_pc,0.094,
51047,2016.0,inadequate_pc,0.124,
51049,2016.0,inadequate_pc,0.171,
51051,2016.0,inadequate_pc,0.08,
51053,2016.0,inadequate_pc,0.069,
51057,2016.0,inadequate_pc,0.125,
51059,2016.0,inadequate_pc,0.118,
51061,2016.0,inadequate_pc,0.113,
51063,2016.0,inadequate_pc,0.096,
51065,2016.0,inadequate_pc,0.101,
51067,2016.0,inadequate_pc,0.115,
51069,2016.0,inadequate_pc,0.144,
51071,2016.0,inadequate_pc,0.129,
51073,2016.0,inadequate_pc,0.095,
51075,2016.0,inadequate_pc,0.124,
51077,2016.0,inadequate_pc,0.062,
51079,2016.0,inadequate_pc,0.129,
51081,2016.0,inadequate_pc,0.185,
51083,2016.0,inadequate_pc,0.149,
51085,2016.0,inadequate_pc,0.074,
51087,2016.0,inadequate_pc,0.097,
51089,2016.0,inadequate_pc,0.199,
51091,2016.0,inadequate_pc,0.211,
51093,2016.0,inadequate_pc,0.139,
51095,2016.0,inadequate_pc,0.178,
51097,2016.0,inadequate_pc,0.107,
51099,2016.0,inadequate_pc,0.074,
51101,2016.0,inadequate_pc,0.088,
51103,2016.0,inadequate_pc,0.188,
51105,2016.0,inadequate_pc,0.198,
51107,2016.0,inadequate_pc,0.088,
51109,2016.0,inadequate_pc,0.093,
51111,2016.0,inadequate_pc,0.2,
51113,2016.0,inadequate_pc,0.168,
51115,2016.0,inadequate_pc,0.135,
51117,2016.0,inadequate_pc,0.178,
51119,2016.0,inadequate_pc,0.12,
51121,2016.0,inadequate_pc,0.102,
51125,2016.0,inadequate_pc,0.179,
51127,2016.0,inadequate_pc,0.076,
51131,2016.0,inadequate_pc,0.204,
51133,2016.0,inadequate_pc,0.093,
51135,2016.0,inadequate_pc,0.185,
51137,2016.0,inadequate_pc,0.145,
51139,2016.0,inadequate_pc,0.18,
51141,2016.0,inadequate_pc,0.219,
51143,2016.0,inadequate_pc,0.124,
51145,2016.0,inadequate_pc,0.036,
51147,2016.0,inadequate_pc,0.139,
51149,2016.0,inadequate_pc,0.111,
51153,2016.0,inadequate_pc,0.148,
51155,2016.0,inadequate_pc,0.084,
51157,2016.0,inadequate_pc,0.257,
51159,2016.0,inadequate_pc,0.108,
51161,2016.0,inadequate_pc,0.104,
51163,2016.0,inadequate_pc,0.13,
51165,2016.0,inadequate_pc,0.126,
51167,2016.0,inadequate_pc,0.098,
51169,2016.0,inadequate_pc,0.2,
51171,2016.0,inadequate_pc,0.177,
51173,2016.0,inadequate_pc,0.078,
51175,2016.0,inadequate_pc,0.123,
51177,2016.0,inadequate_pc,0.115,
51179,2016.0,inadequate_pc,0.119,
51181,2016.0,inadequate_pc,0.109,
51183,2016.0,inadequate_pc,0.196,
51185,2016.0,inadequate_pc,0.142,
51187,2016.0,inadequate_pc,0.172,
51191,2016.0,inadequate_pc,0.076,
51193,2016.0,inadequate_pc,0.145,
51195,2016.0,inadequate_pc,0.15,
51197,2016.0,inadequate_pc,0.127,
51199,2016.0,inadequate_pc,0.099,
51510,2016.0,inadequate_pc,0.131,
51520,2016.0,inadequate_pc,0.074,
51530,2016.0,inadequate_pc,0.0,
51540,2016.0,inadequate_pc,0.163,
51550,2016.0,inadequate_pc,0.083,
51570,2016.0,inadequate_pc,0.108,
51590,2016.0,inadequate_pc,0.236,
51600,2016.0,inadequate_pc,0.093,
51610,2016.0,inadequate_pc,0.097,
51620,2016.0,inadequate_pc,0.448,
51630,2016.0,inadequate_pc,0.173,
51640,2016.0,inadequate_pc,0.14,
51650,2016.0,inadequate_pc,0.16,
51660,2016.0,inadequate_pc,0.194,
51670,2016.0,inadequate_pc,0.183,
51678,2016.0,inadequate_pc,0.5,
51680,2016.0,inadequate_pc,0.128,
51683,2016.0,inadequate_pc,0.208,
51685,2016.0,inadequate_pc,0.067,
51690,2016.0,inadequate_pc,0.191,
51700,2016.0,inadequate_pc,0.163,
51710,2016.0,inadequate_pc,0.131,
51720,2016.0,inadequate_pc,0.25,
51730,2016.0,inadequate_pc,0.191,
51735,2016.0,inadequate_pc,0.058,
51740,2016.0,inadequate_pc,0.141,
51750,2016.0,inadequate_pc,0.075,
51760,2016.0,inadequate_pc,0.193,
51770,2016.0,inadequate_pc,0.149,
51775,2016.0,inadequate_pc,0.083,
51790,2016.0,inadequate_pc,0.108,
51800,2016.0,inadequate_pc,0.167,
51810,2016.0,inadequate_pc,0.104,
51820,2016.0,inadequate_pc,0.143,
51830,2016.0,inadequate_pc,0.239,
51840,2016.0,inadequate_pc,0.238,
51001,2017.0,inadequate_pc,0.262,
51003,2017.0,inadequate_pc,0.139,
51005,2017.0,inadequate_pc,0.073,
51007,2017.0,inadequate_pc,0.057,
51009,2017.0,inadequate_pc,0.118,
51011,2017.0,inadequate_pc,0.098,
51013,2017.0,inadequate_pc,0.166,
51015,2017.0,inadequate_pc,0.117,
51017,2017.0,inadequate_pc,0.053,
51019,2017.0,inadequate_pc,0.108,
51021,2017.0,inadequate_pc,0.148,
51023,2017.0,inadequate_pc,0.103,
51025,2017.0,inadequate_pc,0.215,
51027,2017.0,inadequate_pc,0.124,
51029,2017.0,inadequate_pc,0.187,
51031,2017.0,inadequate_pc,0.095,
51033,2017.0,inadequate_pc,0.121,
51035,2017.0,inadequate_pc,0.066,
51036,2017.0,inadequate_pc,0.061,
51037,2017.0,inadequate_pc,0.298,
51041,2017.0,inadequate_pc,0.107,
51043,2017.0,inadequate_pc,0.134,
51045,2017.0,inadequate_pc,0.026,
51047,2017.0,inadequate_pc,0.106,
51049,2017.0,inadequate_pc,0.073,
51051,2017.0,inadequate_pc,0.122,
51053,2017.0,inadequate_pc,0.113,
51057,2017.0,inadequate_pc,0.092,
51059,2017.0,inadequate_pc,0.125,
51061,2017.0,inadequate_pc,0.103,
51063,2017.0,inadequate_pc,0.068,
51065,2017.0,inadequate_pc,0.119,
51067,2017.0,inadequate_pc,0.106,
51069,2017.0,inadequate_pc,0.168,
51071,2017.0,inadequate_pc,0.068,
51073,2017.0,inadequate_pc,0.111,
51075,2017.0,inadequate_pc,0.055,
51077,2017.0,inadequate_pc,0.102,
51079,2017.0,inadequate_pc,0.138,
51081,2017.0,inadequate_pc,0.184,
51083,2017.0,inadequate_pc,0.226,
51085,2017.0,inadequate_pc,0.084,
51087,2017.0,inadequate_pc,0.092,
51089,2017.0,inadequate_pc,0.21,
51091,2017.0,inadequate_pc,0.278,
51093,2017.0,inadequate_pc,0.142,
51095,2017.0,inadequate_pc,0.165,
51097,2017.0,inadequate_pc,0.138,
51099,2017.0,inadequate_pc,0.081,
51101,2017.0,inadequate_pc,0.079,
51103,2017.0,inadequate_pc,0.138,
51105,2017.0,inadequate_pc,0.255,
51107,2017.0,inadequate_pc,0.092,
51109,2017.0,inadequate_pc,0.098,
51111,2017.0,inadequate_pc,0.178,
51113,2017.0,inadequate_pc,0.134,
51115,2017.0,inadequate_pc,0.075,
51117,2017.0,inadequate_pc,0.214,
51119,2017.0,inadequate_pc,0.12,
51121,2017.0,inadequate_pc,0.079,
51125,2017.0,inadequate_pc,0.137,
51127,2017.0,inadequate_pc,0.11,
51131,2017.0,inadequate_pc,0.137,
51133,2017.0,inadequate_pc,0.132,
51135,2017.0,inadequate_pc,0.117,
51137,2017.0,inadequate_pc,0.138,
51139,2017.0,inadequate_pc,0.167,
51141,2017.0,inadequate_pc,0.232,
51143,2017.0,inadequate_pc,0.133,
51145,2017.0,inadequate_pc,0.065,
51147,2017.0,inadequate_pc,0.177,
51149,2017.0,inadequate_pc,0.113,
51153,2017.0,inadequate_pc,0.173,
51155,2017.0,inadequate_pc,0.126,
51157,2017.0,inadequate_pc,0.132,
51159,2017.0,inadequate_pc,0.132,
51161,2017.0,inadequate_pc,0.083,
51163,2017.0,inadequate_pc,0.134,
51165,2017.0,inadequate_pc,0.122,
51167,2017.0,inadequate_pc,0.067,
51169,2017.0,inadequate_pc,0.167,
51171,2017.0,inadequate_pc,0.116,
51173,2017.0,inadequate_pc,0.118,
51175,2017.0,inadequate_pc,0.231,
51177,2017.0,inadequate_pc,0.128,
51179,2017.0,inadequate_pc,0.12,
51181,2017.0,inadequate_pc,0.117,
51183,2017.0,inadequate_pc,0.209,
51185,2017.0,inadequate_pc,0.116,
51187,2017.0,inadequate_pc,0.191,
51191,2017.0,inadequate_pc,0.069,
51193,2017.0,inadequate_pc,0.138,
51195,2017.0,inadequate_pc,0.191,
51197,2017.0,inadequate_pc,0.1,
51199,2017.0,inadequate_pc,0.111,
51510,2017.0,inadequate_pc,0.133,
51520,2017.0,inadequate_pc,0.24,
51530,2017.0,inadequate_pc,0.144,
51540,2017.0,inadequate_pc,0.139,
51550,2017.0,inadequate_pc,0.081,
51570,2017.0,inadequate_pc,0.132,
51580,2017.0,inadequate_pc,0.145,
51590,2017.0,inadequate_pc,0.222,
51595,2017.0,inadequate_pc,0.184,
51600,2017.0,inadequate_pc,0.085,
51610,2017.0,inadequate_pc,0.064,
51620,2017.0,inadequate_pc,0.256,
51630,2017.0,inadequate_pc,0.194,
51640,2017.0,inadequate_pc,0.145,
51650,2017.0,inadequate_pc,0.141,
51660,2017.0,inadequate_pc,0.161,
51670,2017.0,inadequate_pc,0.175,
51678,2017.0,inadequate_pc,0.134,
51680,2017.0,inadequate_pc,0.125,
51683,2017.0,inadequate_pc,0.298,
51685,2017.0,inadequate_pc,0.067,
51690,2017.0,inadequate_pc,0.229,
51700,2017.0,inadequate_pc,0.174,
51710,2017.0,inadequate_pc,0.143,
51720,2017.0,inadequate_pc,0.161,
51730,2017.0,inadequate_pc,0.237,
51735,2017.0,inadequate_pc,0.079,
51740,2017.0,inadequate_pc,0.153,
51750,2017.0,inadequate_pc,0.074,
51760,2017.0,inadequate_pc,0.198,
51770,2017.0,inadequate_pc,0.164,
51775,2017.0,inadequate_pc,0.099,
51790,2017.0,inadequate_pc,0.144,
51800,2017.0,inadequate_pc,0.14,
51810,2017.0,inadequate_pc,0.099,
51820,2017.0,inadequate_pc,0.141,
51830,2017.0,inadequate_pc,0.427,
51840,2017.0,inadequate_pc,0.256,
51001,2018.0,inadequate_pc,0.153,
51003,2018.0,inadequate_pc,0.163,
51005,2018.0,inadequate_pc,0.105,
51007,2018.0,inadequate_pc,0.077,
51009,2018.0,inadequate_pc,0.091,
51011,2018.0,inadequate_pc,0.106,
51013,2018.0,inadequate_pc,0.134,
51015,2018.0,inadequate_pc,0.122,
51017,2018.0,inadequate_pc,0.162,
51019,2018.0,inadequate_pc,0.117,
51021,2018.0,inadequate_pc,0.043,
51023,2018.0,inadequate_pc,0.086,
51025,2018.0,inadequate_pc,0.139,
51027,2018.0,inadequate_pc,0.061,
51029,2018.0,inadequate_pc,0.135,
51031,2018.0,inadequate_pc,0.116,
51033,2018.0,inadequate_pc,0.11,
51035,2018.0,inadequate_pc,0.134,
51036,2018.0,inadequate_pc,0.091,
51037,2018.0,inadequate_pc,0.279,
51041,2018.0,inadequate_pc,0.114,
51043,2018.0,inadequate_pc,0.103,
51045,2018.0,inadequate_pc,0.108,
51047,2018.0,inadequate_pc,0.147,
51049,2018.0,inadequate_pc,0.172,
51051,2018.0,inadequate_pc,0.102,
51053,2018.0,inadequate_pc,0.12,
51057,2018.0,inadequate_pc,0.141,
51059,2018.0,inadequate_pc,0.118,
51061,2018.0,inadequate_pc,0.145,
51063,2018.0,inadequate_pc,0.105,
51065,2018.0,inadequate_pc,0.126,
51067,2018.0,inadequate_pc,0.141,
51069,2018.0,inadequate_pc,0.157,
51071,2018.0,inadequate_pc,0.113,
51073,2018.0,inadequate_pc,0.111,
51075,2018.0,inadequate_pc,0.061,
51077,2018.0,inadequate_pc,0.074,
51079,2018.0,inadequate_pc,0.16,
51081,2018.0,inadequate_pc,0.264,
51083,2018.0,inadequate_pc,0.207,
51085,2018.0,inadequate_pc,0.075,
51087,2018.0,inadequate_pc,0.094,
51089,2018.0,inadequate_pc,0.275,
51091,2018.0,inadequate_pc,0.167,
51093,2018.0,inadequate_pc,0.139,
51095,2018.0,inadequate_pc,0.181,
51097,2018.0,inadequate_pc,0.192,
51099,2018.0,inadequate_pc,0.089,
51101,2018.0,inadequate_pc,0.084,
51103,2018.0,inadequate_pc,0.107,
51105,2018.0,inadequate_pc,0.225,
51107,2018.0,inadequate_pc,0.09,
51109,2018.0,inadequate_pc,0.145,
51111,2018.0,inadequate_pc,0.214,
51113,2018.0,inadequate_pc,0.103,
51115,2018.0,inadequate_pc,0.114,
51117,2018.0,inadequate_pc,0.211,
51119,2018.0,inadequate_pc,0.13,
51121,2018.0,inadequate_pc,0.091,
51125,2018.0,inadequate_pc,0.269,
51127,2018.0,inadequate_pc,0.071,
51131,2018.0,inadequate_pc,0.181,
51133,2018.0,inadequate_pc,0.114,
51135,2018.0,inadequate_pc,0.147,
51137,2018.0,inadequate_pc,0.151,
51139,2018.0,inadequate_pc,0.16,
51141,2018.0,inadequate_pc,0.25,
51143,2018.0,inadequate_pc,0.136,
51145,2018.0,inadequate_pc,0.049,
51147,2018.0,inadequate_pc,0.232,
51149,2018.0,inadequate_pc,0.122,
51153,2018.0,inadequate_pc,0.196,
51155,2018.0,inadequate_pc,0.114,
51157,2018.0,inadequate_pc,0.111,
51159,2018.0,inadequate_pc,0.133,
51161,2018.0,inadequate_pc,0.099,
51163,2018.0,inadequate_pc,0.198,
51165,2018.0,inadequate_pc,0.125,
51167,2018.0,inadequate_pc,0.111,
51169,2018.0,inadequate_pc,0.286,
51171,2018.0,inadequate_pc,0.147,
51173,2018.0,inadequate_pc,0.139,
51175,2018.0,inadequate_pc,0.144,
51177,2018.0,inadequate_pc,0.127,
51179,2018.0,inadequate_pc,0.13,
51181,2018.0,inadequate_pc,0.236,
51183,2018.0,inadequate_pc,0.322,
51185,2018.0,inadequate_pc,0.187,
51187,2018.0,inadequate_pc,0.205,
51191,2018.0,inadequate_pc,0.162,
51193,2018.0,inadequate_pc,0.127,
51195,2018.0,inadequate_pc,0.195,
51197,2018.0,inadequate_pc,0.135,
51199,2018.0,inadequate_pc,0.099,
51510,2018.0,inadequate_pc,0.119,
51520,2018.0,inadequate_pc,0.2,
51530,2018.0,inadequate_pc,0.207,
51540,2018.0,inadequate_pc,0.157,
51550,2018.0,inadequate_pc,0.078,
51570,2018.0,inadequate_pc,0.162,
51580,2018.0,inadequate_pc,0.247,
51590,2018.0,inadequate_pc,0.241,
51595,2018.0,inadequate_pc,0.333,
51600,2018.0,inadequate_pc,0.116,
51610,2018.0,inadequate_pc,0.095,
51620,2018.0,inadequate_pc,0.248,
51630,2018.0,inadequate_pc,0.163,
51640,2018.0,inadequate_pc,0.209,
51650,2018.0,inadequate_pc,0.147,
51660,2018.0,inadequate_pc,0.185,
51670,2018.0,inadequate_pc,0.225,
51678,2018.0,inadequate_pc,0.168,
51680,2018.0,inadequate_pc,0.117,
51683,2018.0,inadequate_pc,0.289,
51685,2018.0,inadequate_pc,0.231,
51690,2018.0,inadequate_pc,0.337,
51700,2018.0,inadequate_pc,0.161,
51710,2018.0,inadequate_pc,0.137,
51720,2018.0,inadequate_pc,0.333,
51730,2018.0,inadequate_pc,0.267,
51735,2018.0,inadequate_pc,0.042,
51740,2018.0,inadequate_pc,0.16,
51750,2018.0,inadequate_pc,0.167,
51760,2018.0,inadequate_pc,0.187,
51770,2018.0,inadequate_pc,0.183,
51775,2018.0,inadequate_pc,0.107,
51790,2018.0,inadequate_pc,0.169,
51800,2018.0,inadequate_pc,0.157,
51810,2018.0,inadequate_pc,0.1,
51820,2018.0,inadequate_pc,0.2,
51830,2018.0,inadequate_pc,0.362,
51840,2018.0,inadequate_pc,0.245,
51001,2019.0,inadequate_pc,0.157,
51003,2019.0,inadequate_pc,0.159,
51005,2019.0,inadequate_pc,0.08,
51007,2019.0,inadequate_pc,0.081,
51009,2019.0,inadequate_pc,0.108,
51011,2019.0,inadequate_pc,0.07,
51013,2019.0,inadequate_pc,0.142,
51015,2019.0,inadequate_pc,0.117,
51017,2019.0,inadequate_pc,0.105,
51019,2019.0,inadequate_pc,0.106,
51021,2019.0,inadequate_pc,0.081,
51023,2019.0,inadequate_pc,0.083,
51025,2019.0,inadequate_pc,0.143,
51027,2019.0,inadequate_pc,0.126,
51029,2019.0,inadequate_pc,0.149,
51031,2019.0,inadequate_pc,0.064,
51033,2019.0,inadequate_pc,0.125,
51035,2019.0,inadequate_pc,0.106,
51036,2019.0,inadequate_pc,0.07,
51037,2019.0,inadequate_pc,0.316,
51041,2019.0,inadequate_pc,0.117,
51043,2019.0,inadequate_pc,0.158,
51045,2019.0,inadequate_pc,0.128,
51047,2019.0,inadequate_pc,0.131,
51049,2019.0,inadequate_pc,0.177,
51051,2019.0,inadequate_pc,0.185,
51053,2019.0,inadequate_pc,0.147,
51057,2019.0,inadequate_pc,0.161,
51059,2019.0,inadequate_pc,0.139,
51061,2019.0,inadequate_pc,0.151,
51063,2019.0,inadequate_pc,0.099,
51065,2019.0,inadequate_pc,0.108,
51067,2019.0,inadequate_pc,0.122,
51069,2019.0,inadequate_pc,0.16,
51071,2019.0,inadequate_pc,0.066,
51073,2019.0,inadequate_pc,0.144,
51075,2019.0,inadequate_pc,0.039,
51077,2019.0,inadequate_pc,0.138,
51079,2019.0,inadequate_pc,0.107,
51081,2019.0,inadequate_pc,0.217,
51083,2019.0,inadequate_pc,0.157,
51085,2019.0,inadequate_pc,0.079,
51087,2019.0,inadequate_pc,0.087,
51089,2019.0,inadequate_pc,0.236,
51091,2019.0,inadequate_pc,0.059,
51093,2019.0,inadequate_pc,0.173,
51095,2019.0,inadequate_pc,0.184,
51097,2019.0,inadequate_pc,0.129,
51099,2019.0,inadequate_pc,0.064,
51101,2019.0,inadequate_pc,0.092,
51103,2019.0,inadequate_pc,0.211,
51105,2019.0,inadequate_pc,0.274,
51107,2019.0,inadequate_pc,0.087,
51109,2019.0,inadequate_pc,0.171,
51111,2019.0,inadequate_pc,0.16,
51113,2019.0,inadequate_pc,0.106,
51115,2019.0,inadequate_pc,0.154,
51117,2019.0,inadequate_pc,0.12,
51119,2019.0,inadequate_pc,0.122,
51121,2019.0,inadequate_pc,0.068,
51125,2019.0,inadequate_pc,0.2,
51127,2019.0,inadequate_pc,0.087,
51131,2019.0,inadequate_pc,0.14,
51133,2019.0,inadequate_pc,0.14,
51135,2019.0,inadequate_pc,0.103,
51137,2019.0,inadequate_pc,0.124,
51139,2019.0,inadequate_pc,0.224,
51141,2019.0,inadequate_pc,0.25,
51143,2019.0,inadequate_pc,0.109,
51145,2019.0,inadequate_pc,0.047,
51147,2019.0,inadequate_pc,0.172,
51149,2019.0,inadequate_pc,0.12,
51153,2019.0,inadequate_pc,0.187,
51155,2019.0,inadequate_pc,0.115,
51157,2019.0,inadequate_pc,0.152,
51159,2019.0,inadequate_pc,0.143,
51161,2019.0,inadequate_pc,0.1,
51163,2019.0,inadequate_pc,0.175,
51165,2019.0,inadequate_pc,0.111,
51167,2019.0,inadequate_pc,0.205,
51169,2019.0,inadequate_pc,0.333,
51171,2019.0,inadequate_pc,0.174,
51173,2019.0,inadequate_pc,0.198,
51175,2019.0,inadequate_pc,0.169,
51177,2019.0,inadequate_pc,0.108,
51179,2019.0,inadequate_pc,0.117,
51181,2019.0,inadequate_pc,0.145,
51183,2019.0,inadequate_pc,0.211,
51185,2019.0,inadequate_pc,0.25,
51187,2019.0,inadequate_pc,0.192,
51191,2019.0,inadequate_pc,0.263,
51193,2019.0,inadequate_pc,0.118,
51195,2019.0,inadequate_pc,0.171,
51197,2019.0,inadequate_pc,0.108,
51199,2019.0,inadequate_pc,0.16,
51510,2019.0,inadequate_pc,0.13,
51520,2019.0,inadequate_pc,0.4,
51530,2019.0,inadequate_pc,0.174,
51540,2019.0,inadequate_pc,0.14,
51550,2019.0,inadequate_pc,0.079,
51570,2019.0,inadequate_pc,0.162,
51580,2019.0,inadequate_pc,0.134,
51590,2019.0,inadequate_pc,0.195,
51595,2019.0,inadequate_pc,0.27,
51600,2019.0,inadequate_pc,0.098,
51610,2019.0,inadequate_pc,0.088,
51620,2019.0,inadequate_pc,0.25,
51630,2019.0,inadequate_pc,0.106,
51640,2019.0,inadequate_pc,0.112,
51650,2019.0,inadequate_pc,0.178,
51660,2019.0,inadequate_pc,0.205,
51670,2019.0,inadequate_pc,0.202,
51678,2019.0,inadequate_pc,0.198,
51680,2019.0,inadequate_pc,0.085,
51683,2019.0,inadequate_pc,0.28,
51685,2019.0,inadequate_pc,0.486,
51690,2019.0,inadequate_pc,0.282,
51700,2019.0,inadequate_pc,0.208,
51710,2019.0,inadequate_pc,0.136,
51720,2019.0,inadequate_pc,0.195,
51730,2019.0,inadequate_pc,0.192,
51735,2019.0,inadequate_pc,0.087,
51740,2019.0,inadequate_pc,0.125,
51750,2019.0,inadequate_pc,0.092,
51760,2019.0,inadequate_pc,0.195,
51770,2019.0,inadequate_pc,0.178,
51775,2019.0,inadequate_pc,0.12,
51790,2019.0,inadequate_pc,0.153,
51800,2019.0,inadequate_pc,0.162,
51810,2019.0,inadequate_pc,0.09,
51820,2019.0,inadequate_pc,0.157,
51830,2019.0,inadequate_pc,0.355,
51840,2019.0,inadequate_pc,0.273,
51001,2020.0,inadequate_pc,0.138,
51003,2020.0,inadequate_pc,0.161,
51005,2020.0,inadequate_pc,0.081,
51007,2020.0,inadequate_pc,0.094,
51009,2020.0,inadequate_pc,0.074,
51011,2020.0,inadequate_pc,0.116,
51013,2020.0,inadequate_pc,0.268,
51015,2020.0,inadequate_pc,0.121,
51017,2020.0,inadequate_pc,0.125,
51019,2020.0,inadequate_pc,0.076,
51021,2020.0,inadequate_pc,0.094,
51023,2020.0,inadequate_pc,0.075,
51025,2020.0,inadequate_pc,0.143,
51027,2020.0,inadequate_pc,0.151,
51029,2020.0,inadequate_pc,0.183,
51031,2020.0,inadequate_pc,0.083,
51033,2020.0,inadequate_pc,0.09,
51035,2020.0,inadequate_pc,0.113,
51036,2020.0,inadequate_pc,0.2,
51037,2020.0,inadequate_pc,0.156,
51041,2020.0,inadequate_pc,0.121,
51043,2020.0,inadequate_pc,0.148,
51045,2020.0,inadequate_pc,0.167,
51047,2020.0,inadequate_pc,0.126,
51049,2020.0,inadequate_pc,0.129,
51051,2020.0,inadequate_pc,0.17,
51053,2020.0,inadequate_pc,0.092,
51057,2020.0,inadequate_pc,0.126,
51059,2020.0,inadequate_pc,0.15,
51061,2020.0,inadequate_pc,0.117,
51063,2020.0,inadequate_pc,0.076,
51065,2020.0,inadequate_pc,0.187,
51067,2020.0,inadequate_pc,0.095,
51069,2020.0,inadequate_pc,0.132,
51071,2020.0,inadequate_pc,0.096,
51073,2020.0,inadequate_pc,0.113,
51075,2020.0,inadequate_pc,0.065,
51077,2020.0,inadequate_pc,0.07,
51079,2020.0,inadequate_pc,0.222,
51081,2020.0,inadequate_pc,0.271,
51083,2020.0,inadequate_pc,0.165,
51085,2020.0,inadequate_pc,0.064,
51087,2020.0,inadequate_pc,0.081,
51089,2020.0,inadequate_pc,0.238,
51091,2020.0,inadequate_pc,0.176,
51093,2020.0,inadequate_pc,0.123,
51095,2020.0,inadequate_pc,0.152,
51097,2020.0,inadequate_pc,0.14,
51099,2020.0,inadequate_pc,0.055,
51101,2020.0,inadequate_pc,0.062,
51103,2020.0,inadequate_pc,0.102,
51105,2020.0,inadequate_pc,0.215,
51107,2020.0,inadequate_pc,0.108,
51109,2020.0,inadequate_pc,0.157,
51111,2020.0,inadequate_pc,0.205,
51113,2020.0,inadequate_pc,0.13,
51115,2020.0,inadequate_pc,0.055,
51117,2020.0,inadequate_pc,0.124,
51119,2020.0,inadequate_pc,0.098,
51121,2020.0,inadequate_pc,0.052,
51125,2020.0,inadequate_pc,0.2,
51127,2020.0,inadequate_pc,0.119,
51131,2020.0,inadequate_pc,0.143,
51133,2020.0,inadequate_pc,0.064,
51135,2020.0,inadequate_pc,0.098,
51137,2020.0,inadequate_pc,0.114,
51139,2020.0,inadequate_pc,0.168,
51141,2020.0,inadequate_pc,0.196,
51143,2020.0,inadequate_pc,0.109,
51145,2020.0,inadequate_pc,0.049,
51147,2020.0,inadequate_pc,0.13,
51149,2020.0,inadequate_pc,0.111,
51153,2020.0,inadequate_pc,0.182,
51155,2020.0,inadequate_pc,0.08,
51157,2020.0,inadequate_pc,0.106,
51159,2020.0,inadequate_pc,0.072,
51161,2020.0,inadequate_pc,0.092,
51163,2020.0,inadequate_pc,0.212,
51165,2020.0,inadequate_pc,0.135,
51167,2020.0,inadequate_pc,0.168,
51169,2020.0,inadequate_pc,0.25,
51171,2020.0,inadequate_pc,0.168,
51173,2020.0,inadequate_pc,0.213,
51175,2020.0,inadequate_pc,0.136,
51177,2020.0,inadequate_pc,0.093,
51179,2020.0,inadequate_pc,0.126,
51181,2020.0,inadequate_pc,0.161,
51183,2020.0,inadequate_pc,0.316,
51185,2020.0,inadequate_pc,0.177,
51187,2020.0,inadequate_pc,0.2,
51191,2020.0,inadequate_pc,0.207,
51193,2020.0,inadequate_pc,0.1,
51195,2020.0,inadequate_pc,0.209,
51197,2020.0,inadequate_pc,0.13,
51199,2020.0,inadequate_pc,0.128,
51510,2020.0,inadequate_pc,0.172,
51520,2020.0,inadequate_pc,0.25,
51530,2020.0,inadequate_pc,0.167,
51540,2020.0,inadequate_pc,0.126,
51550,2020.0,inadequate_pc,0.071,
51570,2020.0,inadequate_pc,0.129,
51580,2020.0,inadequate_pc,0.111,
51590,2020.0,inadequate_pc,0.161,
51595,2020.0,inadequate_pc,0.333,
51600,2020.0,inadequate_pc,0.101,
51610,2020.0,inadequate_pc,0.179,
51620,2020.0,inadequate_pc,0.15,
51630,2020.0,inadequate_pc,0.132,
51640,2020.0,inadequate_pc,0.138,
51650,2020.0,inadequate_pc,0.156,
51660,2020.0,inadequate_pc,0.143,
51670,2020.0,inadequate_pc,0.149,
51678,2020.0,inadequate_pc,0.208,
51680,2020.0,inadequate_pc,0.086,
51683,2020.0,inadequate_pc,0.3,
51685,2020.0,inadequate_pc,0.324,
51690,2020.0,inadequate_pc,0.272,
51700,2020.0,inadequate_pc,0.183,
51710,2020.0,inadequate_pc,0.133,
51720,2020.0,inadequate_pc,0.192,
51730,2020.0,inadequate_pc,0.221,
51735,2020.0,inadequate_pc,0.045,
51740,2020.0,inadequate_pc,0.127,
51750,2020.0,inadequate_pc,0.127,
51760,2020.0,inadequate_pc,0.182,
51770,2020.0,inadequate_pc,0.158,
51775,2020.0,inadequate_pc,0.13,
51790,2020.0,inadequate_pc,0.151,
51800,2020.0,inadequate_pc,0.149,
51810,2020.0,inadequate_pc,0.097,
51820,2020.0,inadequate_pc,0.129,
51830,2020.0,inadequate_pc,0.312,
51840,2020.0,inadequate_pc,0.253,
