geoid,year,measure,value,moe
51001,2014.0,adequateplus_pc,0.146,
51003,2014.0,adequateplus_pc,0.436,
51005,2014.0,adequateplus_pc,0.171,
51007,2014.0,adequateplus_pc,0.25,
51009,2014.0,adequateplus_pc,0.154,
51011,2014.0,adequateplus_pc,0.045,
51013,2014.0,adequateplus_pc,0.146,
51015,2014.0,adequateplus_pc,0.435,
51017,2014.0,adequateplus_pc,0.188,
51019,2014.0,adequateplus_pc,0.133,
51021,2014.0,adequateplus_pc,0.385,
51023,2014.0,adequateplus_pc,0.114,
51025,2014.0,adequateplus_pc,0.137,
51027,2014.0,adequateplus_pc,0.309,
51029,2014.0,adequateplus_pc,0.256,
51031,2014.0,adequateplus_pc,0.368,
51033,2014.0,adequateplus_pc,0.258,
51035,2014.0,adequateplus_pc,0.436,
51036,2014.0,adequateplus_pc,0.25,
51037,2014.0,adequateplus_pc,0.134,
51041,2014.0,adequateplus_pc,0.258,
51043,2014.0,adequateplus_pc,0.269,
51045,2014.0,adequateplus_pc,0.083,
51047,2014.0,adequateplus_pc,0.172,
51049,2014.0,adequateplus_pc,0.273,
51051,2014.0,adequateplus_pc,0.203,
51053,2014.0,adequateplus_pc,0.271,
51057,2014.0,adequateplus_pc,0.474,
51059,2014.0,adequateplus_pc,0.281,
51061,2014.0,adequateplus_pc,0.18,
51063,2014.0,adequateplus_pc,0.136,
51065,2014.0,adequateplus_pc,0.382,
51067,2014.0,adequateplus_pc,0.174,
51069,2014.0,adequateplus_pc,0.164,
51071,2014.0,adequateplus_pc,0.222,
51073,2014.0,adequateplus_pc,0.242,
51075,2014.0,adequateplus_pc,0.271,
51077,2014.0,adequateplus_pc,0.42,
51079,2014.0,adequateplus_pc,0.417,
51081,2014.0,adequateplus_pc,0.178,
51083,2014.0,adequateplus_pc,0.265,
51085,2014.0,adequateplus_pc,0.311,
51087,2014.0,adequateplus_pc,0.257,
51089,2014.0,adequateplus_pc,0.335,
51091,2014.0,adequateplus_pc,0.333,
51093,2014.0,adequateplus_pc,0.316,
51095,2014.0,adequateplus_pc,0.238,
51097,2014.0,adequateplus_pc,0.41,
51099,2014.0,adequateplus_pc,0.223,
51101,2014.0,adequateplus_pc,0.371,
51103,2014.0,adequateplus_pc,0.267,
51105,2014.0,adequateplus_pc,0.143,
51107,2014.0,adequateplus_pc,0.281,
51109,2014.0,adequateplus_pc,0.294,
51111,2014.0,adequateplus_pc,0.169,
51113,2014.0,adequateplus_pc,0.345,
51115,2014.0,adequateplus_pc,0.15,
51117,2014.0,adequateplus_pc,0.192,
51119,2014.0,adequateplus_pc,0.273,
51121,2014.0,adequateplus_pc,0.182,
51125,2014.0,adequateplus_pc,0.267,
51127,2014.0,adequateplus_pc,0.31,
51131,2014.0,adequateplus_pc,0.126,
51133,2014.0,adequateplus_pc,0.337,
51135,2014.0,adequateplus_pc,0.202,
51137,2014.0,adequateplus_pc,0.289,
51139,2014.0,adequateplus_pc,0.23,
51141,2014.0,adequateplus_pc,0.432,
51143,2014.0,adequateplus_pc,0.292,
51145,2014.0,adequateplus_pc,0.25,
51147,2014.0,adequateplus_pc,0.186,
51149,2014.0,adequateplus_pc,0.237,
51153,2014.0,adequateplus_pc,0.278,
51155,2014.0,adequateplus_pc,0.171,
51157,2014.0,adequateplus_pc,0.085,
51159,2014.0,adequateplus_pc,0.327,
51161,2014.0,adequateplus_pc,0.163,
51163,2014.0,adequateplus_pc,0.336,
51165,2014.0,adequateplus_pc,0.253,
51167,2014.0,adequateplus_pc,0.188,
51169,2014.0,adequateplus_pc,0.176,
51171,2014.0,adequateplus_pc,0.226,
51173,2014.0,adequateplus_pc,0.2,
51175,2014.0,adequateplus_pc,0.263,
51177,2014.0,adequateplus_pc,0.26,
51179,2014.0,adequateplus_pc,0.255,
51181,2014.0,adequateplus_pc,0.25,
51183,2014.0,adequateplus_pc,0.244,
51185,2014.0,adequateplus_pc,0.368,
51187,2014.0,adequateplus_pc,0.161,
51191,2014.0,adequateplus_pc,0.0,
51193,2014.0,adequateplus_pc,0.224,
51195,2014.0,adequateplus_pc,0.178,
51197,2014.0,adequateplus_pc,0.335,
51199,2014.0,adequateplus_pc,0.216,
51510,2014.0,adequateplus_pc,0.261,
51520,2014.0,adequateplus_pc,0.0,
51530,2014.0,adequateplus_pc,0.0,
51540,2014.0,adequateplus_pc,0.441,
51550,2014.0,adequateplus_pc,0.28,
51570,2014.0,adequateplus_pc,0.211,
51590,2014.0,adequateplus_pc,0.244,
51600,2014.0,adequateplus_pc,0.33,
51610,2014.0,adequateplus_pc,0.213,
51620,2014.0,adequateplus_pc,0.266,
51630,2014.0,adequateplus_pc,0.251,
51640,2014.0,adequateplus_pc,0.475,
51650,2014.0,adequateplus_pc,0.256,
51660,2014.0,adequateplus_pc,0.265,
51670,2014.0,adequateplus_pc,0.214,
51680,2014.0,adequateplus_pc,0.211,
51683,2014.0,adequateplus_pc,0.243,
51685,2014.0,adequateplus_pc,0.412,
51690,2014.0,adequateplus_pc,0.294,
51700,2014.0,adequateplus_pc,0.212,
51710,2014.0,adequateplus_pc,0.251,
51720,2014.0,adequateplus_pc,0.211,
51730,2014.0,adequateplus_pc,0.205,
51735,2014.0,adequateplus_pc,0.208,
51740,2014.0,adequateplus_pc,0.246,
51750,2014.0,adequateplus_pc,0.182,
51760,2014.0,adequateplus_pc,0.261,
51770,2014.0,adequateplus_pc,0.124,
51775,2014.0,adequateplus_pc,0.141,
51790,2014.0,adequateplus_pc,0.448,
51800,2014.0,adequateplus_pc,0.286,
51810,2014.0,adequateplus_pc,0.242,
51820,2014.0,adequateplus_pc,0.45,
51830,2014.0,adequateplus_pc,0.202,
51840,2014.0,adequateplus_pc,0.101,
51001,2015.0,adequateplus_pc,0.183,
51003,2015.0,adequateplus_pc,0.239,
51005,2015.0,adequateplus_pc,0.092,
51007,2015.0,adequateplus_pc,0.221,
51009,2015.0,adequateplus_pc,0.144,
51011,2015.0,adequateplus_pc,0.099,
51013,2015.0,adequateplus_pc,0.155,
51015,2015.0,adequateplus_pc,0.467,
51017,2015.0,adequateplus_pc,0.333,
51019,2015.0,adequateplus_pc,0.131,
51021,2015.0,adequateplus_pc,0.286,
51023,2015.0,adequateplus_pc,0.173,
51025,2015.0,adequateplus_pc,0.198,
51027,2015.0,adequateplus_pc,0.311,
51029,2015.0,adequateplus_pc,0.162,
51031,2015.0,adequateplus_pc,0.103,
51033,2015.0,adequateplus_pc,0.219,
51035,2015.0,adequateplus_pc,0.398,
51036,2015.0,adequateplus_pc,0.229,
51037,2015.0,adequateplus_pc,0.123,
51041,2015.0,adequateplus_pc,0.243,
51043,2015.0,adequateplus_pc,0.284,
51045,2015.0,adequateplus_pc,0.083,
51047,2015.0,adequateplus_pc,0.179,
51049,2015.0,adequateplus_pc,0.222,
51051,2015.0,adequateplus_pc,0.229,
51053,2015.0,adequateplus_pc,0.283,
51057,2015.0,adequateplus_pc,0.289,
51059,2015.0,adequateplus_pc,0.28,
51061,2015.0,adequateplus_pc,0.189,
51063,2015.0,adequateplus_pc,0.21,
51065,2015.0,adequateplus_pc,0.243,
51067,2015.0,adequateplus_pc,0.141,
51069,2015.0,adequateplus_pc,0.181,
51071,2015.0,adequateplus_pc,0.197,
51073,2015.0,adequateplus_pc,0.233,
51075,2015.0,adequateplus_pc,0.328,
51077,2015.0,adequateplus_pc,0.433,
51079,2015.0,adequateplus_pc,0.206,
51081,2015.0,adequateplus_pc,0.167,
51083,2015.0,adequateplus_pc,0.26,
51085,2015.0,adequateplus_pc,0.307,
51087,2015.0,adequateplus_pc,0.254,
51089,2015.0,adequateplus_pc,0.335,
51091,2015.0,adequateplus_pc,0.333,
51093,2015.0,adequateplus_pc,0.237,
51095,2015.0,adequateplus_pc,0.202,
51097,2015.0,adequateplus_pc,0.236,
51099,2015.0,adequateplus_pc,0.301,
51101,2015.0,adequateplus_pc,0.247,
51103,2015.0,adequateplus_pc,0.322,
51105,2015.0,adequateplus_pc,0.144,
51107,2015.0,adequateplus_pc,0.264,
51109,2015.0,adequateplus_pc,0.189,
51111,2015.0,adequateplus_pc,0.155,
51113,2015.0,adequateplus_pc,0.165,
51115,2015.0,adequateplus_pc,0.25,
51117,2015.0,adequateplus_pc,0.241,
51119,2015.0,adequateplus_pc,0.226,
51121,2015.0,adequateplus_pc,0.182,
51125,2015.0,adequateplus_pc,0.202,
51127,2015.0,adequateplus_pc,0.293,
51131,2015.0,adequateplus_pc,0.191,
51133,2015.0,adequateplus_pc,0.307,
51135,2015.0,adequateplus_pc,0.216,
51137,2015.0,adequateplus_pc,0.206,
51139,2015.0,adequateplus_pc,0.207,
51141,2015.0,adequateplus_pc,0.267,
51143,2015.0,adequateplus_pc,0.202,
51145,2015.0,adequateplus_pc,0.279,
51147,2015.0,adequateplus_pc,0.129,
51149,2015.0,adequateplus_pc,0.186,
51153,2015.0,adequateplus_pc,0.262,
51155,2015.0,adequateplus_pc,0.163,
51157,2015.0,adequateplus_pc,0.13,
51159,2015.0,adequateplus_pc,0.412,
51161,2015.0,adequateplus_pc,0.113,
51163,2015.0,adequateplus_pc,0.343,
51165,2015.0,adequateplus_pc,0.297,
51167,2015.0,adequateplus_pc,0.187,
51169,2015.0,adequateplus_pc,0.438,
51171,2015.0,adequateplus_pc,0.243,
51173,2015.0,adequateplus_pc,0.168,
51175,2015.0,adequateplus_pc,0.248,
51177,2015.0,adequateplus_pc,0.216,
51179,2015.0,adequateplus_pc,0.245,
51181,2015.0,adequateplus_pc,0.224,
51183,2015.0,adequateplus_pc,0.25,
51185,2015.0,adequateplus_pc,0.345,
51187,2015.0,adequateplus_pc,0.202,
51191,2015.0,adequateplus_pc,0.162,
51193,2015.0,adequateplus_pc,0.271,
51195,2015.0,adequateplus_pc,0.19,
51197,2015.0,adequateplus_pc,0.3,
51199,2015.0,adequateplus_pc,0.188,
51510,2015.0,adequateplus_pc,0.237,
51520,2015.0,adequateplus_pc,0.111,
51530,2015.0,adequateplus_pc,0.0,
51540,2015.0,adequateplus_pc,0.252,
51550,2015.0,adequateplus_pc,0.238,
51570,2015.0,adequateplus_pc,0.264,
51580,2015.0,adequateplus_pc,0.0,
51590,2015.0,adequateplus_pc,0.238,
51600,2015.0,adequateplus_pc,0.293,
51610,2015.0,adequateplus_pc,0.199,
51620,2015.0,adequateplus_pc,0.209,
51630,2015.0,adequateplus_pc,0.223,
51640,2015.0,adequateplus_pc,0.56,
51650,2015.0,adequateplus_pc,0.225,
51660,2015.0,adequateplus_pc,0.3,
51670,2015.0,adequateplus_pc,0.171,
51678,2015.0,adequateplus_pc,1.0,
51680,2015.0,adequateplus_pc,0.114,
51683,2015.0,adequateplus_pc,0.22,
51685,2015.0,adequateplus_pc,0.3,
51690,2015.0,adequateplus_pc,0.313,
51700,2015.0,adequateplus_pc,0.19,
51710,2015.0,adequateplus_pc,0.244,
51720,2015.0,adequateplus_pc,0.05,
51730,2015.0,adequateplus_pc,0.176,
51735,2015.0,adequateplus_pc,0.289,
51740,2015.0,adequateplus_pc,0.211,
51750,2015.0,adequateplus_pc,0.165,
51760,2015.0,adequateplus_pc,0.183,
51770,2015.0,adequateplus_pc,0.153,
51775,2015.0,adequateplus_pc,0.121,
51790,2015.0,adequateplus_pc,0.471,
51800,2015.0,adequateplus_pc,0.195,
51810,2015.0,adequateplus_pc,0.243,
51820,2015.0,adequateplus_pc,0.45,
51830,2015.0,adequateplus_pc,0.135,
51840,2015.0,adequateplus_pc,0.189,
51001,2016.0,adequateplus_pc,0.168,
51003,2016.0,adequateplus_pc,0.257,
51005,2016.0,adequateplus_pc,0.209,
51007,2016.0,adequateplus_pc,0.17,
51009,2016.0,adequateplus_pc,0.208,
51011,2016.0,adequateplus_pc,0.208,
51013,2016.0,adequateplus_pc,0.168,
51015,2016.0,adequateplus_pc,0.423,
51017,2016.0,adequateplus_pc,0.333,
51019,2016.0,adequateplus_pc,0.15,
51021,2016.0,adequateplus_pc,0.176,
51023,2016.0,adequateplus_pc,0.15,
51025,2016.0,adequateplus_pc,0.258,
51027,2016.0,adequateplus_pc,0.279,
51029,2016.0,adequateplus_pc,0.287,
51031,2016.0,adequateplus_pc,0.196,
51033,2016.0,adequateplus_pc,0.234,
51035,2016.0,adequateplus_pc,0.403,
51036,2016.0,adequateplus_pc,0.25,
51037,2016.0,adequateplus_pc,0.202,
51041,2016.0,adequateplus_pc,0.199,
51043,2016.0,adequateplus_pc,0.211,
51045,2016.0,adequateplus_pc,0.062,
51047,2016.0,adequateplus_pc,0.151,
51049,2016.0,adequateplus_pc,0.197,
51051,2016.0,adequateplus_pc,0.147,
51053,2016.0,adequateplus_pc,0.269,
51057,2016.0,adequateplus_pc,0.385,
51059,2016.0,adequateplus_pc,0.225,
51061,2016.0,adequateplus_pc,0.159,
51063,2016.0,adequateplus_pc,0.193,
51065,2016.0,adequateplus_pc,0.245,
51067,2016.0,adequateplus_pc,0.175,
51069,2016.0,adequateplus_pc,0.173,
51071,2016.0,adequateplus_pc,0.141,
51073,2016.0,adequateplus_pc,0.281,
51075,2016.0,adequateplus_pc,0.2,
51077,2016.0,adequateplus_pc,0.429,
51079,2016.0,adequateplus_pc,0.281,
51081,2016.0,adequateplus_pc,0.157,
51083,2016.0,adequateplus_pc,0.214,
51085,2016.0,adequateplus_pc,0.294,
51087,2016.0,adequateplus_pc,0.248,
51089,2016.0,adequateplus_pc,0.238,
51091,2016.0,adequateplus_pc,0.368,
51093,2016.0,adequateplus_pc,0.214,
51095,2016.0,adequateplus_pc,0.127,
51097,2016.0,adequateplus_pc,0.286,
51099,2016.0,adequateplus_pc,0.246,
51101,2016.0,adequateplus_pc,0.353,
51103,2016.0,adequateplus_pc,0.458,
51105,2016.0,adequateplus_pc,0.25,
51107,2016.0,adequateplus_pc,0.212,
51109,2016.0,adequateplus_pc,0.253,
51111,2016.0,adequateplus_pc,0.14,
51113,2016.0,adequateplus_pc,0.191,
51115,2016.0,adequateplus_pc,0.212,
51117,2016.0,adequateplus_pc,0.182,
51119,2016.0,adequateplus_pc,0.228,
51121,2016.0,adequateplus_pc,0.165,
51125,2016.0,adequateplus_pc,0.196,
51127,2016.0,adequateplus_pc,0.246,
51131,2016.0,adequateplus_pc,0.222,
51133,2016.0,adequateplus_pc,0.347,
51135,2016.0,adequateplus_pc,0.194,
51137,2016.0,adequateplus_pc,0.198,
51139,2016.0,adequateplus_pc,0.236,
51141,2016.0,adequateplus_pc,0.192,
51143,2016.0,adequateplus_pc,0.234,
51145,2016.0,adequateplus_pc,0.241,
51147,2016.0,adequateplus_pc,0.179,
51149,2016.0,adequateplus_pc,0.203,
51153,2016.0,adequateplus_pc,0.214,
51155,2016.0,adequateplus_pc,0.158,
51157,2016.0,adequateplus_pc,0.143,
51159,2016.0,adequateplus_pc,0.387,
51161,2016.0,adequateplus_pc,0.144,
51163,2016.0,adequateplus_pc,0.391,
51165,2016.0,adequateplus_pc,0.291,
51167,2016.0,adequateplus_pc,0.21,
51169,2016.0,adequateplus_pc,0.2,
51171,2016.0,adequateplus_pc,0.198,
51173,2016.0,adequateplus_pc,0.161,
51175,2016.0,adequateplus_pc,0.211,
51177,2016.0,adequateplus_pc,0.245,
51179,2016.0,adequateplus_pc,0.235,
51181,2016.0,adequateplus_pc,0.2,
51183,2016.0,adequateplus_pc,0.174,
51185,2016.0,adequateplus_pc,0.299,
51187,2016.0,adequateplus_pc,0.22,
51191,2016.0,adequateplus_pc,0.126,
51193,2016.0,adequateplus_pc,0.28,
51195,2016.0,adequateplus_pc,0.232,
51197,2016.0,adequateplus_pc,0.25,
51199,2016.0,adequateplus_pc,0.202,
51510,2016.0,adequateplus_pc,0.225,
51520,2016.0,adequateplus_pc,0.148,
51530,2016.0,adequateplus_pc,0.0,
51540,2016.0,adequateplus_pc,0.277,
51550,2016.0,adequateplus_pc,0.268,
51570,2016.0,adequateplus_pc,0.203,
51590,2016.0,adequateplus_pc,0.2,
51600,2016.0,adequateplus_pc,0.238,
51610,2016.0,adequateplus_pc,0.174,
51620,2016.0,adequateplus_pc,0.119,
51630,2016.0,adequateplus_pc,0.241,
51640,2016.0,adequateplus_pc,0.44,
51650,2016.0,adequateplus_pc,0.258,
51660,2016.0,adequateplus_pc,0.26,
51670,2016.0,adequateplus_pc,0.183,
51678,2016.0,adequateplus_pc,0.167,
51680,2016.0,adequateplus_pc,0.167,
51683,2016.0,adequateplus_pc,0.172,
51685,2016.0,adequateplus_pc,0.333,
51690,2016.0,adequateplus_pc,0.315,
51700,2016.0,adequateplus_pc,0.228,
51710,2016.0,adequateplus_pc,0.285,
51720,2016.0,adequateplus_pc,0.179,
51730,2016.0,adequateplus_pc,0.208,
51735,2016.0,adequateplus_pc,0.204,
51740,2016.0,adequateplus_pc,0.259,
51750,2016.0,adequateplus_pc,0.173,
51760,2016.0,adequateplus_pc,0.171,
51770,2016.0,adequateplus_pc,0.16,
51775,2016.0,adequateplus_pc,0.173,
51790,2016.0,adequateplus_pc,0.474,
51800,2016.0,adequateplus_pc,0.239,
51810,2016.0,adequateplus_pc,0.268,
51820,2016.0,adequateplus_pc,0.452,
51830,2016.0,adequateplus_pc,0.17,
51840,2016.0,adequateplus_pc,0.158,
51001,2017.0,adequateplus_pc,0.186,
51003,2017.0,adequateplus_pc,0.316,
51005,2017.0,adequateplus_pc,0.183,
51007,2017.0,adequateplus_pc,0.182,
51009,2017.0,adequateplus_pc,0.283,
51011,2017.0,adequateplus_pc,0.223,
51013,2017.0,adequateplus_pc,0.18,
51015,2017.0,adequateplus_pc,0.412,
51017,2017.0,adequateplus_pc,0.421,
51019,2017.0,adequateplus_pc,0.221,
51021,2017.0,adequateplus_pc,0.185,
51023,2017.0,adequateplus_pc,0.201,
51025,2017.0,adequateplus_pc,0.177,
51027,2017.0,adequateplus_pc,0.347,
51029,2017.0,adequateplus_pc,0.228,
51031,2017.0,adequateplus_pc,0.289,
51033,2017.0,adequateplus_pc,0.21,
51035,2017.0,adequateplus_pc,0.275,
51036,2017.0,adequateplus_pc,0.245,
51037,2017.0,adequateplus_pc,0.144,
51041,2017.0,adequateplus_pc,0.205,
51043,2017.0,adequateplus_pc,0.196,
51045,2017.0,adequateplus_pc,0.179,
51047,2017.0,adequateplus_pc,0.143,
51049,2017.0,adequateplus_pc,0.218,
51051,2017.0,adequateplus_pc,0.317,
51053,2017.0,adequateplus_pc,0.26,
51057,2017.0,adequateplus_pc,0.468,
51059,2017.0,adequateplus_pc,0.235,
51061,2017.0,adequateplus_pc,0.139,
51063,2017.0,adequateplus_pc,0.122,
51065,2017.0,adequateplus_pc,0.299,
51067,2017.0,adequateplus_pc,0.207,
51069,2017.0,adequateplus_pc,0.19,
51071,2017.0,adequateplus_pc,0.21,
51073,2017.0,adequateplus_pc,0.238,
51075,2017.0,adequateplus_pc,0.253,
51077,2017.0,adequateplus_pc,0.25,
51079,2017.0,adequateplus_pc,0.289,
51081,2017.0,adequateplus_pc,0.289,
51083,2017.0,adequateplus_pc,0.148,
51085,2017.0,adequateplus_pc,0.272,
51087,2017.0,adequateplus_pc,0.241,
51089,2017.0,adequateplus_pc,0.272,
51091,2017.0,adequateplus_pc,0.222,
51093,2017.0,adequateplus_pc,0.236,
51095,2017.0,adequateplus_pc,0.158,
51097,2017.0,adequateplus_pc,0.207,
51099,2017.0,adequateplus_pc,0.248,
51101,2017.0,adequateplus_pc,0.225,
51103,2017.0,adequateplus_pc,0.431,
51105,2017.0,adequateplus_pc,0.204,
51107,2017.0,adequateplus_pc,0.21,
51109,2017.0,adequateplus_pc,0.314,
51111,2017.0,adequateplus_pc,0.168,
51113,2017.0,adequateplus_pc,0.179,
51115,2017.0,adequateplus_pc,0.284,
51117,2017.0,adequateplus_pc,0.109,
51119,2017.0,adequateplus_pc,0.283,
51121,2017.0,adequateplus_pc,0.156,
51125,2017.0,adequateplus_pc,0.322,
51127,2017.0,adequateplus_pc,0.244,
51131,2017.0,adequateplus_pc,0.331,
51133,2017.0,adequateplus_pc,0.429,
51135,2017.0,adequateplus_pc,0.225,
51137,2017.0,adequateplus_pc,0.224,
51139,2017.0,adequateplus_pc,0.29,
51141,2017.0,adequateplus_pc,0.275,
51143,2017.0,adequateplus_pc,0.281,
51145,2017.0,adequateplus_pc,0.226,
51147,2017.0,adequateplus_pc,0.133,
51149,2017.0,adequateplus_pc,0.252,
51153,2017.0,adequateplus_pc,0.21,
51155,2017.0,adequateplus_pc,0.165,
51157,2017.0,adequateplus_pc,0.208,
51159,2017.0,adequateplus_pc,0.471,
51161,2017.0,adequateplus_pc,0.184,
51163,2017.0,adequateplus_pc,0.236,
51165,2017.0,adequateplus_pc,0.27,
51167,2017.0,adequateplus_pc,0.286,
51169,2017.0,adequateplus_pc,0.222,
51171,2017.0,adequateplus_pc,0.241,
51173,2017.0,adequateplus_pc,0.152,
51175,2017.0,adequateplus_pc,0.223,
51177,2017.0,adequateplus_pc,0.223,
51179,2017.0,adequateplus_pc,0.219,
51181,2017.0,adequateplus_pc,0.15,
51183,2017.0,adequateplus_pc,0.221,
51185,2017.0,adequateplus_pc,0.261,
51187,2017.0,adequateplus_pc,0.154,
51191,2017.0,adequateplus_pc,0.154,
51193,2017.0,adequateplus_pc,0.299,
51195,2017.0,adequateplus_pc,0.237,
51197,2017.0,adequateplus_pc,0.207,
51199,2017.0,adequateplus_pc,0.243,
51510,2017.0,adequateplus_pc,0.259,
51520,2017.0,adequateplus_pc,0.16,
51530,2017.0,adequateplus_pc,0.333,
51540,2017.0,adequateplus_pc,0.343,
51550,2017.0,adequateplus_pc,0.322,
51570,2017.0,adequateplus_pc,0.185,
51580,2017.0,adequateplus_pc,0.161,
51590,2017.0,adequateplus_pc,0.301,
51595,2017.0,adequateplus_pc,0.184,
51600,2017.0,adequateplus_pc,0.185,
51610,2017.0,adequateplus_pc,0.206,
51620,2017.0,adequateplus_pc,0.244,
51630,2017.0,adequateplus_pc,0.213,
51640,2017.0,adequateplus_pc,0.174,
51650,2017.0,adequateplus_pc,0.304,
51660,2017.0,adequateplus_pc,0.309,
51670,2017.0,adequateplus_pc,0.233,
51678,2017.0,adequateplus_pc,0.357,
51680,2017.0,adequateplus_pc,0.23,
51683,2017.0,adequateplus_pc,0.121,
51685,2017.0,adequateplus_pc,0.133,
51690,2017.0,adequateplus_pc,0.261,
51700,2017.0,adequateplus_pc,0.281,
51710,2017.0,adequateplus_pc,0.284,
51720,2017.0,adequateplus_pc,0.226,
51730,2017.0,adequateplus_pc,0.197,
51735,2017.0,adequateplus_pc,0.297,
51740,2017.0,adequateplus_pc,0.275,
51750,2017.0,adequateplus_pc,0.191,
51760,2017.0,adequateplus_pc,0.168,
51770,2017.0,adequateplus_pc,0.171,
51775,2017.0,adequateplus_pc,0.215,
51790,2017.0,adequateplus_pc,0.432,
51800,2017.0,adequateplus_pc,0.244,
51810,2017.0,adequateplus_pc,0.276,
51820,2017.0,adequateplus_pc,0.445,
51830,2017.0,adequateplus_pc,0.067,
51840,2017.0,adequateplus_pc,0.145,
51001,2018.0,adequateplus_pc,0.302,
51003,2018.0,adequateplus_pc,0.292,
51005,2018.0,adequateplus_pc,0.174,
51007,2018.0,adequateplus_pc,0.295,
51009,2018.0,adequateplus_pc,0.247,
51011,2018.0,adequateplus_pc,0.27,
51013,2018.0,adequateplus_pc,0.169,
51015,2018.0,adequateplus_pc,0.416,
51017,2018.0,adequateplus_pc,0.324,
51019,2018.0,adequateplus_pc,0.253,
51021,2018.0,adequateplus_pc,0.174,
51023,2018.0,adequateplus_pc,0.16,
51025,2018.0,adequateplus_pc,0.231,
51027,2018.0,adequateplus_pc,0.296,
51029,2018.0,adequateplus_pc,0.317,
51031,2018.0,adequateplus_pc,0.252,
51033,2018.0,adequateplus_pc,0.192,
51035,2018.0,adequateplus_pc,0.219,
51036,2018.0,adequateplus_pc,0.25,
51037,2018.0,adequateplus_pc,0.156,
51041,2018.0,adequateplus_pc,0.225,
51043,2018.0,adequateplus_pc,0.129,
51045,2018.0,adequateplus_pc,0.189,
51047,2018.0,adequateplus_pc,0.11,
51049,2018.0,adequateplus_pc,0.103,
51051,2018.0,adequateplus_pc,0.119,
51053,2018.0,adequateplus_pc,0.228,
51057,2018.0,adequateplus_pc,0.446,
51059,2018.0,adequateplus_pc,0.227,
51061,2018.0,adequateplus_pc,0.139,
51063,2018.0,adequateplus_pc,0.137,
51065,2018.0,adequateplus_pc,0.309,
51067,2018.0,adequateplus_pc,0.187,
51069,2018.0,adequateplus_pc,0.216,
51071,2018.0,adequateplus_pc,0.232,
51073,2018.0,adequateplus_pc,0.372,
51075,2018.0,adequateplus_pc,0.306,
51077,2018.0,adequateplus_pc,0.24,
51079,2018.0,adequateplus_pc,0.255,
51081,2018.0,adequateplus_pc,0.139,
51083,2018.0,adequateplus_pc,0.081,
51085,2018.0,adequateplus_pc,0.249,
51087,2018.0,adequateplus_pc,0.214,
51089,2018.0,adequateplus_pc,0.176,
51091,2018.0,adequateplus_pc,0.417,
51093,2018.0,adequateplus_pc,0.199,
51095,2018.0,adequateplus_pc,0.179,
51097,2018.0,adequateplus_pc,0.288,
51099,2018.0,adequateplus_pc,0.207,
51101,2018.0,adequateplus_pc,0.237,
51103,2018.0,adequateplus_pc,0.357,
51105,2018.0,adequateplus_pc,0.188,
51107,2018.0,adequateplus_pc,0.213,
51109,2018.0,adequateplus_pc,0.243,
51111,2018.0,adequateplus_pc,0.19,
51113,2018.0,adequateplus_pc,0.207,
51115,2018.0,adequateplus_pc,0.386,
51117,2018.0,adequateplus_pc,0.19,
51119,2018.0,adequateplus_pc,0.208,
51121,2018.0,adequateplus_pc,0.163,
51125,2018.0,adequateplus_pc,0.209,
51127,2018.0,adequateplus_pc,0.245,
51131,2018.0,adequateplus_pc,0.268,
51133,2018.0,adequateplus_pc,0.371,
51135,2018.0,adequateplus_pc,0.186,
51137,2018.0,adequateplus_pc,0.231,
51139,2018.0,adequateplus_pc,0.235,
51141,2018.0,adequateplus_pc,0.173,
51143,2018.0,adequateplus_pc,0.282,
51145,2018.0,adequateplus_pc,0.239,
51147,2018.0,adequateplus_pc,0.211,
51149,2018.0,adequateplus_pc,0.22,
51153,2018.0,adequateplus_pc,0.179,
51155,2018.0,adequateplus_pc,0.121,
51157,2018.0,adequateplus_pc,0.204,
51159,2018.0,adequateplus_pc,0.373,
51161,2018.0,adequateplus_pc,0.182,
51163,2018.0,adequateplus_pc,0.292,
51165,2018.0,adequateplus_pc,0.268,
51167,2018.0,adequateplus_pc,0.171,
51169,2018.0,adequateplus_pc,0.0,
51171,2018.0,adequateplus_pc,0.242,
51173,2018.0,adequateplus_pc,0.164,
51175,2018.0,adequateplus_pc,0.195,
51177,2018.0,adequateplus_pc,0.197,
51179,2018.0,adequateplus_pc,0.207,
51181,2018.0,adequateplus_pc,0.273,
51183,2018.0,adequateplus_pc,0.153,
51185,2018.0,adequateplus_pc,0.244,
51187,2018.0,adequateplus_pc,0.186,
51191,2018.0,adequateplus_pc,0.156,
51193,2018.0,adequateplus_pc,0.268,
51195,2018.0,adequateplus_pc,0.186,
51197,2018.0,adequateplus_pc,0.206,
51199,2018.0,adequateplus_pc,0.272,
51510,2018.0,adequateplus_pc,0.21,
51520,2018.0,adequateplus_pc,0.08,
51530,2018.0,adequateplus_pc,0.276,
51540,2018.0,adequateplus_pc,0.361,
51550,2018.0,adequateplus_pc,0.263,
51570,2018.0,adequateplus_pc,0.2,
51580,2018.0,adequateplus_pc,0.178,
51590,2018.0,adequateplus_pc,0.26,
51595,2018.0,adequateplus_pc,0.061,
51600,2018.0,adequateplus_pc,0.188,
51610,2018.0,adequateplus_pc,0.27,
51620,2018.0,adequateplus_pc,0.172,
51630,2018.0,adequateplus_pc,0.2,
51640,2018.0,adequateplus_pc,0.198,
51650,2018.0,adequateplus_pc,0.305,
51660,2018.0,adequateplus_pc,0.245,
51670,2018.0,adequateplus_pc,0.209,
51678,2018.0,adequateplus_pc,0.386,
51680,2018.0,adequateplus_pc,0.249,
51683,2018.0,adequateplus_pc,0.15,
51685,2018.0,adequateplus_pc,0.154,
51690,2018.0,adequateplus_pc,0.136,
51700,2018.0,adequateplus_pc,0.29,
51710,2018.0,adequateplus_pc,0.26,
51720,2018.0,adequateplus_pc,0.205,
51730,2018.0,adequateplus_pc,0.168,
51735,2018.0,adequateplus_pc,0.281,
51740,2018.0,adequateplus_pc,0.245,
51750,2018.0,adequateplus_pc,0.143,
51760,2018.0,adequateplus_pc,0.174,
51770,2018.0,adequateplus_pc,0.15,
51775,2018.0,adequateplus_pc,0.162,
51790,2018.0,adequateplus_pc,0.429,
51800,2018.0,adequateplus_pc,0.222,
51810,2018.0,adequateplus_pc,0.257,
51820,2018.0,adequateplus_pc,0.414,
51830,2018.0,adequateplus_pc,0.116,
51840,2018.0,adequateplus_pc,0.217,
51001,2019.0,adequateplus_pc,0.343,
51003,2019.0,adequateplus_pc,0.32,
51005,2019.0,adequateplus_pc,0.184,
51007,2019.0,adequateplus_pc,0.261,
51009,2019.0,adequateplus_pc,0.263,
51011,2019.0,adequateplus_pc,0.313,
51013,2019.0,adequateplus_pc,0.199,
51015,2019.0,adequateplus_pc,0.387,
51017,2019.0,adequateplus_pc,0.237,
51019,2019.0,adequateplus_pc,0.228,
51021,2019.0,adequateplus_pc,0.27,
51023,2019.0,adequateplus_pc,0.241,
51025,2019.0,adequateplus_pc,0.314,
51027,2019.0,adequateplus_pc,0.306,
51029,2019.0,adequateplus_pc,0.284,
51031,2019.0,adequateplus_pc,0.254,
51033,2019.0,adequateplus_pc,0.246,
51035,2019.0,adequateplus_pc,0.221,
51036,2019.0,adequateplus_pc,0.372,
51037,2019.0,adequateplus_pc,0.211,
51041,2019.0,adequateplus_pc,0.224,
51043,2019.0,adequateplus_pc,0.203,
51045,2019.0,adequateplus_pc,0.154,
51047,2019.0,adequateplus_pc,0.197,
51049,2019.0,adequateplus_pc,0.165,
51051,2019.0,adequateplus_pc,0.222,
51053,2019.0,adequateplus_pc,0.227,
51057,2019.0,adequateplus_pc,0.441,
51059,2019.0,adequateplus_pc,0.241,
51061,2019.0,adequateplus_pc,0.177,
51063,2019.0,adequateplus_pc,0.185,
51065,2019.0,adequateplus_pc,0.332,
51067,2019.0,adequateplus_pc,0.204,
51069,2019.0,adequateplus_pc,0.214,
51071,2019.0,adequateplus_pc,0.237,
51073,2019.0,adequateplus_pc,0.345,
51075,2019.0,adequateplus_pc,0.326,
51077,2019.0,adequateplus_pc,0.193,
51079,2019.0,adequateplus_pc,0.27,
51081,2019.0,adequateplus_pc,0.207,
51083,2019.0,adequateplus_pc,0.215,
51085,2019.0,adequateplus_pc,0.305,
51087,2019.0,adequateplus_pc,0.299,
51089,2019.0,adequateplus_pc,0.295,
51091,2019.0,adequateplus_pc,0.353,
51093,2019.0,adequateplus_pc,0.199,
51095,2019.0,adequateplus_pc,0.177,
51097,2019.0,adequateplus_pc,0.271,
51099,2019.0,adequateplus_pc,0.26,
51101,2019.0,adequateplus_pc,0.272,
51103,2019.0,adequateplus_pc,0.382,
51105,2019.0,adequateplus_pc,0.274,
51107,2019.0,adequateplus_pc,0.202,
51109,2019.0,adequateplus_pc,0.257,
51111,2019.0,adequateplus_pc,0.234,
51113,2019.0,adequateplus_pc,0.25,
51115,2019.0,adequateplus_pc,0.369,
51117,2019.0,adequateplus_pc,0.302,
51119,2019.0,adequateplus_pc,0.329,
51121,2019.0,adequateplus_pc,0.227,
51125,2019.0,adequateplus_pc,0.311,
51127,2019.0,adequateplus_pc,0.251,
51131,2019.0,adequateplus_pc,0.29,
51133,2019.0,adequateplus_pc,0.37,
51135,2019.0,adequateplus_pc,0.224,
51137,2019.0,adequateplus_pc,0.255,
51139,2019.0,adequateplus_pc,0.24,
51141,2019.0,adequateplus_pc,0.269,
51143,2019.0,adequateplus_pc,0.263,
51145,2019.0,adequateplus_pc,0.276,
51147,2019.0,adequateplus_pc,0.217,
51149,2019.0,adequateplus_pc,0.212,
51153,2019.0,adequateplus_pc,0.187,
51155,2019.0,adequateplus_pc,0.161,
51157,2019.0,adequateplus_pc,0.174,
51159,2019.0,adequateplus_pc,0.349,
51161,2019.0,adequateplus_pc,0.236,
51163,2019.0,adequateplus_pc,0.263,
51165,2019.0,adequateplus_pc,0.289,
51167,2019.0,adequateplus_pc,0.15,
51169,2019.0,adequateplus_pc,0.111,
51171,2019.0,adequateplus_pc,0.235,
51173,2019.0,adequateplus_pc,0.102,
51175,2019.0,adequateplus_pc,0.263,
51177,2019.0,adequateplus_pc,0.23,
51179,2019.0,adequateplus_pc,0.226,
51181,2019.0,adequateplus_pc,0.21,
51183,2019.0,adequateplus_pc,0.237,
51185,2019.0,adequateplus_pc,0.273,
51187,2019.0,adequateplus_pc,0.159,
51191,2019.0,adequateplus_pc,0.084,
51193,2019.0,adequateplus_pc,0.318,
51195,2019.0,adequateplus_pc,0.206,
51197,2019.0,adequateplus_pc,0.162,
51199,2019.0,adequateplus_pc,0.271,
51510,2019.0,adequateplus_pc,0.244,
51520,2019.0,adequateplus_pc,0.05,
51530,2019.0,adequateplus_pc,0.348,
51540,2019.0,adequateplus_pc,0.416,
51550,2019.0,adequateplus_pc,0.301,
51570,2019.0,adequateplus_pc,0.235,
51580,2019.0,adequateplus_pc,0.209,
51590,2019.0,adequateplus_pc,0.257,
51595,2019.0,adequateplus_pc,0.175,
51600,2019.0,adequateplus_pc,0.228,
51610,2019.0,adequateplus_pc,0.264,
51620,2019.0,adequateplus_pc,0.195,
51630,2019.0,adequateplus_pc,0.201,
51640,2019.0,adequateplus_pc,0.316,
51650,2019.0,adequateplus_pc,0.31,
51660,2019.0,adequateplus_pc,0.296,
51670,2019.0,adequateplus_pc,0.202,
51678,2019.0,adequateplus_pc,0.302,
51680,2019.0,adequateplus_pc,0.239,
51683,2019.0,adequateplus_pc,0.166,
51685,2019.0,adequateplus_pc,0.086,
51690,2019.0,adequateplus_pc,0.247,
51700,2019.0,adequateplus_pc,0.289,
51710,2019.0,adequateplus_pc,0.3,
51720,2019.0,adequateplus_pc,0.122,
51730,2019.0,adequateplus_pc,0.22,
51735,2019.0,adequateplus_pc,0.402,
51740,2019.0,adequateplus_pc,0.297,
51750,2019.0,adequateplus_pc,0.238,
51760,2019.0,adequateplus_pc,0.255,
51770,2019.0,adequateplus_pc,0.185,
51775,2019.0,adequateplus_pc,0.176,
51790,2019.0,adequateplus_pc,0.453,
51800,2019.0,adequateplus_pc,0.232,
51810,2019.0,adequateplus_pc,0.287,
51820,2019.0,adequateplus_pc,0.447,
51830,2019.0,adequateplus_pc,0.118,
51840,2019.0,adequateplus_pc,0.181,
51001,2020.0,adequateplus_pc,0.315,
51003,2020.0,adequateplus_pc,0.216,
51005,2020.0,adequateplus_pc,0.221,
51007,2020.0,adequateplus_pc,0.174,
51009,2020.0,adequateplus_pc,0.551,
51011,2020.0,adequateplus_pc,0.546,
51013,2020.0,adequateplus_pc,0.199,
51015,2020.0,adequateplus_pc,0.38,
51017,2020.0,adequateplus_pc,0.1,
51019,2020.0,adequateplus_pc,0.481,
51021,2020.0,adequateplus_pc,0.188,
51023,2020.0,adequateplus_pc,0.26,
51025,2020.0,adequateplus_pc,0.271,
51027,2020.0,adequateplus_pc,0.302,
51029,2020.0,adequateplus_pc,0.206,
51031,2020.0,adequateplus_pc,0.567,
51033,2020.0,adequateplus_pc,0.255,
51035,2020.0,adequateplus_pc,0.226,
51036,2020.0,adequateplus_pc,0.2,
51037,2020.0,adequateplus_pc,0.177,
51041,2020.0,adequateplus_pc,0.214,
51043,2020.0,adequateplus_pc,0.238,
51045,2020.0,adequateplus_pc,0.167,
51047,2020.0,adequateplus_pc,0.174,
51049,2020.0,adequateplus_pc,0.229,
51051,2020.0,adequateplus_pc,0.094,
51053,2020.0,adequateplus_pc,0.224,
51057,2020.0,adequateplus_pc,0.477,
51059,2020.0,adequateplus_pc,0.207,
51061,2020.0,adequateplus_pc,0.163,
51063,2020.0,adequateplus_pc,0.146,
51065,2020.0,adequateplus_pc,0.271,
51067,2020.0,adequateplus_pc,0.244,
51069,2020.0,adequateplus_pc,0.165,
51071,2020.0,adequateplus_pc,0.211,
51073,2020.0,adequateplus_pc,0.29,
51075,2020.0,adequateplus_pc,0.26,
51077,2020.0,adequateplus_pc,0.21,
51079,2020.0,adequateplus_pc,0.218,
51081,2020.0,adequateplus_pc,0.247,
51083,2020.0,adequateplus_pc,0.202,
51085,2020.0,adequateplus_pc,0.273,
51087,2020.0,adequateplus_pc,0.258,
51089,2020.0,adequateplus_pc,0.245,
51091,2020.0,adequateplus_pc,0.294,
51093,2020.0,adequateplus_pc,0.226,
51095,2020.0,adequateplus_pc,0.164,
51097,2020.0,adequateplus_pc,0.175,
51099,2020.0,adequateplus_pc,0.228,
51101,2020.0,adequateplus_pc,0.294,
51103,2020.0,adequateplus_pc,0.441,
51105,2020.0,adequateplus_pc,0.19,
51107,2020.0,adequateplus_pc,0.163,
51109,2020.0,adequateplus_pc,0.257,
51111,2020.0,adequateplus_pc,0.205,
51113,2020.0,adequateplus_pc,0.22,
51115,2020.0,adequateplus_pc,0.345,
51117,2020.0,adequateplus_pc,0.213,
51119,2020.0,adequateplus_pc,0.317,
51121,2020.0,adequateplus_pc,0.2,
51125,2020.0,adequateplus_pc,0.244,
51127,2020.0,adequateplus_pc,0.264,
51131,2020.0,adequateplus_pc,0.327,
51133,2020.0,adequateplus_pc,0.372,
51135,2020.0,adequateplus_pc,0.189,
51137,2020.0,adequateplus_pc,0.23,
51139,2020.0,adequateplus_pc,0.23,
51141,2020.0,adequateplus_pc,0.255,
51143,2020.0,adequateplus_pc,0.382,
51145,2020.0,adequateplus_pc,0.211,
51147,2020.0,adequateplus_pc,0.199,
51149,2020.0,adequateplus_pc,0.197,
51153,2020.0,adequateplus_pc,0.186,
51155,2020.0,adequateplus_pc,0.202,
51157,2020.0,adequateplus_pc,0.234,
51159,2020.0,adequateplus_pc,0.349,
51161,2020.0,adequateplus_pc,0.262,
51163,2020.0,adequateplus_pc,0.265,
51165,2020.0,adequateplus_pc,0.22,
51167,2020.0,adequateplus_pc,0.21,
51169,2020.0,adequateplus_pc,0.25,
51171,2020.0,adequateplus_pc,0.225,
51173,2020.0,adequateplus_pc,0.158,
51175,2020.0,adequateplus_pc,0.359,
51177,2020.0,adequateplus_pc,0.235,
51179,2020.0,adequateplus_pc,0.234,
51181,2020.0,adequateplus_pc,0.177,
51183,2020.0,adequateplus_pc,0.147,
51185,2020.0,adequateplus_pc,0.293,
51187,2020.0,adequateplus_pc,0.169,
51191,2020.0,adequateplus_pc,0.181,
51193,2020.0,adequateplus_pc,0.25,
51195,2020.0,adequateplus_pc,0.181,
51197,2020.0,adequateplus_pc,0.117,
51199,2020.0,adequateplus_pc,0.212,
51510,2020.0,adequateplus_pc,0.276,
51520,2020.0,adequateplus_pc,0.083,
51530,2020.0,adequateplus_pc,0.244,
51540,2020.0,adequateplus_pc,0.263,
51550,2020.0,adequateplus_pc,0.313,
51570,2020.0,adequateplus_pc,0.188,
51580,2020.0,adequateplus_pc,0.211,
51590,2020.0,adequateplus_pc,0.23,
51595,2020.0,adequateplus_pc,0.281,
51600,2020.0,adequateplus_pc,0.185,
51610,2020.0,adequateplus_pc,0.207,
51620,2020.0,adequateplus_pc,0.293,
51630,2020.0,adequateplus_pc,0.264,
51640,2020.0,adequateplus_pc,0.229,
51650,2020.0,adequateplus_pc,0.265,
51660,2020.0,adequateplus_pc,0.255,
51670,2020.0,adequateplus_pc,0.237,
51678,2020.0,adequateplus_pc,0.281,
51680,2020.0,adequateplus_pc,0.564,
51683,2020.0,adequateplus_pc,0.12,
51685,2020.0,adequateplus_pc,0.147,
51690,2020.0,adequateplus_pc,0.193,
51700,2020.0,adequateplus_pc,0.222,
51710,2020.0,adequateplus_pc,0.296,
51720,2020.0,adequateplus_pc,0.192,
51730,2020.0,adequateplus_pc,0.182,
51735,2020.0,adequateplus_pc,0.291,
51740,2020.0,adequateplus_pc,0.298,
51750,2020.0,adequateplus_pc,0.21,
51760,2020.0,adequateplus_pc,0.218,
51770,2020.0,adequateplus_pc,0.218,
51775,2020.0,adequateplus_pc,0.241,
51790,2020.0,adequateplus_pc,0.351,
51800,2020.0,adequateplus_pc,0.229,
51810,2020.0,adequateplus_pc,0.259,
51820,2020.0,adequateplus_pc,0.398,
51830,2020.0,adequateplus_pc,0.156,
51840,2020.0,adequateplus_pc,0.17,
