geoid,year,measure,value,moe
,,total_animalProducts_sales,,
51013,2017.0,total_animalProducts_sales,7000.0,
51043,2017.0,total_animalProducts_sales,9627000.0,
51047,2017.0,total_animalProducts_sales,17138000.0,
51059,2017.0,total_animalProducts_sales,232000.0,
51061,2017.0,total_animalProducts_sales,32880000.0,
51069,2017.0,total_animalProducts_sales,9164000.0,
51107,2017.0,total_animalProducts_sales,13100000.0,
51113,2017.0,total_animalProducts_sales,17142000.0,
51139,2017.0,total_animalProducts_sales,143795000.0,
51153,2017.0,total_animalProducts_sales,4515000.0,
51157,2017.0,total_animalProducts_sales,5029000.0,
51165,2017.0,total_animalProducts_sales,741578000.0,
51171,2017.0,total_animalProducts_sales,122652000.0,
51179,2017.0,total_animalProducts_sales,2290000.0,
51187,2017.0,total_animalProducts_sales,3767000.0,
51005,2017.0,total_animalProducts_sales,1933000.0,
51015,2017.0,total_animalProducts_sales,255028000.0,
51017,2017.0,total_animalProducts_sales,5073000.0,
51023,2017.0,total_animalProducts_sales,10005000.0,
51045,2017.0,total_animalProducts_sales,3814000.0,
51091,2017.0,total_animalProducts_sales,24399000.0,
51161,2017.0,total_animalProducts_sales,825000.0,
51163,2017.0,total_animalProducts_sales,25740000.0,
51003,2017.0,total_animalProducts_sales,10785000.0,
51007,2017.0,total_animalProducts_sales,77330000.0,
51009,2017.0,total_animalProducts_sales,4626000.0,
51011,2017.0,total_animalProducts_sales,6659000.0,
51019,2017.0,total_animalProducts_sales,18031000.0,
51029,2017.0,total_animalProducts_sales,36622000.0,
51031,2017.0,total_animalProducts_sales,18874000.0,
51033,2017.0,total_animalProducts_sales,970000.0,
51041,2017.0,total_animalProducts_sales,1611000.0,
51049,2017.0,total_animalProducts_sales,35728000.0,
51065,2017.0,total_animalProducts_sales,2230000.0,
51075,2017.0,total_animalProducts_sales,7209000.0,
51079,2017.0,total_animalProducts_sales,5819000.0,
51085,2017.0,total_animalProducts_sales,8004000.0,
51087,2017.0,total_animalProducts_sales,179000.0,
51109,2017.0,total_animalProducts_sales,7681000.0,
51125,2017.0,total_animalProducts_sales,4534000.0,
51137,2017.0,total_animalProducts_sales,25218000.0,
51145,2017.0,total_animalProducts_sales,8707000.0,
51147,2017.0,total_animalProducts_sales,21129000.0,
51177,2017.0,total_animalProducts_sales,4642000.0,
51001,2017.0,total_animalProducts_sales,116356000.0,
51036,2017.0,total_animalProducts_sales,,
51057,2017.0,total_animalProducts_sales,1206000.0,
51073,2017.0,total_animalProducts_sales,2342000.0,
51095,2017.0,total_animalProducts_sales,152000.0,
51097,2017.0,total_animalProducts_sales,4490000.0,
51099,2017.0,total_animalProducts_sales,584000.0,
51101,2017.0,total_animalProducts_sales,1684000.0,
51103,2017.0,total_animalProducts_sales,450000.0,
51115,2017.0,total_animalProducts_sales,1684000.0,
51119,2017.0,total_animalProducts_sales,293000.0,
51127,2017.0,total_animalProducts_sales,348000.0,
51131,2017.0,total_animalProducts_sales,28090000.0,
51133,2017.0,total_animalProducts_sales,2840000.0,
51159,2017.0,total_animalProducts_sales,790000.0,
51193,2017.0,total_animalProducts_sales,,
51199,2017.0,total_animalProducts_sales,377000.0,
51021,2017.0,total_animalProducts_sales,6523000.0,
51027,2017.0,total_animalProducts_sales,196000.0,
51035,2017.0,total_animalProducts_sales,30874000.0,
51051,2017.0,total_animalProducts_sales,461000.0,
51063,2017.0,total_animalProducts_sales,17439000.0,
51071,2017.0,total_animalProducts_sales,8346000.0,
51077,2017.0,total_animalProducts_sales,30148000.0,
51105,2017.0,total_animalProducts_sales,11293000.0,
51121,2017.0,total_animalProducts_sales,16962000.0,
51155,2017.0,total_animalProducts_sales,21149000.0,
51167,2017.0,total_animalProducts_sales,20569000.0,
51169,2017.0,total_animalProducts_sales,11710000.0,
51173,2017.0,total_animalProducts_sales,34385000.0,
51185,2017.0,total_animalProducts_sales,22531000.0,
51191,2017.0,total_animalProducts_sales,60633000.0,
51195,2017.0,total_animalProducts_sales,1563000.0,
51197,2017.0,total_animalProducts_sales,60018000.0,
51037,2017.0,total_animalProducts_sales,16166000.0,
51067,2017.0,total_animalProducts_sales,52158000.0,
51083,2017.0,total_animalProducts_sales,15521000.0,
51089,2017.0,total_animalProducts_sales,11853000.0,
51111,2017.0,total_animalProducts_sales,3819000.0,
51135,2017.0,total_animalProducts_sales,46562000.0,
51141,2017.0,total_animalProducts_sales,9935000.0,
51143,2017.0,total_animalProducts_sales,42781000.0,
51025,2017.0,total_animalProducts_sales,6529000.0,
51053,2017.0,total_animalProducts_sales,3758000.0,
51081,2017.0,total_animalProducts_sales,360000.0,
51093,2017.0,total_animalProducts_sales,24450000.0,
51117,2017.0,total_animalProducts_sales,4964000.0,
51149,2017.0,total_animalProducts_sales,513000.0,
51175,2017.0,total_animalProducts_sales,13216000.0,
51181,2017.0,total_animalProducts_sales,,
51183,2017.0,total_animalProducts_sales,,
51550,2017.0,total_animalProducts_sales,1624000.0,
51800,2017.0,total_animalProducts_sales,8502000.0,
51810,2017.0,total_animalProducts_sales,1219000.0,
