geoid,year,measure,value,moe
,,total_irrigatedCropland_acre,,
51043,2017.0,total_irrigatedCropland_acre,144.0,
51047,2017.0,total_irrigatedCropland_acre,615.0,
51059,2017.0,total_irrigatedCropland_acre,60.0,
51061,2017.0,total_irrigatedCropland_acre,451.0,
51069,2017.0,total_irrigatedCropland_acre,39.0,
51107,2017.0,total_irrigatedCropland_acre,392.0,
51113,2017.0,total_irrigatedCropland_acre,79.0,
51139,2017.0,total_irrigatedCropland_acre,108.0,
51153,2017.0,total_irrigatedCropland_acre,944.0,
51157,2017.0,total_irrigatedCropland_acre,61.0,
51165,2017.0,total_irrigatedCropland_acre,5526.0,
51171,2017.0,total_irrigatedCropland_acre,893.0,
51179,2017.0,total_irrigatedCropland_acre,10.0,
51187,2017.0,total_irrigatedCropland_acre,10.0,
51015,2017.0,total_irrigatedCropland_acre,2549.0,
51017,2017.0,total_irrigatedCropland_acre,,
51023,2017.0,total_irrigatedCropland_acre,10.0,
51045,2017.0,total_irrigatedCropland_acre,115.0,
51091,2017.0,total_irrigatedCropland_acre,,
51161,2017.0,total_irrigatedCropland_acre,71.0,
51163,2017.0,total_irrigatedCropland_acre,83.0,
51003,2017.0,total_irrigatedCropland_acre,783.0,
51007,2017.0,total_irrigatedCropland_acre,204.0,
51009,2017.0,total_irrigatedCropland_acre,175.0,
51011,2017.0,total_irrigatedCropland_acre,24.0,
51019,2017.0,total_irrigatedCropland_acre,51.0,
51029,2017.0,total_irrigatedCropland_acre,65.0,
51031,2017.0,total_irrigatedCropland_acre,313.0,
51033,2017.0,total_irrigatedCropland_acre,3411.0,
51041,2017.0,total_irrigatedCropland_acre,75.0,
51049,2017.0,total_irrigatedCropland_acre,167.0,
51065,2017.0,total_irrigatedCropland_acre,79.0,
51075,2017.0,total_irrigatedCropland_acre,112.0,
51079,2017.0,total_irrigatedCropland_acre,25.0,
51085,2017.0,total_irrigatedCropland_acre,3570.0,
51087,2017.0,total_irrigatedCropland_acre,,
51109,2017.0,total_irrigatedCropland_acre,215.0,
51125,2017.0,total_irrigatedCropland_acre,1016.0,
51137,2017.0,total_irrigatedCropland_acre,214.0,
51145,2017.0,total_irrigatedCropland_acre,63.0,
51147,2017.0,total_irrigatedCropland_acre,14.0,
51177,2017.0,total_irrigatedCropland_acre,96.0,
51001,2017.0,total_irrigatedCropland_acre,5078.0,
51036,2017.0,total_irrigatedCropland_acre,1376.0,
51057,2017.0,total_irrigatedCropland_acre,,
51073,2017.0,total_irrigatedCropland_acre,13.0,
51095,2017.0,total_irrigatedCropland_acre,40.0,
51097,2017.0,total_irrigatedCropland_acre,1221.0,
51099,2017.0,total_irrigatedCropland_acre,,
51101,2017.0,total_irrigatedCropland_acre,1618.0,
51103,2017.0,total_irrigatedCropland_acre,12.0,
51115,2017.0,total_irrigatedCropland_acre,10.0,
51119,2017.0,total_irrigatedCropland_acre,270.0,
51127,2017.0,total_irrigatedCropland_acre,271.0,
51131,2017.0,total_irrigatedCropland_acre,5858.0,
51159,2017.0,total_irrigatedCropland_acre,29.0,
51193,2017.0,total_irrigatedCropland_acre,881.0,
51199,2017.0,total_irrigatedCropland_acre,11.0,
51021,2017.0,total_irrigatedCropland_acre,801.0,
51027,2017.0,total_irrigatedCropland_acre,,
51035,2017.0,total_irrigatedCropland_acre,597.0,
51063,2017.0,total_irrigatedCropland_acre,182.0,
51071,2017.0,total_irrigatedCropland_acre,27.0,
51077,2017.0,total_irrigatedCropland_acre,160.0,
51105,2017.0,total_irrigatedCropland_acre,32.0,
51121,2017.0,total_irrigatedCropland_acre,323.0,
51155,2017.0,total_irrigatedCropland_acre,28.0,
51167,2017.0,total_irrigatedCropland_acre,,
51169,2017.0,total_irrigatedCropland_acre,14.0,
51173,2017.0,total_irrigatedCropland_acre,28.0,
51185,2017.0,total_irrigatedCropland_acre,,
51191,2017.0,total_irrigatedCropland_acre,122.0,
51195,2017.0,total_irrigatedCropland_acre,27.0,
51197,2017.0,total_irrigatedCropland_acre,18.0,
51037,2017.0,total_irrigatedCropland_acre,533.0,
51067,2017.0,total_irrigatedCropland_acre,441.0,
51083,2017.0,total_irrigatedCropland_acre,1061.0,
51089,2017.0,total_irrigatedCropland_acre,43.0,
51111,2017.0,total_irrigatedCropland_acre,1408.0,
51135,2017.0,total_irrigatedCropland_acre,44.0,
51141,2017.0,total_irrigatedCropland_acre,213.0,
51143,2017.0,total_irrigatedCropland_acre,1492.0,
51025,2017.0,total_irrigatedCropland_acre,2114.0,
51053,2017.0,total_irrigatedCropland_acre,1578.0,
51081,2017.0,total_irrigatedCropland_acre,,
51093,2017.0,total_irrigatedCropland_acre,933.0,
51117,2017.0,total_irrigatedCropland_acre,4162.0,
51149,2017.0,total_irrigatedCropland_acre,,
51175,2017.0,total_irrigatedCropland_acre,1624.0,
51181,2017.0,total_irrigatedCropland_acre,929.0,
51183,2017.0,total_irrigatedCropland_acre,699.0,
51550,2017.0,total_irrigatedCropland_acre,72.0,
51800,2017.0,total_irrigatedCropland_acre,585.0,
51810,2017.0,total_irrigatedCropland_acre,315.0,
