geoid,year,measure,value,moe
11001000101,2021.0,asian_women_pov_pct,0.0,
11001000102,2021.0,asian_women_pov_pct,36.6412213740458,
11001000201,2021.0,asian_women_pov_pct,0.0,
11001000202,2021.0,asian_women_pov_pct,14.285714285714286,
11001000300,2021.0,asian_women_pov_pct,13.709677419354838,
11001000400,2021.0,asian_women_pov_pct,9.923664122137405,
11001000501,2021.0,asian_women_pov_pct,0.0,
11001000502,2021.0,asian_women_pov_pct,11.702127659574469,
11001000600,2021.0,asian_women_pov_pct,15.95744680851064,
11001000702,2021.0,asian_women_pov_pct,0.0,
11001000703,2021.0,asian_women_pov_pct,0.0,
11001000704,2021.0,asian_women_pov_pct,0.0,
11001000802,2021.0,asian_women_pov_pct,24.840764331210192,
11001000803,2021.0,asian_women_pov_pct,67.21991701244814,
11001000804,2021.0,asian_women_pov_pct,8.620689655172415,
11001000902,2021.0,asian_women_pov_pct,13.88888888888889,
11001000903,2021.0,asian_women_pov_pct,100.0,
11001000904,2021.0,asian_women_pov_pct,0.0,
11001001002,2021.0,asian_women_pov_pct,16.483516483516482,
11001001003,2021.0,asian_women_pov_pct,47.93388429752066,
11001001004,2021.0,asian_women_pov_pct,72.97297297297297,
11001001100,2021.0,asian_women_pov_pct,0.0,
11001001200,2021.0,asian_women_pov_pct,17.62917933130699,
11001001301,2021.0,asian_women_pov_pct,8.695652173913043,
11001001303,2021.0,asian_women_pov_pct,20.58823529411765,
11001001304,2021.0,asian_women_pov_pct,0.0,
11001001401,2021.0,asian_women_pov_pct,3.3582089552238807,
11001001402,2021.0,asian_women_pov_pct,1.7543859649122806,
11001001500,2021.0,asian_women_pov_pct,0.0,
11001001600,2021.0,asian_women_pov_pct,0.0,
11001001702,2021.0,asian_women_pov_pct,0.0,
11001001803,2021.0,asian_women_pov_pct,0.0,
11001001804,2021.0,asian_women_pov_pct,0.0,
11001001901,2021.0,asian_women_pov_pct,9.090909090909092,
11001001902,2021.0,asian_women_pov_pct,21.875,
11001002001,2021.0,asian_women_pov_pct,13.235294117647058,
11001002002,2021.0,asian_women_pov_pct,0.0,
11001002101,2021.0,asian_women_pov_pct,0.0,
11001002102,2021.0,asian_women_pov_pct,0.0,
11001002201,2021.0,asian_women_pov_pct,0.0,
11001002202,2021.0,asian_women_pov_pct,,
11001002301,2021.0,asian_women_pov_pct,0.0,
11001002302,2021.0,asian_women_pov_pct,10.169491525423728,
11001002400,2021.0,asian_women_pov_pct,0.0,
11001002501,2021.0,asian_women_pov_pct,0.0,
11001002503,2021.0,asian_women_pov_pct,0.0,
11001002504,2021.0,asian_women_pov_pct,0.0,
11001002600,2021.0,asian_women_pov_pct,0.0,
11001002702,2021.0,asian_women_pov_pct,0.0,
11001002703,2021.0,asian_women_pov_pct,0.0,
11001002704,2021.0,asian_women_pov_pct,0.0,
11001002801,2021.0,asian_women_pov_pct,59.333333333333336,
11001002802,2021.0,asian_women_pov_pct,4.139433551198257,
11001002900,2021.0,asian_women_pov_pct,0.0,
11001003000,2021.0,asian_women_pov_pct,0.0,
11001003100,2021.0,asian_women_pov_pct,19.444444444444443,
11001003200,2021.0,asian_women_pov_pct,0.0,
11001003301,2021.0,asian_women_pov_pct,0.0,
11001003302,2021.0,asian_women_pov_pct,0.0,
11001003400,2021.0,asian_women_pov_pct,0.0,
11001003500,2021.0,asian_women_pov_pct,49.25373134328358,
11001003600,2021.0,asian_women_pov_pct,25.68807339449541,
11001003701,2021.0,asian_women_pov_pct,13.402061855670103,
11001003702,2021.0,asian_women_pov_pct,25.252525252525253,
11001003801,2021.0,asian_women_pov_pct,0.0,
11001003802,2021.0,asian_women_pov_pct,0.0,
11001003901,2021.0,asian_women_pov_pct,0.0,
11001003902,2021.0,asian_women_pov_pct,0.0,
11001004001,2021.0,asian_women_pov_pct,0.0,
11001004002,2021.0,asian_women_pov_pct,0.0,
11001004100,2021.0,asian_women_pov_pct,31.91489361702128,
11001004201,2021.0,asian_women_pov_pct,0.0,
11001004202,2021.0,asian_women_pov_pct,7.614213197969543,
11001004300,2021.0,asian_women_pov_pct,0.0,
11001004401,2021.0,asian_women_pov_pct,0.0,
11001004402,2021.0,asian_women_pov_pct,15.384615384615383,
11001004600,2021.0,asian_women_pov_pct,0.0,
11001004702,2021.0,asian_women_pov_pct,13.75,
11001004703,2021.0,asian_women_pov_pct,40.94488188976378,
11001004704,2021.0,asian_women_pov_pct,0.0,
11001004801,2021.0,asian_women_pov_pct,14.754098360655735,
11001004802,2021.0,asian_women_pov_pct,0.0,
11001004901,2021.0,asian_women_pov_pct,0.0,
11001004902,2021.0,asian_women_pov_pct,0.0,
11001005001,2021.0,asian_women_pov_pct,0.0,
11001005003,2021.0,asian_women_pov_pct,13.08411214953271,
11001005004,2021.0,asian_women_pov_pct,0.0,
11001005202,2021.0,asian_women_pov_pct,,
11001005203,2021.0,asian_women_pov_pct,0.0,
11001005302,2021.0,asian_women_pov_pct,9.62566844919786,
11001005303,2021.0,asian_women_pov_pct,29.9492385786802,
11001005501,2021.0,asian_women_pov_pct,,
11001005502,2021.0,asian_women_pov_pct,29.493087557603687,
11001005503,2021.0,asian_women_pov_pct,26.08695652173913,
11001005601,2021.0,asian_women_pov_pct,56.09756097560975,
11001005602,2021.0,asian_women_pov_pct,29.33753943217665,
11001005801,2021.0,asian_women_pov_pct,76.43979057591623,
11001005802,2021.0,asian_women_pov_pct,15.306122448979592,
11001005900,2021.0,asian_women_pov_pct,20.689655172413797,
11001006400,2021.0,asian_women_pov_pct,0.0,
11001006500,2021.0,asian_women_pov_pct,0.0,
11001006600,2021.0,asian_women_pov_pct,0.0,
11001006700,2021.0,asian_women_pov_pct,0.0,
11001006801,2021.0,asian_women_pov_pct,0.0,
11001006802,2021.0,asian_women_pov_pct,40.0,
11001006804,2021.0,asian_women_pov_pct,,
11001006900,2021.0,asian_women_pov_pct,0.0,
11001007000,2021.0,asian_women_pov_pct,0.0,
11001007100,2021.0,asian_women_pov_pct,0.0,
11001007201,2021.0,asian_women_pov_pct,0.0,
11001007202,2021.0,asian_women_pov_pct,0.0,
11001007203,2021.0,asian_women_pov_pct,0.0,
11001007301,2021.0,asian_women_pov_pct,12.12121212121212,
11001007304,2021.0,asian_women_pov_pct,,
11001007401,2021.0,asian_women_pov_pct,0.0,
11001007403,2021.0,asian_women_pov_pct,,
11001007404,2021.0,asian_women_pov_pct,,
11001007406,2021.0,asian_women_pov_pct,,
11001007407,2021.0,asian_women_pov_pct,0.0,
11001007408,2021.0,asian_women_pov_pct,,
11001007409,2021.0,asian_women_pov_pct,0.0,
11001007502,2021.0,asian_women_pov_pct,,
11001007503,2021.0,asian_women_pov_pct,,
11001007504,2021.0,asian_women_pov_pct,,
11001007601,2021.0,asian_women_pov_pct,,
11001007603,2021.0,asian_women_pov_pct,96.875,
11001007604,2021.0,asian_women_pov_pct,0.0,
11001007605,2021.0,asian_women_pov_pct,0.0,
11001007703,2021.0,asian_women_pov_pct,,
11001007707,2021.0,asian_women_pov_pct,,
11001007708,2021.0,asian_women_pov_pct,,
11001007709,2021.0,asian_women_pov_pct,,
11001007803,2021.0,asian_women_pov_pct,0.0,
11001007804,2021.0,asian_women_pov_pct,0.0,
11001007806,2021.0,asian_women_pov_pct,,
11001007807,2021.0,asian_women_pov_pct,,
11001007808,2021.0,asian_women_pov_pct,,
11001007809,2021.0,asian_women_pov_pct,,
11001007901,2021.0,asian_women_pov_pct,0.0,
11001007903,2021.0,asian_women_pov_pct,0.0,
11001008001,2021.0,asian_women_pov_pct,25.58139534883721,
11001008002,2021.0,asian_women_pov_pct,0.0,
11001008100,2021.0,asian_women_pov_pct,0.0,
11001008200,2021.0,asian_women_pov_pct,0.0,
11001008301,2021.0,asian_women_pov_pct,0.0,
11001008302,2021.0,asian_women_pov_pct,0.0,
11001008402,2021.0,asian_women_pov_pct,0.0,
11001008410,2021.0,asian_women_pov_pct,0.0,
11001008701,2021.0,asian_women_pov_pct,15.84158415841584,
11001008702,2021.0,asian_women_pov_pct,0.0,
11001008802,2021.0,asian_women_pov_pct,0.0,
11001008803,2021.0,asian_women_pov_pct,0.0,
11001008804,2021.0,asian_women_pov_pct,,
11001008903,2021.0,asian_women_pov_pct,,
11001008904,2021.0,asian_women_pov_pct,0.0,
11001009000,2021.0,asian_women_pov_pct,0.0,
11001009102,2021.0,asian_women_pov_pct,0.0,
11001009201,2021.0,asian_women_pov_pct,0.0,
11001009203,2021.0,asian_women_pov_pct,0.0,
11001009204,2021.0,asian_women_pov_pct,,
11001009301,2021.0,asian_women_pov_pct,0.0,
11001009302,2021.0,asian_women_pov_pct,,
11001009400,2021.0,asian_women_pov_pct,0.0,
11001009503,2021.0,asian_women_pov_pct,0.0,
11001009504,2021.0,asian_women_pov_pct,0.0,
11001009505,2021.0,asian_women_pov_pct,0.0,
11001009507,2021.0,asian_women_pov_pct,,
11001009508,2021.0,asian_women_pov_pct,0.0,
11001009509,2021.0,asian_women_pov_pct,0.0,
11001009510,2021.0,asian_women_pov_pct,3.8461538461538463,
11001009511,2021.0,asian_women_pov_pct,,
11001009601,2021.0,asian_women_pov_pct,,
11001009602,2021.0,asian_women_pov_pct,,
11001009603,2021.0,asian_women_pov_pct,,
11001009604,2021.0,asian_women_pov_pct,,
11001009700,2021.0,asian_women_pov_pct,,
11001009801,2021.0,asian_women_pov_pct,,
11001009802,2021.0,asian_women_pov_pct,,
11001009803,2021.0,asian_women_pov_pct,,
11001009804,2021.0,asian_women_pov_pct,0.0,
11001009807,2021.0,asian_women_pov_pct,,
11001009810,2021.0,asian_women_pov_pct,,
11001009811,2021.0,asian_women_pov_pct,,
11001009901,2021.0,asian_women_pov_pct,0.0,
11001009902,2021.0,asian_women_pov_pct,100.0,
11001009903,2021.0,asian_women_pov_pct,,
11001009904,2021.0,asian_women_pov_pct,,
11001009905,2021.0,asian_women_pov_pct,,
11001009906,2021.0,asian_women_pov_pct,,
11001009907,2021.0,asian_women_pov_pct,,
11001010100,2021.0,asian_women_pov_pct,15.625,
11001010201,2021.0,asian_women_pov_pct,0.0,
11001010202,2021.0,asian_women_pov_pct,0.0,
11001010300,2021.0,asian_women_pov_pct,6.666666666666667,
11001010400,2021.0,asian_women_pov_pct,,
11001010500,2021.0,asian_women_pov_pct,0.0,
11001010601,2021.0,asian_women_pov_pct,27.692307692307693,
11001010602,2021.0,asian_women_pov_pct,1.875,
11001010603,2021.0,asian_women_pov_pct,12.903225806451612,
11001010700,2021.0,asian_women_pov_pct,29.78723404255319,
11001010800,2021.0,asian_women_pov_pct,16.25,
11001010900,2021.0,asian_women_pov_pct,,
11001011001,2021.0,asian_women_pov_pct,0.0,
11001011002,2021.0,asian_women_pov_pct,0.0,
11001011100,2021.0,asian_women_pov_pct,0.0,
11001980000,2021.0,asian_women_pov_pct,,
24017850101,2021.0,asian_women_pov_pct,0.0,
24017850102,2021.0,asian_women_pov_pct,0.0,
24017850201,2021.0,asian_women_pov_pct,0.0,
24017850202,2021.0,asian_women_pov_pct,0.0,
24017850300,2021.0,asian_women_pov_pct,0.0,
24017850400,2021.0,asian_women_pov_pct,0.0,
24017850500,2021.0,asian_women_pov_pct,,
24017850600,2021.0,asian_women_pov_pct,0.0,
24017850706,2021.0,asian_women_pov_pct,0.0,
24017850708,2021.0,asian_women_pov_pct,6.7164179104477615,
24017850709,2021.0,asian_women_pov_pct,0.0,
24017850710,2021.0,asian_women_pov_pct,16.176470588235293,
24017850711,2021.0,asian_women_pov_pct,0.0,
24017850712,2021.0,asian_women_pov_pct,24.0,
24017850713,2021.0,asian_women_pov_pct,6.488549618320611,
24017850801,2021.0,asian_women_pov_pct,38.46153846153846,
24017850802,2021.0,asian_women_pov_pct,3.571428571428572,
24017850901,2021.0,asian_women_pov_pct,0.0,
24017850902,2021.0,asian_women_pov_pct,0.0,
24017850904,2021.0,asian_women_pov_pct,6.694560669456067,
24017850905,2021.0,asian_women_pov_pct,9.72222222222222,
24017850906,2021.0,asian_women_pov_pct,0.0,
24017851001,2021.0,asian_women_pov_pct,0.0,
24017851003,2021.0,asian_women_pov_pct,0.0,
24017851004,2021.0,asian_women_pov_pct,0.0,
24017851100,2021.0,asian_women_pov_pct,0.0,
24017851200,2021.0,asian_women_pov_pct,,
24017851301,2021.0,asian_women_pov_pct,0.0,
24017851302,2021.0,asian_women_pov_pct,10.784313725490197,
24017851401,2021.0,asian_women_pov_pct,0.0,
24017851402,2021.0,asian_women_pov_pct,,
24017851403,2021.0,asian_women_pov_pct,,
24017851501,2021.0,asian_women_pov_pct,0.0,
24017851502,2021.0,asian_women_pov_pct,24.0,
24017990000,2021.0,asian_women_pov_pct,,
24021740200,2021.0,asian_women_pov_pct,0.0,
24021750100,2021.0,asian_women_pov_pct,0.0,
24021750200,2021.0,asian_women_pov_pct,27.77777777777778,
24021750300,2021.0,asian_women_pov_pct,26.666666666666668,
24021750504,2021.0,asian_women_pov_pct,0.0,
24021750505,2021.0,asian_women_pov_pct,0.0,
24021750506,2021.0,asian_women_pov_pct,0.0,
24021750507,2021.0,asian_women_pov_pct,0.0,
24021750508,2021.0,asian_women_pov_pct,0.0,
24021750600,2021.0,asian_women_pov_pct,0.0,
24021750701,2021.0,asian_women_pov_pct,11.578947368421051,
24021750702,2021.0,asian_women_pov_pct,27.692307692307693,
24021750801,2021.0,asian_women_pov_pct,0.0,
24021750802,2021.0,asian_women_pov_pct,0.0,
24021750804,2021.0,asian_women_pov_pct,0.0,
24021750805,2021.0,asian_women_pov_pct,0.0,
24021751001,2021.0,asian_women_pov_pct,0.0,
24021751002,2021.0,asian_women_pov_pct,0.0,
24021751003,2021.0,asian_women_pov_pct,0.0,
24021751004,2021.0,asian_women_pov_pct,8.661417322834646,
24021751201,2021.0,asian_women_pov_pct,0.0,
24021751202,2021.0,asian_women_pov_pct,0.0,
24021751203,2021.0,asian_women_pov_pct,,
24021751301,2021.0,asian_women_pov_pct,0.0,
24021751302,2021.0,asian_women_pov_pct,0.0,
24021751600,2021.0,asian_women_pov_pct,0.0,
24021751701,2021.0,asian_women_pov_pct,,
24021751702,2021.0,asian_women_pov_pct,,
24021751801,2021.0,asian_women_pov_pct,0.0,
24021751802,2021.0,asian_women_pov_pct,0.0,
24021751902,2021.0,asian_women_pov_pct,0.0,
24021751903,2021.0,asian_women_pov_pct,26.25,
24021751904,2021.0,asian_women_pov_pct,0.0,
24021751905,2021.0,asian_women_pov_pct,0.0,
24021751906,2021.0,asian_women_pov_pct,0.0,
24021752001,2021.0,asian_women_pov_pct,0.0,
24021752101,2021.0,asian_women_pov_pct,0.0,
24021752102,2021.0,asian_women_pov_pct,0.0,
24021752201,2021.0,asian_women_pov_pct,0.0,
24021752202,2021.0,asian_women_pov_pct,0.0,
24021752205,2021.0,asian_women_pov_pct,0.0,
24021752206,2021.0,asian_women_pov_pct,0.0,
24021752301,2021.0,asian_women_pov_pct,0.0,
24021752302,2021.0,asian_women_pov_pct,0.0,
24021752303,2021.0,asian_women_pov_pct,0.0,
24021752501,2021.0,asian_women_pov_pct,0.0,
24021752502,2021.0,asian_women_pov_pct,83.33333333333333,
24021752601,2021.0,asian_women_pov_pct,0.0,
24021752602,2021.0,asian_women_pov_pct,0.0,
24021752603,2021.0,asian_women_pov_pct,0.0,
24021752801,2021.0,asian_women_pov_pct,100.0,
24021752802,2021.0,asian_women_pov_pct,0.0,
24021752900,2021.0,asian_women_pov_pct,,
24021753001,2021.0,asian_women_pov_pct,,
24021753002,2021.0,asian_women_pov_pct,,
24021765100,2021.0,asian_women_pov_pct,9.174311926605505,
24021766800,2021.0,asian_women_pov_pct,,
24021767500,2021.0,asian_women_pov_pct,,
24021767600,2021.0,asian_women_pov_pct,0.0,
24021770700,2021.0,asian_women_pov_pct,0.0,
24021772200,2021.0,asian_women_pov_pct,0.0,
24021773500,2021.0,asian_women_pov_pct,0.0,
24021775302,2021.0,asian_women_pov_pct,0.0,
24021775400,2021.0,asian_women_pov_pct,0.0,
24021775600,2021.0,asian_women_pov_pct,0.0,
24031700101,2021.0,asian_women_pov_pct,3.7735849056603774,
24031700103,2021.0,asian_women_pov_pct,0.0,
24031700104,2021.0,asian_women_pov_pct,0.0,
24031700105,2021.0,asian_women_pov_pct,0.0,
24031700204,2021.0,asian_women_pov_pct,0.0,
24031700206,2021.0,asian_women_pov_pct,0.0,
24031700207,2021.0,asian_women_pov_pct,13.471502590673577,
24031700208,2021.0,asian_women_pov_pct,0.0,
24031700209,2021.0,asian_women_pov_pct,0.0,
24031700210,2021.0,asian_women_pov_pct,0.0,
24031700306,2021.0,asian_women_pov_pct,2.4705882352941178,
24031700308,2021.0,asian_women_pov_pct,12.922465208747514,
24031700309,2021.0,asian_women_pov_pct,0.0,
24031700310,2021.0,asian_women_pov_pct,0.0,
24031700313,2021.0,asian_women_pov_pct,19.62264150943396,
24031700314,2021.0,asian_women_pov_pct,5.342624854819976,
24031700315,2021.0,asian_women_pov_pct,1.5075376884422111,
24031700316,2021.0,asian_women_pov_pct,0.0,
24031700317,2021.0,asian_women_pov_pct,0.0,
24031700318,2021.0,asian_women_pov_pct,10.089020771513352,
24031700400,2021.0,asian_women_pov_pct,,
24031700500,2021.0,asian_women_pov_pct,0.0,
24031700604,2021.0,asian_women_pov_pct,0.0,
24031700606,2021.0,asian_women_pov_pct,19.339622641509436,
24031700608,2021.0,asian_women_pov_pct,0.0,
24031700610,2021.0,asian_women_pov_pct,0.0,
24031700611,2021.0,asian_women_pov_pct,3.942307692307693,
24031700613,2021.0,asian_women_pov_pct,0.0,
24031700614,2021.0,asian_women_pov_pct,18.181818181818183,
24031700615,2021.0,asian_women_pov_pct,0.0,
24031700616,2021.0,asian_women_pov_pct,0.0,
24031700617,2021.0,asian_women_pov_pct,7.432432432432432,
24031700618,2021.0,asian_women_pov_pct,2.410518626734843,
24031700706,2021.0,asian_women_pov_pct,9.24574209245742,
24031700710,2021.0,asian_women_pov_pct,4.52755905511811,
24031700711,2021.0,asian_women_pov_pct,1.4106583072100314,
24031700713,2021.0,asian_women_pov_pct,7.220216606498194,
24031700715,2021.0,asian_women_pov_pct,8.542713567839195,
24031700718,2021.0,asian_women_pov_pct,12.376237623762377,
24031700720,2021.0,asian_women_pov_pct,0.0,
24031700721,2021.0,asian_women_pov_pct,57.4468085106383,
24031700723,2021.0,asian_women_pov_pct,66.31853785900783,
24031700724,2021.0,asian_women_pov_pct,37.96296296296296,
24031700725,2021.0,asian_women_pov_pct,28.88888888888889,
24031700726,2021.0,asian_women_pov_pct,8.05084745762712,
24031700727,2021.0,asian_women_pov_pct,24.166666666666668,
24031700728,2021.0,asian_women_pov_pct,0.0,
24031700729,2021.0,asian_women_pov_pct,15.363128491620111,
24031700730,2021.0,asian_women_pov_pct,50.085763293310464,
24031700731,2021.0,asian_women_pov_pct,7.303370786516854,
24031700732,2021.0,asian_women_pov_pct,10.666666666666666,
24031700733,2021.0,asian_women_pov_pct,5.907172995780591,
24031700810,2021.0,asian_women_pov_pct,0.0,
24031700811,2021.0,asian_women_pov_pct,4.225352112676056,
24031700812,2021.0,asian_women_pov_pct,12.758620689655173,
24031700813,2021.0,asian_women_pov_pct,1.9927536231884055,
24031700815,2021.0,asian_women_pov_pct,0.0,
24031700818,2021.0,asian_women_pov_pct,0.0,
24031700819,2021.0,asian_women_pov_pct,0.0,
24031700820,2021.0,asian_women_pov_pct,0.0,
24031700822,2021.0,asian_women_pov_pct,6.6115702479338845,
24031700823,2021.0,asian_women_pov_pct,0.0,
24031700824,2021.0,asian_women_pov_pct,11.724137931034482,
24031700826,2021.0,asian_women_pov_pct,9.98185117967332,
24031700828,2021.0,asian_women_pov_pct,13.983050847457626,
24031700829,2021.0,asian_women_pov_pct,7.224334600760456,
24031700830,2021.0,asian_women_pov_pct,8.176100628930818,
24031700832,2021.0,asian_women_pov_pct,0.0,
24031700833,2021.0,asian_women_pov_pct,12.141280353200884,
24031700834,2021.0,asian_women_pov_pct,23.826714801444044,
24031700835,2021.0,asian_women_pov_pct,1.2261580381471389,
24031700836,2021.0,asian_women_pov_pct,0.0,
24031700837,2021.0,asian_women_pov_pct,6.870229007633588,
24031700838,2021.0,asian_women_pov_pct,0.0,
24031700839,2021.0,asian_women_pov_pct,6.25,
24031700901,2021.0,asian_women_pov_pct,37.06720977596741,
24031700902,2021.0,asian_women_pov_pct,8.13953488372093,
24031700903,2021.0,asian_women_pov_pct,0.0,
24031700904,2021.0,asian_women_pov_pct,16.989247311827956,
24031700905,2021.0,asian_women_pov_pct,9.12863070539419,
24031701001,2021.0,asian_women_pov_pct,0.0,
24031701002,2021.0,asian_women_pov_pct,5.369127516778524,
24031701004,2021.0,asian_women_pov_pct,5.472636815920398,
24031701005,2021.0,asian_women_pov_pct,5.70342205323194,
24031701006,2021.0,asian_women_pov_pct,2.5210084033613445,
24031701007,2021.0,asian_women_pov_pct,0.0,
24031701101,2021.0,asian_women_pov_pct,8.928571428571429,
24031701102,2021.0,asian_women_pov_pct,3.427419354838709,
24031701201,2021.0,asian_women_pov_pct,0.0,
24031701202,2021.0,asian_women_pov_pct,13.043478260869565,
24031701205,2021.0,asian_women_pov_pct,3.0878859857482186,
24031701206,2021.0,asian_women_pov_pct,0.7168458781362007,
24031701210,2021.0,asian_women_pov_pct,4.484304932735426,
24031701211,2021.0,asian_women_pov_pct,17.2291296625222,
24031701212,2021.0,asian_women_pov_pct,3.96039603960396,
24031701214,2021.0,asian_women_pov_pct,0.0,
24031701215,2021.0,asian_women_pov_pct,0.0,
24031701216,2021.0,asian_women_pov_pct,7.646176911544228,
24031701218,2021.0,asian_women_pov_pct,4.201680672268908,
24031701219,2021.0,asian_women_pov_pct,0.0,
24031701220,2021.0,asian_women_pov_pct,9.636363636363637,
24031701221,2021.0,asian_women_pov_pct,16.82892906815021,
24031701222,2021.0,asian_women_pov_pct,0.0,
24031701223,2021.0,asian_women_pov_pct,6.451612903225806,
24031701303,2021.0,asian_women_pov_pct,9.743589743589745,
24031701304,2021.0,asian_women_pov_pct,0.0,
24031701306,2021.0,asian_women_pov_pct,0.0,
24031701307,2021.0,asian_women_pov_pct,8.375634517766498,
24031701308,2021.0,asian_women_pov_pct,10.164835164835164,
24031701312,2021.0,asian_women_pov_pct,0.0,
24031701313,2021.0,asian_women_pov_pct,6.711409395973154,
24031701314,2021.0,asian_women_pov_pct,0.0,
24031701315,2021.0,asian_women_pov_pct,13.101604278074866,
24031701316,2021.0,asian_women_pov_pct,16.11111111111111,
24031701317,2021.0,asian_women_pov_pct,0.0,
24031701407,2021.0,asian_women_pov_pct,0.0,
24031701408,2021.0,asian_women_pov_pct,0.0,
24031701409,2021.0,asian_women_pov_pct,0.0,
24031701414,2021.0,asian_women_pov_pct,0.0,
24031701415,2021.0,asian_women_pov_pct,8.893280632411066,
24031701417,2021.0,asian_women_pov_pct,0.0,
24031701418,2021.0,asian_women_pov_pct,0.0,
24031701422,2021.0,asian_women_pov_pct,17.02127659574468,
24031701423,2021.0,asian_women_pov_pct,5.859375,
24031701424,2021.0,asian_women_pov_pct,0.0,
24031701425,2021.0,asian_women_pov_pct,0.0,
24031701426,2021.0,asian_women_pov_pct,0.2169197396963123,
24031701427,2021.0,asian_women_pov_pct,2.359882005899705,
24031701503,2021.0,asian_women_pov_pct,0.0,
24031701505,2021.0,asian_women_pov_pct,12.5,
24031701506,2021.0,asian_women_pov_pct,4.390243902439025,
24031701507,2021.0,asian_women_pov_pct,7.7844311377245505,
24031701508,2021.0,asian_women_pov_pct,16.666666666666668,
24031701509,2021.0,asian_women_pov_pct,7.947019867549669,
24031701601,2021.0,asian_women_pov_pct,15.116279069767442,
24031701602,2021.0,asian_women_pov_pct,2.9411764705882355,
24031701701,2021.0,asian_women_pov_pct,1.694915254237288,
24031701702,2021.0,asian_women_pov_pct,0.0,
24031701703,2021.0,asian_women_pov_pct,16.167664670658684,
24031701704,2021.0,asian_women_pov_pct,20.689655172413797,
24031701800,2021.0,asian_women_pov_pct,22.22222222222222,
24031701900,2021.0,asian_women_pov_pct,28.8659793814433,
24031702000,2021.0,asian_women_pov_pct,47.0,
24031702101,2021.0,asian_women_pov_pct,11.385199240986717,
24031702102,2021.0,asian_women_pov_pct,0.0,
24031702200,2021.0,asian_women_pov_pct,7.446808510638298,
24031702301,2021.0,asian_women_pov_pct,30.48780487804878,
24031702302,2021.0,asian_women_pov_pct,17.142857142857142,
24031702401,2021.0,asian_women_pov_pct,0.0,
24031702402,2021.0,asian_women_pov_pct,0.0,
24031702501,2021.0,asian_women_pov_pct,6.666666666666667,
24031702502,2021.0,asian_women_pov_pct,0.0,
24031702503,2021.0,asian_women_pov_pct,0.0,
24031702602,2021.0,asian_women_pov_pct,5.2631578947368425,
24031702603,2021.0,asian_women_pov_pct,0.0,
24031702604,2021.0,asian_women_pov_pct,5.466237942122186,
24031702700,2021.0,asian_women_pov_pct,0.0,
24031702800,2021.0,asian_women_pov_pct,33.333333333333336,
24031702900,2021.0,asian_women_pov_pct,1.2820512820512822,
24031703000,2021.0,asian_women_pov_pct,44.11764705882353,
24031703100,2021.0,asian_women_pov_pct,0.0,
24031703201,2021.0,asian_women_pov_pct,0.0,
24031703202,2021.0,asian_women_pov_pct,6.329113924050633,
24031703206,2021.0,asian_women_pov_pct,23.39449541284404,
24031703207,2021.0,asian_women_pov_pct,8.227848101265822,
24031703208,2021.0,asian_women_pov_pct,18.852459016393443,
24031703209,2021.0,asian_women_pov_pct,9.6,
24031703210,2021.0,asian_women_pov_pct,0.0,
24031703213,2021.0,asian_women_pov_pct,0.0,
24031703214,2021.0,asian_women_pov_pct,27.38095238095238,
24031703215,2021.0,asian_women_pov_pct,17.54385964912281,
24031703216,2021.0,asian_women_pov_pct,0.0,
24031703218,2021.0,asian_women_pov_pct,6.382978723404255,
24031703219,2021.0,asian_women_pov_pct,0.0,
24031703220,2021.0,asian_women_pov_pct,0.0,
24031703221,2021.0,asian_women_pov_pct,3.1372549019607843,
24031703222,2021.0,asian_women_pov_pct,6.222222222222222,
24031703223,2021.0,asian_women_pov_pct,5.296950240770466,
24031703301,2021.0,asian_women_pov_pct,17.869415807560138,
24031703302,2021.0,asian_women_pov_pct,10.42654028436019,
24031703401,2021.0,asian_women_pov_pct,5.6047197640118,
24031703402,2021.0,asian_women_pov_pct,1.9704433497536944,
24031703403,2021.0,asian_women_pov_pct,7.189542483660131,
24031703404,2021.0,asian_women_pov_pct,0.0,
24031703501,2021.0,asian_women_pov_pct,14.233576642335766,
24031703502,2021.0,asian_women_pov_pct,33.333333333333336,
24031703601,2021.0,asian_women_pov_pct,4.504504504504505,
24031703602,2021.0,asian_women_pov_pct,0.0,
24031703701,2021.0,asian_women_pov_pct,6.153846153846154,
24031703702,2021.0,asian_women_pov_pct,0.0,
24031703800,2021.0,asian_women_pov_pct,26.50602409638554,
24031703901,2021.0,asian_women_pov_pct,0.0,
24031703902,2021.0,asian_women_pov_pct,0.0,
24031704000,2021.0,asian_women_pov_pct,8.19112627986348,
24031704100,2021.0,asian_women_pov_pct,0.0,
24031704200,2021.0,asian_women_pov_pct,0.0,
24031704300,2021.0,asian_women_pov_pct,0.0,
24031704401,2021.0,asian_women_pov_pct,8.333333333333334,
24031704403,2021.0,asian_women_pov_pct,0.0,
24031704404,2021.0,asian_women_pov_pct,9.90566037735849,
24031704501,2021.0,asian_women_pov_pct,4.888888888888889,
24031704502,2021.0,asian_women_pov_pct,4.580152671755725,
24031704503,2021.0,asian_women_pov_pct,0.5494505494505495,
24031704600,2021.0,asian_women_pov_pct,0.0,
24031704700,2021.0,asian_women_pov_pct,0.0,
24031704803,2021.0,asian_women_pov_pct,0.0,
24031704804,2021.0,asian_women_pov_pct,0.0,
24031704805,2021.0,asian_women_pov_pct,31.30841121495327,
24031704806,2021.0,asian_women_pov_pct,0.0,
24031705000,2021.0,asian_women_pov_pct,11.538461538461538,
24031705100,2021.0,asian_women_pov_pct,0.0,
24031705200,2021.0,asian_women_pov_pct,5.714285714285714,
24031705300,2021.0,asian_women_pov_pct,0.0,
24031705400,2021.0,asian_women_pov_pct,0.0,
24031705501,2021.0,asian_women_pov_pct,24.09638554216868,
24031705502,2021.0,asian_women_pov_pct,3.4482758620689653,
24031705601,2021.0,asian_women_pov_pct,14.893617021276595,
24031705602,2021.0,asian_women_pov_pct,21.71717171717172,
24031705701,2021.0,asian_women_pov_pct,4.697986577181208,
24031705702,2021.0,asian_women_pov_pct,0.0,
24031705800,2021.0,asian_women_pov_pct,6.614785992217898,
24031705901,2021.0,asian_women_pov_pct,18.39622641509434,
24031705902,2021.0,asian_women_pov_pct,3.8062283737024223,
24031705903,2021.0,asian_women_pov_pct,6.088992974238876,
24031706005,2021.0,asian_women_pov_pct,22.19959266802444,
24031706007,2021.0,asian_women_pov_pct,0.0,
24031706008,2021.0,asian_women_pov_pct,3.821656050955414,
24031706009,2021.0,asian_women_pov_pct,6.896551724137931,
24031706010,2021.0,asian_women_pov_pct,0.0,
24031706011,2021.0,asian_women_pov_pct,12.73148148148148,
24031706012,2021.0,asian_women_pov_pct,16.458852867830423,
24031706013,2021.0,asian_women_pov_pct,0.0,
24033800102,2021.0,asian_women_pov_pct,0.0,
24033800103,2021.0,asian_women_pov_pct,0.0,
24033800105,2021.0,asian_women_pov_pct,0.0,
24033800106,2021.0,asian_women_pov_pct,0.0,
24033800108,2021.0,asian_women_pov_pct,0.0,
24033800109,2021.0,asian_women_pov_pct,0.0,
24033800203,2021.0,asian_women_pov_pct,0.0,
24033800206,2021.0,asian_women_pov_pct,0.0,
24033800209,2021.0,asian_women_pov_pct,0.0,
24033800210,2021.0,asian_women_pov_pct,0.0,
24033800211,2021.0,asian_women_pov_pct,36.8421052631579,
24033800212,2021.0,asian_women_pov_pct,1.971830985915493,
24033800213,2021.0,asian_women_pov_pct,0.0,
24033800216,2021.0,asian_women_pov_pct,5.303030303030303,
24033800217,2021.0,asian_women_pov_pct,0.0,
24033800218,2021.0,asian_women_pov_pct,25.42372881355932,
24033800401,2021.0,asian_women_pov_pct,0.0,
24033800402,2021.0,asian_women_pov_pct,0.0,
24033800403,2021.0,asian_women_pov_pct,0.0,
24033800408,2021.0,asian_women_pov_pct,0.0,
24033800409,2021.0,asian_women_pov_pct,0.0,
24033800410,2021.0,asian_women_pov_pct,0.0,
24033800411,2021.0,asian_women_pov_pct,0.0,
24033800412,2021.0,asian_women_pov_pct,0.0,
24033800413,2021.0,asian_women_pov_pct,16.568047337278106,
24033800504,2021.0,asian_women_pov_pct,0.0,
24033800505,2021.0,asian_women_pov_pct,0.0,
24033800507,2021.0,asian_women_pov_pct,0.0,
24033800511,2021.0,asian_women_pov_pct,0.0,
24033800513,2021.0,asian_women_pov_pct,0.0,
24033800514,2021.0,asian_women_pov_pct,0.0,
24033800515,2021.0,asian_women_pov_pct,0.0,
24033800516,2021.0,asian_women_pov_pct,0.0,
24033800517,2021.0,asian_women_pov_pct,0.0,
24033800518,2021.0,asian_women_pov_pct,0.0,
24033800519,2021.0,asian_women_pov_pct,0.0,
24033800520,2021.0,asian_women_pov_pct,0.0,
24033800521,2021.0,asian_women_pov_pct,0.0,
24033800522,2021.0,asian_women_pov_pct,,
24033800605,2021.0,asian_women_pov_pct,0.0,
24033800606,2021.0,asian_women_pov_pct,,
24033800607,2021.0,asian_women_pov_pct,,
24033800608,2021.0,asian_women_pov_pct,0.0,
24033800609,2021.0,asian_women_pov_pct,0.0,
24033800701,2021.0,asian_women_pov_pct,0.0,
24033800704,2021.0,asian_women_pov_pct,,
24033800705,2021.0,asian_women_pov_pct,0.0,
24033800706,2021.0,asian_women_pov_pct,24.0,
24033800707,2021.0,asian_women_pov_pct,0.0,
24033800800,2021.0,asian_women_pov_pct,,
24033800900,2021.0,asian_women_pov_pct,0.0,
24033801003,2021.0,asian_women_pov_pct,0.0,
24033801004,2021.0,asian_women_pov_pct,0.0,
24033801005,2021.0,asian_women_pov_pct,0.0,
24033801006,2021.0,asian_women_pov_pct,0.0,
24033801105,2021.0,asian_women_pov_pct,0.0,
24033801106,2021.0,asian_women_pov_pct,0.0,
24033801207,2021.0,asian_women_pov_pct,0.0,
24033801208,2021.0,asian_women_pov_pct,0.0,
24033801209,2021.0,asian_women_pov_pct,0.0,
24033801210,2021.0,asian_women_pov_pct,10.869565217391305,
24033801211,2021.0,asian_women_pov_pct,13.541666666666666,
24033801212,2021.0,asian_women_pov_pct,0.0,
24033801213,2021.0,asian_women_pov_pct,0.0,
24033801214,2021.0,asian_women_pov_pct,0.0,
24033801215,2021.0,asian_women_pov_pct,0.0,
24033801216,2021.0,asian_women_pov_pct,0.0,
24033801217,2021.0,asian_women_pov_pct,0.0,
24033801302,2021.0,asian_women_pov_pct,0.0,
24033801305,2021.0,asian_women_pov_pct,1.3986013986013983,
24033801307,2021.0,asian_women_pov_pct,0.0,
24033801308,2021.0,asian_women_pov_pct,10.81081081081081,
24033801309,2021.0,asian_women_pov_pct,0.0,
24033801310,2021.0,asian_women_pov_pct,0.0,
24033801311,2021.0,asian_women_pov_pct,0.0,
24033801312,2021.0,asian_women_pov_pct,0.0,
24033801313,2021.0,asian_women_pov_pct,0.0,
24033801404,2021.0,asian_women_pov_pct,0.0,
24033801405,2021.0,asian_women_pov_pct,0.0,
24033801406,2021.0,asian_women_pov_pct,0.0,
24033801407,2021.0,asian_women_pov_pct,0.0,
24033801408,2021.0,asian_women_pov_pct,0.0,
24033801409,2021.0,asian_women_pov_pct,0.0,
24033801410,2021.0,asian_women_pov_pct,0.0,
24033801411,2021.0,asian_women_pov_pct,5.031446540880503,
24033801500,2021.0,asian_women_pov_pct,17.857142857142858,
24033801600,2021.0,asian_women_pov_pct,100.0,
24033801701,2021.0,asian_women_pov_pct,,
24033801702,2021.0,asian_women_pov_pct,,
24033801704,2021.0,asian_women_pov_pct,,
24033801707,2021.0,asian_women_pov_pct,,
24033801709,2021.0,asian_women_pov_pct,71.875,
24033801801,2021.0,asian_women_pov_pct,,
24033801802,2021.0,asian_women_pov_pct,,
24033801807,2021.0,asian_women_pov_pct,,
24033801808,2021.0,asian_women_pov_pct,,
24033801809,2021.0,asian_women_pov_pct,,
24033801901,2021.0,asian_women_pov_pct,,
24033801904,2021.0,asian_women_pov_pct,0.0,
24033801905,2021.0,asian_women_pov_pct,0.0,
24033801906,2021.0,asian_women_pov_pct,0.0,
24033801907,2021.0,asian_women_pov_pct,0.0,
24033801908,2021.0,asian_women_pov_pct,,
24033802001,2021.0,asian_women_pov_pct,0.0,
24033802002,2021.0,asian_women_pov_pct,,
24033802103,2021.0,asian_women_pov_pct,0.0,
24033802104,2021.0,asian_women_pov_pct,0.0,
24033802106,2021.0,asian_women_pov_pct,0.0,
24033802107,2021.0,asian_women_pov_pct,,
24033802201,2021.0,asian_women_pov_pct,0.0,
24033802203,2021.0,asian_women_pov_pct,53.6231884057971,
24033802204,2021.0,asian_women_pov_pct,0.0,
24033802301,2021.0,asian_women_pov_pct,,
24033802404,2021.0,asian_women_pov_pct,0.0,
24033802405,2021.0,asian_women_pov_pct,,
24033802406,2021.0,asian_women_pov_pct,0.0,
24033802407,2021.0,asian_women_pov_pct,0.0,
24033802408,2021.0,asian_women_pov_pct,,
24033802501,2021.0,asian_women_pov_pct,,
24033802502,2021.0,asian_women_pov_pct,100.0,
24033802600,2021.0,asian_women_pov_pct,,
24033802700,2021.0,asian_women_pov_pct,,
24033802803,2021.0,asian_women_pov_pct,,
24033802804,2021.0,asian_women_pov_pct,0.0,
24033802805,2021.0,asian_women_pov_pct,0.0,
24033802901,2021.0,asian_women_pov_pct,,
24033803001,2021.0,asian_women_pov_pct,0.0,
24033803002,2021.0,asian_women_pov_pct,27.45098039215686,
24033803100,2021.0,asian_women_pov_pct,0.0,
24033803200,2021.0,asian_women_pov_pct,,
24033803300,2021.0,asian_women_pov_pct,0.0,
24033803403,2021.0,asian_women_pov_pct,,
24033803508,2021.0,asian_women_pov_pct,51.45631067961165,
24033803509,2021.0,asian_women_pov_pct,67.21311475409836,
24033803512,2021.0,asian_women_pov_pct,0.0,
24033803513,2021.0,asian_women_pov_pct,0.0,
24033803514,2021.0,asian_women_pov_pct,0.0,
24033803516,2021.0,asian_women_pov_pct,0.0,
24033803519,2021.0,asian_women_pov_pct,0.0,
24033803520,2021.0,asian_women_pov_pct,,
24033803521,2021.0,asian_women_pov_pct,0.0,
24033803524,2021.0,asian_women_pov_pct,,
24033803525,2021.0,asian_women_pov_pct,83.78378378378379,
24033803526,2021.0,asian_women_pov_pct,,
24033803527,2021.0,asian_women_pov_pct,0.0,
24033803528,2021.0,asian_women_pov_pct,0.0,
24033803601,2021.0,asian_women_pov_pct,0.0,
24033803602,2021.0,asian_women_pov_pct,0.0,
24033803605,2021.0,asian_women_pov_pct,18.867924528301888,
24033803606,2021.0,asian_women_pov_pct,25.75757575757576,
24033803607,2021.0,asian_women_pov_pct,30.681818181818183,
24033803608,2021.0,asian_women_pov_pct,0.0,
24033803610,2021.0,asian_women_pov_pct,0.0,
24033803612,2021.0,asian_women_pov_pct,,
24033803613,2021.0,asian_women_pov_pct,0.0,
24033803700,2021.0,asian_women_pov_pct,0.0,
24033803801,2021.0,asian_women_pov_pct,0.0,
24033803803,2021.0,asian_women_pov_pct,0.0,
24033803900,2021.0,asian_women_pov_pct,0.0,
24033804001,2021.0,asian_women_pov_pct,,
24033804002,2021.0,asian_women_pov_pct,0.0,
24033804101,2021.0,asian_women_pov_pct,0.0,
24033804102,2021.0,asian_women_pov_pct,25.0,
24033804200,2021.0,asian_women_pov_pct,17.857142857142858,
24033804300,2021.0,asian_women_pov_pct,0.0,
24033804400,2021.0,asian_women_pov_pct,0.0,
24033804600,2021.0,asian_women_pov_pct,0.0,
24033804700,2021.0,asian_women_pov_pct,0.0,
24033804801,2021.0,asian_women_pov_pct,,
24033804802,2021.0,asian_women_pov_pct,,
24033804900,2021.0,asian_women_pov_pct,0.0,
24033805000,2021.0,asian_women_pov_pct,39.130434782608695,
24033805101,2021.0,asian_women_pov_pct,0.0,
24033805201,2021.0,asian_women_pov_pct,,
24033805202,2021.0,asian_women_pov_pct,83.13253012048193,
24033805500,2021.0,asian_women_pov_pct,100.0,
24033805601,2021.0,asian_women_pov_pct,55.55555555555556,
24033805602,2021.0,asian_women_pov_pct,,
24033805700,2021.0,asian_women_pov_pct,0.0,
24033805801,2021.0,asian_women_pov_pct,0.0,
24033805802,2021.0,asian_women_pov_pct,0.0,
24033805904,2021.0,asian_women_pov_pct,35.91549295774648,
24033805906,2021.0,asian_women_pov_pct,,
24033805907,2021.0,asian_women_pov_pct,0.0,
24033805908,2021.0,asian_women_pov_pct,11.25,
24033805909,2021.0,asian_women_pov_pct,50.56818181818182,
24033806000,2021.0,asian_women_pov_pct,2.3255813953488373,
24033806100,2021.0,asian_women_pov_pct,0.0,
24033806400,2021.0,asian_women_pov_pct,59.895833333333336,
24033806501,2021.0,asian_women_pov_pct,14.705882352941176,
24033806601,2021.0,asian_women_pov_pct,64.0,
24033806602,2021.0,asian_women_pov_pct,38.58695652173913,
24033806706,2021.0,asian_women_pov_pct,0.0,
24033806708,2021.0,asian_women_pov_pct,0.0,
24033806710,2021.0,asian_women_pov_pct,6.369426751592357,
24033806711,2021.0,asian_women_pov_pct,0.0,
24033806712,2021.0,asian_women_pov_pct,0.0,
24033806713,2021.0,asian_women_pov_pct,0.0,
24033806714,2021.0,asian_women_pov_pct,22.183098591549296,
24033806800,2021.0,asian_women_pov_pct,3.1496062992125986,
24033806900,2021.0,asian_women_pov_pct,7.831325301204819,
24033807000,2021.0,asian_women_pov_pct,63.962558502340094,
24033807102,2021.0,asian_women_pov_pct,17.59259259259259,
24033807301,2021.0,asian_women_pov_pct,3.2934131736526946,
24033807304,2021.0,asian_women_pov_pct,16.0,
24033807305,2021.0,asian_women_pov_pct,11.52073732718894,
24033807404,2021.0,asian_women_pov_pct,0.0,
24033807405,2021.0,asian_women_pov_pct,3.508771929824561,
24033807407,2021.0,asian_women_pov_pct,19.626168224299064,
24033807408,2021.0,asian_women_pov_pct,21.86046511627907,
24033807409,2021.0,asian_women_pov_pct,0.0,
24033807410,2021.0,asian_women_pov_pct,9.473684210526317,
24033807500,2021.0,asian_women_pov_pct,0.0,
24033980000,2021.0,asian_women_pov_pct,63.30935251798561,
51013100100,2021.0,asian_women_pov_pct,5.58659217877095,
51013100200,2021.0,asian_women_pov_pct,8.474576271186441,
51013100300,2021.0,asian_women_pov_pct,0.0,
51013100400,2021.0,asian_women_pov_pct,0.0,
51013100500,2021.0,asian_women_pov_pct,0.0,
51013100600,2021.0,asian_women_pov_pct,0.0,
51013100700,2021.0,asian_women_pov_pct,12.781954887218046,
51013100800,2021.0,asian_women_pov_pct,0.0,
51013100900,2021.0,asian_women_pov_pct,0.0,
51013101000,2021.0,asian_women_pov_pct,0.0,
51013101100,2021.0,asian_women_pov_pct,0.0,
51013101200,2021.0,asian_women_pov_pct,0.0,
51013101300,2021.0,asian_women_pov_pct,12.587412587412588,
51013101401,2021.0,asian_women_pov_pct,6.870229007633588,
51013101402,2021.0,asian_women_pov_pct,7.291666666666667,
51013101405,2021.0,asian_women_pov_pct,0.0,
51013101406,2021.0,asian_women_pov_pct,0.0,
51013101407,2021.0,asian_women_pov_pct,0.0,
51013101408,2021.0,asian_women_pov_pct,0.0,
51013101409,2021.0,asian_women_pov_pct,13.812154696132596,
51013101501,2021.0,asian_women_pov_pct,0.0,
51013101502,2021.0,asian_women_pov_pct,0.0,
51013101503,2021.0,asian_women_pov_pct,0.0,
51013101601,2021.0,asian_women_pov_pct,10.784313725490197,
51013101602,2021.0,asian_women_pov_pct,0.0,
51013101603,2021.0,asian_women_pov_pct,38.888888888888886,
51013101701,2021.0,asian_women_pov_pct,19.81132075471698,
51013101703,2021.0,asian_women_pov_pct,10.99476439790576,
51013101704,2021.0,asian_women_pov_pct,16.517857142857142,
51013101705,2021.0,asian_women_pov_pct,19.553072625698324,
51013101801,2021.0,asian_women_pov_pct,0.0,
51013101803,2021.0,asian_women_pov_pct,4.060913705583756,
51013101804,2021.0,asian_women_pov_pct,0.0,
51013101805,2021.0,asian_women_pov_pct,4.819277108433735,
51013101900,2021.0,asian_women_pov_pct,0.0,
51013102001,2021.0,asian_women_pov_pct,17.12962962962963,
51013102002,2021.0,asian_women_pov_pct,25.0,
51013102003,2021.0,asian_women_pov_pct,57.923497267759565,
51013102100,2021.0,asian_women_pov_pct,46.69117647058823,
51013102200,2021.0,asian_women_pov_pct,30.58350100603622,
51013102301,2021.0,asian_women_pov_pct,56.25,
51013102302,2021.0,asian_women_pov_pct,17.6,
51013102400,2021.0,asian_women_pov_pct,0.0,
51013102500,2021.0,asian_women_pov_pct,0.0,
51013102600,2021.0,asian_women_pov_pct,0.0,
51013102701,2021.0,asian_women_pov_pct,0.0,
51013102702,2021.0,asian_women_pov_pct,0.0,
51013102802,2021.0,asian_women_pov_pct,0.0,
51013102803,2021.0,asian_women_pov_pct,0.0,
51013102804,2021.0,asian_women_pov_pct,25.0,
51013102901,2021.0,asian_women_pov_pct,0.0,
51013102903,2021.0,asian_women_pov_pct,0.0,
51013102904,2021.0,asian_women_pov_pct,0.0,
51013103000,2021.0,asian_women_pov_pct,12.82051282051282,
51013103100,2021.0,asian_women_pov_pct,12.5,
51013103200,2021.0,asian_women_pov_pct,15.142857142857142,
51013103300,2021.0,asian_women_pov_pct,38.46153846153846,
51013103401,2021.0,asian_women_pov_pct,,
51013103403,2021.0,asian_women_pov_pct,22.22222222222222,
51013103404,2021.0,asian_women_pov_pct,0.0,
51013103405,2021.0,asian_women_pov_pct,20.967741935483872,
51013103501,2021.0,asian_women_pov_pct,23.91304347826087,
51013103503,2021.0,asian_women_pov_pct,17.723577235772357,
51013103504,2021.0,asian_women_pov_pct,6.25,
51013103505,2021.0,asian_women_pov_pct,40.96774193548387,
51013103601,2021.0,asian_women_pov_pct,11.538461538461538,
51013103602,2021.0,asian_women_pov_pct,35.40372670807454,
51013103700,2021.0,asian_women_pov_pct,0.0,
51013103800,2021.0,asian_women_pov_pct,10.471204188481677,
51013980100,2021.0,asian_women_pov_pct,,
51013980200,2021.0,asian_women_pov_pct,,
51059415100,2021.0,asian_women_pov_pct,0.0,
51059415200,2021.0,asian_women_pov_pct,0.0,
51059415300,2021.0,asian_women_pov_pct,0.0,
51059415401,2021.0,asian_women_pov_pct,0.0,
51059415402,2021.0,asian_women_pov_pct,7.407407407407407,
51059415500,2021.0,asian_women_pov_pct,10.05586592178771,
51059415600,2021.0,asian_women_pov_pct,0.0,
51059415700,2021.0,asian_women_pov_pct,0.0,
51059415800,2021.0,asian_women_pov_pct,0.0,
51059415900,2021.0,asian_women_pov_pct,0.0,
51059416000,2021.0,asian_women_pov_pct,5.445544554455446,
51059416100,2021.0,asian_women_pov_pct,0.0,
51059416200,2021.0,asian_women_pov_pct,28.571428571428573,
51059416300,2021.0,asian_women_pov_pct,0.0,
51059420100,2021.0,asian_women_pov_pct,5.283757338551859,
51059420201,2021.0,asian_women_pov_pct,0.0,
51059420202,2021.0,asian_women_pov_pct,0.0,
51059420203,2021.0,asian_women_pov_pct,3.79746835443038,
51059420300,2021.0,asian_women_pov_pct,0.0,
51059420400,2021.0,asian_women_pov_pct,0.0,
51059420501,2021.0,asian_women_pov_pct,58.97435897435897,
51059420502,2021.0,asian_women_pov_pct,37.5,
51059420503,2021.0,asian_women_pov_pct,0.0,
51059420600,2021.0,asian_women_pov_pct,7.303370786516854,
51059420700,2021.0,asian_women_pov_pct,12.807881773399014,
51059420800,2021.0,asian_women_pov_pct,0.0,
51059421001,2021.0,asian_women_pov_pct,3.571428571428572,
51059421002,2021.0,asian_women_pov_pct,0.0,
51059421101,2021.0,asian_women_pov_pct,0.0,
51059421102,2021.0,asian_women_pov_pct,27.759197324414718,
51059421103,2021.0,asian_women_pov_pct,9.183673469387756,
51059421200,2021.0,asian_women_pov_pct,0.0,
51059421300,2021.0,asian_women_pov_pct,0.0,
51059421400,2021.0,asian_women_pov_pct,41.26984126984127,
51059421500,2021.0,asian_women_pov_pct,0.0,
51059421600,2021.0,asian_women_pov_pct,0.0,
51059421701,2021.0,asian_women_pov_pct,21.142857142857142,
51059421702,2021.0,asian_women_pov_pct,0.0,
51059421800,2021.0,asian_women_pov_pct,17.35159817351598,
51059421900,2021.0,asian_women_pov_pct,15.64625850340136,
51059422000,2021.0,asian_women_pov_pct,0.0,
51059422101,2021.0,asian_women_pov_pct,14.760147601476016,
51059422102,2021.0,asian_women_pov_pct,0.0,
51059422201,2021.0,asian_women_pov_pct,0.0,
51059422202,2021.0,asian_women_pov_pct,10.631741140215716,
51059422301,2021.0,asian_women_pov_pct,6.289308176100629,
51059422302,2021.0,asian_women_pov_pct,9.504950495049505,
51059422401,2021.0,asian_women_pov_pct,24.603174603174605,
51059422402,2021.0,asian_women_pov_pct,0.0,
51059422403,2021.0,asian_women_pov_pct,12.883435582822086,
51059430101,2021.0,asian_women_pov_pct,3.225806451612903,
51059430102,2021.0,asian_women_pov_pct,0.0,
51059430201,2021.0,asian_women_pov_pct,0.0,
51059430202,2021.0,asian_women_pov_pct,0.0,
51059430203,2021.0,asian_women_pov_pct,11.057692307692308,
51059430400,2021.0,asian_women_pov_pct,5.683836589698046,
51059430500,2021.0,asian_women_pov_pct,3.804347826086957,
51059430600,2021.0,asian_women_pov_pct,0.0,
51059430700,2021.0,asian_women_pov_pct,8.852459016393443,
51059430801,2021.0,asian_women_pov_pct,6.273062730627307,
51059430802,2021.0,asian_women_pov_pct,21.153846153846157,
51059430901,2021.0,asian_women_pov_pct,3.300970873786408,
51059430902,2021.0,asian_women_pov_pct,5.442176870748299,
51059431001,2021.0,asian_women_pov_pct,4.41400304414003,
51059431002,2021.0,asian_women_pov_pct,0.0,
51059431300,2021.0,asian_women_pov_pct,0.0,
51059431400,2021.0,asian_women_pov_pct,13.157894736842104,
51059431500,2021.0,asian_women_pov_pct,0.0,
51059431601,2021.0,asian_women_pov_pct,,
51059431602,2021.0,asian_women_pov_pct,2.198852772466539,
51059431801,2021.0,asian_women_pov_pct,2.33160621761658,
51059431802,2021.0,asian_women_pov_pct,0.0,
51059431900,2021.0,asian_women_pov_pct,0.0,
51059432000,2021.0,asian_women_pov_pct,10.56338028169014,
51059432100,2021.0,asian_women_pov_pct,0.0,
51059432201,2021.0,asian_women_pov_pct,18.072289156626507,
51059432202,2021.0,asian_women_pov_pct,0.0,
51059432300,2021.0,asian_women_pov_pct,1.3888888888888888,
51059432401,2021.0,asian_women_pov_pct,7.111111111111111,
51059432402,2021.0,asian_women_pov_pct,2.140672782874618,
51059432500,2021.0,asian_women_pov_pct,0.0,
51059432600,2021.0,asian_women_pov_pct,0.0,
51059432701,2021.0,asian_women_pov_pct,0.0,
51059432702,2021.0,asian_women_pov_pct,2.3060796645702304,
51059432800,2021.0,asian_women_pov_pct,0.0,
51059440100,2021.0,asian_women_pov_pct,7.495069033530572,
51059440201,2021.0,asian_women_pov_pct,4.487179487179487,
51059440202,2021.0,asian_women_pov_pct,16.25,
51059440300,2021.0,asian_women_pov_pct,10.869565217391305,
51059440501,2021.0,asian_women_pov_pct,2.295918367346939,
51059440503,2021.0,asian_women_pov_pct,28.484848484848484,
51059440504,2021.0,asian_women_pov_pct,,
51059440505,2021.0,asian_women_pov_pct,0.0,
51059440600,2021.0,asian_women_pov_pct,13.52112676056338,
51059440701,2021.0,asian_women_pov_pct,10.548523206751057,
51059440702,2021.0,asian_women_pov_pct,0.0,
51059440800,2021.0,asian_women_pov_pct,14.231499051233396,
51059450100,2021.0,asian_women_pov_pct,9.422492401215806,
51059450200,2021.0,asian_women_pov_pct,8.411214953271028,
51059450300,2021.0,asian_women_pov_pct,9.04836193447738,
51059450400,2021.0,asian_women_pov_pct,0.0,
51059450500,2021.0,asian_women_pov_pct,3.3846153846153846,
51059450601,2021.0,asian_women_pov_pct,1.465201465201465,
51059450602,2021.0,asian_women_pov_pct,2.05761316872428,
51059450701,2021.0,asian_women_pov_pct,2.459016393442623,
51059450702,2021.0,asian_women_pov_pct,11.40684410646388,
51059450800,2021.0,asian_women_pov_pct,6.472491909385114,
51059450900,2021.0,asian_women_pov_pct,0.0,
51059451000,2021.0,asian_women_pov_pct,0.0,
51059451100,2021.0,asian_women_pov_pct,0.0,
51059451200,2021.0,asian_women_pov_pct,0.0,
51059451300,2021.0,asian_women_pov_pct,7.547169811320755,
51059451400,2021.0,asian_women_pov_pct,42.009132420091326,
51059451501,2021.0,asian_women_pov_pct,34.0,
51059451502,2021.0,asian_women_pov_pct,7.751937984496124,
51059451601,2021.0,asian_women_pov_pct,0.0,
51059451602,2021.0,asian_women_pov_pct,5.752212389380531,
51059451800,2021.0,asian_women_pov_pct,6.995884773662551,
51059451900,2021.0,asian_women_pov_pct,8.355795148247978,
51059452000,2021.0,asian_women_pov_pct,17.7737881508079,
51059452101,2021.0,asian_women_pov_pct,4.308390022675737,
51059452102,2021.0,asian_women_pov_pct,2.2535211267605635,
51059452200,2021.0,asian_women_pov_pct,3.1487513572204127,
51059452301,2021.0,asian_women_pov_pct,4.705882352941177,
51059452302,2021.0,asian_women_pov_pct,20.680628272251308,
51059452400,2021.0,asian_women_pov_pct,0.0,
51059452501,2021.0,asian_women_pov_pct,0.0,
51059452502,2021.0,asian_women_pov_pct,27.142857142857142,
51059452600,2021.0,asian_women_pov_pct,14.893617021276595,
51059452700,2021.0,asian_women_pov_pct,8.940397350993377,
51059452801,2021.0,asian_women_pov_pct,57.67326732673267,
51059452802,2021.0,asian_women_pov_pct,6.622516556291391,
51059460100,2021.0,asian_women_pov_pct,1.0638297872340423,
51059460200,2021.0,asian_women_pov_pct,21.428571428571427,
51059460300,2021.0,asian_women_pov_pct,2.9411764705882355,
51059460400,2021.0,asian_women_pov_pct,8.444444444444445,
51059460501,2021.0,asian_women_pov_pct,4.489795918367347,
51059460503,2021.0,asian_women_pov_pct,3.907637655417407,
51059460504,2021.0,asian_women_pov_pct,20.05988023952096,
51059460600,2021.0,asian_women_pov_pct,0.0,
51059460701,2021.0,asian_women_pov_pct,4.522613065326633,
51059460702,2021.0,asian_women_pov_pct,3.1620553359683794,
51059460800,2021.0,asian_women_pov_pct,4.705882352941177,
51059460900,2021.0,asian_women_pov_pct,3.6231884057971016,
51059461000,2021.0,asian_women_pov_pct,0.0,
51059461100,2021.0,asian_women_pov_pct,4.113110539845758,
51059461201,2021.0,asian_women_pov_pct,0.0,
51059461202,2021.0,asian_women_pov_pct,7.421383647798742,
51059461500,2021.0,asian_women_pov_pct,0.0,
51059461603,2021.0,asian_women_pov_pct,9.021406727828746,
51059461604,2021.0,asian_women_pov_pct,27.054794520547944,
51059461605,2021.0,asian_women_pov_pct,0.0,
51059461606,2021.0,asian_women_pov_pct,0.0,
51059461700,2021.0,asian_women_pov_pct,12.33160621761658,
51059461801,2021.0,asian_women_pov_pct,1.0309278350515465,
51059461802,2021.0,asian_women_pov_pct,8.662613981762918,
51059461901,2021.0,asian_women_pov_pct,13.688212927756654,
51059461902,2021.0,asian_women_pov_pct,16.3265306122449,
51059470100,2021.0,asian_women_pov_pct,2.450980392156863,
51059470300,2021.0,asian_women_pov_pct,0.0,
51059470400,2021.0,asian_women_pov_pct,15.209125475285171,
51059470500,2021.0,asian_women_pov_pct,0.0,
51059470600,2021.0,asian_women_pov_pct,8.02675585284281,
51059470700,2021.0,asian_women_pov_pct,4.288499025341131,
51059470800,2021.0,asian_women_pov_pct,3.0716723549488054,
51059470900,2021.0,asian_women_pov_pct,6.05143721633888,
51059471000,2021.0,asian_women_pov_pct,7.441860465116279,
51059471100,2021.0,asian_women_pov_pct,0.0,
51059471201,2021.0,asian_women_pov_pct,7.594936708860759,
51059471203,2021.0,asian_women_pov_pct,0.0,
51059471204,2021.0,asian_women_pov_pct,13.12,
51059471301,2021.0,asian_women_pov_pct,7.46705710102489,
51059471303,2021.0,asian_women_pov_pct,6.0606060606060606,
51059471304,2021.0,asian_women_pov_pct,3.75,
51059471401,2021.0,asian_women_pov_pct,12.781954887218046,
51059471402,2021.0,asian_women_pov_pct,4.2105263157894735,
51059480100,2021.0,asian_women_pov_pct,0.0,
51059480201,2021.0,asian_women_pov_pct,5.1652892561983474,
51059480203,2021.0,asian_women_pov_pct,3.8314176245210727,
51059480204,2021.0,asian_women_pov_pct,16.10878661087866,
51059480205,2021.0,asian_women_pov_pct,3.058103975535168,
51059480301,2021.0,asian_women_pov_pct,2.964959568733154,
51059480302,2021.0,asian_women_pov_pct,0.0,
51059480401,2021.0,asian_women_pov_pct,1.8633540372670807,
51059480402,2021.0,asian_women_pov_pct,2.2641509433962264,
51059480501,2021.0,asian_women_pov_pct,19.52191235059761,
51059480502,2021.0,asian_women_pov_pct,0.0,
51059480503,2021.0,asian_women_pov_pct,0.0,
51059480504,2021.0,asian_women_pov_pct,10.619469026548671,
51059480505,2021.0,asian_women_pov_pct,0.0,
51059480801,2021.0,asian_women_pov_pct,0.0,
51059480802,2021.0,asian_women_pov_pct,0.0,
51059480901,2021.0,asian_women_pov_pct,6.619385342789598,
51059480902,2021.0,asian_women_pov_pct,2.1447721179624666,
51059480903,2021.0,asian_women_pov_pct,0.0,
51059481000,2021.0,asian_women_pov_pct,0.0,
51059481101,2021.0,asian_women_pov_pct,0.90702947845805,
51059481102,2021.0,asian_women_pov_pct,14.847715736040607,
51059481103,2021.0,asian_women_pov_pct,0.0,
51059481104,2021.0,asian_women_pov_pct,0.0,
51059481105,2021.0,asian_women_pov_pct,0.0,
51059481106,2021.0,asian_women_pov_pct,3.9735099337748334,
51059481201,2021.0,asian_women_pov_pct,0.0,
51059481202,2021.0,asian_women_pov_pct,2.147239263803681,
51059481400,2021.0,asian_women_pov_pct,23.770491803278688,
51059481500,2021.0,asian_women_pov_pct,0.0,
51059481600,2021.0,asian_women_pov_pct,0.0,
51059481701,2021.0,asian_women_pov_pct,0.0,
51059481702,2021.0,asian_women_pov_pct,10.689655172413794,
51059481900,2021.0,asian_women_pov_pct,13.025210084033612,
51059482001,2021.0,asian_women_pov_pct,10.801393728222996,
51059482002,2021.0,asian_women_pov_pct,0.0,
51059482100,2021.0,asian_women_pov_pct,14.163090128755364,
51059482201,2021.0,asian_women_pov_pct,16.867469879518072,
51059482203,2021.0,asian_women_pov_pct,13.596491228070176,
51059482204,2021.0,asian_women_pov_pct,65.38461538461539,
51059482205,2021.0,asian_women_pov_pct,1.5625,
51059482206,2021.0,asian_women_pov_pct,55.48780487804878,
51059482301,2021.0,asian_women_pov_pct,0.0,
51059482302,2021.0,asian_women_pov_pct,10.0,
51059482303,2021.0,asian_women_pov_pct,6.25,
51059482400,2021.0,asian_women_pov_pct,1.3888888888888888,
51059482502,2021.0,asian_women_pov_pct,0.0,
51059482503,2021.0,asian_women_pov_pct,8.538899430740038,
51059482504,2021.0,asian_women_pov_pct,0.0,
51059482505,2021.0,asian_women_pov_pct,0.0,
51059482506,2021.0,asian_women_pov_pct,0.0,
51059482507,2021.0,asian_women_pov_pct,0.0,
51059482601,2021.0,asian_women_pov_pct,1.592920353982301,
51059482603,2021.0,asian_women_pov_pct,0.0,
51059482604,2021.0,asian_women_pov_pct,0.0,
51059490101,2021.0,asian_women_pov_pct,16.88034188034188,
51059490104,2021.0,asian_women_pov_pct,0.0,
51059490105,2021.0,asian_women_pov_pct,10.655737704918034,
51059490501,2021.0,asian_women_pov_pct,6.142034548944338,
51059490502,2021.0,asian_women_pov_pct,4.814004376367615,
51059491000,2021.0,asian_women_pov_pct,0.0,
51059491101,2021.0,asian_women_pov_pct,3.928571428571429,
51059491102,2021.0,asian_women_pov_pct,8.823529411764707,
51059491103,2021.0,asian_women_pov_pct,0.0,
51059491201,2021.0,asian_women_pov_pct,12.17948717948718,
51059491202,2021.0,asian_women_pov_pct,1.1299435028248588,
51059491301,2021.0,asian_women_pov_pct,21.525885558583106,
51059491302,2021.0,asian_women_pov_pct,9.375,
51059491303,2021.0,asian_women_pov_pct,10.096153846153848,
51059491401,2021.0,asian_women_pov_pct,4.274809160305344,
51059491402,2021.0,asian_women_pov_pct,5.045045045045045,
51059491403,2021.0,asian_women_pov_pct,0.7393715341959335,
51059491404,2021.0,asian_women_pov_pct,0.0,
51059491405,2021.0,asian_women_pov_pct,0.0,
51059491501,2021.0,asian_women_pov_pct,2.9209621993127146,
51059491502,2021.0,asian_women_pov_pct,3.0201342281879198,
51059491601,2021.0,asian_women_pov_pct,1.011378002528445,
51059491602,2021.0,asian_women_pov_pct,4.651162790697675,
51059491701,2021.0,asian_women_pov_pct,3.8229376257545273,
51059491703,2021.0,asian_women_pov_pct,11.066398390342052,
51059491704,2021.0,asian_women_pov_pct,1.8500486854917235,
51059491705,2021.0,asian_women_pov_pct,2.4653312788906008,
51059491706,2021.0,asian_women_pov_pct,32.10526315789474,
51059491707,2021.0,asian_women_pov_pct,6.300813008130081,
51059491801,2021.0,asian_women_pov_pct,11.286681715575622,
51059491802,2021.0,asian_women_pov_pct,0.0,
51059491803,2021.0,asian_women_pov_pct,13.006756756756756,
51059492000,2021.0,asian_women_pov_pct,0.0,
51059492100,2021.0,asian_women_pov_pct,0.0,
51059492201,2021.0,asian_women_pov_pct,4.313725490196078,
51059492202,2021.0,asian_women_pov_pct,0.0,
51059492203,2021.0,asian_women_pov_pct,0.0,
51059492300,2021.0,asian_women_pov_pct,0.0,
51059492400,2021.0,asian_women_pov_pct,7.876712328767123,
51059492500,2021.0,asian_women_pov_pct,0.0,
51059980100,2021.0,asian_women_pov_pct,,
51059980200,2021.0,asian_women_pov_pct,,
51059980300,2021.0,asian_women_pov_pct,,
51107610101,2021.0,asian_women_pov_pct,0.0,
51107610102,2021.0,asian_women_pov_pct,0.0,
51107610201,2021.0,asian_women_pov_pct,0.0,
51107610202,2021.0,asian_women_pov_pct,0.0,
51107610300,2021.0,asian_women_pov_pct,0.0,
51107610400,2021.0,asian_women_pov_pct,0.0,
51107610503,2021.0,asian_women_pov_pct,0.0,
51107610504,2021.0,asian_women_pov_pct,0.0,
51107610505,2021.0,asian_women_pov_pct,0.0,
51107610506,2021.0,asian_women_pov_pct,6.048387096774194,
51107610507,2021.0,asian_women_pov_pct,5.46218487394958,
51107610601,2021.0,asian_women_pov_pct,0.0,
51107610602,2021.0,asian_women_pov_pct,30.15873015873016,
51107610603,2021.0,asian_women_pov_pct,0.0,
51107610604,2021.0,asian_women_pov_pct,0.0,
51107610701,2021.0,asian_women_pov_pct,0.0,
51107610702,2021.0,asian_women_pov_pct,0.0,
51107610703,2021.0,asian_women_pov_pct,0.0,
51107610800,2021.0,asian_women_pov_pct,0.0,
51107610900,2021.0,asian_women_pov_pct,0.0,
51107611002,2021.0,asian_women_pov_pct,7.105263157894737,
51107611004,2021.0,asian_women_pov_pct,0.0,
51107611005,2021.0,asian_women_pov_pct,13.27433628318584,
51107611006,2021.0,asian_women_pov_pct,0.0,
51107611009,2021.0,asian_women_pov_pct,0.0,
51107611010,2021.0,asian_women_pov_pct,8.51063829787234,
51107611011,2021.0,asian_women_pov_pct,20.43010752688172,
51107611012,2021.0,asian_women_pov_pct,6.422018348623853,
51107611013,2021.0,asian_women_pov_pct,4.166666666666667,
51107611014,2021.0,asian_women_pov_pct,0.0,
51107611015,2021.0,asian_women_pov_pct,0.0,
51107611016,2021.0,asian_women_pov_pct,3.703703703703704,
51107611017,2021.0,asian_women_pov_pct,0.0,
51107611018,2021.0,asian_women_pov_pct,37.704918032786885,
51107611019,2021.0,asian_women_pov_pct,0.0,
51107611020,2021.0,asian_women_pov_pct,0.0,
51107611022,2021.0,asian_women_pov_pct,0.0,
51107611023,2021.0,asian_women_pov_pct,1.6470588235294117,
51107611026,2021.0,asian_women_pov_pct,0.0,
51107611027,2021.0,asian_women_pov_pct,0.0,
51107611028,2021.0,asian_women_pov_pct,0.0,
51107611029,2021.0,asian_women_pov_pct,0.0,
51107611030,2021.0,asian_women_pov_pct,0.0,
51107611031,2021.0,asian_women_pov_pct,0.0,
51107611032,2021.0,asian_women_pov_pct,0.0,
51107611101,2021.0,asian_women_pov_pct,0.0,
51107611102,2021.0,asian_women_pov_pct,0.0,
51107611202,2021.0,asian_women_pov_pct,0.0,
51107611204,2021.0,asian_women_pov_pct,6.622516556291391,
51107611205,2021.0,asian_women_pov_pct,8.222222222222221,
51107611206,2021.0,asian_women_pov_pct,2.8260869565217392,
51107611207,2021.0,asian_women_pov_pct,0.0,
51107611208,2021.0,asian_women_pov_pct,0.0,
51107611209,2021.0,asian_women_pov_pct,0.0,
51107611300,2021.0,asian_women_pov_pct,0.0,
51107611400,2021.0,asian_women_pov_pct,8.533916849015318,
51107611501,2021.0,asian_women_pov_pct,2.059496567505721,
51107611502,2021.0,asian_women_pov_pct,1.8092105263157892,
51107611601,2021.0,asian_women_pov_pct,4.504504504504505,
51107611602,2021.0,asian_women_pov_pct,0.0,
51107611701,2021.0,asian_women_pov_pct,18.05555555555556,
51107611702,2021.0,asian_women_pov_pct,0.0,
51107611803,2021.0,asian_women_pov_pct,0.9603841536614646,
51107611804,2021.0,asian_women_pov_pct,1.845522898154477,
51107611805,2021.0,asian_women_pov_pct,10.176991150442475,
51107611807,2021.0,asian_women_pov_pct,0.0,
51107611808,2021.0,asian_women_pov_pct,0.0,
51107611809,2021.0,asian_women_pov_pct,0.0,
51107611810,2021.0,asian_women_pov_pct,0.0,
51107611811,2021.0,asian_women_pov_pct,4.44743935309973,
51107611812,2021.0,asian_women_pov_pct,0.0,
51107611813,2021.0,asian_women_pov_pct,0.0,
51107611901,2021.0,asian_women_pov_pct,2.122448979591837,
51107611902,2021.0,asian_women_pov_pct,2.765486725663717,
51107980100,2021.0,asian_women_pov_pct,,
51153900100,2021.0,asian_women_pov_pct,7.638888888888889,
51153900201,2021.0,asian_women_pov_pct,0.0,
51153900202,2021.0,asian_women_pov_pct,0.0,
51153900203,2021.0,asian_women_pov_pct,10.0,
51153900301,2021.0,asian_women_pov_pct,5.194805194805195,
51153900302,2021.0,asian_women_pov_pct,13.271604938271604,
51153900403,2021.0,asian_women_pov_pct,5.921052631578948,
51153900404,2021.0,asian_women_pov_pct,0.0,
51153900407,2021.0,asian_women_pov_pct,6.79245283018868,
51153900408,2021.0,asian_women_pov_pct,14.423076923076923,
51153900409,2021.0,asian_women_pov_pct,11.926605504587156,
51153900410,2021.0,asian_women_pov_pct,4.3478260869565215,
51153900502,2021.0,asian_women_pov_pct,8.411214953271028,
51153900503,2021.0,asian_women_pov_pct,0.0,
51153900504,2021.0,asian_women_pov_pct,,
51153900601,2021.0,asian_women_pov_pct,0.0,
51153900602,2021.0,asian_women_pov_pct,0.0,
51153900701,2021.0,asian_women_pov_pct,12.828947368421051,
51153900702,2021.0,asian_women_pov_pct,28.571428571428573,
51153900801,2021.0,asian_women_pov_pct,12.927756653992397,
51153900803,2021.0,asian_women_pov_pct,0.0,
51153900804,2021.0,asian_women_pov_pct,20.454545454545453,
51153900901,2021.0,asian_women_pov_pct,0.0,
51153900904,2021.0,asian_women_pov_pct,0.0,
51153900905,2021.0,asian_women_pov_pct,8.121827411167512,
51153901005,2021.0,asian_women_pov_pct,11.522633744855968,
51153901009,2021.0,asian_women_pov_pct,0.0,
51153901010,2021.0,asian_women_pov_pct,0.0,
51153901011,2021.0,asian_women_pov_pct,19.666666666666668,
51153901012,2021.0,asian_women_pov_pct,0.0,
51153901013,2021.0,asian_women_pov_pct,0.0,
51153901014,2021.0,asian_women_pov_pct,5.054151624548736,
51153901015,2021.0,asian_women_pov_pct,25.49019607843137,
51153901016,2021.0,asian_women_pov_pct,25.97402597402597,
51153901101,2021.0,asian_women_pov_pct,0.0,
51153901102,2021.0,asian_women_pov_pct,,
51153901203,2021.0,asian_women_pov_pct,0.0,
51153901208,2021.0,asian_women_pov_pct,0.0,
51153901209,2021.0,asian_women_pov_pct,4.014598540145985,
51153901211,2021.0,asian_women_pov_pct,4.761904761904762,
51153901212,2021.0,asian_women_pov_pct,6.806282722513089,
51153901219,2021.0,asian_women_pov_pct,0.0,
51153901221,2021.0,asian_women_pov_pct,0.0,
51153901222,2021.0,asian_women_pov_pct,25.53191489361702,
51153901223,2021.0,asian_women_pov_pct,18.5792349726776,
51153901224,2021.0,asian_women_pov_pct,8.823529411764707,
51153901225,2021.0,asian_women_pov_pct,13.79310344827586,
51153901226,2021.0,asian_women_pov_pct,1.5,
51153901227,2021.0,asian_women_pov_pct,0.0,
51153901228,2021.0,asian_women_pov_pct,6.746031746031746,
51153901229,2021.0,asian_women_pov_pct,0.0,
51153901230,2021.0,asian_women_pov_pct,4.444444444444445,
51153901231,2021.0,asian_women_pov_pct,0.0,
51153901232,2021.0,asian_women_pov_pct,11.612903225806452,
51153901233,2021.0,asian_women_pov_pct,0.0,
51153901234,2021.0,asian_women_pov_pct,0.0,
51153901235,2021.0,asian_women_pov_pct,0.0,
51153901236,2021.0,asian_women_pov_pct,2.6200873362445414,
51153901237,2021.0,asian_women_pov_pct,77.27272727272727,
51153901303,2021.0,asian_women_pov_pct,0.0,
51153901304,2021.0,asian_women_pov_pct,0.0,
51153901305,2021.0,asian_women_pov_pct,0.0,
51153901306,2021.0,asian_women_pov_pct,12.76595744680851,
51153901403,2021.0,asian_women_pov_pct,17.818181818181817,
51153901407,2021.0,asian_women_pov_pct,15.530303030303031,
51153901409,2021.0,asian_women_pov_pct,0.0,
51153901411,2021.0,asian_women_pov_pct,2.9177718832891246,
51153901412,2021.0,asian_women_pov_pct,0.0,
51153901413,2021.0,asian_women_pov_pct,0.0,
51153901414,2021.0,asian_women_pov_pct,0.0,
51153901415,2021.0,asian_women_pov_pct,0.0,
51153901416,2021.0,asian_women_pov_pct,3.0303030303030303,
51153901417,2021.0,asian_women_pov_pct,0.0,
51153901418,2021.0,asian_women_pov_pct,0.0,
51153901419,2021.0,asian_women_pov_pct,24.113475177304963,
51153901420,2021.0,asian_women_pov_pct,0.0,
51153901421,2021.0,asian_women_pov_pct,1.9933554817275747,
51153901503,2021.0,asian_women_pov_pct,8.333333333333334,
51153901504,2021.0,asian_women_pov_pct,0.0,
51153901505,2021.0,asian_women_pov_pct,7.655502392344498,
51153901506,2021.0,asian_women_pov_pct,14.487632508833922,
51153901507,2021.0,asian_women_pov_pct,5.46875,
51153901508,2021.0,asian_women_pov_pct,6.70826833073323,
51153901509,2021.0,asian_women_pov_pct,2.1739130434782608,
51153901510,2021.0,asian_women_pov_pct,2.980132450331126,
51153901511,2021.0,asian_women_pov_pct,0.0,
51153901601,2021.0,asian_women_pov_pct,0.0,
51153901602,2021.0,asian_women_pov_pct,15.909090909090908,
51153901702,2021.0,asian_women_pov_pct,0.0,
51153901703,2021.0,asian_women_pov_pct,0.0,
51153901704,2021.0,asian_women_pov_pct,5.932203389830509,
51153901900,2021.0,asian_women_pov_pct,17.307692307692307,
51153980100,2021.0,asian_women_pov_pct,,
51510200102,2021.0,asian_women_pov_pct,27.272727272727277,
51510200104,2021.0,asian_women_pov_pct,29.807692307692307,
51510200105,2021.0,asian_women_pov_pct,20.0,
51510200106,2021.0,asian_women_pov_pct,0.0,
51510200108,2021.0,asian_women_pov_pct,14.64968152866242,
51510200109,2021.0,asian_women_pov_pct,4.225352112676056,
51510200110,2021.0,asian_women_pov_pct,0.0,
51510200111,2021.0,asian_women_pov_pct,0.0,
51510200201,2021.0,asian_women_pov_pct,46.26865671641791,
51510200202,2021.0,asian_women_pov_pct,0.0,
51510200301,2021.0,asian_women_pov_pct,0.0,
51510200302,2021.0,asian_women_pov_pct,0.0,
51510200304,2021.0,asian_women_pov_pct,9.090909090909092,
51510200305,2021.0,asian_women_pov_pct,0.0,
51510200403,2021.0,asian_women_pov_pct,16.25615763546798,
51510200404,2021.0,asian_women_pov_pct,0.0,
51510200406,2021.0,asian_women_pov_pct,32.45283018867924,
51510200407,2021.0,asian_women_pov_pct,4.166666666666667,
51510200408,2021.0,asian_women_pov_pct,29.166666666666668,
51510200409,2021.0,asian_women_pov_pct,0.0,
51510200500,2021.0,asian_women_pov_pct,41.81818181818182,
51510200600,2021.0,asian_women_pov_pct,0.0,
51510200701,2021.0,asian_women_pov_pct,0.0,
51510200703,2021.0,asian_women_pov_pct,0.0,
51510200704,2021.0,asian_women_pov_pct,16.901408450704224,
51510200705,2021.0,asian_women_pov_pct,0.0,
51510200801,2021.0,asian_women_pov_pct,0.0,
51510200802,2021.0,asian_women_pov_pct,0.0,
51510200900,2021.0,asian_women_pov_pct,0.0,
51510201000,2021.0,asian_women_pov_pct,0.0,
51510201100,2021.0,asian_women_pov_pct,20.88607594936709,
51510201202,2021.0,asian_women_pov_pct,0.0,
51510201204,2021.0,asian_women_pov_pct,0.0,
51510201205,2021.0,asian_women_pov_pct,0.0,
51510201206,2021.0,asian_women_pov_pct,0.0,
51510201300,2021.0,asian_women_pov_pct,13.333333333333334,
51510201400,2021.0,asian_women_pov_pct,0.0,
51510201500,2021.0,asian_women_pov_pct,0.0,
51510201601,2021.0,asian_women_pov_pct,0.0,
51510201602,2021.0,asian_women_pov_pct,0.0,
51510201802,2021.0,asian_women_pov_pct,0.0,
51510201803,2021.0,asian_women_pov_pct,17.1875,
51510201804,2021.0,asian_women_pov_pct,0.0,
51510201805,2021.0,asian_women_pov_pct,18.75,
51510201900,2021.0,asian_women_pov_pct,0.0,
51510202001,2021.0,asian_women_pov_pct,,
51510202002,2021.0,asian_women_pov_pct,0.0,
51510980000,2021.0,asian_women_pov_pct,,
51600300100,2021.0,asian_women_pov_pct,2.255639097744361,
51600300200,2021.0,asian_women_pov_pct,3.878116343490305,
51600300300,2021.0,asian_women_pov_pct,0.0,
51600300400,2021.0,asian_women_pov_pct,37.65182186234818,
51600300500,2021.0,asian_women_pov_pct,3.1746031746031744,
51610500100,2021.0,asian_women_pov_pct,1.973684210526316,
51610500200,2021.0,asian_women_pov_pct,6.111111111111111,
51610500300,2021.0,asian_women_pov_pct,0.0,
51683910100,2021.0,asian_women_pov_pct,0.0,
51683910201,2021.0,asian_women_pov_pct,44.329896907216494,
51683910202,2021.0,asian_women_pov_pct,0.0,
51683910301,2021.0,asian_women_pov_pct,0.0,
51683910302,2021.0,asian_women_pov_pct,13.043478260869565,
51683910401,2021.0,asian_women_pov_pct,0.0,
51683910402,2021.0,asian_women_pov_pct,0.0,
51685920100,2021.0,asian_women_pov_pct,0.0,
51685920201,2021.0,asian_women_pov_pct,0.0,
51685920202,2021.0,asian_women_pov_pct,1.5238095238095235,
