geoid,year,measure,value,moe
11001,2010.0,NAICS42_Herfindalh_Hirschman_index,287.63,
11001,2011.0,NAICS42_Herfindalh_Hirschman_index,144.92,
11001,2012.0,NAICS42_Herfindalh_Hirschman_index,160.34,
11001,2013.0,NAICS42_Herfindalh_Hirschman_index,179.65,
11001,2014.0,NAICS42_Herfindalh_Hirschman_index,199.47,
11001,2015.0,NAICS42_Herfindalh_Hirschman_index,196.05,
11001,2016.0,NAICS42_Herfindalh_Hirschman_index,194.88,
11001,2017.0,NAICS42_Herfindalh_Hirschman_index,181.93,
11001,2018.0,NAICS42_Herfindalh_Hirschman_index,183.94,
11001,2019.0,NAICS42_Herfindalh_Hirschman_index,199.71,
11001,2020.0,NAICS42_Herfindalh_Hirschman_index,201.49,
24017,2010.0,NAICS42_Herfindalh_Hirschman_index,10000.0,
24017,2011.0,NAICS42_Herfindalh_Hirschman_index,182.69,
24017,2012.0,NAICS42_Herfindalh_Hirschman_index,120.19,
24017,2013.0,NAICS42_Herfindalh_Hirschman_index,145.59,
24017,2014.0,NAICS42_Herfindalh_Hirschman_index,158.47,
24017,2015.0,NAICS42_Herfindalh_Hirschman_index,162.25,
24017,2016.0,NAICS42_Herfindalh_Hirschman_index,165.19,
24017,2017.0,NAICS42_Herfindalh_Hirschman_index,168.28,
24017,2018.0,NAICS42_Herfindalh_Hirschman_index,163.88,
24017,2019.0,NAICS42_Herfindalh_Hirschman_index,185.68,
24017,2020.0,NAICS42_Herfindalh_Hirschman_index,187.89,
24021,2010.0,NAICS42_Herfindalh_Hirschman_index,114.35,
24021,2011.0,NAICS42_Herfindalh_Hirschman_index,76.52,
24021,2012.0,NAICS42_Herfindalh_Hirschman_index,76.09,
24021,2013.0,NAICS42_Herfindalh_Hirschman_index,130.68,
24021,2014.0,NAICS42_Herfindalh_Hirschman_index,140.09,
24021,2015.0,NAICS42_Herfindalh_Hirschman_index,361.62,
24021,2016.0,NAICS42_Herfindalh_Hirschman_index,360.2,
24021,2017.0,NAICS42_Herfindalh_Hirschman_index,352.37,
24021,2018.0,NAICS42_Herfindalh_Hirschman_index,348.21,
24021,2019.0,NAICS42_Herfindalh_Hirschman_index,359.24,
24021,2020.0,NAICS42_Herfindalh_Hirschman_index,363.88,
24031,2010.0,NAICS42_Herfindalh_Hirschman_index,19.98,
24031,2011.0,NAICS42_Herfindalh_Hirschman_index,46.44,
24031,2012.0,NAICS42_Herfindalh_Hirschman_index,47.81,
24031,2013.0,NAICS42_Herfindalh_Hirschman_index,70.35,
24031,2014.0,NAICS42_Herfindalh_Hirschman_index,75.96,
24031,2015.0,NAICS42_Herfindalh_Hirschman_index,71.96,
24031,2016.0,NAICS42_Herfindalh_Hirschman_index,77.29,
24031,2017.0,NAICS42_Herfindalh_Hirschman_index,83.26,
24031,2018.0,NAICS42_Herfindalh_Hirschman_index,85.04,
24031,2019.0,NAICS42_Herfindalh_Hirschman_index,86.17,
24031,2020.0,NAICS42_Herfindalh_Hirschman_index,90.33,
24033,2010.0,NAICS42_Herfindalh_Hirschman_index,32.65,
24033,2011.0,NAICS42_Herfindalh_Hirschman_index,62.95,
24033,2012.0,NAICS42_Herfindalh_Hirschman_index,64.82,
24033,2013.0,NAICS42_Herfindalh_Hirschman_index,74.34,
24033,2014.0,NAICS42_Herfindalh_Hirschman_index,78.64,
24033,2015.0,NAICS42_Herfindalh_Hirschman_index,78.18,
24033,2016.0,NAICS42_Herfindalh_Hirschman_index,82.82,
24033,2017.0,NAICS42_Herfindalh_Hirschman_index,102.19,
24033,2018.0,NAICS42_Herfindalh_Hirschman_index,98.3,
24033,2019.0,NAICS42_Herfindalh_Hirschman_index,99.27,
24033,2020.0,NAICS42_Herfindalh_Hirschman_index,120.05,
51013,2010.0,NAICS42_Herfindalh_Hirschman_index,258.88,
51013,2011.0,NAICS42_Herfindalh_Hirschman_index,251.19,
51013,2012.0,NAICS42_Herfindalh_Hirschman_index,236.35,
51013,2013.0,NAICS42_Herfindalh_Hirschman_index,281.4,
51013,2014.0,NAICS42_Herfindalh_Hirschman_index,302.22,
51013,2015.0,NAICS42_Herfindalh_Hirschman_index,252.83,
51013,2016.0,NAICS42_Herfindalh_Hirschman_index,229.25,
51013,2017.0,NAICS42_Herfindalh_Hirschman_index,240.27,
51013,2018.0,NAICS42_Herfindalh_Hirschman_index,273.45,
51013,2019.0,NAICS42_Herfindalh_Hirschman_index,277.77,
51013,2020.0,NAICS42_Herfindalh_Hirschman_index,292.26,
51059,2010.0,NAICS42_Herfindalh_Hirschman_index,43.53,
51059,2011.0,NAICS42_Herfindalh_Hirschman_index,39.97,
51059,2012.0,NAICS42_Herfindalh_Hirschman_index,40.24,
51059,2013.0,NAICS42_Herfindalh_Hirschman_index,43.04,
51059,2014.0,NAICS42_Herfindalh_Hirschman_index,46.88,
51059,2015.0,NAICS42_Herfindalh_Hirschman_index,49.27,
51059,2016.0,NAICS42_Herfindalh_Hirschman_index,1543.02,
51059,2017.0,NAICS42_Herfindalh_Hirschman_index,1393.45,
51059,2018.0,NAICS42_Herfindalh_Hirschman_index,67.95,
51059,2019.0,NAICS42_Herfindalh_Hirschman_index,70.19,
51059,2020.0,NAICS42_Herfindalh_Hirschman_index,61.35,
51107,2010.0,NAICS42_Herfindalh_Hirschman_index,56.46,
51107,2011.0,NAICS42_Herfindalh_Hirschman_index,104.52,
51107,2012.0,NAICS42_Herfindalh_Hirschman_index,98.56,
51107,2013.0,NAICS42_Herfindalh_Hirschman_index,101.81,
51107,2014.0,NAICS42_Herfindalh_Hirschman_index,96.88,
51107,2015.0,NAICS42_Herfindalh_Hirschman_index,102.13,
51107,2016.0,NAICS42_Herfindalh_Hirschman_index,161.46,
51107,2017.0,NAICS42_Herfindalh_Hirschman_index,178.46,
51107,2018.0,NAICS42_Herfindalh_Hirschman_index,174.73,
51107,2019.0,NAICS42_Herfindalh_Hirschman_index,184.74,
51107,2020.0,NAICS42_Herfindalh_Hirschman_index,164.27,
51153,2010.0,NAICS42_Herfindalh_Hirschman_index,53.56,
51153,2011.0,NAICS42_Herfindalh_Hirschman_index,101.11,
51153,2012.0,NAICS42_Herfindalh_Hirschman_index,95.19,
51153,2013.0,NAICS42_Herfindalh_Hirschman_index,99.81,
51153,2014.0,NAICS42_Herfindalh_Hirschman_index,105.67,
51153,2015.0,NAICS42_Herfindalh_Hirschman_index,131.37,
51153,2016.0,NAICS42_Herfindalh_Hirschman_index,149.82,
51153,2017.0,NAICS42_Herfindalh_Hirschman_index,139.28,
51153,2018.0,NAICS42_Herfindalh_Hirschman_index,131.48,
51153,2019.0,NAICS42_Herfindalh_Hirschman_index,139.99,
51153,2020.0,NAICS42_Herfindalh_Hirschman_index,140.22,
51510,2010.0,NAICS42_Herfindalh_Hirschman_index,5000.0,
51510,2011.0,NAICS42_Herfindalh_Hirschman_index,279.99,
51510,2012.0,NAICS42_Herfindalh_Hirschman_index,281.84,
51510,2013.0,NAICS42_Herfindalh_Hirschman_index,287.1,
51510,2014.0,NAICS42_Herfindalh_Hirschman_index,321.16,
51510,2015.0,NAICS42_Herfindalh_Hirschman_index,346.84,
51510,2016.0,NAICS42_Herfindalh_Hirschman_index,338.2,
51510,2017.0,NAICS42_Herfindalh_Hirschman_index,367.26,
51510,2018.0,NAICS42_Herfindalh_Hirschman_index,382.48,
51510,2019.0,NAICS42_Herfindalh_Hirschman_index,438.55,
51510,2020.0,NAICS42_Herfindalh_Hirschman_index,457.14,
51600,2011.0,NAICS42_Herfindalh_Hirschman_index,381.75,
51600,2012.0,NAICS42_Herfindalh_Hirschman_index,342.44,
51600,2013.0,NAICS42_Herfindalh_Hirschman_index,383.41,
51600,2014.0,NAICS42_Herfindalh_Hirschman_index,421.18,
51600,2015.0,NAICS42_Herfindalh_Hirschman_index,450.44,
51600,2016.0,NAICS42_Herfindalh_Hirschman_index,468.34,
51600,2017.0,NAICS42_Herfindalh_Hirschman_index,555.87,
51600,2018.0,NAICS42_Herfindalh_Hirschman_index,523.15,
51600,2019.0,NAICS42_Herfindalh_Hirschman_index,489.54,
51600,2020.0,NAICS42_Herfindalh_Hirschman_index,561.99,
51610,2010.0,NAICS42_Herfindalh_Hirschman_index,5000.0,
51610,2011.0,NAICS42_Herfindalh_Hirschman_index,617.47,
51610,2012.0,NAICS42_Herfindalh_Hirschman_index,636.34,
51610,2013.0,NAICS42_Herfindalh_Hirschman_index,673.05,
51610,2014.0,NAICS42_Herfindalh_Hirschman_index,674.42,
51610,2015.0,NAICS42_Herfindalh_Hirschman_index,579.67,
51610,2016.0,NAICS42_Herfindalh_Hirschman_index,560.79,
51610,2017.0,NAICS42_Herfindalh_Hirschman_index,607.1,
51610,2018.0,NAICS42_Herfindalh_Hirschman_index,613.17,
51610,2019.0,NAICS42_Herfindalh_Hirschman_index,699.41,
51610,2020.0,NAICS42_Herfindalh_Hirschman_index,645.07,
51683,2011.0,NAICS42_Herfindalh_Hirschman_index,1200.55,
51683,2012.0,NAICS42_Herfindalh_Hirschman_index,1381.08,
51683,2013.0,NAICS42_Herfindalh_Hirschman_index,1408.81,
51683,2014.0,NAICS42_Herfindalh_Hirschman_index,1381.96,
51683,2015.0,NAICS42_Herfindalh_Hirschman_index,1497.52,
51683,2016.0,NAICS42_Herfindalh_Hirschman_index,1375.21,
51683,2017.0,NAICS42_Herfindalh_Hirschman_index,1308.85,
51683,2018.0,NAICS42_Herfindalh_Hirschman_index,1439.37,
51683,2019.0,NAICS42_Herfindalh_Hirschman_index,1405.14,
51683,2020.0,NAICS42_Herfindalh_Hirschman_index,1446.14,
51685,2010.0,NAICS42_Herfindalh_Hirschman_index,1851.85,
51685,2011.0,NAICS42_Herfindalh_Hirschman_index,961.94,
51685,2012.0,NAICS42_Herfindalh_Hirschman_index,825.36,
51685,2013.0,NAICS42_Herfindalh_Hirschman_index,844.27,
51685,2014.0,NAICS42_Herfindalh_Hirschman_index,828.25,
51685,2015.0,NAICS42_Herfindalh_Hirschman_index,857.85,
51685,2016.0,NAICS42_Herfindalh_Hirschman_index,814.67,
51685,2017.0,NAICS42_Herfindalh_Hirschman_index,799.2,
51685,2018.0,NAICS42_Herfindalh_Hirschman_index,867.82,
51685,2019.0,NAICS42_Herfindalh_Hirschman_index,892.8,
51685,2020.0,NAICS42_Herfindalh_Hirschman_index,939.3,
51041,2010.0,NAICS42_Herfindalh_Hirschman_index,323.63,
51041,2011.0,NAICS42_Herfindalh_Hirschman_index,93.04,
51041,2012.0,NAICS42_Herfindalh_Hirschman_index,91.11,
51041,2013.0,NAICS42_Herfindalh_Hirschman_index,90.57,
51041,2014.0,NAICS42_Herfindalh_Hirschman_index,104.27,
51041,2015.0,NAICS42_Herfindalh_Hirschman_index,99.46,
51041,2016.0,NAICS42_Herfindalh_Hirschman_index,104.69,
51041,2017.0,NAICS42_Herfindalh_Hirschman_index,191.37,
51041,2018.0,NAICS42_Herfindalh_Hirschman_index,200.28,
51041,2019.0,NAICS42_Herfindalh_Hirschman_index,205.8,
51041,2020.0,NAICS42_Herfindalh_Hirschman_index,410.87,
51087,2010.0,NAICS42_Herfindalh_Hirschman_index,570.21,
51087,2011.0,NAICS42_Herfindalh_Hirschman_index,274.4,
51087,2012.0,NAICS42_Herfindalh_Hirschman_index,272.09,
51087,2013.0,NAICS42_Herfindalh_Hirschman_index,1583.22,
51087,2014.0,NAICS42_Herfindalh_Hirschman_index,1607.74,
51087,2015.0,NAICS42_Herfindalh_Hirschman_index,1582.52,
51087,2016.0,NAICS42_Herfindalh_Hirschman_index,1580.42,
51087,2017.0,NAICS42_Herfindalh_Hirschman_index,1484.78,
51087,2018.0,NAICS42_Herfindalh_Hirschman_index,1414.55,
51087,2019.0,NAICS42_Herfindalh_Hirschman_index,1470.28,
51087,2020.0,NAICS42_Herfindalh_Hirschman_index,1443.09,
51059,2010.0,NAICS42_Herfindalh_Hirschman_index,183.19,
51059,2011.0,NAICS42_Herfindalh_Hirschman_index,97.93,
51059,2012.0,NAICS42_Herfindalh_Hirschman_index,93.57,
51059,2013.0,NAICS42_Herfindalh_Hirschman_index,89.73,
51059,2014.0,NAICS42_Herfindalh_Hirschman_index,88.24,
51059,2015.0,NAICS42_Herfindalh_Hirschman_index,72.91,
51059,2016.0,NAICS42_Herfindalh_Hirschman_index,87.67,
51059,2017.0,NAICS42_Herfindalh_Hirschman_index,79.98,
51059,2018.0,NAICS42_Herfindalh_Hirschman_index,82.62,
51059,2019.0,NAICS42_Herfindalh_Hirschman_index,78.39,
51059,2020.0,NAICS42_Herfindalh_Hirschman_index,65.1,
