geoid,year,measure,value,moe
51001,2010.0,poverty_pct,20.880000000000003,
51001,2012.0,poverty_pct,20.31,
51001,2014.0,poverty_pct,19.27,
51001,2016.0,poverty_pct,18.53,
51001,2018.0,poverty_pct,15.56,
51001,2019.0,poverty_pct,14.47,
51001,2021.0,poverty_pct,15.13,
51003,2010.0,poverty_pct,10.35,
51003,2012.0,poverty_pct,9.69,
51003,2014.0,poverty_pct,12.01,
51003,2016.0,poverty_pct,7.16,
51003,2018.0,poverty_pct,8.709999999999999,
51003,2019.0,poverty_pct,7.99,
51003,2021.0,poverty_pct,7.01,
51005,2010.0,poverty_pct,10.67,
51005,2012.0,poverty_pct,10.52,
51005,2014.0,poverty_pct,14.91,
51005,2016.0,poverty_pct,17.560000000000002,
51005,2018.0,poverty_pct,18.97,
51005,2019.0,poverty_pct,19.32,
51005,2021.0,poverty_pct,17.740000000000002,
51007,2010.0,poverty_pct,11.37,
51007,2012.0,poverty_pct,10.4,
51007,2014.0,poverty_pct,10.21,
51007,2016.0,poverty_pct,11.63,
51007,2018.0,poverty_pct,13.089999999999998,
51007,2019.0,poverty_pct,10.29,
51007,2021.0,poverty_pct,13.87,
51009,2010.0,poverty_pct,11.72,
51009,2012.0,poverty_pct,12.2,
51009,2014.0,poverty_pct,11.64,
51009,2016.0,poverty_pct,13.41,
51009,2018.0,poverty_pct,12.61,
51009,2019.0,poverty_pct,12.920000000000002,
51009,2021.0,poverty_pct,10.65,
51011,2010.0,poverty_pct,14.81,
51011,2012.0,poverty_pct,16.06,
51011,2014.0,poverty_pct,18.39,
51011,2016.0,poverty_pct,17.130000000000003,
51011,2018.0,poverty_pct,12.73,
51011,2019.0,poverty_pct,12.35,
51011,2021.0,poverty_pct,14.03,
51013,2010.0,poverty_pct,5.949999999999999,
51013,2012.0,poverty_pct,6.41,
51013,2014.0,poverty_pct,7.21,
51013,2016.0,poverty_pct,7.1,
51013,2018.0,poverty_pct,6.02,
51013,2019.0,poverty_pct,7.84,
51013,2021.0,poverty_pct,7.76,
51015,2010.0,poverty_pct,10.58,
51015,2012.0,poverty_pct,10.54,
51015,2014.0,poverty_pct,9.88,
51015,2016.0,poverty_pct,9.26,
51015,2018.0,poverty_pct,9.94,
51015,2019.0,poverty_pct,9.18,
51015,2021.0,poverty_pct,8.6,
51017,2010.0,poverty_pct,9.14,
51017,2012.0,poverty_pct,11.6,
51017,2014.0,poverty_pct,12.18,
51017,2016.0,poverty_pct,10.74,
51017,2018.0,poverty_pct,11.86,
51017,2019.0,poverty_pct,11.33,
51017,2021.0,poverty_pct,17.77,
51019,2010.0,poverty_pct,8.83,
51019,2012.0,poverty_pct,8.59,
51019,2014.0,poverty_pct,9.64,
51019,2016.0,poverty_pct,10.81,
51019,2018.0,poverty_pct,9.59,
51019,2019.0,poverty_pct,9.31,
51019,2021.0,poverty_pct,7.57,
51021,2010.0,poverty_pct,11.24,
51021,2012.0,poverty_pct,13.43,
51021,2014.0,poverty_pct,13.39,
51021,2016.0,poverty_pct,9.96,
51021,2018.0,poverty_pct,9.87,
51021,2019.0,poverty_pct,11.87,
51021,2021.0,poverty_pct,10.93,
51023,2010.0,poverty_pct,6.22,
51023,2012.0,poverty_pct,6.7,
51023,2014.0,poverty_pct,7.689999999999999,
51023,2016.0,poverty_pct,9.05,
51023,2018.0,poverty_pct,8.780000000000001,
51023,2019.0,poverty_pct,6.9,
51023,2021.0,poverty_pct,7.489999999999999,
51025,2010.0,poverty_pct,20.98,
51025,2012.0,poverty_pct,24.3,
51025,2014.0,poverty_pct,21.26,
51025,2016.0,poverty_pct,20.33,
51025,2018.0,poverty_pct,19.99,
51025,2019.0,poverty_pct,19.46,
51025,2021.0,poverty_pct,16.17,
51027,2010.0,poverty_pct,23.52,
51027,2012.0,poverty_pct,23.52,
51027,2014.0,poverty_pct,23.09,
51027,2016.0,poverty_pct,24.47,
51027,2018.0,poverty_pct,27.42,
51027,2019.0,poverty_pct,27.65,
51027,2021.0,poverty_pct,24.54,
51029,2010.0,poverty_pct,21.18,
51029,2012.0,poverty_pct,21.33,
51029,2014.0,poverty_pct,19.91,
51029,2016.0,poverty_pct,17.07,
51029,2018.0,poverty_pct,17.23,
51029,2019.0,poverty_pct,15.72,
51029,2021.0,poverty_pct,15.83,
51031,2010.0,poverty_pct,13.35,
51031,2012.0,poverty_pct,14.55,
51031,2014.0,poverty_pct,14.21,
51031,2016.0,poverty_pct,12.93,
51031,2018.0,poverty_pct,12.64,
51031,2019.0,poverty_pct,11.62,
51031,2021.0,poverty_pct,10.19,
51033,2010.0,poverty_pct,7.55,
51033,2012.0,poverty_pct,9.14,
51033,2014.0,poverty_pct,10.86,
51033,2016.0,poverty_pct,11.99,
51033,2018.0,poverty_pct,9.75,
51033,2019.0,poverty_pct,9.72,
51033,2021.0,poverty_pct,8.68,
51035,2010.0,poverty_pct,16.41,
51035,2012.0,poverty_pct,21.06,
51035,2014.0,poverty_pct,18.83,
51035,2016.0,poverty_pct,17.89,
51035,2018.0,poverty_pct,16.950000000000003,
51035,2019.0,poverty_pct,15.93,
51035,2021.0,poverty_pct,15.36,
51036,2010.0,poverty_pct,10.17,
51036,2012.0,poverty_pct,13.36,
51036,2014.0,poverty_pct,14.34,
51036,2016.0,poverty_pct,13.07,
51036,2018.0,poverty_pct,13.52,
51036,2019.0,poverty_pct,14.26,
51036,2021.0,poverty_pct,14.43,
51037,2010.0,poverty_pct,17.24,
51037,2012.0,poverty_pct,19.03,
51037,2014.0,poverty_pct,20.19,
51037,2016.0,poverty_pct,23.200000000000003,
51037,2018.0,poverty_pct,22.76,
51037,2019.0,poverty_pct,22.23,
51037,2021.0,poverty_pct,21.71,
51041,2010.0,poverty_pct,6.74,
51041,2012.0,poverty_pct,7.27,
51041,2014.0,poverty_pct,6.909999999999999,
51041,2016.0,poverty_pct,6.660000000000001,
51041,2018.0,poverty_pct,6.38,
51041,2019.0,poverty_pct,5.76,
51041,2021.0,poverty_pct,7.39,
51043,2010.0,poverty_pct,8.64,
51043,2012.0,poverty_pct,8.89,
51043,2014.0,poverty_pct,9.68,
51043,2016.0,poverty_pct,10.84,
51043,2018.0,poverty_pct,10.37,
51043,2019.0,poverty_pct,9.14,
51043,2021.0,poverty_pct,5.390000000000001,
51045,2010.0,poverty_pct,9.0,
51045,2012.0,poverty_pct,9.07,
51045,2014.0,poverty_pct,11.39,
51045,2016.0,poverty_pct,15.9,
51045,2018.0,poverty_pct,10.55,
51045,2019.0,poverty_pct,10.93,
51045,2021.0,poverty_pct,9.53,
51047,2010.0,poverty_pct,7.23,
51047,2012.0,poverty_pct,8.540000000000001,
51047,2014.0,poverty_pct,9.16,
51047,2016.0,poverty_pct,9.6,
51047,2018.0,poverty_pct,9.0,
51047,2019.0,poverty_pct,8.25,
51047,2021.0,poverty_pct,7.42,
51049,2010.0,poverty_pct,14.66,
51049,2012.0,poverty_pct,13.420000000000002,
51049,2014.0,poverty_pct,14.44,
51049,2016.0,poverty_pct,20.59,
51049,2018.0,poverty_pct,19.3,
51049,2019.0,poverty_pct,19.67,
51049,2021.0,poverty_pct,8.5,
51051,2010.0,poverty_pct,20.880000000000003,
51051,2012.0,poverty_pct,21.25,
51051,2014.0,poverty_pct,21.52,
51051,2016.0,poverty_pct,23.86,
51051,2018.0,poverty_pct,26.540000000000003,
51051,2019.0,poverty_pct,28.050000000000004,
51051,2021.0,poverty_pct,24.39,
51053,2010.0,poverty_pct,10.71,
51053,2012.0,poverty_pct,11.99,
51053,2014.0,poverty_pct,12.71,
51053,2016.0,poverty_pct,15.88,
51053,2018.0,poverty_pct,12.83,
51053,2019.0,poverty_pct,12.98,
51053,2021.0,poverty_pct,11.64,
51057,2010.0,poverty_pct,10.37,
51057,2012.0,poverty_pct,13.74,
51057,2014.0,poverty_pct,14.510000000000002,
51057,2016.0,poverty_pct,12.48,
51057,2018.0,poverty_pct,13.6,
51057,2019.0,poverty_pct,16.14,
51057,2021.0,poverty_pct,16.59,
51059,2010.0,poverty_pct,5.17,
51059,2012.0,poverty_pct,4.79,
51059,2014.0,poverty_pct,6.08,
51059,2016.0,poverty_pct,5.7700000000000005,
51059,2018.0,poverty_pct,5.44,
51059,2019.0,poverty_pct,5.44,
51059,2021.0,poverty_pct,6.23,
51061,2010.0,poverty_pct,5.7700000000000005,
51061,2012.0,poverty_pct,4.97,
51061,2014.0,poverty_pct,5.34,
51061,2016.0,poverty_pct,5.779999999999999,
51061,2018.0,poverty_pct,5.8500000000000005,
51061,2019.0,poverty_pct,5.88,
51061,2021.0,poverty_pct,5.93,
51063,2010.0,poverty_pct,16.25,
51063,2012.0,poverty_pct,15.17,
51063,2014.0,poverty_pct,13.62,
51063,2016.0,poverty_pct,14.63,
51063,2018.0,poverty_pct,12.44,
51063,2019.0,poverty_pct,10.12,
51063,2021.0,poverty_pct,11.49,
51065,2010.0,poverty_pct,7.17,
51065,2012.0,poverty_pct,6.48,
51065,2014.0,poverty_pct,6.41,
51065,2016.0,poverty_pct,6.99,
51065,2018.0,poverty_pct,5.12,
51065,2019.0,poverty_pct,5.47,
51065,2021.0,poverty_pct,4.38,
51067,2010.0,poverty_pct,14.03,
51067,2012.0,poverty_pct,12.54,
51067,2014.0,poverty_pct,13.87,
51067,2016.0,poverty_pct,13.54,
51067,2018.0,poverty_pct,15.18,
51067,2019.0,poverty_pct,13.420000000000002,
51067,2021.0,poverty_pct,13.48,
51069,2010.0,poverty_pct,7.969999999999999,
51069,2012.0,poverty_pct,6.2700000000000005,
51069,2014.0,poverty_pct,6.08,
51069,2016.0,poverty_pct,5.79,
51069,2018.0,poverty_pct,6.34,
51069,2019.0,poverty_pct,6.260000000000001,
51069,2021.0,poverty_pct,6.49,
51071,2010.0,poverty_pct,15.79,
51071,2012.0,poverty_pct,15.55,
51071,2014.0,poverty_pct,14.19,
51071,2016.0,poverty_pct,12.04,
51071,2018.0,poverty_pct,10.46,
51071,2019.0,poverty_pct,9.58,
51071,2021.0,poverty_pct,10.3,
51073,2010.0,poverty_pct,7.969999999999999,
51073,2012.0,poverty_pct,9.09,
51073,2014.0,poverty_pct,9.46,
51073,2016.0,poverty_pct,8.63,
51073,2018.0,poverty_pct,8.309999999999999,
51073,2019.0,poverty_pct,8.95,
51073,2021.0,poverty_pct,7.56,
51075,2010.0,poverty_pct,4.9,
51075,2012.0,poverty_pct,4.68,
51075,2014.0,poverty_pct,6.67,
51075,2016.0,poverty_pct,5.27,
51075,2018.0,poverty_pct,6.11,
51075,2019.0,poverty_pct,6.950000000000001,
51075,2021.0,poverty_pct,5.21,
51077,2010.0,poverty_pct,18.75,
51077,2012.0,poverty_pct,19.51,
51077,2014.0,poverty_pct,20.74,
51077,2016.0,poverty_pct,20.45,
51077,2018.0,poverty_pct,21.46,
51077,2019.0,poverty_pct,20.62,
51077,2021.0,poverty_pct,16.23,
51079,2010.0,poverty_pct,8.88,
51079,2012.0,poverty_pct,8.19,
51079,2014.0,poverty_pct,8.97,
51079,2016.0,poverty_pct,9.12,
51079,2018.0,poverty_pct,6.23,
51079,2019.0,poverty_pct,6.619999999999999,
51079,2021.0,poverty_pct,8.7,
51081,2010.0,poverty_pct,14.62,
51081,2012.0,poverty_pct,20.48,
51081,2014.0,poverty_pct,21.46,
51081,2016.0,poverty_pct,18.14,
51081,2018.0,poverty_pct,17.03,
51081,2019.0,poverty_pct,14.78,
51081,2021.0,poverty_pct,13.26,
51083,2010.0,poverty_pct,19.01,
51083,2012.0,poverty_pct,20.26,
51083,2014.0,poverty_pct,20.45,
51083,2016.0,poverty_pct,19.38,
51083,2018.0,poverty_pct,16.61,
51083,2019.0,poverty_pct,16.13,
51083,2021.0,poverty_pct,17.75,
51085,2010.0,poverty_pct,4.5,
51085,2012.0,poverty_pct,6.140000000000001,
51085,2014.0,poverty_pct,5.83,
51085,2016.0,poverty_pct,6.5,
51085,2018.0,poverty_pct,5.64,
51085,2019.0,poverty_pct,5.37,
51085,2021.0,poverty_pct,8.469999999999999,
51087,2010.0,poverty_pct,8.3,
51087,2012.0,poverty_pct,9.4,
51087,2014.0,poverty_pct,9.71,
51087,2016.0,poverty_pct,10.09,
51087,2018.0,poverty_pct,8.870000000000001,
51087,2019.0,poverty_pct,8.98,
51087,2021.0,poverty_pct,6.94,
51089,2010.0,poverty_pct,15.909999999999998,
51089,2012.0,poverty_pct,16.85,
51089,2014.0,poverty_pct,16.88,
51089,2016.0,poverty_pct,18.73,
51089,2018.0,poverty_pct,19.46,
51089,2019.0,poverty_pct,18.06,
51089,2021.0,poverty_pct,16.08,
51091,2010.0,poverty_pct,11.24,
51091,2012.0,poverty_pct,10.27,
51091,2014.0,poverty_pct,12.09,
51091,2016.0,poverty_pct,11.78,
51091,2018.0,poverty_pct,11.84,
51091,2019.0,poverty_pct,7.7,
51091,2021.0,poverty_pct,8.81,
51093,2010.0,poverty_pct,8.39,
51093,2012.0,poverty_pct,9.35,
51093,2014.0,poverty_pct,10.89,
51093,2016.0,poverty_pct,9.82,
51093,2018.0,poverty_pct,9.17,
51093,2019.0,poverty_pct,8.98,
51093,2021.0,poverty_pct,8.42,
51095,2010.0,poverty_pct,6.32,
51095,2012.0,poverty_pct,7.249999999999999,
51095,2014.0,poverty_pct,6.890000000000001,
51095,2016.0,poverty_pct,7.26,
51095,2018.0,poverty_pct,7.140000000000001,
51095,2019.0,poverty_pct,6.619999999999999,
51095,2021.0,poverty_pct,7.02,
51097,2010.0,poverty_pct,10.02,
51097,2012.0,poverty_pct,6.98,
51097,2014.0,poverty_pct,9.92,
51097,2016.0,poverty_pct,10.05,
51097,2018.0,poverty_pct,12.0,
51097,2019.0,poverty_pct,7.79,
51097,2021.0,poverty_pct,9.17,
51099,2010.0,poverty_pct,6.03,
51099,2012.0,poverty_pct,5.71,
51099,2014.0,poverty_pct,5.7,
51099,2016.0,poverty_pct,6.710000000000001,
51099,2018.0,poverty_pct,6.48,
51099,2019.0,poverty_pct,6.140000000000001,
51099,2021.0,poverty_pct,6.2,
51101,2010.0,poverty_pct,7.430000000000001,
51101,2012.0,poverty_pct,9.01,
51101,2014.0,poverty_pct,9.31,
51101,2016.0,poverty_pct,8.04,
51101,2018.0,poverty_pct,6.2700000000000005,
51101,2019.0,poverty_pct,5.94,
51101,2021.0,poverty_pct,7.02,
51103,2010.0,poverty_pct,9.68,
51103,2012.0,poverty_pct,10.7,
51103,2014.0,poverty_pct,12.44,
51103,2016.0,poverty_pct,12.03,
51103,2018.0,poverty_pct,9.59,
51103,2019.0,poverty_pct,11.04,
51103,2021.0,poverty_pct,12.31,
51105,2010.0,poverty_pct,24.62,
51105,2012.0,poverty_pct,22.91,
51105,2014.0,poverty_pct,25.22,
51105,2016.0,poverty_pct,25.69,
51105,2018.0,poverty_pct,26.69,
51105,2019.0,poverty_pct,25.66,
51105,2021.0,poverty_pct,24.64,
51107,2010.0,poverty_pct,3.0700000000000003,
51107,2012.0,poverty_pct,3.19,
51107,2014.0,poverty_pct,4.16,
51107,2016.0,poverty_pct,3.75,
51107,2018.0,poverty_pct,3.19,
51107,2019.0,poverty_pct,2.69,
51107,2021.0,poverty_pct,3.51,
51109,2010.0,poverty_pct,9.27,
51109,2012.0,poverty_pct,7.51,
51109,2014.0,poverty_pct,9.07,
51109,2016.0,poverty_pct,11.47,
51109,2018.0,poverty_pct,12.46,
51109,2019.0,poverty_pct,11.78,
51109,2021.0,poverty_pct,11.53,
51111,2010.0,poverty_pct,15.17,
51111,2012.0,poverty_pct,21.15,
51111,2014.0,poverty_pct,18.52,
51111,2016.0,poverty_pct,17.64,
51111,2018.0,poverty_pct,16.39,
51111,2019.0,poverty_pct,16.17,
51111,2021.0,poverty_pct,15.87,
51113,2010.0,poverty_pct,10.47,
51113,2012.0,poverty_pct,10.48,
51113,2014.0,poverty_pct,12.82,
51113,2016.0,poverty_pct,12.4,
51113,2018.0,poverty_pct,9.65,
51113,2019.0,poverty_pct,6.890000000000001,
51113,2021.0,poverty_pct,7.07,
51115,2010.0,poverty_pct,7.77,
51115,2012.0,poverty_pct,7.21,
51115,2014.0,poverty_pct,7.75,
51115,2016.0,poverty_pct,8.309999999999999,
51115,2018.0,poverty_pct,8.799999999999999,
51115,2019.0,poverty_pct,9.21,
51115,2021.0,poverty_pct,6.16,
51117,2010.0,poverty_pct,19.07,
51117,2012.0,poverty_pct,18.67,
51117,2014.0,poverty_pct,18.53,
51117,2016.0,poverty_pct,17.549999999999997,
51117,2018.0,poverty_pct,18.12,
51117,2019.0,poverty_pct,17.52,
51117,2021.0,poverty_pct,19.35,
51119,2010.0,poverty_pct,9.71,
51119,2012.0,poverty_pct,8.51,
51119,2014.0,poverty_pct,10.51,
51119,2016.0,poverty_pct,13.01,
51119,2018.0,poverty_pct,12.44,
51119,2019.0,poverty_pct,12.58,
51119,2021.0,poverty_pct,9.52,
51121,2010.0,poverty_pct,23.12,
51121,2012.0,poverty_pct,23.74,
51121,2014.0,poverty_pct,24.38,
51121,2016.0,poverty_pct,21.29,
51121,2018.0,poverty_pct,19.97,
51121,2019.0,poverty_pct,19.71,
51121,2021.0,poverty_pct,23.26,
51125,2010.0,poverty_pct,11.77,
51125,2012.0,poverty_pct,11.52,
51125,2014.0,poverty_pct,15.079999999999998,
51125,2016.0,poverty_pct,13.56,
51125,2018.0,poverty_pct,12.65,
51125,2019.0,poverty_pct,13.93,
51125,2021.0,poverty_pct,15.920000000000002,
51127,2010.0,poverty_pct,4.79,
51127,2012.0,poverty_pct,4.82,
51127,2014.0,poverty_pct,4.7,
51127,2016.0,poverty_pct,5.609999999999999,
51127,2018.0,poverty_pct,4.94,
51127,2019.0,poverty_pct,6.88,
51127,2021.0,poverty_pct,5.83,
51131,2010.0,poverty_pct,19.61,
51131,2012.0,poverty_pct,22.91,
51131,2014.0,poverty_pct,23.98,
51131,2016.0,poverty_pct,22.54,
51131,2018.0,poverty_pct,18.11,
51131,2019.0,poverty_pct,17.0,
51131,2021.0,poverty_pct,16.84,
51133,2010.0,poverty_pct,9.18,
51133,2012.0,poverty_pct,9.63,
51133,2014.0,poverty_pct,12.89,
51133,2016.0,poverty_pct,10.489999999999998,
51133,2018.0,poverty_pct,14.249999999999998,
51133,2019.0,poverty_pct,13.65,
51133,2021.0,poverty_pct,14.45,
51135,2010.0,poverty_pct,18.58,
51135,2012.0,poverty_pct,19.59,
51135,2014.0,poverty_pct,20.66,
51135,2016.0,poverty_pct,19.33,
51135,2018.0,poverty_pct,19.54,
51135,2019.0,poverty_pct,17.46,
51135,2021.0,poverty_pct,13.83,
51137,2010.0,poverty_pct,9.77,
51137,2012.0,poverty_pct,11.28,
51137,2014.0,poverty_pct,11.28,
51137,2016.0,poverty_pct,9.08,
51137,2018.0,poverty_pct,7.979999999999999,
51137,2019.0,poverty_pct,7.630000000000001,
51137,2021.0,poverty_pct,11.02,
51139,2010.0,poverty_pct,12.86,
51139,2012.0,poverty_pct,18.32,
51139,2014.0,poverty_pct,16.64,
51139,2016.0,poverty_pct,15.38,
51139,2018.0,poverty_pct,15.409999999999998,
51139,2019.0,poverty_pct,13.420000000000002,
51139,2021.0,poverty_pct,12.93,
51141,2010.0,poverty_pct,13.74,
51141,2012.0,poverty_pct,16.27,
51141,2014.0,poverty_pct,19.21,
51141,2016.0,poverty_pct,18.82,
51141,2018.0,poverty_pct,17.16,
51141,2019.0,poverty_pct,15.1,
51141,2021.0,poverty_pct,14.95,
51143,2010.0,poverty_pct,16.18,
51143,2012.0,poverty_pct,15.02,
51143,2014.0,poverty_pct,14.99,
51143,2016.0,poverty_pct,15.24,
51143,2018.0,poverty_pct,15.28,
51143,2019.0,poverty_pct,15.67,
51143,2021.0,poverty_pct,16.7,
51145,2010.0,poverty_pct,6.03,
51145,2012.0,poverty_pct,6.550000000000001,
51145,2014.0,poverty_pct,6.569999999999999,
51145,2016.0,poverty_pct,6.58,
51145,2018.0,poverty_pct,5.83,
51145,2019.0,poverty_pct,6.64,
51145,2021.0,poverty_pct,4.47,
51147,2010.0,poverty_pct,15.45,
51147,2012.0,poverty_pct,17.849999999999998,
51147,2014.0,poverty_pct,20.48,
51147,2016.0,poverty_pct,15.48,
51147,2018.0,poverty_pct,15.85,
51147,2019.0,poverty_pct,17.79,
51147,2021.0,poverty_pct,23.49,
51149,2010.0,poverty_pct,6.550000000000001,
51149,2012.0,poverty_pct,6.03,
51149,2014.0,poverty_pct,9.43,
51149,2016.0,poverty_pct,9.0,
51149,2018.0,poverty_pct,8.64,
51149,2019.0,poverty_pct,8.4,
51149,2021.0,poverty_pct,9.99,
51153,2010.0,poverty_pct,4.71,
51153,2012.0,poverty_pct,4.96,
51153,2014.0,poverty_pct,6.49,
51153,2016.0,poverty_pct,7.24,
51153,2018.0,poverty_pct,5.38,
51153,2019.0,poverty_pct,5.82,
51153,2021.0,poverty_pct,5.86,
51155,2010.0,poverty_pct,14.53,
51155,2012.0,poverty_pct,15.14,
51155,2014.0,poverty_pct,14.14,
51155,2016.0,poverty_pct,13.02,
51155,2018.0,poverty_pct,13.55,
51155,2019.0,poverty_pct,14.39,
51155,2021.0,poverty_pct,13.53,
51157,2010.0,poverty_pct,9.45,
51157,2012.0,poverty_pct,10.44,
51157,2014.0,poverty_pct,10.76,
51157,2016.0,poverty_pct,11.49,
51157,2018.0,poverty_pct,10.52,
51157,2019.0,poverty_pct,9.41,
51157,2021.0,poverty_pct,5.7,
51159,2010.0,poverty_pct,14.27,
51159,2012.0,poverty_pct,16.16,
51159,2014.0,poverty_pct,14.96,
51159,2016.0,poverty_pct,16.76,
51159,2018.0,poverty_pct,13.089999999999998,
51159,2019.0,poverty_pct,13.95,
51159,2021.0,poverty_pct,11.81,
51161,2010.0,poverty_pct,6.04,
51161,2012.0,poverty_pct,7.539999999999999,
51161,2014.0,poverty_pct,10.02,
51161,2016.0,poverty_pct,8.93,
51161,2018.0,poverty_pct,8.4,
51161,2019.0,poverty_pct,8.15,
51161,2021.0,poverty_pct,11.15,
51163,2010.0,poverty_pct,13.669999999999998,
51163,2012.0,poverty_pct,11.94,
51163,2014.0,poverty_pct,12.81,
51163,2016.0,poverty_pct,11.85,
51163,2018.0,poverty_pct,12.33,
51163,2019.0,poverty_pct,10.76,
51163,2021.0,poverty_pct,8.42,
51165,2010.0,poverty_pct,11.15,
51165,2012.0,poverty_pct,11.2,
51165,2014.0,poverty_pct,11.09,
51165,2016.0,poverty_pct,10.21,
51165,2018.0,poverty_pct,10.43,
51165,2019.0,poverty_pct,6.81,
51165,2021.0,poverty_pct,8.51,
51167,2010.0,poverty_pct,19.44,
51167,2012.0,poverty_pct,21.32,
51167,2014.0,poverty_pct,20.48,
51167,2016.0,poverty_pct,18.06,
51167,2018.0,poverty_pct,21.24,
51167,2019.0,poverty_pct,22.57,
51167,2021.0,poverty_pct,19.48,
51169,2010.0,poverty_pct,20.89,
51169,2012.0,poverty_pct,18.78,
51169,2014.0,poverty_pct,18.49,
51169,2016.0,poverty_pct,19.4,
51169,2018.0,poverty_pct,20.0,
51169,2019.0,poverty_pct,18.1,
51169,2021.0,poverty_pct,18.75,
51171,2010.0,poverty_pct,11.42,
51171,2012.0,poverty_pct,11.76,
51171,2014.0,poverty_pct,12.0,
51171,2016.0,poverty_pct,10.42,
51171,2018.0,poverty_pct,11.58,
51171,2019.0,poverty_pct,11.26,
51171,2021.0,poverty_pct,11.5,
51173,2010.0,poverty_pct,18.25,
51173,2012.0,poverty_pct,18.69,
51173,2014.0,poverty_pct,17.919999999999998,
51173,2016.0,poverty_pct,18.64,
51173,2018.0,poverty_pct,19.87,
51173,2019.0,poverty_pct,19.47,
51173,2021.0,poverty_pct,19.01,
51175,2010.0,poverty_pct,15.04,
51175,2012.0,poverty_pct,15.89,
51175,2014.0,poverty_pct,13.900000000000002,
51175,2016.0,poverty_pct,15.85,
51175,2018.0,poverty_pct,11.96,
51175,2019.0,poverty_pct,11.32,
51175,2021.0,poverty_pct,8.98,
51177,2010.0,poverty_pct,8.04,
51177,2012.0,poverty_pct,7.27,
51177,2014.0,poverty_pct,9.99,
51177,2016.0,poverty_pct,5.67,
51177,2018.0,poverty_pct,7.430000000000001,
51177,2019.0,poverty_pct,6.45,
51177,2021.0,poverty_pct,6.84,
51179,2010.0,poverty_pct,3.97,
51179,2012.0,poverty_pct,5.390000000000001,
51179,2014.0,poverty_pct,5.319999999999999,
51179,2016.0,poverty_pct,4.45,
51179,2018.0,poverty_pct,4.91,
51179,2019.0,poverty_pct,4.03,
51179,2021.0,poverty_pct,5.779999999999999,
51181,2010.0,poverty_pct,9.03,
51181,2012.0,poverty_pct,8.48,
51181,2014.0,poverty_pct,11.24,
51181,2016.0,poverty_pct,11.64,
51181,2018.0,poverty_pct,12.17,
51181,2019.0,poverty_pct,12.71,
51181,2021.0,poverty_pct,13.82,
51183,2010.0,poverty_pct,18.78,
51183,2012.0,poverty_pct,15.61,
51183,2014.0,poverty_pct,19.29,
51183,2016.0,poverty_pct,20.75,
51183,2018.0,poverty_pct,18.9,
51183,2019.0,poverty_pct,14.81,
51183,2021.0,poverty_pct,11.52,
51185,2010.0,poverty_pct,17.36,
51185,2012.0,poverty_pct,20.87,
51185,2014.0,poverty_pct,19.52,
51185,2016.0,poverty_pct,17.990000000000002,
51185,2018.0,poverty_pct,15.939999999999998,
51185,2019.0,poverty_pct,17.599999999999998,
51185,2021.0,poverty_pct,19.32,
51187,2010.0,poverty_pct,12.82,
51187,2012.0,poverty_pct,10.23,
51187,2014.0,poverty_pct,10.57,
51187,2016.0,poverty_pct,9.88,
51187,2018.0,poverty_pct,9.4,
51187,2019.0,poverty_pct,8.57,
51187,2021.0,poverty_pct,10.27,
51191,2010.0,poverty_pct,14.95,
51191,2012.0,poverty_pct,12.97,
51191,2014.0,poverty_pct,13.489999999999998,
51191,2016.0,poverty_pct,14.88,
51191,2018.0,poverty_pct,14.760000000000002,
51191,2019.0,poverty_pct,14.35,
51191,2021.0,poverty_pct,12.95,
51193,2010.0,poverty_pct,10.79,
51193,2012.0,poverty_pct,15.160000000000002,
51193,2014.0,poverty_pct,14.18,
51193,2016.0,poverty_pct,11.65,
51193,2018.0,poverty_pct,12.07,
51193,2019.0,poverty_pct,16.23,
51193,2021.0,poverty_pct,16.08,
51195,2010.0,poverty_pct,20.73,
51195,2012.0,poverty_pct,26.37,
51195,2014.0,poverty_pct,22.79,
51195,2016.0,poverty_pct,22.02,
51195,2018.0,poverty_pct,23.05,
51195,2019.0,poverty_pct,23.79,
51195,2021.0,poverty_pct,21.2,
51197,2010.0,poverty_pct,16.73,
51197,2012.0,poverty_pct,16.04,
51197,2014.0,poverty_pct,16.03,
51197,2016.0,poverty_pct,16.39,
51197,2018.0,poverty_pct,15.43,
51197,2019.0,poverty_pct,14.829999999999998,
51197,2021.0,poverty_pct,15.9,
51199,2010.0,poverty_pct,4.68,
51199,2012.0,poverty_pct,6.93,
51199,2014.0,poverty_pct,6.2700000000000005,
51199,2016.0,poverty_pct,5.7,
51199,2018.0,poverty_pct,4.8,
51199,2019.0,poverty_pct,5.319999999999999,
51199,2021.0,poverty_pct,5.66,
51510,2010.0,poverty_pct,7.62,
51510,2012.0,poverty_pct,6.3100000000000005,
51510,2014.0,poverty_pct,8.05,
51510,2016.0,poverty_pct,8.83,
51510,2018.0,poverty_pct,8.63,
51510,2019.0,poverty_pct,5.89,
51510,2021.0,poverty_pct,9.55,
51515,2010.0,poverty_pct,18.19,
51515,2012.0,poverty_pct,23.72,
51520,2010.0,poverty_pct,22.29,
51520,2012.0,poverty_pct,22.79,
51520,2014.0,poverty_pct,19.2,
51520,2016.0,poverty_pct,18.77,
51520,2018.0,poverty_pct,19.93,
51520,2019.0,poverty_pct,20.04,
51520,2021.0,poverty_pct,17.740000000000002,
51530,2010.0,poverty_pct,17.68,
51530,2012.0,poverty_pct,15.96,
51530,2014.0,poverty_pct,19.52,
51530,2016.0,poverty_pct,25.91,
51530,2018.0,poverty_pct,19.65,
51530,2019.0,poverty_pct,24.55,
51530,2021.0,poverty_pct,20.11,
51540,2010.0,poverty_pct,24.28,
51540,2012.0,poverty_pct,24.67,
51540,2014.0,poverty_pct,23.65,
51540,2016.0,poverty_pct,22.23,
51540,2018.0,poverty_pct,20.87,
51540,2019.0,poverty_pct,20.67,
51540,2021.0,poverty_pct,20.23,
51550,2010.0,poverty_pct,7.670000000000001,
51550,2012.0,poverty_pct,10.19,
51550,2014.0,poverty_pct,9.74,
51550,2016.0,poverty_pct,7.290000000000001,
51550,2018.0,poverty_pct,7.51,
51550,2019.0,poverty_pct,7.01,
51550,2021.0,poverty_pct,8.88,
51570,2010.0,poverty_pct,7.1,
51570,2012.0,poverty_pct,6.2,
51570,2014.0,poverty_pct,7.8,
51570,2016.0,poverty_pct,10.34,
51570,2018.0,poverty_pct,11.75,
51570,2019.0,poverty_pct,12.42,
51570,2021.0,poverty_pct,10.42,
51580,2010.0,poverty_pct,14.77,
51580,2012.0,poverty_pct,17.57,
51580,2014.0,poverty_pct,16.53,
51580,2016.0,poverty_pct,20.02,
51580,2018.0,poverty_pct,14.65,
51580,2019.0,poverty_pct,13.51,
51580,2021.0,poverty_pct,15.7,
51590,2010.0,poverty_pct,23.65,
51590,2012.0,poverty_pct,24.07,
51590,2014.0,poverty_pct,24.42,
51590,2016.0,poverty_pct,22.91,
51590,2018.0,poverty_pct,23.16,
51590,2019.0,poverty_pct,23.46,
51590,2021.0,poverty_pct,23.33,
51595,2010.0,poverty_pct,28.1,
51595,2012.0,poverty_pct,36.65,
51595,2014.0,poverty_pct,36.45,
51595,2016.0,poverty_pct,31.27,
51595,2018.0,poverty_pct,26.14,
51595,2019.0,poverty_pct,26.03,
51595,2021.0,poverty_pct,21.03,
51600,2010.0,poverty_pct,4.07,
51600,2012.0,poverty_pct,4.64,
51600,2014.0,poverty_pct,7.109999999999999,
51600,2016.0,poverty_pct,5.6000000000000005,
51600,2018.0,poverty_pct,8.91,
51600,2019.0,poverty_pct,9.42,
51600,2021.0,poverty_pct,9.66,
51610,2010.0,poverty_pct,5.33,
51610,2012.0,poverty_pct,3.4799999999999995,
51610,2014.0,poverty_pct,4.01,
51610,2016.0,poverty_pct,2.91,
51610,2018.0,poverty_pct,2.74,
51610,2019.0,poverty_pct,3.26,
51610,2021.0,poverty_pct,3.27,
51620,2010.0,poverty_pct,22.87,
51620,2012.0,poverty_pct,22.23,
51620,2014.0,poverty_pct,20.7,
51620,2016.0,poverty_pct,14.28,
51620,2018.0,poverty_pct,15.85,
51620,2019.0,poverty_pct,15.079999999999998,
51620,2021.0,poverty_pct,15.57,
51630,2010.0,poverty_pct,16.96,
51630,2012.0,poverty_pct,15.95,
51630,2014.0,poverty_pct,17.2,
51630,2016.0,poverty_pct,15.53,
51630,2018.0,poverty_pct,14.32,
51630,2019.0,poverty_pct,15.17,
51630,2021.0,poverty_pct,12.71,
51640,2010.0,poverty_pct,35.510000000000005,
51640,2012.0,poverty_pct,26.57,
51640,2014.0,poverty_pct,23.69,
51640,2016.0,poverty_pct,26.78,
51640,2018.0,poverty_pct,25.46,
51640,2019.0,poverty_pct,22.42,
51640,2021.0,poverty_pct,18.99,
51650,2010.0,poverty_pct,10.76,
51650,2012.0,poverty_pct,14.14,
51650,2014.0,poverty_pct,15.329999999999998,
51650,2016.0,poverty_pct,14.35,
51650,2018.0,poverty_pct,13.88,
51650,2019.0,poverty_pct,12.95,
51650,2021.0,poverty_pct,10.03,
51660,2010.0,poverty_pct,27.52,
51660,2012.0,poverty_pct,28.84,
51660,2014.0,poverty_pct,27.16,
51660,2016.0,poverty_pct,25.629999999999995,
51660,2018.0,poverty_pct,22.72,
51660,2019.0,poverty_pct,22.07,
51660,2021.0,poverty_pct,21.4,
51670,2010.0,poverty_pct,20.9,
51670,2012.0,poverty_pct,17.27,
51670,2014.0,poverty_pct,18.38,
51670,2016.0,poverty_pct,20.4,
51670,2018.0,poverty_pct,21.45,
51670,2019.0,poverty_pct,24.58,
51670,2021.0,poverty_pct,23.1,
51678,2010.0,poverty_pct,29.79,
51678,2012.0,poverty_pct,20.16,
51678,2014.0,poverty_pct,18.07,
51678,2016.0,poverty_pct,19.29,
51678,2018.0,poverty_pct,17.44,
51678,2019.0,poverty_pct,22.1,
51678,2021.0,poverty_pct,22.24,
51680,2010.0,poverty_pct,23.42,
51680,2012.0,poverty_pct,21.3,
51680,2014.0,poverty_pct,23.67,
51680,2016.0,poverty_pct,15.840000000000002,
51680,2018.0,poverty_pct,16.84,
51680,2019.0,poverty_pct,14.42,
51680,2021.0,poverty_pct,15.14,
51683,2010.0,poverty_pct,10.81,
51683,2012.0,poverty_pct,10.51,
51683,2014.0,poverty_pct,9.21,
51683,2016.0,poverty_pct,7.8,
51683,2018.0,poverty_pct,8.540000000000001,
51683,2019.0,poverty_pct,8.37,
51683,2021.0,poverty_pct,5.65,
51685,2010.0,poverty_pct,7.39,
51685,2012.0,poverty_pct,5.47,
51685,2014.0,poverty_pct,7.62,
51685,2016.0,poverty_pct,5.81,
51685,2018.0,poverty_pct,7.180000000000001,
51685,2019.0,poverty_pct,4.4,
51685,2021.0,poverty_pct,1.9,
51690,2010.0,poverty_pct,23.39,
51690,2012.0,poverty_pct,26.76,
51690,2014.0,poverty_pct,26.85,
51690,2016.0,poverty_pct,22.76,
51690,2018.0,poverty_pct,24.81,
51690,2019.0,poverty_pct,23.86,
51690,2021.0,poverty_pct,24.29,
51700,2010.0,poverty_pct,13.45,
51700,2012.0,poverty_pct,15.85,
51700,2014.0,poverty_pct,13.59,
51700,2016.0,poverty_pct,11.82,
51700,2018.0,poverty_pct,15.02,
51700,2019.0,poverty_pct,14.99,
51700,2021.0,poverty_pct,13.83,
51710,2010.0,poverty_pct,14.49,
51710,2012.0,poverty_pct,19.25,
51710,2014.0,poverty_pct,20.56,
51710,2016.0,poverty_pct,17.349999999999998,
51710,2018.0,poverty_pct,17.02,
51710,2019.0,poverty_pct,17.130000000000003,
51710,2021.0,poverty_pct,13.11,
51720,2010.0,poverty_pct,26.13,
51720,2012.0,poverty_pct,24.22,
51720,2014.0,poverty_pct,22.42,
51720,2016.0,poverty_pct,32.879999999999995,
51720,2018.0,poverty_pct,32.22,
51720,2019.0,poverty_pct,30.28,
51720,2021.0,poverty_pct,28.96,
51730,2010.0,poverty_pct,18.99,
51730,2012.0,poverty_pct,21.1,
51730,2014.0,poverty_pct,23.59,
51730,2016.0,poverty_pct,26.72,
51730,2018.0,poverty_pct,23.72,
51730,2019.0,poverty_pct,23.16,
51730,2021.0,poverty_pct,21.05,
51735,2010.0,poverty_pct,5.84,
51735,2012.0,poverty_pct,4.859999999999999,
51735,2014.0,poverty_pct,6.3100000000000005,
51735,2016.0,poverty_pct,5.050000000000001,
51735,2018.0,poverty_pct,4.590000000000001,
51735,2019.0,poverty_pct,6.03,
51735,2021.0,poverty_pct,5.46,
51740,2010.0,poverty_pct,15.13,
51740,2012.0,poverty_pct,17.130000000000003,
51740,2014.0,poverty_pct,17.26,
51740,2016.0,poverty_pct,15.15,
51740,2018.0,poverty_pct,18.6,
51740,2019.0,poverty_pct,17.349999999999998,
51740,2021.0,poverty_pct,16.93,
51750,2010.0,poverty_pct,27.02,
51750,2012.0,poverty_pct,31.380000000000003,
51750,2014.0,poverty_pct,36.1,
51750,2016.0,poverty_pct,35.260000000000005,
51750,2018.0,poverty_pct,26.66,
51750,2019.0,poverty_pct,29.45,
51750,2021.0,poverty_pct,32.26,
51760,2010.0,poverty_pct,21.14,
51760,2012.0,poverty_pct,22.5,
51760,2014.0,poverty_pct,20.380000000000003,
51760,2016.0,poverty_pct,22.66,
51760,2018.0,poverty_pct,18.55,
51760,2019.0,poverty_pct,19.58,
51760,2021.0,poverty_pct,19.06,
51770,2010.0,poverty_pct,19.8,
51770,2012.0,poverty_pct,19.040000000000003,
51770,2014.0,poverty_pct,19.34,
51770,2016.0,poverty_pct,25.24,
51770,2018.0,poverty_pct,19.35,
51770,2019.0,poverty_pct,19.18,
51770,2021.0,poverty_pct,18.71,
51775,2010.0,poverty_pct,9.11,
51775,2012.0,poverty_pct,14.78,
51775,2014.0,poverty_pct,12.69,
51775,2016.0,poverty_pct,9.98,
51775,2018.0,poverty_pct,9.63,
51775,2019.0,poverty_pct,9.69,
51775,2021.0,poverty_pct,11.08,
51790,2010.0,poverty_pct,10.35,
51790,2012.0,poverty_pct,18.01,
51790,2014.0,poverty_pct,16.93,
51790,2016.0,poverty_pct,14.43,
51790,2018.0,poverty_pct,12.98,
51790,2019.0,poverty_pct,11.41,
51790,2021.0,poverty_pct,12.96,
51800,2010.0,poverty_pct,10.75,
51800,2012.0,poverty_pct,9.11,
51800,2014.0,poverty_pct,13.62,
51800,2016.0,poverty_pct,10.12,
51800,2018.0,poverty_pct,8.62,
51800,2019.0,poverty_pct,10.41,
51800,2021.0,poverty_pct,10.38,
51810,2010.0,poverty_pct,6.98,
51810,2012.0,poverty_pct,8.35,
51810,2014.0,poverty_pct,7.580000000000001,
51810,2016.0,poverty_pct,7.41,
51810,2018.0,poverty_pct,6.63,
51810,2019.0,poverty_pct,6.239999999999999,
51810,2021.0,poverty_pct,9.41,
51820,2010.0,poverty_pct,16.76,
51820,2012.0,poverty_pct,16.91,
51820,2014.0,poverty_pct,17.669999999999998,
51820,2016.0,poverty_pct,14.37,
51820,2018.0,poverty_pct,15.0,
51820,2019.0,poverty_pct,14.72,
51820,2021.0,poverty_pct,16.259999999999998,
51830,2010.0,poverty_pct,14.330000000000002,
51830,2012.0,poverty_pct,14.3,
51830,2014.0,poverty_pct,15.44,
51830,2016.0,poverty_pct,15.89,
51830,2018.0,poverty_pct,15.5,
51830,2019.0,poverty_pct,14.85,
51830,2021.0,poverty_pct,10.38,
51840,2010.0,poverty_pct,17.9,
51840,2012.0,poverty_pct,17.93,
51840,2014.0,poverty_pct,14.26,
51840,2016.0,poverty_pct,12.44,
51840,2018.0,poverty_pct,11.62,
51840,2019.0,poverty_pct,12.4,
51840,2021.0,poverty_pct,12.62,
