geoid,year,measure,value,moe
11001000101,2021.0,wht_nonhis_men_pov_pct,0.0,
11001000102,2021.0,wht_nonhis_men_pov_pct,1.2755102040816326,
11001000201,2021.0,wht_nonhis_men_pov_pct,32.35294117647059,
11001000202,2021.0,wht_nonhis_men_pov_pct,8.5,
11001000300,2021.0,wht_nonhis_men_pov_pct,18.64864864864865,
11001000400,2021.0,wht_nonhis_men_pov_pct,15.829145728643216,
11001000501,2021.0,wht_nonhis_men_pov_pct,1.8805309734513276,
11001000502,2021.0,wht_nonhis_men_pov_pct,6.371490280777538,
11001000600,2021.0,wht_nonhis_men_pov_pct,5.259313367421475,
11001000702,2021.0,wht_nonhis_men_pov_pct,4.214123006833713,
11001000703,2021.0,wht_nonhis_men_pov_pct,0.0,
11001000704,2021.0,wht_nonhis_men_pov_pct,8.309859154929578,
11001000802,2021.0,wht_nonhis_men_pov_pct,1.7543859649122806,
11001000803,2021.0,wht_nonhis_men_pov_pct,5.944798301486199,
11001000804,2021.0,wht_nonhis_men_pov_pct,1.3605442176870748,
11001000902,2021.0,wht_nonhis_men_pov_pct,1.2403100775193798,
11001000903,2021.0,wht_nonhis_men_pov_pct,0.0,
11001000904,2021.0,wht_nonhis_men_pov_pct,1.7524644030668126,
11001001002,2021.0,wht_nonhis_men_pov_pct,19.67545638945233,
11001001003,2021.0,wht_nonhis_men_pov_pct,1.1264080100125156,
11001001004,2021.0,wht_nonhis_men_pov_pct,3.0927835051546397,
11001001100,2021.0,wht_nonhis_men_pov_pct,1.9427402862985683,
11001001200,2021.0,wht_nonhis_men_pov_pct,6.006600660066007,
11001001301,2021.0,wht_nonhis_men_pov_pct,0.5977796754910333,
11001001303,2021.0,wht_nonhis_men_pov_pct,2.9285099052540917,
11001001304,2021.0,wht_nonhis_men_pov_pct,3.2989690721649483,
11001001401,2021.0,wht_nonhis_men_pov_pct,2.952029520295203,
11001001402,2021.0,wht_nonhis_men_pov_pct,0.3694581280788177,
11001001500,2021.0,wht_nonhis_men_pov_pct,0.0,
11001001600,2021.0,wht_nonhis_men_pov_pct,1.3333333333333333,
11001001702,2021.0,wht_nonhis_men_pov_pct,0.0,
11001001803,2021.0,wht_nonhis_men_pov_pct,0.0,
11001001804,2021.0,wht_nonhis_men_pov_pct,46.62162162162162,
11001001901,2021.0,wht_nonhis_men_pov_pct,0.0,
11001001902,2021.0,wht_nonhis_men_pov_pct,2.192982456140351,
11001002001,2021.0,wht_nonhis_men_pov_pct,3.8461538461538463,
11001002002,2021.0,wht_nonhis_men_pov_pct,1.5521064301552103,
11001002101,2021.0,wht_nonhis_men_pov_pct,0.0,
11001002102,2021.0,wht_nonhis_men_pov_pct,0.0,
11001002201,2021.0,wht_nonhis_men_pov_pct,0.0,
11001002202,2021.0,wht_nonhis_men_pov_pct,6.857142857142857,
11001002301,2021.0,wht_nonhis_men_pov_pct,3.9755351681957194,
11001002302,2021.0,wht_nonhis_men_pov_pct,23.48066298342541,
11001002400,2021.0,wht_nonhis_men_pov_pct,2.8192371475953566,
11001002501,2021.0,wht_nonhis_men_pov_pct,0.0,
11001002503,2021.0,wht_nonhis_men_pov_pct,0.8676789587852495,
11001002504,2021.0,wht_nonhis_men_pov_pct,0.0,
11001002600,2021.0,wht_nonhis_men_pov_pct,0.0,
11001002702,2021.0,wht_nonhis_men_pov_pct,1.0708401976935749,
11001002703,2021.0,wht_nonhis_men_pov_pct,0.8741258741258742,
11001002704,2021.0,wht_nonhis_men_pov_pct,0.0,
11001002801,2021.0,wht_nonhis_men_pov_pct,3.947368421052632,
11001002802,2021.0,wht_nonhis_men_pov_pct,0.0,
11001002900,2021.0,wht_nonhis_men_pov_pct,4.060913705583756,
11001003000,2021.0,wht_nonhis_men_pov_pct,1.1904761904761905,
11001003100,2021.0,wht_nonhis_men_pov_pct,0.0,
11001003200,2021.0,wht_nonhis_men_pov_pct,1.335559265442404,
11001003301,2021.0,wht_nonhis_men_pov_pct,0.5208333333333334,
11001003302,2021.0,wht_nonhis_men_pov_pct,0.0,
11001003400,2021.0,wht_nonhis_men_pov_pct,1.3215859030837005,
11001003500,2021.0,wht_nonhis_men_pov_pct,2.5531914893617023,
11001003600,2021.0,wht_nonhis_men_pov_pct,2.9940119760479043,
11001003701,2021.0,wht_nonhis_men_pov_pct,0.0,
11001003702,2021.0,wht_nonhis_men_pov_pct,3.8983050847457625,
11001003801,2021.0,wht_nonhis_men_pov_pct,10.217391304347826,
11001003802,2021.0,wht_nonhis_men_pov_pct,6.496519721577727,
11001003901,2021.0,wht_nonhis_men_pov_pct,0.1709401709401709,
11001003902,2021.0,wht_nonhis_men_pov_pct,1.8072289156626504,
11001004001,2021.0,wht_nonhis_men_pov_pct,0.0,
11001004002,2021.0,wht_nonhis_men_pov_pct,3.51288056206089,
11001004100,2021.0,wht_nonhis_men_pov_pct,1.2841091492776886,
11001004201,2021.0,wht_nonhis_men_pov_pct,6.412966878083157,
11001004202,2021.0,wht_nonhis_men_pov_pct,6.916764361078546,
11001004300,2021.0,wht_nonhis_men_pov_pct,2.4015369836695486,
11001004401,2021.0,wht_nonhis_men_pov_pct,2.184235517568851,
11001004402,2021.0,wht_nonhis_men_pov_pct,6.159895150720839,
11001004600,2021.0,wht_nonhis_men_pov_pct,4.243281471004243,
11001004702,2021.0,wht_nonhis_men_pov_pct,0.4935834155972359,
11001004703,2021.0,wht_nonhis_men_pov_pct,18.928571428571427,
11001004704,2021.0,wht_nonhis_men_pov_pct,,
11001004801,2021.0,wht_nonhis_men_pov_pct,5.905511811023622,
11001004802,2021.0,wht_nonhis_men_pov_pct,1.1389521640091116,
11001004901,2021.0,wht_nonhis_men_pov_pct,2.754237288135593,
11001004902,2021.0,wht_nonhis_men_pov_pct,3.254769921436588,
11001005001,2021.0,wht_nonhis_men_pov_pct,4.156171284634761,
11001005003,2021.0,wht_nonhis_men_pov_pct,0.0,
11001005004,2021.0,wht_nonhis_men_pov_pct,25.46816479400749,
11001005202,2021.0,wht_nonhis_men_pov_pct,0.0,
11001005203,2021.0,wht_nonhis_men_pov_pct,3.675675675675676,
11001005302,2021.0,wht_nonhis_men_pov_pct,5.142231947483588,
11001005303,2021.0,wht_nonhis_men_pov_pct,6.606217616580311,
11001005501,2021.0,wht_nonhis_men_pov_pct,15.87516960651289,
11001005502,2021.0,wht_nonhis_men_pov_pct,7.4332171893147505,
11001005503,2021.0,wht_nonhis_men_pov_pct,31.962616822429908,
11001005601,2021.0,wht_nonhis_men_pov_pct,18.995633187772924,
11001005602,2021.0,wht_nonhis_men_pov_pct,7.6923076923076925,
11001005801,2021.0,wht_nonhis_men_pov_pct,3.6971830985915495,
11001005802,2021.0,wht_nonhis_men_pov_pct,5.572289156626506,
11001005900,2021.0,wht_nonhis_men_pov_pct,7.897934386391252,
11001006400,2021.0,wht_nonhis_men_pov_pct,9.090909090909092,
11001006500,2021.0,wht_nonhis_men_pov_pct,5.202312138728324,
11001006600,2021.0,wht_nonhis_men_pov_pct,1.2391573729863692,
11001006700,2021.0,wht_nonhis_men_pov_pct,2.3846153846153846,
11001006801,2021.0,wht_nonhis_men_pov_pct,4.25531914893617,
11001006802,2021.0,wht_nonhis_men_pov_pct,3.0927835051546397,
11001006804,2021.0,wht_nonhis_men_pov_pct,0.0,
11001006900,2021.0,wht_nonhis_men_pov_pct,0.2403846153846154,
11001007000,2021.0,wht_nonhis_men_pov_pct,0.9395973154362416,
11001007100,2021.0,wht_nonhis_men_pov_pct,12.072434607645874,
11001007201,2021.0,wht_nonhis_men_pov_pct,3.508771929824561,
11001007202,2021.0,wht_nonhis_men_pov_pct,0.0,
11001007203,2021.0,wht_nonhis_men_pov_pct,0.0,
11001007301,2021.0,wht_nonhis_men_pov_pct,0.7614213197969543,
11001007304,2021.0,wht_nonhis_men_pov_pct,12.048192771084338,
11001007401,2021.0,wht_nonhis_men_pov_pct,0.0,
11001007403,2021.0,wht_nonhis_men_pov_pct,,
11001007404,2021.0,wht_nonhis_men_pov_pct,0.0,
11001007406,2021.0,wht_nonhis_men_pov_pct,,
11001007407,2021.0,wht_nonhis_men_pov_pct,3.333333333333333,
11001007408,2021.0,wht_nonhis_men_pov_pct,29.41176470588235,
11001007409,2021.0,wht_nonhis_men_pov_pct,,
11001007502,2021.0,wht_nonhis_men_pov_pct,,
11001007503,2021.0,wht_nonhis_men_pov_pct,5.617977528089888,
11001007504,2021.0,wht_nonhis_men_pov_pct,36.36363636363637,
11001007601,2021.0,wht_nonhis_men_pov_pct,24.52830188679245,
11001007603,2021.0,wht_nonhis_men_pov_pct,0.0,
11001007604,2021.0,wht_nonhis_men_pov_pct,3.418803418803418,
11001007605,2021.0,wht_nonhis_men_pov_pct,13.953488372093023,
11001007703,2021.0,wht_nonhis_men_pov_pct,0.0,
11001007707,2021.0,wht_nonhis_men_pov_pct,53.48837209302326,
11001007708,2021.0,wht_nonhis_men_pov_pct,0.0,
11001007709,2021.0,wht_nonhis_men_pov_pct,0.0,
11001007803,2021.0,wht_nonhis_men_pov_pct,26.13636363636364,
11001007804,2021.0,wht_nonhis_men_pov_pct,0.0,
11001007806,2021.0,wht_nonhis_men_pov_pct,19.51219512195122,
11001007807,2021.0,wht_nonhis_men_pov_pct,100.0,
11001007808,2021.0,wht_nonhis_men_pov_pct,,
11001007809,2021.0,wht_nonhis_men_pov_pct,0.0,
11001007901,2021.0,wht_nonhis_men_pov_pct,2.881844380403458,
11001007903,2021.0,wht_nonhis_men_pov_pct,4.2105263157894735,
11001008001,2021.0,wht_nonhis_men_pov_pct,0.6984866123399301,
11001008002,2021.0,wht_nonhis_men_pov_pct,1.694915254237288,
11001008100,2021.0,wht_nonhis_men_pov_pct,0.0,
11001008200,2021.0,wht_nonhis_men_pov_pct,1.4641288433382138,
11001008301,2021.0,wht_nonhis_men_pov_pct,3.763987792472024,
11001008302,2021.0,wht_nonhis_men_pov_pct,1.0626992561105206,
11001008402,2021.0,wht_nonhis_men_pov_pct,0.0,
11001008410,2021.0,wht_nonhis_men_pov_pct,1.4814814814814814,
11001008701,2021.0,wht_nonhis_men_pov_pct,4.377104377104377,
11001008702,2021.0,wht_nonhis_men_pov_pct,9.019607843137257,
11001008802,2021.0,wht_nonhis_men_pov_pct,2.0,
11001008803,2021.0,wht_nonhis_men_pov_pct,17.355371900826448,
11001008804,2021.0,wht_nonhis_men_pov_pct,16.3265306122449,
11001008903,2021.0,wht_nonhis_men_pov_pct,0.0,
11001008904,2021.0,wht_nonhis_men_pov_pct,6.382978723404255,
11001009000,2021.0,wht_nonhis_men_pov_pct,0.0,
11001009102,2021.0,wht_nonhis_men_pov_pct,3.5398230088495577,
11001009201,2021.0,wht_nonhis_men_pov_pct,28.067484662576685,
11001009203,2021.0,wht_nonhis_men_pov_pct,11.52542372881356,
11001009204,2021.0,wht_nonhis_men_pov_pct,11.538461538461538,
11001009301,2021.0,wht_nonhis_men_pov_pct,6.582633053221288,
11001009302,2021.0,wht_nonhis_men_pov_pct,24.2603550295858,
11001009400,2021.0,wht_nonhis_men_pov_pct,10.256410256410255,
11001009503,2021.0,wht_nonhis_men_pov_pct,26.10441767068273,
11001009504,2021.0,wht_nonhis_men_pov_pct,14.516129032258064,
11001009505,2021.0,wht_nonhis_men_pov_pct,2.409638554216868,
11001009507,2021.0,wht_nonhis_men_pov_pct,24.52830188679245,
11001009508,2021.0,wht_nonhis_men_pov_pct,0.0,
11001009509,2021.0,wht_nonhis_men_pov_pct,0.0,
11001009510,2021.0,wht_nonhis_men_pov_pct,12.62135922330097,
11001009511,2021.0,wht_nonhis_men_pov_pct,100.0,
11001009601,2021.0,wht_nonhis_men_pov_pct,0.0,
11001009602,2021.0,wht_nonhis_men_pov_pct,0.0,
11001009603,2021.0,wht_nonhis_men_pov_pct,,
11001009604,2021.0,wht_nonhis_men_pov_pct,0.0,
11001009700,2021.0,wht_nonhis_men_pov_pct,73.33333333333333,
11001009801,2021.0,wht_nonhis_men_pov_pct,0.0,
11001009802,2021.0,wht_nonhis_men_pov_pct,,
11001009803,2021.0,wht_nonhis_men_pov_pct,0.0,
11001009804,2021.0,wht_nonhis_men_pov_pct,59.375,
11001009807,2021.0,wht_nonhis_men_pov_pct,0.0,
11001009810,2021.0,wht_nonhis_men_pov_pct,0.0,
11001009811,2021.0,wht_nonhis_men_pov_pct,50.0,
11001009901,2021.0,wht_nonhis_men_pov_pct,0.0,
11001009902,2021.0,wht_nonhis_men_pov_pct,0.0,
11001009903,2021.0,wht_nonhis_men_pov_pct,0.0,
11001009904,2021.0,wht_nonhis_men_pov_pct,69.6969696969697,
11001009905,2021.0,wht_nonhis_men_pov_pct,4.3478260869565215,
11001009906,2021.0,wht_nonhis_men_pov_pct,0.0,
11001009907,2021.0,wht_nonhis_men_pov_pct,0.0,
11001010100,2021.0,wht_nonhis_men_pov_pct,15.2073732718894,
11001010201,2021.0,wht_nonhis_men_pov_pct,1.6891891891891893,
11001010202,2021.0,wht_nonhis_men_pov_pct,6.575963718820861,
11001010300,2021.0,wht_nonhis_men_pov_pct,3.8297872340425534,
11001010400,2021.0,wht_nonhis_men_pov_pct,32.18390804597701,
11001010500,2021.0,wht_nonhis_men_pov_pct,2.348993288590604,
11001010601,2021.0,wht_nonhis_men_pov_pct,6.4171122994652405,
11001010602,2021.0,wht_nonhis_men_pov_pct,5.746268656716418,
11001010603,2021.0,wht_nonhis_men_pov_pct,4.247104247104248,
11001010700,2021.0,wht_nonhis_men_pov_pct,9.421841541755889,
11001010800,2021.0,wht_nonhis_men_pov_pct,35.37117903930131,
11001010900,2021.0,wht_nonhis_men_pov_pct,84.61538461538461,
11001011001,2021.0,wht_nonhis_men_pov_pct,0.0,
11001011002,2021.0,wht_nonhis_men_pov_pct,0.0,
11001011100,2021.0,wht_nonhis_men_pov_pct,3.982300884955752,
11001980000,2021.0,wht_nonhis_men_pov_pct,0.0,
24017850101,2021.0,wht_nonhis_men_pov_pct,16.137566137566136,
24017850102,2021.0,wht_nonhis_men_pov_pct,7.954545454545454,
24017850201,2021.0,wht_nonhis_men_pov_pct,6.521739130434782,
24017850202,2021.0,wht_nonhis_men_pov_pct,5.248990578734858,
24017850300,2021.0,wht_nonhis_men_pov_pct,0.0,
24017850400,2021.0,wht_nonhis_men_pov_pct,18.23802163833076,
24017850500,2021.0,wht_nonhis_men_pov_pct,8.5,
24017850600,2021.0,wht_nonhis_men_pov_pct,1.696712619300106,
24017850706,2021.0,wht_nonhis_men_pov_pct,0.0,
24017850708,2021.0,wht_nonhis_men_pov_pct,0.2439024390243902,
24017850709,2021.0,wht_nonhis_men_pov_pct,28.307692307692307,
24017850710,2021.0,wht_nonhis_men_pov_pct,0.4926108374384236,
24017850711,2021.0,wht_nonhis_men_pov_pct,1.968503937007874,
24017850712,2021.0,wht_nonhis_men_pov_pct,12.515337423312884,
24017850713,2021.0,wht_nonhis_men_pov_pct,12.3342175066313,
24017850801,2021.0,wht_nonhis_men_pov_pct,2.2271714922049,
24017850802,2021.0,wht_nonhis_men_pov_pct,4.301075268817204,
24017850901,2021.0,wht_nonhis_men_pov_pct,4.71976401179941,
24017850902,2021.0,wht_nonhis_men_pov_pct,4.793756967670011,
24017850904,2021.0,wht_nonhis_men_pov_pct,4.696449026345934,
24017850905,2021.0,wht_nonhis_men_pov_pct,4.605263157894737,
24017850906,2021.0,wht_nonhis_men_pov_pct,0.7537688442211056,
24017851001,2021.0,wht_nonhis_men_pov_pct,2.754491017964072,
24017851003,2021.0,wht_nonhis_men_pov_pct,2.9061102831594634,
24017851004,2021.0,wht_nonhis_men_pov_pct,11.506622516556291,
24017851100,2021.0,wht_nonhis_men_pov_pct,1.0526315789473684,
24017851200,2021.0,wht_nonhis_men_pov_pct,3.1071655041217503,
24017851301,2021.0,wht_nonhis_men_pov_pct,4.037267080745342,
24017851302,2021.0,wht_nonhis_men_pov_pct,2.2794846382556986,
24017851401,2021.0,wht_nonhis_men_pov_pct,13.345195729537366,
24017851402,2021.0,wht_nonhis_men_pov_pct,1.585503963759909,
24017851403,2021.0,wht_nonhis_men_pov_pct,0.0,
24017851501,2021.0,wht_nonhis_men_pov_pct,0.0,
24017851502,2021.0,wht_nonhis_men_pov_pct,4.658901830282862,
24017990000,2021.0,wht_nonhis_men_pov_pct,,
24021740200,2021.0,wht_nonhis_men_pov_pct,1.2336719883889695,
24021750100,2021.0,wht_nonhis_men_pov_pct,17.321428571428573,
24021750200,2021.0,wht_nonhis_men_pov_pct,6.768837803320562,
24021750300,2021.0,wht_nonhis_men_pov_pct,11.991434689507496,
24021750504,2021.0,wht_nonhis_men_pov_pct,4.479283314669653,
24021750505,2021.0,wht_nonhis_men_pov_pct,10.478654592496763,
24021750506,2021.0,wht_nonhis_men_pov_pct,5.646173149309912,
24021750507,2021.0,wht_nonhis_men_pov_pct,1.8656716417910448,
24021750508,2021.0,wht_nonhis_men_pov_pct,3.125,
24021750600,2021.0,wht_nonhis_men_pov_pct,3.182374541003672,
24021750701,2021.0,wht_nonhis_men_pov_pct,5.337078651685394,
24021750702,2021.0,wht_nonhis_men_pov_pct,5.210643015521065,
24021750801,2021.0,wht_nonhis_men_pov_pct,13.238095238095235,
24021750802,2021.0,wht_nonhis_men_pov_pct,6.152125279642058,
24021750804,2021.0,wht_nonhis_men_pov_pct,2.459016393442623,
24021750805,2021.0,wht_nonhis_men_pov_pct,2.001906577693041,
24021751001,2021.0,wht_nonhis_men_pov_pct,1.3559322033898304,
24021751002,2021.0,wht_nonhis_men_pov_pct,4.892966360856269,
24021751003,2021.0,wht_nonhis_men_pov_pct,11.281070745697896,
24021751004,2021.0,wht_nonhis_men_pov_pct,0.4184100418410041,
24021751201,2021.0,wht_nonhis_men_pov_pct,1.0996563573883162,
24021751202,2021.0,wht_nonhis_men_pov_pct,4.802076573653472,
24021751203,2021.0,wht_nonhis_men_pov_pct,4.314329738058552,
24021751301,2021.0,wht_nonhis_men_pov_pct,6.366723259762309,
24021751302,2021.0,wht_nonhis_men_pov_pct,3.208955223880597,
24021751600,2021.0,wht_nonhis_men_pov_pct,2.380952380952381,
24021751701,2021.0,wht_nonhis_men_pov_pct,4.531085353003161,
24021751702,2021.0,wht_nonhis_men_pov_pct,10.202702702702704,
24021751801,2021.0,wht_nonhis_men_pov_pct,2.0320197044334973,
24021751802,2021.0,wht_nonhis_men_pov_pct,4.229195088676671,
24021751902,2021.0,wht_nonhis_men_pov_pct,1.1142061281337048,
24021751903,2021.0,wht_nonhis_men_pov_pct,0.7491972886193364,
24021751904,2021.0,wht_nonhis_men_pov_pct,6.636363636363637,
24021751905,2021.0,wht_nonhis_men_pov_pct,1.385390428211587,
24021751906,2021.0,wht_nonhis_men_pov_pct,3.937007874015748,
24021752001,2021.0,wht_nonhis_men_pov_pct,4.221453287197232,
24021752101,2021.0,wht_nonhis_men_pov_pct,4.790940766550523,
24021752102,2021.0,wht_nonhis_men_pov_pct,2.496954933008526,
24021752201,2021.0,wht_nonhis_men_pov_pct,3.985507246376812,
24021752202,2021.0,wht_nonhis_men_pov_pct,1.0294117647058822,
24021752205,2021.0,wht_nonhis_men_pov_pct,0.0,
24021752206,2021.0,wht_nonhis_men_pov_pct,2.7923211169284468,
24021752301,2021.0,wht_nonhis_men_pov_pct,2.8483448806774443,
24021752302,2021.0,wht_nonhis_men_pov_pct,1.2838801711840229,
24021752303,2021.0,wht_nonhis_men_pov_pct,3.952205882352941,
24021752501,2021.0,wht_nonhis_men_pov_pct,4.748603351955308,
24021752502,2021.0,wht_nonhis_men_pov_pct,0.0,
24021752601,2021.0,wht_nonhis_men_pov_pct,0.0,
24021752602,2021.0,wht_nonhis_men_pov_pct,4.75,
24021752603,2021.0,wht_nonhis_men_pov_pct,0.8744038155802861,
24021752801,2021.0,wht_nonhis_men_pov_pct,1.7699115044247788,
24021752802,2021.0,wht_nonhis_men_pov_pct,0.7947976878612717,
24021752900,2021.0,wht_nonhis_men_pov_pct,4.181184668989547,
24021753001,2021.0,wht_nonhis_men_pov_pct,3.327787021630616,
24021753002,2021.0,wht_nonhis_men_pov_pct,2.7210884353741496,
24021765100,2021.0,wht_nonhis_men_pov_pct,5.043478260869565,
24021766800,2021.0,wht_nonhis_men_pov_pct,13.491475166790217,
24021767500,2021.0,wht_nonhis_men_pov_pct,4.3343653250774,
24021767600,2021.0,wht_nonhis_men_pov_pct,1.5444015444015444,
24021770700,2021.0,wht_nonhis_men_pov_pct,3.3121916842847074,
24021772200,2021.0,wht_nonhis_men_pov_pct,13.210702341137123,
24021773500,2021.0,wht_nonhis_men_pov_pct,4.970008568980291,
24021775302,2021.0,wht_nonhis_men_pov_pct,2.9940119760479043,
24021775400,2021.0,wht_nonhis_men_pov_pct,7.092751363990647,
24021775600,2021.0,wht_nonhis_men_pov_pct,0.6507592190889371,
24031700101,2021.0,wht_nonhis_men_pov_pct,7.957746478873239,
24031700103,2021.0,wht_nonhis_men_pov_pct,1.355206847360913,
24031700104,2021.0,wht_nonhis_men_pov_pct,2.242152466367713,
24031700105,2021.0,wht_nonhis_men_pov_pct,0.0,
24031700204,2021.0,wht_nonhis_men_pov_pct,4.45859872611465,
24031700206,2021.0,wht_nonhis_men_pov_pct,1.1335012594458438,
24031700207,2021.0,wht_nonhis_men_pov_pct,1.4532243415077202,
24031700208,2021.0,wht_nonhis_men_pov_pct,2.2222222222222223,
24031700209,2021.0,wht_nonhis_men_pov_pct,4.685212298682284,
24031700210,2021.0,wht_nonhis_men_pov_pct,0.3584229390681003,
24031700306,2021.0,wht_nonhis_men_pov_pct,0.0,
24031700308,2021.0,wht_nonhis_men_pov_pct,5.103042198233562,
24031700309,2021.0,wht_nonhis_men_pov_pct,7.0886075949367084,
24031700310,2021.0,wht_nonhis_men_pov_pct,11.728395061728396,
24031700313,2021.0,wht_nonhis_men_pov_pct,4.157043879907621,
24031700314,2021.0,wht_nonhis_men_pov_pct,0.0,
24031700315,2021.0,wht_nonhis_men_pov_pct,0.0,
24031700316,2021.0,wht_nonhis_men_pov_pct,7.530120481927711,
24031700317,2021.0,wht_nonhis_men_pov_pct,3.313840155945419,
24031700318,2021.0,wht_nonhis_men_pov_pct,0.0,
24031700400,2021.0,wht_nonhis_men_pov_pct,0.0,
24031700500,2021.0,wht_nonhis_men_pov_pct,4.645706241201314,
24031700604,2021.0,wht_nonhis_men_pov_pct,2.7373325567850904,
24031700606,2021.0,wht_nonhis_men_pov_pct,0.2259887005649717,
24031700608,2021.0,wht_nonhis_men_pov_pct,1.511111111111111,
24031700610,2021.0,wht_nonhis_men_pov_pct,0.9541984732824428,
24031700611,2021.0,wht_nonhis_men_pov_pct,2.5510204081632653,
24031700613,2021.0,wht_nonhis_men_pov_pct,0.3917727717923604,
24031700614,2021.0,wht_nonhis_men_pov_pct,5.520169851380042,
24031700615,2021.0,wht_nonhis_men_pov_pct,0.0,
24031700616,2021.0,wht_nonhis_men_pov_pct,0.0,
24031700617,2021.0,wht_nonhis_men_pov_pct,0.0,
24031700618,2021.0,wht_nonhis_men_pov_pct,0.0,
24031700706,2021.0,wht_nonhis_men_pov_pct,4.081632653061225,
24031700710,2021.0,wht_nonhis_men_pov_pct,0.8341056533827618,
24031700711,2021.0,wht_nonhis_men_pov_pct,3.943661971830986,
24031700713,2021.0,wht_nonhis_men_pov_pct,10.843373493975903,
24031700715,2021.0,wht_nonhis_men_pov_pct,1.37221269296741,
24031700718,2021.0,wht_nonhis_men_pov_pct,1.745635910224439,
24031700720,2021.0,wht_nonhis_men_pov_pct,0.7936507936507936,
24031700721,2021.0,wht_nonhis_men_pov_pct,15.306122448979592,
24031700723,2021.0,wht_nonhis_men_pov_pct,7.297019527235355,
24031700724,2021.0,wht_nonhis_men_pov_pct,8.71369294605809,
24031700725,2021.0,wht_nonhis_men_pov_pct,3.143418467583497,
24031700726,2021.0,wht_nonhis_men_pov_pct,21.47651006711409,
24031700727,2021.0,wht_nonhis_men_pov_pct,8.727272727272727,
24031700728,2021.0,wht_nonhis_men_pov_pct,2.5210084033613445,
24031700729,2021.0,wht_nonhis_men_pov_pct,0.0,
24031700730,2021.0,wht_nonhis_men_pov_pct,4.137931034482759,
24031700731,2021.0,wht_nonhis_men_pov_pct,40.13840830449827,
24031700732,2021.0,wht_nonhis_men_pov_pct,6.926406926406926,
24031700733,2021.0,wht_nonhis_men_pov_pct,21.09826589595376,
24031700810,2021.0,wht_nonhis_men_pov_pct,2.376599634369287,
24031700811,2021.0,wht_nonhis_men_pov_pct,13.84083044982699,
24031700812,2021.0,wht_nonhis_men_pov_pct,8.484848484848484,
24031700813,2021.0,wht_nonhis_men_pov_pct,30.37323037323037,
24031700815,2021.0,wht_nonhis_men_pov_pct,1.9505851755526655,
24031700818,2021.0,wht_nonhis_men_pov_pct,0.0,
24031700819,2021.0,wht_nonhis_men_pov_pct,0.8234217749313815,
24031700820,2021.0,wht_nonhis_men_pov_pct,6.772908366533865,
24031700822,2021.0,wht_nonhis_men_pov_pct,0.0,
24031700823,2021.0,wht_nonhis_men_pov_pct,0.0,
24031700824,2021.0,wht_nonhis_men_pov_pct,1.5536723163841808,
24031700826,2021.0,wht_nonhis_men_pov_pct,4.438040345821325,
24031700828,2021.0,wht_nonhis_men_pov_pct,2.793296089385475,
24031700829,2021.0,wht_nonhis_men_pov_pct,6.180665610142631,
24031700830,2021.0,wht_nonhis_men_pov_pct,0.0,
24031700832,2021.0,wht_nonhis_men_pov_pct,10.084033613445378,
24031700833,2021.0,wht_nonhis_men_pov_pct,0.8583690987124464,
24031700834,2021.0,wht_nonhis_men_pov_pct,12.974683544303796,
24031700835,2021.0,wht_nonhis_men_pov_pct,0.78125,
24031700836,2021.0,wht_nonhis_men_pov_pct,0.0,
24031700837,2021.0,wht_nonhis_men_pov_pct,0.0,
24031700838,2021.0,wht_nonhis_men_pov_pct,1.4745308310991958,
24031700839,2021.0,wht_nonhis_men_pov_pct,3.261977573904179,
24031700901,2021.0,wht_nonhis_men_pov_pct,5.825242718446602,
24031700902,2021.0,wht_nonhis_men_pov_pct,7.027818448023426,
24031700903,2021.0,wht_nonhis_men_pov_pct,8.130081300813009,
24031700904,2021.0,wht_nonhis_men_pov_pct,0.0,
24031700905,2021.0,wht_nonhis_men_pov_pct,5.416666666666667,
24031701001,2021.0,wht_nonhis_men_pov_pct,0.1918158567774936,
24031701002,2021.0,wht_nonhis_men_pov_pct,1.4856081708449396,
24031701004,2021.0,wht_nonhis_men_pov_pct,2.8766086298258893,
24031701005,2021.0,wht_nonhis_men_pov_pct,0.9831460674157304,
24031701006,2021.0,wht_nonhis_men_pov_pct,0.6359300476947536,
24031701007,2021.0,wht_nonhis_men_pov_pct,0.0,
24031701101,2021.0,wht_nonhis_men_pov_pct,5.014749262536873,
24031701102,2021.0,wht_nonhis_men_pov_pct,4.455445544554456,
24031701201,2021.0,wht_nonhis_men_pov_pct,3.645320197044335,
24031701202,2021.0,wht_nonhis_men_pov_pct,0.0,
24031701205,2021.0,wht_nonhis_men_pov_pct,0.796812749003984,
24031701206,2021.0,wht_nonhis_men_pov_pct,0.545950864422202,
24031701210,2021.0,wht_nonhis_men_pov_pct,1.993704092339979,
24031701211,2021.0,wht_nonhis_men_pov_pct,7.553191489361702,
24031701212,2021.0,wht_nonhis_men_pov_pct,5.54054054054054,
24031701214,2021.0,wht_nonhis_men_pov_pct,7.07635009310987,
24031701215,2021.0,wht_nonhis_men_pov_pct,8.670520231213873,
24031701216,2021.0,wht_nonhis_men_pov_pct,4.573547589616811,
24031701218,2021.0,wht_nonhis_men_pov_pct,2.4663677130044843,
24031701219,2021.0,wht_nonhis_men_pov_pct,19.196428571428573,
24031701220,2021.0,wht_nonhis_men_pov_pct,0.0,
24031701221,2021.0,wht_nonhis_men_pov_pct,7.70440251572327,
24031701222,2021.0,wht_nonhis_men_pov_pct,2.0737327188940093,
24031701223,2021.0,wht_nonhis_men_pov_pct,0.2296211251435132,
24031701303,2021.0,wht_nonhis_men_pov_pct,2.7281279397930387,
24031701304,2021.0,wht_nonhis_men_pov_pct,0.0,
24031701306,2021.0,wht_nonhis_men_pov_pct,1.6073478760045925,
24031701307,2021.0,wht_nonhis_men_pov_pct,0.0,
24031701308,2021.0,wht_nonhis_men_pov_pct,3.975903614457832,
24031701312,2021.0,wht_nonhis_men_pov_pct,0.0,
24031701313,2021.0,wht_nonhis_men_pov_pct,0.0,
24031701314,2021.0,wht_nonhis_men_pov_pct,0.1751313485113835,
24031701315,2021.0,wht_nonhis_men_pov_pct,2.6049204052098407,
24031701316,2021.0,wht_nonhis_men_pov_pct,1.7207147584381204,
24031701317,2021.0,wht_nonhis_men_pov_pct,8.949771689497718,
24031701407,2021.0,wht_nonhis_men_pov_pct,3.669724770642202,
24031701408,2021.0,wht_nonhis_men_pov_pct,3.3179723502304146,
24031701409,2021.0,wht_nonhis_men_pov_pct,0.9655172413793104,
24031701414,2021.0,wht_nonhis_men_pov_pct,7.6604554865424435,
24031701415,2021.0,wht_nonhis_men_pov_pct,0.628140703517588,
24031701417,2021.0,wht_nonhis_men_pov_pct,15.384615384615383,
24031701418,2021.0,wht_nonhis_men_pov_pct,0.0,
24031701422,2021.0,wht_nonhis_men_pov_pct,0.0,
24031701423,2021.0,wht_nonhis_men_pov_pct,0.0,
24031701424,2021.0,wht_nonhis_men_pov_pct,4.595185995623632,
24031701425,2021.0,wht_nonhis_men_pov_pct,4.044943820224719,
24031701426,2021.0,wht_nonhis_men_pov_pct,1.9774011299435028,
24031701427,2021.0,wht_nonhis_men_pov_pct,0.0,
24031701503,2021.0,wht_nonhis_men_pov_pct,7.560627674750356,
24031701505,2021.0,wht_nonhis_men_pov_pct,5.423280423280423,
24031701506,2021.0,wht_nonhis_men_pov_pct,2.658959537572254,
24031701507,2021.0,wht_nonhis_men_pov_pct,5.617977528089888,
24031701508,2021.0,wht_nonhis_men_pov_pct,22.31404958677686,
24031701509,2021.0,wht_nonhis_men_pov_pct,6.229508196721311,
24031701601,2021.0,wht_nonhis_men_pov_pct,14.583333333333334,
24031701602,2021.0,wht_nonhis_men_pov_pct,7.042253521126761,
24031701701,2021.0,wht_nonhis_men_pov_pct,0.1538461538461538,
24031701702,2021.0,wht_nonhis_men_pov_pct,8.333333333333334,
24031701703,2021.0,wht_nonhis_men_pov_pct,6.100217864923748,
24031701704,2021.0,wht_nonhis_men_pov_pct,2.742230347349177,
24031701800,2021.0,wht_nonhis_men_pov_pct,2.848575712143928,
24031701900,2021.0,wht_nonhis_men_pov_pct,8.371040723981901,
24031702000,2021.0,wht_nonhis_men_pov_pct,7.913669064748201,
24031702101,2021.0,wht_nonhis_men_pov_pct,4.237288135593221,
24031702102,2021.0,wht_nonhis_men_pov_pct,1.875732708089097,
24031702200,2021.0,wht_nonhis_men_pov_pct,0.1191895113230035,
24031702301,2021.0,wht_nonhis_men_pov_pct,10.492505353319055,
24031702302,2021.0,wht_nonhis_men_pov_pct,2.08078335373317,
24031702401,2021.0,wht_nonhis_men_pov_pct,2.1645021645021645,
24031702402,2021.0,wht_nonhis_men_pov_pct,0.0,
24031702501,2021.0,wht_nonhis_men_pov_pct,3.602305475504323,
24031702502,2021.0,wht_nonhis_men_pov_pct,0.0,
24031702503,2021.0,wht_nonhis_men_pov_pct,6.0546875,
24031702602,2021.0,wht_nonhis_men_pov_pct,0.0,
24031702603,2021.0,wht_nonhis_men_pov_pct,0.0,
24031702604,2021.0,wht_nonhis_men_pov_pct,2.272727272727273,
24031702700,2021.0,wht_nonhis_men_pov_pct,1.037344398340249,
24031702800,2021.0,wht_nonhis_men_pov_pct,12.871287128712872,
24031702900,2021.0,wht_nonhis_men_pov_pct,2.625656414103526,
24031703000,2021.0,wht_nonhis_men_pov_pct,8.158508158508159,
24031703100,2021.0,wht_nonhis_men_pov_pct,3.16622691292876,
24031703201,2021.0,wht_nonhis_men_pov_pct,12.009512485136742,
24031703202,2021.0,wht_nonhis_men_pov_pct,0.6442376521116678,
24031703206,2021.0,wht_nonhis_men_pov_pct,5.376344086021505,
24031703207,2021.0,wht_nonhis_men_pov_pct,0.0,
24031703208,2021.0,wht_nonhis_men_pov_pct,2.376760563380281,
24031703209,2021.0,wht_nonhis_men_pov_pct,0.0,
24031703210,2021.0,wht_nonhis_men_pov_pct,0.0,
24031703213,2021.0,wht_nonhis_men_pov_pct,6.818181818181818,
24031703214,2021.0,wht_nonhis_men_pov_pct,0.5681818181818182,
24031703215,2021.0,wht_nonhis_men_pov_pct,14.44141689373297,
24031703216,2021.0,wht_nonhis_men_pov_pct,4.326923076923077,
24031703218,2021.0,wht_nonhis_men_pov_pct,4.787234042553192,
24031703219,2021.0,wht_nonhis_men_pov_pct,15.377268385864374,
24031703220,2021.0,wht_nonhis_men_pov_pct,0.6593406593406593,
24031703221,2021.0,wht_nonhis_men_pov_pct,1.984732824427481,
24031703222,2021.0,wht_nonhis_men_pov_pct,0.6622516556291391,
24031703223,2021.0,wht_nonhis_men_pov_pct,3.480278422273782,
24031703301,2021.0,wht_nonhis_men_pov_pct,4.471544715447155,
24031703302,2021.0,wht_nonhis_men_pov_pct,0.0,
24031703401,2021.0,wht_nonhis_men_pov_pct,8.159722222222221,
24031703402,2021.0,wht_nonhis_men_pov_pct,4.49438202247191,
24031703403,2021.0,wht_nonhis_men_pov_pct,0.0,
24031703404,2021.0,wht_nonhis_men_pov_pct,7.633587786259542,
24031703501,2021.0,wht_nonhis_men_pov_pct,4.761904761904762,
24031703502,2021.0,wht_nonhis_men_pov_pct,2.20125786163522,
24031703601,2021.0,wht_nonhis_men_pov_pct,1.6355140186915889,
24031703602,2021.0,wht_nonhis_men_pov_pct,2.6722925457102678,
24031703701,2021.0,wht_nonhis_men_pov_pct,7.220216606498194,
24031703702,2021.0,wht_nonhis_men_pov_pct,9.448818897637794,
24031703800,2021.0,wht_nonhis_men_pov_pct,15.163934426229508,
24031703901,2021.0,wht_nonhis_men_pov_pct,2.4390243902439024,
24031703902,2021.0,wht_nonhis_men_pov_pct,14.794520547945206,
24031704000,2021.0,wht_nonhis_men_pov_pct,0.3003003003003003,
24031704100,2021.0,wht_nonhis_men_pov_pct,0.4,
24031704200,2021.0,wht_nonhis_men_pov_pct,1.7543859649122806,
24031704300,2021.0,wht_nonhis_men_pov_pct,1.7890772128060264,
24031704401,2021.0,wht_nonhis_men_pov_pct,6.962025316455696,
24031704403,2021.0,wht_nonhis_men_pov_pct,9.427609427609427,
24031704404,2021.0,wht_nonhis_men_pov_pct,1.210826210826211,
24031704501,2021.0,wht_nonhis_men_pov_pct,4.277286135693215,
24031704502,2021.0,wht_nonhis_men_pov_pct,2.3088023088023086,
24031704503,2021.0,wht_nonhis_men_pov_pct,0.8858267716535433,
24031704600,2021.0,wht_nonhis_men_pov_pct,2.541699761715648,
24031704700,2021.0,wht_nonhis_men_pov_pct,0.0,
24031704803,2021.0,wht_nonhis_men_pov_pct,5.560975609756097,
24031704804,2021.0,wht_nonhis_men_pov_pct,2.389705882352941,
24031704805,2021.0,wht_nonhis_men_pov_pct,7.828282828282828,
24031704806,2021.0,wht_nonhis_men_pov_pct,4.195270785659802,
24031705000,2021.0,wht_nonhis_men_pov_pct,1.5661707126076745,
24031705100,2021.0,wht_nonhis_men_pov_pct,1.0342598577892697,
24031705200,2021.0,wht_nonhis_men_pov_pct,1.2322274881516588,
24031705300,2021.0,wht_nonhis_men_pov_pct,0.4392386530014641,
24031705400,2021.0,wht_nonhis_men_pov_pct,1.7543859649122806,
24031705501,2021.0,wht_nonhis_men_pov_pct,1.8838304552590264,
24031705502,2021.0,wht_nonhis_men_pov_pct,3.585657370517928,
24031705601,2021.0,wht_nonhis_men_pov_pct,1.3800424628450103,
24031705602,2021.0,wht_nonhis_men_pov_pct,2.589807852965748,
24031705701,2021.0,wht_nonhis_men_pov_pct,0.0772200772200772,
24031705702,2021.0,wht_nonhis_men_pov_pct,2.7097902097902096,
24031705800,2021.0,wht_nonhis_men_pov_pct,0.2188183807439825,
24031705901,2021.0,wht_nonhis_men_pov_pct,4.351535836177474,
24031705902,2021.0,wht_nonhis_men_pov_pct,1.2345679012345678,
24031705903,2021.0,wht_nonhis_men_pov_pct,0.0,
24031706005,2021.0,wht_nonhis_men_pov_pct,2.4922118380062304,
24031706007,2021.0,wht_nonhis_men_pov_pct,0.0,
24031706008,2021.0,wht_nonhis_men_pov_pct,0.6544502617801047,
24031706009,2021.0,wht_nonhis_men_pov_pct,5.714285714285714,
24031706010,2021.0,wht_nonhis_men_pov_pct,1.026694045174538,
24031706011,2021.0,wht_nonhis_men_pov_pct,0.5424954792043399,
24031706012,2021.0,wht_nonhis_men_pov_pct,14.017094017094015,
24031706013,2021.0,wht_nonhis_men_pov_pct,4.407294832826747,
24033800102,2021.0,wht_nonhis_men_pov_pct,0.0,
24033800103,2021.0,wht_nonhis_men_pov_pct,0.6369426751592356,
24033800105,2021.0,wht_nonhis_men_pov_pct,6.726457399103139,
24033800106,2021.0,wht_nonhis_men_pov_pct,0.0,
24033800108,2021.0,wht_nonhis_men_pov_pct,0.0,
24033800109,2021.0,wht_nonhis_men_pov_pct,4.778156996587031,
24033800203,2021.0,wht_nonhis_men_pov_pct,3.1813361611876987,
24033800206,2021.0,wht_nonhis_men_pov_pct,2.816901408450704,
24033800209,2021.0,wht_nonhis_men_pov_pct,0.0,
24033800210,2021.0,wht_nonhis_men_pov_pct,21.92982456140351,
24033800211,2021.0,wht_nonhis_men_pov_pct,0.0,
24033800212,2021.0,wht_nonhis_men_pov_pct,0.0,
24033800213,2021.0,wht_nonhis_men_pov_pct,3.551912568306011,
24033800216,2021.0,wht_nonhis_men_pov_pct,6.0,
24033800217,2021.0,wht_nonhis_men_pov_pct,0.0,
24033800218,2021.0,wht_nonhis_men_pov_pct,0.2159827213822894,
24033800401,2021.0,wht_nonhis_men_pov_pct,2.4630541871921183,
24033800402,2021.0,wht_nonhis_men_pov_pct,4.513064133016627,
24033800403,2021.0,wht_nonhis_men_pov_pct,6.813996316758748,
24033800408,2021.0,wht_nonhis_men_pov_pct,16.559139784946236,
24033800409,2021.0,wht_nonhis_men_pov_pct,0.4451038575667655,
24033800410,2021.0,wht_nonhis_men_pov_pct,0.1517450682852807,
24033800411,2021.0,wht_nonhis_men_pov_pct,0.0,
24033800412,2021.0,wht_nonhis_men_pov_pct,3.2710280373831777,
24033800413,2021.0,wht_nonhis_men_pov_pct,0.0,
24033800504,2021.0,wht_nonhis_men_pov_pct,1.7857142857142858,
24033800505,2021.0,wht_nonhis_men_pov_pct,2.8747433264887063,
24033800507,2021.0,wht_nonhis_men_pov_pct,0.0,
24033800511,2021.0,wht_nonhis_men_pov_pct,12.26215644820296,
24033800513,2021.0,wht_nonhis_men_pov_pct,2.896725440806045,
24033800514,2021.0,wht_nonhis_men_pov_pct,0.0,
24033800515,2021.0,wht_nonhis_men_pov_pct,0.0,
24033800516,2021.0,wht_nonhis_men_pov_pct,1.6260162601626016,
24033800517,2021.0,wht_nonhis_men_pov_pct,9.844559585492227,
24033800518,2021.0,wht_nonhis_men_pov_pct,0.0,
24033800519,2021.0,wht_nonhis_men_pov_pct,3.2544378698224854,
24033800520,2021.0,wht_nonhis_men_pov_pct,54.54545454545455,
24033800521,2021.0,wht_nonhis_men_pov_pct,0.0,
24033800522,2021.0,wht_nonhis_men_pov_pct,,
24033800605,2021.0,wht_nonhis_men_pov_pct,0.0,
24033800606,2021.0,wht_nonhis_men_pov_pct,0.0,
24033800607,2021.0,wht_nonhis_men_pov_pct,0.0,
24033800608,2021.0,wht_nonhis_men_pov_pct,0.0,
24033800609,2021.0,wht_nonhis_men_pov_pct,0.0,
24033800701,2021.0,wht_nonhis_men_pov_pct,3.809523809523809,
24033800704,2021.0,wht_nonhis_men_pov_pct,0.0,
24033800705,2021.0,wht_nonhis_men_pov_pct,0.9569377990430622,
24033800706,2021.0,wht_nonhis_men_pov_pct,42.64705882352941,
24033800707,2021.0,wht_nonhis_men_pov_pct,0.0,
24033800800,2021.0,wht_nonhis_men_pov_pct,8.119079837618404,
24033800900,2021.0,wht_nonhis_men_pov_pct,0.0,
24033801003,2021.0,wht_nonhis_men_pov_pct,7.754010695187166,
24033801004,2021.0,wht_nonhis_men_pov_pct,6.521739130434782,
24033801005,2021.0,wht_nonhis_men_pov_pct,0.0,
24033801006,2021.0,wht_nonhis_men_pov_pct,3.0927835051546397,
24033801105,2021.0,wht_nonhis_men_pov_pct,4.651162790697675,
24033801106,2021.0,wht_nonhis_men_pov_pct,0.3636363636363636,
24033801207,2021.0,wht_nonhis_men_pov_pct,0.0,
24033801208,2021.0,wht_nonhis_men_pov_pct,0.0,
24033801209,2021.0,wht_nonhis_men_pov_pct,18.354430379746837,
24033801210,2021.0,wht_nonhis_men_pov_pct,8.333333333333334,
24033801211,2021.0,wht_nonhis_men_pov_pct,4.3478260869565215,
24033801212,2021.0,wht_nonhis_men_pov_pct,9.411764705882351,
24033801213,2021.0,wht_nonhis_men_pov_pct,41.81818181818182,
24033801214,2021.0,wht_nonhis_men_pov_pct,3.206997084548105,
24033801215,2021.0,wht_nonhis_men_pov_pct,3.7735849056603774,
24033801216,2021.0,wht_nonhis_men_pov_pct,11.764705882352942,
24033801217,2021.0,wht_nonhis_men_pov_pct,8.256880733944953,
24033801302,2021.0,wht_nonhis_men_pov_pct,0.0,
24033801305,2021.0,wht_nonhis_men_pov_pct,0.0,
24033801307,2021.0,wht_nonhis_men_pov_pct,4.417670682730924,
24033801308,2021.0,wht_nonhis_men_pov_pct,5.607476635514018,
24033801309,2021.0,wht_nonhis_men_pov_pct,16.049382716049383,
24033801310,2021.0,wht_nonhis_men_pov_pct,14.00602409638554,
24033801311,2021.0,wht_nonhis_men_pov_pct,0.0,
24033801312,2021.0,wht_nonhis_men_pov_pct,7.236842105263157,
24033801313,2021.0,wht_nonhis_men_pov_pct,0.0,
24033801404,2021.0,wht_nonhis_men_pov_pct,1.6203703703703705,
24033801405,2021.0,wht_nonhis_men_pov_pct,2.631578947368421,
24033801406,2021.0,wht_nonhis_men_pov_pct,0.0,
24033801407,2021.0,wht_nonhis_men_pov_pct,0.0,
24033801408,2021.0,wht_nonhis_men_pov_pct,0.0,
24033801409,2021.0,wht_nonhis_men_pov_pct,37.3134328358209,
24033801410,2021.0,wht_nonhis_men_pov_pct,14.285714285714286,
24033801411,2021.0,wht_nonhis_men_pov_pct,0.0,
24033801500,2021.0,wht_nonhis_men_pov_pct,11.320754716981131,
24033801600,2021.0,wht_nonhis_men_pov_pct,0.0,
24033801701,2021.0,wht_nonhis_men_pov_pct,0.0,
24033801702,2021.0,wht_nonhis_men_pov_pct,0.0,
24033801704,2021.0,wht_nonhis_men_pov_pct,12.67605633802817,
24033801707,2021.0,wht_nonhis_men_pov_pct,1.3157894736842106,
24033801709,2021.0,wht_nonhis_men_pov_pct,10.344827586206897,
24033801801,2021.0,wht_nonhis_men_pov_pct,0.0,
24033801802,2021.0,wht_nonhis_men_pov_pct,0.0,
24033801807,2021.0,wht_nonhis_men_pov_pct,13.333333333333334,
24033801808,2021.0,wht_nonhis_men_pov_pct,47.45762711864407,
24033801809,2021.0,wht_nonhis_men_pov_pct,2.0,
24033801901,2021.0,wht_nonhis_men_pov_pct,8.854166666666666,
24033801904,2021.0,wht_nonhis_men_pov_pct,0.0,
24033801905,2021.0,wht_nonhis_men_pov_pct,0.0,
24033801906,2021.0,wht_nonhis_men_pov_pct,2.3622047244094486,
24033801907,2021.0,wht_nonhis_men_pov_pct,10.526315789473683,
24033801908,2021.0,wht_nonhis_men_pov_pct,0.0,
24033802001,2021.0,wht_nonhis_men_pov_pct,0.0,
24033802002,2021.0,wht_nonhis_men_pov_pct,0.0,
24033802103,2021.0,wht_nonhis_men_pov_pct,0.0,
24033802104,2021.0,wht_nonhis_men_pov_pct,21.875,
24033802106,2021.0,wht_nonhis_men_pov_pct,0.0,
24033802107,2021.0,wht_nonhis_men_pov_pct,45.833333333333336,
24033802201,2021.0,wht_nonhis_men_pov_pct,0.0,
24033802203,2021.0,wht_nonhis_men_pov_pct,2.4390243902439024,
24033802204,2021.0,wht_nonhis_men_pov_pct,0.0,
24033802301,2021.0,wht_nonhis_men_pov_pct,14.285714285714286,
24033802404,2021.0,wht_nonhis_men_pov_pct,,
24033802405,2021.0,wht_nonhis_men_pov_pct,0.0,
24033802406,2021.0,wht_nonhis_men_pov_pct,52.38095238095238,
24033802407,2021.0,wht_nonhis_men_pov_pct,2.3255813953488373,
24033802408,2021.0,wht_nonhis_men_pov_pct,46.15384615384615,
24033802501,2021.0,wht_nonhis_men_pov_pct,0.0,
24033802502,2021.0,wht_nonhis_men_pov_pct,0.0,
24033802600,2021.0,wht_nonhis_men_pov_pct,0.0,
24033802700,2021.0,wht_nonhis_men_pov_pct,0.0,
24033802803,2021.0,wht_nonhis_men_pov_pct,8.536585365853659,
24033802804,2021.0,wht_nonhis_men_pov_pct,0.0,
24033802805,2021.0,wht_nonhis_men_pov_pct,10.344827586206897,
24033802901,2021.0,wht_nonhis_men_pov_pct,0.0,
24033803001,2021.0,wht_nonhis_men_pov_pct,100.0,
24033803002,2021.0,wht_nonhis_men_pov_pct,0.0,
24033803100,2021.0,wht_nonhis_men_pov_pct,0.0,
24033803200,2021.0,wht_nonhis_men_pov_pct,0.0,
24033803300,2021.0,wht_nonhis_men_pov_pct,0.0,
24033803403,2021.0,wht_nonhis_men_pov_pct,23.80952380952381,
24033803508,2021.0,wht_nonhis_men_pov_pct,0.0,
24033803509,2021.0,wht_nonhis_men_pov_pct,0.0,
24033803512,2021.0,wht_nonhis_men_pov_pct,9.523809523809524,
24033803513,2021.0,wht_nonhis_men_pov_pct,0.0,
24033803514,2021.0,wht_nonhis_men_pov_pct,0.0,
24033803516,2021.0,wht_nonhis_men_pov_pct,14.482758620689657,
24033803519,2021.0,wht_nonhis_men_pov_pct,20.75471698113208,
24033803520,2021.0,wht_nonhis_men_pov_pct,0.0,
24033803521,2021.0,wht_nonhis_men_pov_pct,0.0,
24033803524,2021.0,wht_nonhis_men_pov_pct,0.0,
24033803525,2021.0,wht_nonhis_men_pov_pct,0.0,
24033803526,2021.0,wht_nonhis_men_pov_pct,0.0,
24033803527,2021.0,wht_nonhis_men_pov_pct,0.0,
24033803528,2021.0,wht_nonhis_men_pov_pct,7.971014492753623,
24033803601,2021.0,wht_nonhis_men_pov_pct,0.0,
24033803602,2021.0,wht_nonhis_men_pov_pct,,
24033803605,2021.0,wht_nonhis_men_pov_pct,6.829268292682927,
24033803606,2021.0,wht_nonhis_men_pov_pct,13.709677419354838,
24033803607,2021.0,wht_nonhis_men_pov_pct,0.0,
24033803608,2021.0,wht_nonhis_men_pov_pct,1.1904761904761905,
24033803610,2021.0,wht_nonhis_men_pov_pct,2.262443438914027,
24033803612,2021.0,wht_nonhis_men_pov_pct,0.0,
24033803613,2021.0,wht_nonhis_men_pov_pct,10.434782608695652,
24033803700,2021.0,wht_nonhis_men_pov_pct,4.545454545454546,
24033803801,2021.0,wht_nonhis_men_pov_pct,19.047619047619047,
24033803803,2021.0,wht_nonhis_men_pov_pct,14.705882352941176,
24033803900,2021.0,wht_nonhis_men_pov_pct,0.0,
24033804001,2021.0,wht_nonhis_men_pov_pct,100.0,
24033804002,2021.0,wht_nonhis_men_pov_pct,0.0,
24033804101,2021.0,wht_nonhis_men_pov_pct,0.7751937984496124,
24033804102,2021.0,wht_nonhis_men_pov_pct,0.0,
24033804200,2021.0,wht_nonhis_men_pov_pct,0.0,
24033804300,2021.0,wht_nonhis_men_pov_pct,32.87671232876713,
24033804400,2021.0,wht_nonhis_men_pov_pct,0.0,
24033804600,2021.0,wht_nonhis_men_pov_pct,27.647058823529413,
24033804700,2021.0,wht_nonhis_men_pov_pct,0.1897533206831119,
24033804801,2021.0,wht_nonhis_men_pov_pct,43.47826086956522,
24033804802,2021.0,wht_nonhis_men_pov_pct,66.66666666666667,
24033804900,2021.0,wht_nonhis_men_pov_pct,11.0,
24033805000,2021.0,wht_nonhis_men_pov_pct,70.0,
24033805101,2021.0,wht_nonhis_men_pov_pct,0.0,
24033805201,2021.0,wht_nonhis_men_pov_pct,5.0,
24033805202,2021.0,wht_nonhis_men_pov_pct,0.0,
24033805500,2021.0,wht_nonhis_men_pov_pct,16.216216216216218,
24033805601,2021.0,wht_nonhis_men_pov_pct,,
24033805602,2021.0,wht_nonhis_men_pov_pct,,
24033805700,2021.0,wht_nonhis_men_pov_pct,0.0,
24033805801,2021.0,wht_nonhis_men_pov_pct,50.0,
24033805802,2021.0,wht_nonhis_men_pov_pct,36.36363636363637,
24033805904,2021.0,wht_nonhis_men_pov_pct,35.27272727272727,
24033805906,2021.0,wht_nonhis_men_pov_pct,63.333333333333336,
24033805907,2021.0,wht_nonhis_men_pov_pct,20.0,
24033805908,2021.0,wht_nonhis_men_pov_pct,0.0,
24033805909,2021.0,wht_nonhis_men_pov_pct,7.480314960629921,
24033806000,2021.0,wht_nonhis_men_pov_pct,0.7168458781362007,
24033806100,2021.0,wht_nonhis_men_pov_pct,2.130492676431425,
24033806400,2021.0,wht_nonhis_men_pov_pct,7.114228456913827,
24033806501,2021.0,wht_nonhis_men_pov_pct,11.403508771929824,
24033806601,2021.0,wht_nonhis_men_pov_pct,0.0,
24033806602,2021.0,wht_nonhis_men_pov_pct,12.57861635220126,
24033806706,2021.0,wht_nonhis_men_pov_pct,6.079027355623101,
24033806708,2021.0,wht_nonhis_men_pov_pct,8.498253783469151,
24033806710,2021.0,wht_nonhis_men_pov_pct,2.770780856423174,
24033806711,2021.0,wht_nonhis_men_pov_pct,0.0,
24033806712,2021.0,wht_nonhis_men_pov_pct,0.0,
24033806713,2021.0,wht_nonhis_men_pov_pct,12.962962962962964,
24033806714,2021.0,wht_nonhis_men_pov_pct,19.831223628691983,
24033806800,2021.0,wht_nonhis_men_pov_pct,8.356164383561644,
24033806900,2021.0,wht_nonhis_men_pov_pct,12.12624584717608,
24033807000,2021.0,wht_nonhis_men_pov_pct,17.409948542024015,
24033807102,2021.0,wht_nonhis_men_pov_pct,23.83808095952024,
24033807301,2021.0,wht_nonhis_men_pov_pct,32.851985559566785,
24033807304,2021.0,wht_nonhis_men_pov_pct,0.0,
24033807305,2021.0,wht_nonhis_men_pov_pct,7.826086956521739,
24033807404,2021.0,wht_nonhis_men_pov_pct,5.517241379310345,
24033807405,2021.0,wht_nonhis_men_pov_pct,4.223433242506812,
24033807407,2021.0,wht_nonhis_men_pov_pct,5.538461538461538,
24033807408,2021.0,wht_nonhis_men_pov_pct,7.891332470892626,
24033807409,2021.0,wht_nonhis_men_pov_pct,5.921052631578948,
24033807410,2021.0,wht_nonhis_men_pov_pct,2.568807339449541,
24033807500,2021.0,wht_nonhis_men_pov_pct,3.8031319910514543,
24033980000,2021.0,wht_nonhis_men_pov_pct,62.62975778546713,
51013100100,2021.0,wht_nonhis_men_pov_pct,3.1088082901554404,
51013100200,2021.0,wht_nonhis_men_pov_pct,1.4585232452142205,
51013100300,2021.0,wht_nonhis_men_pov_pct,2.246508803885853,
51013100400,2021.0,wht_nonhis_men_pov_pct,4.799301919720768,
51013100500,2021.0,wht_nonhis_men_pov_pct,1.987899740708729,
51013100600,2021.0,wht_nonhis_men_pov_pct,3.771289537712896,
51013100700,2021.0,wht_nonhis_men_pov_pct,4.273972602739726,
51013100800,2021.0,wht_nonhis_men_pov_pct,14.979757085020244,
51013100900,2021.0,wht_nonhis_men_pov_pct,0.8893280632411067,
51013101000,2021.0,wht_nonhis_men_pov_pct,2.232142857142857,
51013101100,2021.0,wht_nonhis_men_pov_pct,3.7540453074433655,
51013101200,2021.0,wht_nonhis_men_pov_pct,1.0593220338983051,
51013101300,2021.0,wht_nonhis_men_pov_pct,3.710170231340026,
51013101401,2021.0,wht_nonhis_men_pov_pct,1.0443864229765014,
51013101402,2021.0,wht_nonhis_men_pov_pct,3.4375,
51013101405,2021.0,wht_nonhis_men_pov_pct,3.832752613240418,
51013101406,2021.0,wht_nonhis_men_pov_pct,16.092943201376936,
51013101407,2021.0,wht_nonhis_men_pov_pct,4.8582995951417,
51013101408,2021.0,wht_nonhis_men_pov_pct,4.49438202247191,
51013101409,2021.0,wht_nonhis_men_pov_pct,0.0,
51013101501,2021.0,wht_nonhis_men_pov_pct,7.436918990703851,
51013101502,2021.0,wht_nonhis_men_pov_pct,9.025270758122744,
51013101503,2021.0,wht_nonhis_men_pov_pct,0.1394700139470014,
51013101601,2021.0,wht_nonhis_men_pov_pct,1.5384615384615383,
51013101602,2021.0,wht_nonhis_men_pov_pct,5.0,
51013101603,2021.0,wht_nonhis_men_pov_pct,4.374364191251272,
51013101701,2021.0,wht_nonhis_men_pov_pct,1.0533245556287032,
51013101703,2021.0,wht_nonhis_men_pov_pct,5.343511450381679,
51013101704,2021.0,wht_nonhis_men_pov_pct,5.75139146567718,
51013101705,2021.0,wht_nonhis_men_pov_pct,1.211556383970177,
51013101801,2021.0,wht_nonhis_men_pov_pct,3.2203389830508478,
51013101803,2021.0,wht_nonhis_men_pov_pct,9.89010989010989,
51013101804,2021.0,wht_nonhis_men_pov_pct,0.0,
51013101805,2021.0,wht_nonhis_men_pov_pct,5.373525557011796,
51013101900,2021.0,wht_nonhis_men_pov_pct,7.854406130268199,
51013102001,2021.0,wht_nonhis_men_pov_pct,0.0,
51013102002,2021.0,wht_nonhis_men_pov_pct,1.7751479289940828,
51013102003,2021.0,wht_nonhis_men_pov_pct,6.276747503566334,
51013102100,2021.0,wht_nonhis_men_pov_pct,1.1705685618729098,
51013102200,2021.0,wht_nonhis_men_pov_pct,0.0,
51013102301,2021.0,wht_nonhis_men_pov_pct,6.876790830945558,
51013102302,2021.0,wht_nonhis_men_pov_pct,7.062146892655368,
51013102400,2021.0,wht_nonhis_men_pov_pct,1.4138817480719794,
51013102500,2021.0,wht_nonhis_men_pov_pct,7.258632840028189,
51013102600,2021.0,wht_nonhis_men_pov_pct,7.08092485549133,
51013102701,2021.0,wht_nonhis_men_pov_pct,10.72961373390558,
51013102702,2021.0,wht_nonhis_men_pov_pct,2.0,
51013102802,2021.0,wht_nonhis_men_pov_pct,0.0,
51013102803,2021.0,wht_nonhis_men_pov_pct,5.457746478873239,
51013102804,2021.0,wht_nonhis_men_pov_pct,0.3472222222222222,
51013102901,2021.0,wht_nonhis_men_pov_pct,2.2004889975550124,
51013102903,2021.0,wht_nonhis_men_pov_pct,3.45679012345679,
51013102904,2021.0,wht_nonhis_men_pov_pct,3.98936170212766,
51013103000,2021.0,wht_nonhis_men_pov_pct,1.053740779768177,
51013103100,2021.0,wht_nonhis_men_pov_pct,1.5932521087160263,
51013103200,2021.0,wht_nonhis_men_pov_pct,2.286902286902287,
51013103300,2021.0,wht_nonhis_men_pov_pct,0.0,
51013103401,2021.0,wht_nonhis_men_pov_pct,0.0,
51013103403,2021.0,wht_nonhis_men_pov_pct,3.116883116883117,
51013103404,2021.0,wht_nonhis_men_pov_pct,0.0,
51013103405,2021.0,wht_nonhis_men_pov_pct,1.488833746898263,
51013103501,2021.0,wht_nonhis_men_pov_pct,7.027027027027027,
51013103503,2021.0,wht_nonhis_men_pov_pct,3.1192660550458715,
51013103504,2021.0,wht_nonhis_men_pov_pct,0.0,
51013103505,2021.0,wht_nonhis_men_pov_pct,13.7123745819398,
51013103601,2021.0,wht_nonhis_men_pov_pct,2.1814006888633752,
51013103602,2021.0,wht_nonhis_men_pov_pct,7.981220657276995,
51013103700,2021.0,wht_nonhis_men_pov_pct,5.006587615283268,
51013103800,2021.0,wht_nonhis_men_pov_pct,0.995850622406639,
51013980100,2021.0,wht_nonhis_men_pov_pct,,
51013980200,2021.0,wht_nonhis_men_pov_pct,,
51059415100,2021.0,wht_nonhis_men_pov_pct,1.9933554817275747,
51059415200,2021.0,wht_nonhis_men_pov_pct,4.525862068965517,
51059415300,2021.0,wht_nonhis_men_pov_pct,0.5194805194805194,
51059415401,2021.0,wht_nonhis_men_pov_pct,29.32330827067669,
51059415402,2021.0,wht_nonhis_men_pov_pct,7.919463087248322,
51059415500,2021.0,wht_nonhis_men_pov_pct,1.062215477996965,
51059415600,2021.0,wht_nonhis_men_pov_pct,0.986842105263158,
51059415700,2021.0,wht_nonhis_men_pov_pct,1.3793103448275863,
51059415800,2021.0,wht_nonhis_men_pov_pct,2.047556142668428,
51059415900,2021.0,wht_nonhis_men_pov_pct,5.408653846153846,
51059416000,2021.0,wht_nonhis_men_pov_pct,2.9411764705882355,
51059416100,2021.0,wht_nonhis_men_pov_pct,7.321428571428571,
51059416200,2021.0,wht_nonhis_men_pov_pct,1.492537313432836,
51059416300,2021.0,wht_nonhis_men_pov_pct,1.9900497512437807,
51059420100,2021.0,wht_nonhis_men_pov_pct,4.45468509984639,
51059420201,2021.0,wht_nonhis_men_pov_pct,0.0,
51059420202,2021.0,wht_nonhis_men_pov_pct,1.351351351351351,
51059420203,2021.0,wht_nonhis_men_pov_pct,0.8163265306122449,
51059420300,2021.0,wht_nonhis_men_pov_pct,5.747877204441542,
51059420400,2021.0,wht_nonhis_men_pov_pct,0.7648183556405354,
51059420501,2021.0,wht_nonhis_men_pov_pct,1.7751479289940828,
51059420502,2021.0,wht_nonhis_men_pov_pct,7.007299270072993,
51059420503,2021.0,wht_nonhis_men_pov_pct,5.073649754500818,
51059420600,2021.0,wht_nonhis_men_pov_pct,0.0,
51059420700,2021.0,wht_nonhis_men_pov_pct,3.8461538461538463,
51059420800,2021.0,wht_nonhis_men_pov_pct,2.2970903522205206,
51059421001,2021.0,wht_nonhis_men_pov_pct,3.631284916201117,
51059421002,2021.0,wht_nonhis_men_pov_pct,1.3064133016627075,
51059421101,2021.0,wht_nonhis_men_pov_pct,0.0,
51059421102,2021.0,wht_nonhis_men_pov_pct,0.3034901365705614,
51059421103,2021.0,wht_nonhis_men_pov_pct,2.3255813953488373,
51059421200,2021.0,wht_nonhis_men_pov_pct,0.0,
51059421300,2021.0,wht_nonhis_men_pov_pct,3.764115432873275,
51059421400,2021.0,wht_nonhis_men_pov_pct,4.298642533936651,
51059421500,2021.0,wht_nonhis_men_pov_pct,6.907894736842105,
51059421600,2021.0,wht_nonhis_men_pov_pct,0.0,
51059421701,2021.0,wht_nonhis_men_pov_pct,10.852713178294572,
51059421702,2021.0,wht_nonhis_men_pov_pct,0.0,
51059421800,2021.0,wht_nonhis_men_pov_pct,21.44702842377261,
51059421900,2021.0,wht_nonhis_men_pov_pct,5.822784810126582,
51059422000,2021.0,wht_nonhis_men_pov_pct,10.07751937984496,
51059422101,2021.0,wht_nonhis_men_pov_pct,10.414201183431953,
51059422102,2021.0,wht_nonhis_men_pov_pct,0.0,
51059422201,2021.0,wht_nonhis_men_pov_pct,0.0,
51059422202,2021.0,wht_nonhis_men_pov_pct,2.860858257477243,
51059422301,2021.0,wht_nonhis_men_pov_pct,0.0,
51059422302,2021.0,wht_nonhis_men_pov_pct,3.752181500872601,
51059422401,2021.0,wht_nonhis_men_pov_pct,0.0,
51059422402,2021.0,wht_nonhis_men_pov_pct,0.0,
51059422403,2021.0,wht_nonhis_men_pov_pct,0.8592910848549946,
51059430101,2021.0,wht_nonhis_men_pov_pct,1.4664804469273742,
51059430102,2021.0,wht_nonhis_men_pov_pct,0.0,
51059430201,2021.0,wht_nonhis_men_pov_pct,3.996101364522417,
51059430202,2021.0,wht_nonhis_men_pov_pct,12.0,
51059430203,2021.0,wht_nonhis_men_pov_pct,7.668711656441718,
51059430400,2021.0,wht_nonhis_men_pov_pct,0.0,
51059430500,2021.0,wht_nonhis_men_pov_pct,5.2264808362369335,
51059430600,2021.0,wht_nonhis_men_pov_pct,7.863695937090433,
51059430700,2021.0,wht_nonhis_men_pov_pct,2.9013539651837523,
51059430801,2021.0,wht_nonhis_men_pov_pct,0.0,
51059430802,2021.0,wht_nonhis_men_pov_pct,4.237288135593221,
51059430901,2021.0,wht_nonhis_men_pov_pct,3.3391915641476277,
51059430902,2021.0,wht_nonhis_men_pov_pct,0.0,
51059431001,2021.0,wht_nonhis_men_pov_pct,5.402750491159136,
51059431002,2021.0,wht_nonhis_men_pov_pct,5.668016194331984,
51059431300,2021.0,wht_nonhis_men_pov_pct,0.0,
51059431400,2021.0,wht_nonhis_men_pov_pct,0.1173708920187793,
51059431500,2021.0,wht_nonhis_men_pov_pct,1.6913319238900637,
51059431601,2021.0,wht_nonhis_men_pov_pct,0.0,
51059431602,2021.0,wht_nonhis_men_pov_pct,13.7117903930131,
51059431801,2021.0,wht_nonhis_men_pov_pct,2.12443095599393,
51059431802,2021.0,wht_nonhis_men_pov_pct,0.0,
51059431900,2021.0,wht_nonhis_men_pov_pct,0.0,
51059432000,2021.0,wht_nonhis_men_pov_pct,4.1450777202072535,
51059432100,2021.0,wht_nonhis_men_pov_pct,4.102096627164995,
51059432201,2021.0,wht_nonhis_men_pov_pct,9.090909090909092,
51059432202,2021.0,wht_nonhis_men_pov_pct,2.0881670533642693,
51059432300,2021.0,wht_nonhis_men_pov_pct,0.0,
51059432401,2021.0,wht_nonhis_men_pov_pct,0.0,
51059432402,2021.0,wht_nonhis_men_pov_pct,1.2210796915167097,
51059432500,2021.0,wht_nonhis_men_pov_pct,1.957070707070707,
51059432600,2021.0,wht_nonhis_men_pov_pct,0.0,
51059432701,2021.0,wht_nonhis_men_pov_pct,0.9009009009009008,
51059432702,2021.0,wht_nonhis_men_pov_pct,5.283018867924528,
51059432800,2021.0,wht_nonhis_men_pov_pct,0.0,
51059440100,2021.0,wht_nonhis_men_pov_pct,0.9017560512577124,
51059440201,2021.0,wht_nonhis_men_pov_pct,2.697302697302697,
51059440202,2021.0,wht_nonhis_men_pov_pct,16.435185185185187,
51059440300,2021.0,wht_nonhis_men_pov_pct,1.875901875901876,
51059440501,2021.0,wht_nonhis_men_pov_pct,1.7357762777242045,
51059440503,2021.0,wht_nonhis_men_pov_pct,9.803921568627452,
51059440504,2021.0,wht_nonhis_men_pov_pct,,
51059440505,2021.0,wht_nonhis_men_pov_pct,12.93103448275862,
51059440600,2021.0,wht_nonhis_men_pov_pct,3.92156862745098,
51059440701,2021.0,wht_nonhis_men_pov_pct,2.272727272727273,
51059440702,2021.0,wht_nonhis_men_pov_pct,0.0696378830083565,
51059440800,2021.0,wht_nonhis_men_pov_pct,4.031677465802736,
51059450100,2021.0,wht_nonhis_men_pov_pct,7.204301075268817,
51059450200,2021.0,wht_nonhis_men_pov_pct,5.153203342618385,
51059450300,2021.0,wht_nonhis_men_pov_pct,2.710027100271003,
51059450400,2021.0,wht_nonhis_men_pov_pct,6.896551724137931,
51059450500,2021.0,wht_nonhis_men_pov_pct,1.6563146997929608,
51059450601,2021.0,wht_nonhis_men_pov_pct,3.953488372093023,
51059450602,2021.0,wht_nonhis_men_pov_pct,1.3050570962479608,
51059450701,2021.0,wht_nonhis_men_pov_pct,1.2302284710017577,
51059450702,2021.0,wht_nonhis_men_pov_pct,5.2631578947368425,
51059450800,2021.0,wht_nonhis_men_pov_pct,3.4904013961605584,
51059450900,2021.0,wht_nonhis_men_pov_pct,9.489051094890511,
51059451000,2021.0,wht_nonhis_men_pov_pct,3.8297872340425534,
51059451100,2021.0,wht_nonhis_men_pov_pct,0.9074410163339384,
51059451200,2021.0,wht_nonhis_men_pov_pct,0.0,
51059451300,2021.0,wht_nonhis_men_pov_pct,8.125,
51059451400,2021.0,wht_nonhis_men_pov_pct,18.34862385321101,
51059451501,2021.0,wht_nonhis_men_pov_pct,4.82420278004906,
51059451502,2021.0,wht_nonhis_men_pov_pct,1.0298661174047374,
51059451601,2021.0,wht_nonhis_men_pov_pct,0.7092198581560284,
51059451602,2021.0,wht_nonhis_men_pov_pct,1.1608623548922057,
51059451800,2021.0,wht_nonhis_men_pov_pct,5.0,
51059451900,2021.0,wht_nonhis_men_pov_pct,2.948717948717949,
51059452000,2021.0,wht_nonhis_men_pov_pct,6.25,
51059452101,2021.0,wht_nonhis_men_pov_pct,9.652076318742983,
51059452102,2021.0,wht_nonhis_men_pov_pct,0.0,
51059452200,2021.0,wht_nonhis_men_pov_pct,10.386151797603196,
51059452301,2021.0,wht_nonhis_men_pov_pct,20.947630922693268,
51059452302,2021.0,wht_nonhis_men_pov_pct,4.029304029304029,
51059452400,2021.0,wht_nonhis_men_pov_pct,9.990917347865576,
51059452501,2021.0,wht_nonhis_men_pov_pct,1.7241379310344829,
51059452502,2021.0,wht_nonhis_men_pov_pct,8.823529411764707,
51059452600,2021.0,wht_nonhis_men_pov_pct,2.4479804161566707,
51059452700,2021.0,wht_nonhis_men_pov_pct,2.824858757062147,
51059452801,2021.0,wht_nonhis_men_pov_pct,11.11111111111111,
51059452802,2021.0,wht_nonhis_men_pov_pct,0.0,
51059460100,2021.0,wht_nonhis_men_pov_pct,16.09403254972875,
51059460200,2021.0,wht_nonhis_men_pov_pct,0.0,
51059460300,2021.0,wht_nonhis_men_pov_pct,1.0909090909090908,
51059460400,2021.0,wht_nonhis_men_pov_pct,3.0852994555353903,
51059460501,2021.0,wht_nonhis_men_pov_pct,1.054481546572935,
51059460503,2021.0,wht_nonhis_men_pov_pct,2.380952380952381,
51059460504,2021.0,wht_nonhis_men_pov_pct,5.902004454342984,
51059460600,2021.0,wht_nonhis_men_pov_pct,1.984126984126984,
51059460701,2021.0,wht_nonhis_men_pov_pct,0.0,
51059460702,2021.0,wht_nonhis_men_pov_pct,6.115965051628276,
51059460800,2021.0,wht_nonhis_men_pov_pct,4.784688995215311,
51059460900,2021.0,wht_nonhis_men_pov_pct,1.1764705882352942,
51059461000,2021.0,wht_nonhis_men_pov_pct,0.8680555555555556,
51059461100,2021.0,wht_nonhis_men_pov_pct,3.356419818859883,
51059461201,2021.0,wht_nonhis_men_pov_pct,0.0,
51059461202,2021.0,wht_nonhis_men_pov_pct,0.0,
51059461500,2021.0,wht_nonhis_men_pov_pct,1.1506849315068493,
51059461603,2021.0,wht_nonhis_men_pov_pct,5.366357069143447,
51059461604,2021.0,wht_nonhis_men_pov_pct,18.02030456852792,
51059461605,2021.0,wht_nonhis_men_pov_pct,1.152073732718894,
51059461606,2021.0,wht_nonhis_men_pov_pct,0.0,
51059461700,2021.0,wht_nonhis_men_pov_pct,8.946877912395154,
51059461801,2021.0,wht_nonhis_men_pov_pct,14.285714285714286,
51059461802,2021.0,wht_nonhis_men_pov_pct,20.139581256231303,
51059461901,2021.0,wht_nonhis_men_pov_pct,7.563025210084033,
51059461902,2021.0,wht_nonhis_men_pov_pct,13.6094674556213,
51059470100,2021.0,wht_nonhis_men_pov_pct,2.9411764705882355,
51059470300,2021.0,wht_nonhis_men_pov_pct,0.100502512562814,
51059470400,2021.0,wht_nonhis_men_pov_pct,1.6050244242847174,
51059470500,2021.0,wht_nonhis_men_pov_pct,0.0,
51059470600,2021.0,wht_nonhis_men_pov_pct,8.189655172413794,
51059470700,2021.0,wht_nonhis_men_pov_pct,0.0,
51059470800,2021.0,wht_nonhis_men_pov_pct,0.0,
51059470900,2021.0,wht_nonhis_men_pov_pct,1.5617605300520587,
51059471000,2021.0,wht_nonhis_men_pov_pct,0.0,
51059471100,2021.0,wht_nonhis_men_pov_pct,0.7710100231303006,
51059471201,2021.0,wht_nonhis_men_pov_pct,7.063197026022305,
51059471203,2021.0,wht_nonhis_men_pov_pct,0.0,
51059471204,2021.0,wht_nonhis_men_pov_pct,3.821656050955414,
51059471301,2021.0,wht_nonhis_men_pov_pct,6.641366223908919,
51059471303,2021.0,wht_nonhis_men_pov_pct,3.810623556581986,
51059471304,2021.0,wht_nonhis_men_pov_pct,0.0,
51059471401,2021.0,wht_nonhis_men_pov_pct,0.0,
51059471402,2021.0,wht_nonhis_men_pov_pct,6.951871657754011,
51059480100,2021.0,wht_nonhis_men_pov_pct,0.0,
51059480201,2021.0,wht_nonhis_men_pov_pct,2.055406613047364,
51059480203,2021.0,wht_nonhis_men_pov_pct,10.857142857142858,
51059480204,2021.0,wht_nonhis_men_pov_pct,0.0,
51059480205,2021.0,wht_nonhis_men_pov_pct,1.8131101813110184,
51059480301,2021.0,wht_nonhis_men_pov_pct,2.6143790849673203,
51059480302,2021.0,wht_nonhis_men_pov_pct,5.172413793103448,
51059480401,2021.0,wht_nonhis_men_pov_pct,1.6608391608391608,
51059480402,2021.0,wht_nonhis_men_pov_pct,4.084411164057181,
51059480501,2021.0,wht_nonhis_men_pov_pct,1.8421052631578947,
51059480502,2021.0,wht_nonhis_men_pov_pct,2.2428884026258205,
51059480503,2021.0,wht_nonhis_men_pov_pct,0.0,
51059480504,2021.0,wht_nonhis_men_pov_pct,0.0,
51059480505,2021.0,wht_nonhis_men_pov_pct,0.6276150627615062,
51059480801,2021.0,wht_nonhis_men_pov_pct,1.1538461538461535,
51059480802,2021.0,wht_nonhis_men_pov_pct,3.288672350791717,
51059480901,2021.0,wht_nonhis_men_pov_pct,3.4675615212527964,
51059480902,2021.0,wht_nonhis_men_pov_pct,1.5151515151515151,
51059480903,2021.0,wht_nonhis_men_pov_pct,3.456221198156682,
51059481000,2021.0,wht_nonhis_men_pov_pct,2.5367156208277706,
51059481101,2021.0,wht_nonhis_men_pov_pct,6.097560975609756,
51059481102,2021.0,wht_nonhis_men_pov_pct,20.866141732283463,
51059481103,2021.0,wht_nonhis_men_pov_pct,3.4482758620689653,
51059481104,2021.0,wht_nonhis_men_pov_pct,5.54089709762533,
51059481105,2021.0,wht_nonhis_men_pov_pct,0.746268656716418,
51059481106,2021.0,wht_nonhis_men_pov_pct,5.894039735099338,
51059481201,2021.0,wht_nonhis_men_pov_pct,2.247191011235955,
51059481202,2021.0,wht_nonhis_men_pov_pct,4.661487236403995,
51059481400,2021.0,wht_nonhis_men_pov_pct,5.86080586080586,
51059481500,2021.0,wht_nonhis_men_pov_pct,0.0,
51059481600,2021.0,wht_nonhis_men_pov_pct,0.0,
51059481701,2021.0,wht_nonhis_men_pov_pct,3.0051150895140664,
51059481702,2021.0,wht_nonhis_men_pov_pct,0.0,
51059481900,2021.0,wht_nonhis_men_pov_pct,0.0,
51059482001,2021.0,wht_nonhis_men_pov_pct,4.166666666666667,
51059482002,2021.0,wht_nonhis_men_pov_pct,3.342128408091469,
51059482100,2021.0,wht_nonhis_men_pov_pct,3.9556962025316458,
51059482201,2021.0,wht_nonhis_men_pov_pct,6.165703275529865,
51059482203,2021.0,wht_nonhis_men_pov_pct,1.517150395778364,
51059482204,2021.0,wht_nonhis_men_pov_pct,2.8790786948176583,
51059482205,2021.0,wht_nonhis_men_pov_pct,0.0,
51059482206,2021.0,wht_nonhis_men_pov_pct,7.336956521739131,
51059482301,2021.0,wht_nonhis_men_pov_pct,4.951237809452363,
51059482302,2021.0,wht_nonhis_men_pov_pct,1.694915254237288,
51059482303,2021.0,wht_nonhis_men_pov_pct,2.2242817423540315,
51059482400,2021.0,wht_nonhis_men_pov_pct,3.327787021630616,
51059482502,2021.0,wht_nonhis_men_pov_pct,0.0,
51059482503,2021.0,wht_nonhis_men_pov_pct,1.467710371819961,
51059482504,2021.0,wht_nonhis_men_pov_pct,0.0,
51059482505,2021.0,wht_nonhis_men_pov_pct,0.0,
51059482506,2021.0,wht_nonhis_men_pov_pct,7.890499194847021,
51059482507,2021.0,wht_nonhis_men_pov_pct,0.0,
51059482601,2021.0,wht_nonhis_men_pov_pct,0.0,
51059482603,2021.0,wht_nonhis_men_pov_pct,0.0,
51059482604,2021.0,wht_nonhis_men_pov_pct,0.0,
51059490101,2021.0,wht_nonhis_men_pov_pct,4.065040650406504,
51059490104,2021.0,wht_nonhis_men_pov_pct,3.553299492385787,
51059490105,2021.0,wht_nonhis_men_pov_pct,1.9287833827893173,
51059490501,2021.0,wht_nonhis_men_pov_pct,2.621722846441948,
51059490502,2021.0,wht_nonhis_men_pov_pct,1.7943409247757074,
51059491000,2021.0,wht_nonhis_men_pov_pct,0.9505703422053232,
51059491101,2021.0,wht_nonhis_men_pov_pct,1.5748031496062993,
51059491102,2021.0,wht_nonhis_men_pov_pct,1.0457516339869282,
51059491103,2021.0,wht_nonhis_men_pov_pct,6.421152030217186,
51059491201,2021.0,wht_nonhis_men_pov_pct,7.492795389048991,
51059491202,2021.0,wht_nonhis_men_pov_pct,10.08174386920981,
51059491301,2021.0,wht_nonhis_men_pov_pct,1.6144349477682811,
51059491302,2021.0,wht_nonhis_men_pov_pct,2.511078286558346,
51059491303,2021.0,wht_nonhis_men_pov_pct,5.729166666666667,
51059491401,2021.0,wht_nonhis_men_pov_pct,3.690036900369004,
51059491402,2021.0,wht_nonhis_men_pov_pct,3.0232558139534884,
51059491403,2021.0,wht_nonhis_men_pov_pct,0.2697841726618705,
51059491404,2021.0,wht_nonhis_men_pov_pct,5.47112462006079,
51059491405,2021.0,wht_nonhis_men_pov_pct,0.7507507507507507,
51059491501,2021.0,wht_nonhis_men_pov_pct,0.0,
51059491502,2021.0,wht_nonhis_men_pov_pct,0.0,
51059491601,2021.0,wht_nonhis_men_pov_pct,6.493506493506493,
51059491602,2021.0,wht_nonhis_men_pov_pct,0.0,
51059491701,2021.0,wht_nonhis_men_pov_pct,4.342273307790549,
51059491703,2021.0,wht_nonhis_men_pov_pct,4.816955684007708,
51059491704,2021.0,wht_nonhis_men_pov_pct,3.855140186915888,
51059491705,2021.0,wht_nonhis_men_pov_pct,4.194630872483222,
51059491706,2021.0,wht_nonhis_men_pov_pct,3.8333333333333335,
51059491707,2021.0,wht_nonhis_men_pov_pct,1.99252801992528,
51059491801,2021.0,wht_nonhis_men_pov_pct,28.04232804232804,
51059491802,2021.0,wht_nonhis_men_pov_pct,6.169296987087518,
51059491803,2021.0,wht_nonhis_men_pov_pct,3.617571059431525,
51059492000,2021.0,wht_nonhis_men_pov_pct,0.0,
51059492100,2021.0,wht_nonhis_men_pov_pct,3.78352490421456,
51059492201,2021.0,wht_nonhis_men_pov_pct,6.674082313681868,
51059492202,2021.0,wht_nonhis_men_pov_pct,0.4210526315789473,
51059492203,2021.0,wht_nonhis_men_pov_pct,0.8724100327153762,
51059492300,2021.0,wht_nonhis_men_pov_pct,1.3745704467353952,
51059492400,2021.0,wht_nonhis_men_pov_pct,5.517241379310345,
51059492500,2021.0,wht_nonhis_men_pov_pct,0.6632277081798084,
51059980100,2021.0,wht_nonhis_men_pov_pct,,
51059980200,2021.0,wht_nonhis_men_pov_pct,,
51059980300,2021.0,wht_nonhis_men_pov_pct,,
51107610101,2021.0,wht_nonhis_men_pov_pct,1.3125,
51107610102,2021.0,wht_nonhis_men_pov_pct,2.5876460767946576,
51107610201,2021.0,wht_nonhis_men_pov_pct,5.60488346281909,
51107610202,2021.0,wht_nonhis_men_pov_pct,0.7766990291262136,
51107610300,2021.0,wht_nonhis_men_pov_pct,0.8444444444444444,
51107610400,2021.0,wht_nonhis_men_pov_pct,3.1125299281723864,
51107610503,2021.0,wht_nonhis_men_pov_pct,2.0179372197309418,
51107610504,2021.0,wht_nonhis_men_pov_pct,0.0505816894284269,
51107610505,2021.0,wht_nonhis_men_pov_pct,4.541631623212784,
51107610506,2021.0,wht_nonhis_men_pov_pct,5.080545229244114,
51107610507,2021.0,wht_nonhis_men_pov_pct,0.8227848101265823,
51107610601,2021.0,wht_nonhis_men_pov_pct,2.0292590844738085,
51107610602,2021.0,wht_nonhis_men_pov_pct,0.0,
51107610603,2021.0,wht_nonhis_men_pov_pct,3.5526315789473686,
51107610604,2021.0,wht_nonhis_men_pov_pct,0.9315068493150684,
51107610701,2021.0,wht_nonhis_men_pov_pct,0.9569377990430622,
51107610702,2021.0,wht_nonhis_men_pov_pct,0.7326007326007326,
51107610703,2021.0,wht_nonhis_men_pov_pct,0.3211303789338471,
51107610800,2021.0,wht_nonhis_men_pov_pct,1.1638733705772812,
51107610900,2021.0,wht_nonhis_men_pov_pct,5.747126436781609,
51107611002,2021.0,wht_nonhis_men_pov_pct,6.055776892430279,
51107611004,2021.0,wht_nonhis_men_pov_pct,5.015290519877676,
51107611005,2021.0,wht_nonhis_men_pov_pct,0.6856023506366308,
51107611006,2021.0,wht_nonhis_men_pov_pct,2.763819095477387,
51107611009,2021.0,wht_nonhis_men_pov_pct,1.2470771628994544,
51107611010,2021.0,wht_nonhis_men_pov_pct,0.0,
51107611011,2021.0,wht_nonhis_men_pov_pct,0.0,
51107611012,2021.0,wht_nonhis_men_pov_pct,0.0,
51107611013,2021.0,wht_nonhis_men_pov_pct,0.0,
51107611014,2021.0,wht_nonhis_men_pov_pct,1.5984015984015985,
51107611015,2021.0,wht_nonhis_men_pov_pct,3.34855403348554,
51107611016,2021.0,wht_nonhis_men_pov_pct,2.027027027027027,
51107611017,2021.0,wht_nonhis_men_pov_pct,0.0,
51107611018,2021.0,wht_nonhis_men_pov_pct,4.40251572327044,
51107611019,2021.0,wht_nonhis_men_pov_pct,0.0,
51107611020,2021.0,wht_nonhis_men_pov_pct,6.719717064544651,
51107611022,2021.0,wht_nonhis_men_pov_pct,0.8995502248875562,
51107611023,2021.0,wht_nonhis_men_pov_pct,1.3333333333333333,
51107611026,2021.0,wht_nonhis_men_pov_pct,0.0592768227622999,
51107611027,2021.0,wht_nonhis_men_pov_pct,9.365079365079366,
51107611028,2021.0,wht_nonhis_men_pov_pct,0.0,
51107611029,2021.0,wht_nonhis_men_pov_pct,0.0656167979002624,
51107611030,2021.0,wht_nonhis_men_pov_pct,0.0,
51107611031,2021.0,wht_nonhis_men_pov_pct,0.0,
51107611032,2021.0,wht_nonhis_men_pov_pct,14.61864406779661,
51107611101,2021.0,wht_nonhis_men_pov_pct,7.289719626168225,
51107611102,2021.0,wht_nonhis_men_pov_pct,0.0,
51107611202,2021.0,wht_nonhis_men_pov_pct,0.0,
51107611204,2021.0,wht_nonhis_men_pov_pct,2.3255813953488373,
51107611205,2021.0,wht_nonhis_men_pov_pct,0.0,
51107611206,2021.0,wht_nonhis_men_pov_pct,1.684836471754212,
51107611207,2021.0,wht_nonhis_men_pov_pct,5.641025641025641,
51107611208,2021.0,wht_nonhis_men_pov_pct,0.0,
51107611209,2021.0,wht_nonhis_men_pov_pct,1.0962241169305724,
51107611300,2021.0,wht_nonhis_men_pov_pct,7.708553326293559,
51107611400,2021.0,wht_nonhis_men_pov_pct,3.951890034364261,
51107611501,2021.0,wht_nonhis_men_pov_pct,1.6666666666666667,
51107611502,2021.0,wht_nonhis_men_pov_pct,5.933429811866859,
51107611601,2021.0,wht_nonhis_men_pov_pct,2.607361963190184,
51107611602,2021.0,wht_nonhis_men_pov_pct,0.0,
51107611701,2021.0,wht_nonhis_men_pov_pct,0.0,
51107611702,2021.0,wht_nonhis_men_pov_pct,0.0,
51107611803,2021.0,wht_nonhis_men_pov_pct,1.9143117593436645,
51107611804,2021.0,wht_nonhis_men_pov_pct,5.203405865657522,
51107611805,2021.0,wht_nonhis_men_pov_pct,1.3333333333333333,
51107611807,2021.0,wht_nonhis_men_pov_pct,0.0,
51107611808,2021.0,wht_nonhis_men_pov_pct,1.8306636155606408,
51107611809,2021.0,wht_nonhis_men_pov_pct,0.0,
51107611810,2021.0,wht_nonhis_men_pov_pct,2.3538344722854974,
51107611811,2021.0,wht_nonhis_men_pov_pct,0.0,
51107611812,2021.0,wht_nonhis_men_pov_pct,0.0,
51107611813,2021.0,wht_nonhis_men_pov_pct,0.0,
51107611901,2021.0,wht_nonhis_men_pov_pct,5.691056910569106,
51107611902,2021.0,wht_nonhis_men_pov_pct,0.0,
51107980100,2021.0,wht_nonhis_men_pov_pct,,
51153900100,2021.0,wht_nonhis_men_pov_pct,5.73394495412844,
51153900201,2021.0,wht_nonhis_men_pov_pct,0.0,
51153900202,2021.0,wht_nonhis_men_pov_pct,3.2110091743119265,
51153900203,2021.0,wht_nonhis_men_pov_pct,5.761316872427984,
51153900301,2021.0,wht_nonhis_men_pov_pct,0.0,
51153900302,2021.0,wht_nonhis_men_pov_pct,2.0242914979757085,
51153900403,2021.0,wht_nonhis_men_pov_pct,4.826732673267327,
51153900404,2021.0,wht_nonhis_men_pov_pct,0.2890173410404624,
51153900407,2021.0,wht_nonhis_men_pov_pct,11.11111111111111,
51153900408,2021.0,wht_nonhis_men_pov_pct,6.172839506172839,
51153900409,2021.0,wht_nonhis_men_pov_pct,8.504398826979472,
51153900410,2021.0,wht_nonhis_men_pov_pct,15.352697095435683,
51153900502,2021.0,wht_nonhis_men_pov_pct,9.404990403071018,
51153900503,2021.0,wht_nonhis_men_pov_pct,0.0,
51153900504,2021.0,wht_nonhis_men_pov_pct,7.604562737642586,
51153900601,2021.0,wht_nonhis_men_pov_pct,20.2054794520548,
51153900602,2021.0,wht_nonhis_men_pov_pct,8.786610878661088,
51153900701,2021.0,wht_nonhis_men_pov_pct,6.217616580310881,
51153900702,2021.0,wht_nonhis_men_pov_pct,22.22222222222222,
51153900801,2021.0,wht_nonhis_men_pov_pct,0.0,
51153900803,2021.0,wht_nonhis_men_pov_pct,0.0,
51153900804,2021.0,wht_nonhis_men_pov_pct,0.0,
51153900901,2021.0,wht_nonhis_men_pov_pct,17.624521072796934,
51153900904,2021.0,wht_nonhis_men_pov_pct,3.7433155080213902,
51153900905,2021.0,wht_nonhis_men_pov_pct,1.8115942028985508,
51153901005,2021.0,wht_nonhis_men_pov_pct,0.5653710247349824,
51153901009,2021.0,wht_nonhis_men_pov_pct,1.9466474405191057,
51153901010,2021.0,wht_nonhis_men_pov_pct,2.0120724346076457,
51153901011,2021.0,wht_nonhis_men_pov_pct,2.4050632911392404,
51153901012,2021.0,wht_nonhis_men_pov_pct,3.4554973821989527,
51153901013,2021.0,wht_nonhis_men_pov_pct,0.0,
51153901014,2021.0,wht_nonhis_men_pov_pct,0.0,
51153901015,2021.0,wht_nonhis_men_pov_pct,0.9345794392523364,
51153901016,2021.0,wht_nonhis_men_pov_pct,6.037735849056604,
51153901101,2021.0,wht_nonhis_men_pov_pct,3.8793103448275854,
51153901102,2021.0,wht_nonhis_men_pov_pct,0.0,
51153901203,2021.0,wht_nonhis_men_pov_pct,0.326797385620915,
51153901208,2021.0,wht_nonhis_men_pov_pct,0.9817671809256662,
51153901209,2021.0,wht_nonhis_men_pov_pct,4.0837696335078535,
51153901211,2021.0,wht_nonhis_men_pov_pct,4.775280898876405,
51153901212,2021.0,wht_nonhis_men_pov_pct,2.478134110787172,
51153901219,2021.0,wht_nonhis_men_pov_pct,1.3188073394495412,
51153901221,2021.0,wht_nonhis_men_pov_pct,1.5560165975103737,
51153901222,2021.0,wht_nonhis_men_pov_pct,0.0,
51153901223,2021.0,wht_nonhis_men_pov_pct,0.0,
51153901224,2021.0,wht_nonhis_men_pov_pct,0.0,
51153901225,2021.0,wht_nonhis_men_pov_pct,3.4229828850855744,
51153901226,2021.0,wht_nonhis_men_pov_pct,7.64904386951631,
51153901227,2021.0,wht_nonhis_men_pov_pct,2.066115702479338,
51153901228,2021.0,wht_nonhis_men_pov_pct,3.9509536784741135,
51153901229,2021.0,wht_nonhis_men_pov_pct,1.21765601217656,
51153901230,2021.0,wht_nonhis_men_pov_pct,0.0,
51153901231,2021.0,wht_nonhis_men_pov_pct,1.6643550624133148,
51153901232,2021.0,wht_nonhis_men_pov_pct,1.4517506404782237,
51153901233,2021.0,wht_nonhis_men_pov_pct,0.0,
51153901234,2021.0,wht_nonhis_men_pov_pct,3.542234332425068,
51153901235,2021.0,wht_nonhis_men_pov_pct,0.0,
51153901236,2021.0,wht_nonhis_men_pov_pct,4.485488126649076,
51153901237,2021.0,wht_nonhis_men_pov_pct,1.680672268907563,
51153901303,2021.0,wht_nonhis_men_pov_pct,7.400379506641366,
51153901304,2021.0,wht_nonhis_men_pov_pct,4.631578947368421,
51153901305,2021.0,wht_nonhis_men_pov_pct,2.2058823529411766,
51153901306,2021.0,wht_nonhis_men_pov_pct,0.0,
51153901403,2021.0,wht_nonhis_men_pov_pct,3.707742639040349,
51153901407,2021.0,wht_nonhis_men_pov_pct,1.1185682326621924,
51153901409,2021.0,wht_nonhis_men_pov_pct,4.377358490566038,
51153901411,2021.0,wht_nonhis_men_pov_pct,0.6081081081081081,
51153901412,2021.0,wht_nonhis_men_pov_pct,0.0,
51153901413,2021.0,wht_nonhis_men_pov_pct,0.0,
51153901414,2021.0,wht_nonhis_men_pov_pct,2.281368821292776,
51153901415,2021.0,wht_nonhis_men_pov_pct,0.0,
51153901416,2021.0,wht_nonhis_men_pov_pct,1.981132075471698,
51153901417,2021.0,wht_nonhis_men_pov_pct,8.891595615103533,
51153901418,2021.0,wht_nonhis_men_pov_pct,10.472972972972974,
51153901419,2021.0,wht_nonhis_men_pov_pct,0.0,
51153901420,2021.0,wht_nonhis_men_pov_pct,1.536491677336748,
51153901421,2021.0,wht_nonhis_men_pov_pct,0.0,
51153901503,2021.0,wht_nonhis_men_pov_pct,0.3680981595092024,
51153901504,2021.0,wht_nonhis_men_pov_pct,0.0,
51153901505,2021.0,wht_nonhis_men_pov_pct,1.095290251916758,
51153901506,2021.0,wht_nonhis_men_pov_pct,2.753036437246964,
51153901507,2021.0,wht_nonhis_men_pov_pct,1.1784511784511784,
51153901508,2021.0,wht_nonhis_men_pov_pct,8.54788877445932,
51153901509,2021.0,wht_nonhis_men_pov_pct,0.0,
51153901510,2021.0,wht_nonhis_men_pov_pct,2.0516717325227964,
51153901511,2021.0,wht_nonhis_men_pov_pct,0.0,
51153901601,2021.0,wht_nonhis_men_pov_pct,5.691056910569106,
51153901602,2021.0,wht_nonhis_men_pov_pct,3.484062268346924,
51153901702,2021.0,wht_nonhis_men_pov_pct,2.933333333333333,
51153901703,2021.0,wht_nonhis_men_pov_pct,0.0,
51153901704,2021.0,wht_nonhis_men_pov_pct,2.7868852459016398,
51153901900,2021.0,wht_nonhis_men_pov_pct,1.2958963282937366,
51153980100,2021.0,wht_nonhis_men_pov_pct,,
51510200102,2021.0,wht_nonhis_men_pov_pct,0.0,
51510200104,2021.0,wht_nonhis_men_pov_pct,7.262569832402234,
51510200105,2021.0,wht_nonhis_men_pov_pct,36.98630136986301,
51510200106,2021.0,wht_nonhis_men_pov_pct,2.710027100271003,
51510200108,2021.0,wht_nonhis_men_pov_pct,0.0,
51510200109,2021.0,wht_nonhis_men_pov_pct,27.82805429864253,
51510200110,2021.0,wht_nonhis_men_pov_pct,0.0,
51510200111,2021.0,wht_nonhis_men_pov_pct,4.825737265415549,
51510200201,2021.0,wht_nonhis_men_pov_pct,1.8666666666666667,
51510200202,2021.0,wht_nonhis_men_pov_pct,0.0,
51510200301,2021.0,wht_nonhis_men_pov_pct,9.267241379310343,
51510200302,2021.0,wht_nonhis_men_pov_pct,3.585147247119078,
51510200304,2021.0,wht_nonhis_men_pov_pct,11.929824561403509,
51510200305,2021.0,wht_nonhis_men_pov_pct,0.0,
51510200403,2021.0,wht_nonhis_men_pov_pct,4.885057471264368,
51510200404,2021.0,wht_nonhis_men_pov_pct,0.501432664756447,
51510200406,2021.0,wht_nonhis_men_pov_pct,5.070993914807302,
51510200407,2021.0,wht_nonhis_men_pov_pct,1.51285930408472,
51510200408,2021.0,wht_nonhis_men_pov_pct,2.8391167192429023,
51510200409,2021.0,wht_nonhis_men_pov_pct,0.0,
51510200500,2021.0,wht_nonhis_men_pov_pct,5.667506297229219,
51510200600,2021.0,wht_nonhis_men_pov_pct,3.787878787878788,
51510200701,2021.0,wht_nonhis_men_pov_pct,1.910828025477707,
51510200703,2021.0,wht_nonhis_men_pov_pct,0.0,
51510200704,2021.0,wht_nonhis_men_pov_pct,7.71889400921659,
51510200705,2021.0,wht_nonhis_men_pov_pct,0.0,
51510200801,2021.0,wht_nonhis_men_pov_pct,0.89086859688196,
51510200802,2021.0,wht_nonhis_men_pov_pct,0.0,
51510200900,2021.0,wht_nonhis_men_pov_pct,2.114029468289558,
51510201000,2021.0,wht_nonhis_men_pov_pct,2.044293015332197,
51510201100,2021.0,wht_nonhis_men_pov_pct,3.1328320802005014,
51510201202,2021.0,wht_nonhis_men_pov_pct,1.720183486238532,
51510201204,2021.0,wht_nonhis_men_pov_pct,2.9411764705882355,
51510201205,2021.0,wht_nonhis_men_pov_pct,4.0,
51510201206,2021.0,wht_nonhis_men_pov_pct,12.17948717948718,
51510201300,2021.0,wht_nonhis_men_pov_pct,1.7937219730941705,
51510201400,2021.0,wht_nonhis_men_pov_pct,3.700906344410876,
51510201500,2021.0,wht_nonhis_men_pov_pct,0.0,
51510201601,2021.0,wht_nonhis_men_pov_pct,0.0,
51510201602,2021.0,wht_nonhis_men_pov_pct,9.32297447280799,
51510201802,2021.0,wht_nonhis_men_pov_pct,0.0,
51510201803,2021.0,wht_nonhis_men_pov_pct,2.263648468708389,
51510201804,2021.0,wht_nonhis_men_pov_pct,6.639566395663957,
51510201805,2021.0,wht_nonhis_men_pov_pct,4.081632653061225,
51510201900,2021.0,wht_nonhis_men_pov_pct,2.936630602782071,
51510202001,2021.0,wht_nonhis_men_pov_pct,0.0,
51510202002,2021.0,wht_nonhis_men_pov_pct,1.918735891647856,
51510980000,2021.0,wht_nonhis_men_pov_pct,,
51600300100,2021.0,wht_nonhis_men_pov_pct,1.0050251256281406,
51600300200,2021.0,wht_nonhis_men_pov_pct,7.17948717948718,
51600300300,2021.0,wht_nonhis_men_pov_pct,8.504672897196262,
51600300400,2021.0,wht_nonhis_men_pov_pct,5.842696629213483,
51600300500,2021.0,wht_nonhis_men_pov_pct,1.5806111696522656,
51610500100,2021.0,wht_nonhis_men_pov_pct,2.2988505747126435,
51610500200,2021.0,wht_nonhis_men_pov_pct,0.3638568829593693,
51610500300,2021.0,wht_nonhis_men_pov_pct,2.426778242677824,
51683910100,2021.0,wht_nonhis_men_pov_pct,2.1712907117008444,
51683910201,2021.0,wht_nonhis_men_pov_pct,2.197802197802198,
51683910202,2021.0,wht_nonhis_men_pov_pct,0.0,
51683910301,2021.0,wht_nonhis_men_pov_pct,2.8004667444574096,
51683910302,2021.0,wht_nonhis_men_pov_pct,5.066666666666666,
51683910401,2021.0,wht_nonhis_men_pov_pct,3.003003003003003,
51683910402,2021.0,wht_nonhis_men_pov_pct,0.0,
51685920100,2021.0,wht_nonhis_men_pov_pct,1.1444921316165952,
51685920201,2021.0,wht_nonhis_men_pov_pct,0.0,
51685920202,2021.0,wht_nonhis_men_pov_pct,4.535147392290249,
