geoid,year,measure,value,moe
,,total_farmValue,,
51013,2017.0,total_farmValue,1490000.0,
51043,2017.0,total_farmValue,469525000.0,
51047,2017.0,total_farmValue,714876000.0,
51059,2017.0,total_farmValue,99776000.0,
51061,2017.0,total_farmValue,1594419000.0,
51069,2017.0,total_farmValue,793844000.0,
51107,2017.0,total_farmValue,1196833000.0,
51113,2017.0,total_farmValue,635970000.0,
51139,2017.0,total_farmValue,469357000.0,
51153,2017.0,total_farmValue,244620000.0,
51157,2017.0,total_farmValue,483597000.0,
51165,2017.0,total_farmValue,2021206000.0,
51171,2017.0,total_farmValue,768847000.0,
51179,2017.0,total_farmValue,226080000.0,
51187,2017.0,total_farmValue,292085000.0,
51005,2017.0,total_farmValue,130055000.0,
51015,2017.0,total_farmValue,2036052000.0,
51017,2017.0,total_farmValue,175936000.0,
51023,2017.0,total_farmValue,372915000.0,
51045,2017.0,total_farmValue,129870000.0,
51091,2017.0,total_farmValue,297233000.0,
51161,2017.0,total_farmValue,149983000.0,
51163,2017.0,total_farmValue,662862000.0,
51003,2017.0,total_farmValue,1808050000.0,
51007,2017.0,total_farmValue,317697000.0,
51009,2017.0,total_farmValue,366774000.0,
51011,2017.0,total_farmValue,234362000.0,
51019,2017.0,total_farmValue,928537000.0,
51029,2017.0,total_farmValue,295635000.0,
51031,2017.0,total_farmValue,406431000.0,
51033,2017.0,total_farmValue,228498000.0,
51041,2017.0,total_farmValue,166016000.0,
51049,2017.0,total_farmValue,200308000.0,
51065,2017.0,total_farmValue,191659000.0,
51075,2017.0,total_farmValue,308096000.0,
51079,2017.0,total_farmValue,186243000.0,
51085,2017.0,total_farmValue,449018000.0,
51087,2017.0,total_farmValue,59568000.0,
51109,2017.0,total_farmValue,339250000.0,
51125,2017.0,total_farmValue,344131000.0,
51137,2017.0,total_farmValue,599791000.0,
51145,2017.0,total_farmValue,183251000.0,
51147,2017.0,total_farmValue,198033000.0,
51177,2017.0,total_farmValue,234917000.0,
51001,2017.0,total_farmValue,327632000.0,
51036,2017.0,total_farmValue,105883000.0,
51057,2017.0,total_farmValue,187482000.0,
51073,2017.0,total_farmValue,122706000.0,
51095,2017.0,total_farmValue,67049000.0,
51097,2017.0,total_farmValue,162923000.0,
51099,2017.0,total_farmValue,134612000.0,
51101,2017.0,total_farmValue,192017000.0,
51103,2017.0,total_farmValue,68806000.0,
51115,2017.0,total_farmValue,28170000.0,
51119,2017.0,total_farmValue,77410000.0,
51127,2017.0,total_farmValue,98141000.0,
51131,2017.0,total_farmValue,221354000.0,
51133,2017.0,total_farmValue,130704000.0,
51159,2017.0,total_farmValue,126372000.0,
51193,2017.0,total_farmValue,196387000.0,
51199,2017.0,total_farmValue,11055000.0,
51021,2017.0,total_farmValue,242247000.0,
51027,2017.0,total_farmValue,26701000.0,
51035,2017.0,total_farmValue,383011000.0,
51051,2017.0,total_farmValue,31493000.0,
51063,2017.0,total_farmValue,419329000.0,
51071,2017.0,total_farmValue,200907000.0,
51077,2017.0,total_farmValue,495806000.0,
51105,2017.0,total_farmValue,251145000.0,
51121,2017.0,total_farmValue,492267000.0,
51155,2017.0,total_farmValue,272682000.0,
51167,2017.0,total_farmValue,492151000.0,
51169,2017.0,total_farmValue,330558000.0,
51173,2017.0,total_farmValue,361057000.0,
51185,2017.0,total_farmValue,377408000.0,
51191,2017.0,total_farmValue,888375000.0,
51195,2017.0,total_farmValue,81583000.0,
51197,2017.0,total_farmValue,594302000.0,
51037,2017.0,total_farmValue,318875000.0,
51067,2017.0,total_farmValue,562882000.0,
51083,2017.0,total_farmValue,554058000.0,
51089,2017.0,total_farmValue,134798000.0,
51111,2017.0,total_farmValue,194085000.0,
51135,2017.0,total_farmValue,159919000.0,
51141,2017.0,total_farmValue,253206000.0,
51143,2017.0,total_farmValue,698299000.0,
51025,2017.0,total_farmValue,166942000.0,
51053,2017.0,total_farmValue,284854000.0,
51081,2017.0,total_farmValue,147937000.0,
51093,2017.0,total_farmValue,299577000.0,
51117,2017.0,total_farmValue,390170000.0,
51149,2017.0,total_farmValue,150891000.0,
51175,2017.0,total_farmValue,438107000.0,
51181,2017.0,total_farmValue,142125000.0,
51183,2017.0,total_farmValue,183852000.0,
51550,2017.0,total_farmValue,215179000.0,
51800,2017.0,total_farmValue,326177000.0,
51810,2017.0,total_farmValue,225273000.0,
