geoid,year,measure,value,moe
,,total_farmValue,,
51013,2017.0,total_farmValue,1490000.0,
51043,2017.0,total_farmValue,469525000.0,
51047,2017.0,total_farmValue,714876000.0,
51059,2017.0,total_farmValue,99776000.0,
51061,2017.0,total_farmValue,1594419000.0,
51069,2017.0,total_farmValue,793844000.0,
51107,2017.0,total_farmValue,1196833000.0,
51113,2017.0,total_farmValue,635970000.0,
51139,2017.0,total_farmValue,469357000.0,
51153,2017.0,total_farmValue,244620000.0,
51157,2017.0,total_farmValue,483597000.0,
51165,2017.0,total_farmValue,2021206000.0,
51171,2017.0,total_farmValue,768847000.0,
51179,2017.0,total_farmValue,226080000.0,
51187,2017.0,total_farmValue,292085000.0,
51005,2017.0,total_farmValue,130055000.0,
51015,2017.0,total_farmValue,2036052000.0,
51017,2017.0,total_farmValue,175936000.0,
51023,2017.0,total_farmValue,372915000.0,
51045,2017.0,total_farmValue,129870000.0,
51091,2017.0,total_farmValue,297233000.0,
51161,2017.0,total_farmValue,149983000.0,
51163,2017.0,total_farmValue,662862000.0,
51003,2017.0,total_farmValue,1808050000.0,
51007,2017.0,total_farmValue,317697000.0,
51009,2017.0,total_farmValue,366774000.0,
51011,2017.0,total_farmValue,234362000.0,
51019,2017.0,total_farmValue,928537000.0,
51029,2017.0,total_farmValue,295635000.0,
51031,2017.0,total_farmValue,406431000.0,
51033,2017.0,total_farmValue,228498000.0,
51041,2017.0,total_farmValue,166016000.0,
51049,2017.0,total_farmValue,200308000.0,
51065,2017.0,total_farmValue,191659000.0,
51075,2017.0,total_farmValue,308096000.0,
51079,2017.0,total_farmValue,186243000.0,
51085,2017.0,total_farmValue,449018000.0,
51087,2017.0,total_farmValue,59568000.0,
51109,2017.0,total_farmValue,339250000.0,
51125,2017.0,total_farmValue,344131000.0,
51137,2017.0,total_farmValue,599791000.0,
51145,2017.0,total_farmValue,183251000.0,
51147,2017.0,total_farmValue,198033000.0,
51177,2017.0,total_farmValue,234917000.0,
51001,2017.0,total_farmValue,327632000.0,
51036,2017.0,total_farmValue,105883000.0,
51057,2017.0,total_farmValue,187482000.0,
51073,2017.0,total_farmValue,122706000.0,
51095,2017.0,total_farmValue,67049000.0,
51097,2017.0,total_farmValue,162923000.0,
51099,2017.0,total_farmValue,134612000.0,
51101,2017.0,total_farmValue,192017000.0,
51103,2017.0,total_farmValue,68806000.0,
51115,2017.0,total_farmValue,28170000.0,
51119,2017.0,total_farmValue,77410000.0,
51127,2017.0,total_farmValue,98141000.0,
51131,2017.0,total_farmValue,221354000.0,
51133,2017.0,total_farmValue,130704000.0,
51159,2017.0,total_farmValue,126372000.0,
51193,2017.0,total_farmValue,196387000.0,
51199,2017.0,total_farmValue,11055000.0,
51021,2017.0,total_farmValue,242247000.0,
51027,2017.0,total_farmValue,26701000.0,
51035,2017.0,total_farmValue,383011000.0,
51051,2017.0,total_farmValue,31493000.0,
51063,2017.0,total_farmValue,419329000.0,
51071,2017.0,total_farmValue,200907000.0,
51077,2017.0,total_farmValue,495806000.0,
51105,2017.0,total_farmValue,251145000.0,
51121,2017.0,total_farmValue,492267000.0,
51155,2017.0,total_farmValue,272682000.0,
51167,2017.0,total_farmValue,492151000.0,
51169,2017.0,total_farmValue,330558000.0,
51173,2017.0,total_farmValue,361057000.0,
51185,2017.0,total_farmValue,377408000.0,
51191,2017.0,total_farmValue,888375000.0,
51195,2017.0,total_farmValue,81583000.0,
51197,2017.0,total_farmValue,594302000.0,
51037,2017.0,total_farmValue,318875000.0,
51067,2017.0,total_farmValue,562882000.0,
51083,2017.0,total_farmValue,554058000.0,
51089,2017.0,total_farmValue,134798000.0,
51111,2017.0,total_farmValue,194085000.0,
51135,2017.0,total_farmValue,159919000.0,
51141,2017.0,total_farmValue,253206000.0,
51143,2017.0,total_farmValue,698299000.0,
51025,2017.0,total_farmValue,166942000.0,
51053,2017.0,total_farmValue,284854000.0,
51081,2017.0,total_farmValue,147937000.0,
51093,2017.0,total_farmValue,299577000.0,
51117,2017.0,total_farmValue,390170000.0,
51149,2017.0,total_farmValue,150891000.0,
51175,2017.0,total_farmValue,438107000.0,
51181,2017.0,total_farmValue,142125000.0,
51183,2017.0,total_farmValue,183852000.0,
51550,2017.0,total_farmValue,215179000.0,
51800,2017.0,total_farmValue,326177000.0,
51810,2017.0,total_farmValue,225273000.0,
51013,2022.0,total_farmValue,450000.0,
51043,2022.0,total_farmValue,482273000.0,
51047,2022.0,total_farmValue,921518000.0,
51059,2022.0,total_farmValue,63258000.0,
51061,2022.0,total_farmValue,1501250000.0,
51069,2022.0,total_farmValue,741387000.0,
51107,2022.0,total_farmValue,1351962000.0,
51113,2022.0,total_farmValue,696135000.0,
51139,2022.0,total_farmValue,506560000.0,
51153,2022.0,total_farmValue,251509000.0,
51157,2022.0,total_farmValue,499351000.0,
51165,2022.0,total_farmValue,1826047000.0,
51171,2022.0,total_farmValue,884826000.0,
51179,2022.0,total_farmValue,194119000.0,
51187,2022.0,total_farmValue,314813000.0,
51005,2022.0,total_farmValue,104842000.0,
51015,2022.0,total_farmValue,1852835000.0,
51017,2022.0,total_farmValue,149418000.0,
51023,2022.0,total_farmValue,488486000.0,
51045,2022.0,total_farmValue,193590000.0,
51091,2022.0,total_farmValue,324680000.0,
51161,2022.0,total_farmValue,169367000.0,
51163,2022.0,total_farmValue,720324000.0,
51003,2022.0,total_farmValue,1516344000.0,
51007,2022.0,total_farmValue,268202000.0,
51009,2022.0,total_farmValue,432057000.0,
51011,2022.0,total_farmValue,267672000.0,
51019,2022.0,total_farmValue,1014779000.0,
51029,2022.0,total_farmValue,355989000.0,
51031,2022.0,total_farmValue,428025000.0,
51033,2022.0,total_farmValue,283194000.0,
51041,2022.0,total_farmValue,160163000.0,
51049,2022.0,total_farmValue,228671000.0,
51065,2022.0,total_farmValue,243265000.0,
51075,2022.0,total_farmValue,290655000.0,
51079,2022.0,total_farmValue,255827000.0,
51085,2022.0,total_farmValue,620863000.0,
51087,2022.0,total_farmValue,61436000.0,
51109,2022.0,total_farmValue,487471000.0,
51125,2022.0,total_farmValue,381662000.0,
51137,2022.0,total_farmValue,687397000.0,
51145,2022.0,total_farmValue,218994000.0,
51147,2022.0,total_farmValue,226087000.0,
51177,2022.0,total_farmValue,306982000.0,
51001,2022.0,total_farmValue,409835000.0,
51036,2022.0,total_farmValue,141884000.0,
51057,2022.0,total_farmValue,252512000.0,
51073,2022.0,total_farmValue,151234000.0,
51095,2022.0,total_farmValue,66602000.0,
51097,2022.0,total_farmValue,173080000.0,
51099,2022.0,total_farmValue,217841000.0,
51101,2022.0,total_farmValue,243463000.0,
51103,2022.0,total_farmValue,52451000.0,
51115,2022.0,total_farmValue,29414000.0,
51119,2022.0,total_farmValue,77436000.0,
51127,2022.0,total_farmValue,118458000.0,
51131,2022.0,total_farmValue,206814000.0,
51133,2022.0,total_farmValue,213782000.0,
51159,2022.0,total_farmValue,128147000.0,
51193,2022.0,total_farmValue,290173000.0,
51199,2022.0,total_farmValue,20038000.0,
51021,2022.0,total_farmValue,233880000.0,
51027,2022.0,total_farmValue,38173000.0,
51035,2022.0,total_farmValue,432710000.0,
51051,2022.0,total_farmValue,27730000.0,
51063,2022.0,total_farmValue,456057000.0,
51071,2022.0,total_farmValue,260094000.0,
51077,2022.0,total_farmValue,579957000.0,
51105,2022.0,total_farmValue,314464000.0,
51121,2022.0,total_farmValue,488793000.0,
51155,2022.0,total_farmValue,295269000.0,
51167,2022.0,total_farmValue,597445000.0,
51169,2022.0,total_farmValue,449566000.0,
51173,2022.0,total_farmValue,465262000.0,
51185,2022.0,total_farmValue,431086000.0,
51191,2022.0,total_farmValue,954196000.0,
51195,2022.0,total_farmValue,55583000.0,
51197,2022.0,total_farmValue,582151000.0,
51037,2022.0,total_farmValue,376091000.0,
51067,2022.0,total_farmValue,640425000.0,
51083,2022.0,total_farmValue,508658000.0,
51089,2022.0,total_farmValue,135820000.0,
51111,2022.0,total_farmValue,258748000.0,
51135,2022.0,total_farmValue,260031000.0,
51141,2022.0,total_farmValue,278519000.0,
51143,2022.0,total_farmValue,780606000.0,
51025,2022.0,total_farmValue,178296000.0,
51053,2022.0,total_farmValue,338315000.0,
51081,2022.0,total_farmValue,110690000.0,
51093,2022.0,total_farmValue,311418000.0,
51117,2022.0,total_farmValue,404614000.0,
51149,2022.0,total_farmValue,109098000.0,
51175,2022.0,total_farmValue,560893000.0,
51181,2022.0,total_farmValue,136298000.0,
51183,2022.0,total_farmValue,199008000.0,
51550,2022.0,total_farmValue,213197000.0,
51800,2022.0,total_farmValue,341582000.0,
51810,2022.0,total_farmValue,192162000.0,
