geoid,year,measure,value,moe
,,total_animal_expense,,
51013,2017.0,total_animal_expense,,
51043,2017.0,total_animal_expense,1195000.0,
51047,2017.0,total_animal_expense,2203000.0,
51059,2017.0,total_animal_expense,94000.0,
51061,2017.0,total_animal_expense,3437000.0,
51069,2017.0,total_animal_expense,1047000.0,
51107,2017.0,total_animal_expense,2186000.0,
51113,2017.0,total_animal_expense,2925000.0,
51139,2017.0,total_animal_expense,17942000.0,
51153,2017.0,total_animal_expense,515000.0,
51157,2017.0,total_animal_expense,595000.0,
51165,2017.0,total_animal_expense,96994000.0,
51171,2017.0,total_animal_expense,15700000.0,
51179,2017.0,total_animal_expense,1659000.0,
51187,2017.0,total_animal_expense,420000.0,
51005,2017.0,total_animal_expense,140000.0,
51015,2017.0,total_animal_expense,35964000.0,
51017,2017.0,total_animal_expense,756000.0,
51023,2017.0,total_animal_expense,2915000.0,
51045,2017.0,total_animal_expense,726000.0,
51091,2017.0,total_animal_expense,4681000.0,
51161,2017.0,total_animal_expense,111000.0,
51163,2017.0,total_animal_expense,3948000.0,
51003,2017.0,total_animal_expense,1164000.0,
51007,2017.0,total_animal_expense,17647000.0,
51009,2017.0,total_animal_expense,582000.0,
51011,2017.0,total_animal_expense,1120000.0,
51019,2017.0,total_animal_expense,2358000.0,
51029,2017.0,total_animal_expense,4986000.0,
51031,2017.0,total_animal_expense,2077000.0,
51033,2017.0,total_animal_expense,164000.0,
51041,2017.0,total_animal_expense,237000.0,
51049,2017.0,total_animal_expense,3783000.0,
51065,2017.0,total_animal_expense,152000.0,
51075,2017.0,total_animal_expense,363000.0,
51079,2017.0,total_animal_expense,505000.0,
51085,2017.0,total_animal_expense,750000.0,
51087,2017.0,total_animal_expense,51000.0,
51109,2017.0,total_animal_expense,778000.0,
51125,2017.0,total_animal_expense,605000.0,
51137,2017.0,total_animal_expense,4014000.0,
51145,2017.0,total_animal_expense,1614000.0,
51147,2017.0,total_animal_expense,2623000.0,
51177,2017.0,total_animal_expense,280000.0,
51001,2017.0,total_animal_expense,23312000.0,
51036,2017.0,total_animal_expense,,
51057,2017.0,total_animal_expense,67000.0,
51073,2017.0,total_animal_expense,248000.0,
51095,2017.0,total_animal_expense,59000.0,
51097,2017.0,total_animal_expense,1024000.0,
51099,2017.0,total_animal_expense,31000.0,
51101,2017.0,total_animal_expense,96000.0,
51103,2017.0,total_animal_expense,32000.0,
51115,2017.0,total_animal_expense,191000.0,
51119,2017.0,total_animal_expense,104000.0,
51127,2017.0,total_animal_expense,184000.0,
51131,2017.0,total_animal_expense,3711000.0,
51133,2017.0,total_animal_expense,240000.0,
51159,2017.0,total_animal_expense,,
51193,2017.0,total_animal_expense,828000.0,
51199,2017.0,total_animal_expense,15000.0,
51021,2017.0,total_animal_expense,478000.0,
51027,2017.0,total_animal_expense,19000.0,
51035,2017.0,total_animal_expense,12403000.0,
51051,2017.0,total_animal_expense,123000.0,
51063,2017.0,total_animal_expense,5361000.0,
51071,2017.0,total_animal_expense,1471000.0,
51077,2017.0,total_animal_expense,15678000.0,
51105,2017.0,total_animal_expense,4886000.0,
51121,2017.0,total_animal_expense,3215000.0,
51155,2017.0,total_animal_expense,3696000.0,
51167,2017.0,total_animal_expense,4062000.0,
51169,2017.0,total_animal_expense,3817000.0,
51173,2017.0,total_animal_expense,12793000.0,
51185,2017.0,total_animal_expense,7249000.0,
51191,2017.0,total_animal_expense,16042000.0,
51195,2017.0,total_animal_expense,120000.0,
51197,2017.0,total_animal_expense,26898000.0,
51037,2017.0,total_animal_expense,3209000.0,
51067,2017.0,total_animal_expense,2259000.0,
51083,2017.0,total_animal_expense,3477000.0,
51089,2017.0,total_animal_expense,203000.0,
51111,2017.0,total_animal_expense,851000.0,
51135,2017.0,total_animal_expense,10490000.0,
51141,2017.0,total_animal_expense,677000.0,
51143,2017.0,total_animal_expense,3502000.0,
51025,2017.0,total_animal_expense,253000.0,
51053,2017.0,total_animal_expense,787000.0,
51081,2017.0,total_animal_expense,27000.0,
51093,2017.0,total_animal_expense,5573000.0,
51117,2017.0,total_animal_expense,552000.0,
51149,2017.0,total_animal_expense,50000.0,
51175,2017.0,total_animal_expense,2159000.0,
51181,2017.0,total_animal_expense,,
51183,2017.0,total_animal_expense,,
51550,2017.0,total_animal_expense,1335000.0,
51800,2017.0,total_animal_expense,832000.0,
51810,2017.0,total_animal_expense,59000.0,
51013,2022.0,total_animal_expense,4000.0,
51043,2022.0,total_animal_expense,990000.0,
51047,2022.0,total_animal_expense,2536000.0,
51059,2022.0,total_animal_expense,29000.0,
51061,2022.0,total_animal_expense,3553000.0,
51069,2022.0,total_animal_expense,669000.0,
51107,2022.0,total_animal_expense,1926000.0,
51113,2022.0,total_animal_expense,1907000.0,
51139,2022.0,total_animal_expense,18593000.0,
51153,2022.0,total_animal_expense,539000.0,
51157,2022.0,total_animal_expense,1521000.0,
51165,2022.0,total_animal_expense,133272000.0,
51171,2022.0,total_animal_expense,19921000.0,
51179,2022.0,total_animal_expense,247000.0,
51187,2022.0,total_animal_expense,1742000.0,
51005,2022.0,total_animal_expense,334000.0,
51015,2022.0,total_animal_expense,43162000.0,
51017,2022.0,total_animal_expense,220000.0,
51023,2022.0,total_animal_expense,6362000.0,
51045,2022.0,total_animal_expense,664000.0,
51091,2022.0,total_animal_expense,4841000.0,
51161,2022.0,total_animal_expense,308000.0,
51163,2022.0,total_animal_expense,3442000.0,
51003,2022.0,total_animal_expense,1545000.0,
51007,2022.0,total_animal_expense,12890000.0,
51009,2022.0,total_animal_expense,735000.0,
51011,2022.0,total_animal_expense,810000.0,
51019,2022.0,total_animal_expense,2046000.0,
51029,2022.0,total_animal_expense,6352000.0,
51031,2022.0,total_animal_expense,2679000.0,
51033,2022.0,total_animal_expense,145000.0,
51041,2022.0,total_animal_expense,253000.0,
51049,2022.0,total_animal_expense,6379000.0,
51065,2022.0,total_animal_expense,235000.0,
51075,2022.0,total_animal_expense,568000.0,
51079,2022.0,total_animal_expense,987000.0,
51085,2022.0,total_animal_expense,1390000.0,
51087,2022.0,total_animal_expense,12000.0,
51109,2022.0,total_animal_expense,1711000.0,
51125,2022.0,total_animal_expense,553000.0,
51137,2022.0,total_animal_expense,4432000.0,
51145,2022.0,total_animal_expense,1414000.0,
51147,2022.0,total_animal_expense,2125000.0,
51177,2022.0,total_animal_expense,1208000.0,
51001,2022.0,total_animal_expense,33469000.0,
51036,2022.0,total_animal_expense,85000.0,
51057,2022.0,total_animal_expense,123000.0,
51073,2022.0,total_animal_expense,115000.0,
51095,2022.0,total_animal_expense,22000.0,
51097,2022.0,total_animal_expense,778000.0,
51099,2022.0,total_animal_expense,205000.0,
51101,2022.0,total_animal_expense,500000.0,
51103,2022.0,total_animal_expense,74000.0,
51115,2022.0,total_animal_expense,216000.0,
51119,2022.0,total_animal_expense,,
51127,2022.0,total_animal_expense,26000.0,
51131,2022.0,total_animal_expense,1505000.0,
51133,2022.0,total_animal_expense,,
51159,2022.0,total_animal_expense,41000.0,
51193,2022.0,total_animal_expense,881000.0,
51199,2022.0,total_animal_expense,81000.0,
51021,2022.0,total_animal_expense,739000.0,
51027,2022.0,total_animal_expense,23000.0,
51035,2022.0,total_animal_expense,8061000.0,
51051,2022.0,total_animal_expense,30000.0,
51063,2022.0,total_animal_expense,3160000.0,
51071,2022.0,total_animal_expense,1816000.0,
51077,2022.0,total_animal_expense,15362000.0,
51105,2022.0,total_animal_expense,2915000.0,
51121,2022.0,total_animal_expense,2696000.0,
51155,2022.0,total_animal_expense,2899000.0,
51167,2022.0,total_animal_expense,12257000.0,
51169,2022.0,total_animal_expense,2944000.0,
51173,2022.0,total_animal_expense,21699000.0,
51185,2022.0,total_animal_expense,8127000.0,
51191,2022.0,total_animal_expense,19284000.0,
51195,2022.0,total_animal_expense,190000.0,
51197,2022.0,total_animal_expense,24573000.0,
51037,2022.0,total_animal_expense,2120000.0,
51067,2022.0,total_animal_expense,2532000.0,
51083,2022.0,total_animal_expense,2784000.0,
51089,2022.0,total_animal_expense,209000.0,
51111,2022.0,total_animal_expense,399000.0,
51135,2022.0,total_animal_expense,5648000.0,
51141,2022.0,total_animal_expense,1415000.0,
51143,2022.0,total_animal_expense,3437000.0,
51025,2022.0,total_animal_expense,220000.0,
51053,2022.0,total_animal_expense,345000.0,
51081,2022.0,total_animal_expense,55000.0,
51093,2022.0,total_animal_expense,1317000.0,
51117,2022.0,total_animal_expense,372000.0,
51149,2022.0,total_animal_expense,100000.0,
51175,2022.0,total_animal_expense,6589000.0,
51181,2022.0,total_animal_expense,39000.0,
51183,2022.0,total_animal_expense,,
51550,2022.0,total_animal_expense,120000.0,
51800,2022.0,total_animal_expense,404000.0,
51810,2022.0,total_animal_expense,90000.0,
