geoid,year,measure,value,moe
,,total_cropland_operations,,
51043,2017.0,total_cropland_operations,277.0,
51047,2017.0,total_cropland_operations,481.0,
51059,2017.0,total_cropland_operations,52.0,
51061,2017.0,total_cropland_operations,653.0,
51069,2017.0,total_cropland_operations,522.0,
51107,2017.0,total_cropland_operations,778.0,
51113,2017.0,total_cropland_operations,392.0,
51139,2017.0,total_cropland_operations,357.0,
51153,2017.0,total_cropland_operations,192.0,
51157,2017.0,total_cropland_operations,294.0,
51165,2017.0,total_cropland_operations,1570.0,
51171,2017.0,total_cropland_operations,719.0,
51179,2017.0,total_cropland_operations,151.0,
51187,2017.0,total_cropland_operations,216.0,
51005,2017.0,total_cropland_operations,152.0,
51015,2017.0,total_cropland_operations,1209.0,
51017,2017.0,total_cropland_operations,98.0,
51023,2017.0,total_cropland_operations,442.0,
51045,2017.0,total_cropland_operations,142.0,
51091,2017.0,total_cropland_operations,201.0,
51161,2017.0,total_cropland_operations,183.0,
51163,2017.0,total_cropland_operations,539.0,
51003,2017.0,total_cropland_operations,610.0,
51007,2017.0,total_cropland_operations,294.0,
51009,2017.0,total_cropland_operations,252.0,
51011,2017.0,total_cropland_operations,320.0,
51019,2017.0,total_cropland_operations,1081.0,
51029,2017.0,total_cropland_operations,301.0,
51031,2017.0,total_cropland_operations,550.0,
51033,2017.0,total_cropland_operations,186.0,
51041,2017.0,total_cropland_operations,146.0,
51049,2017.0,total_cropland_operations,197.0,
51065,2017.0,total_cropland_operations,202.0,
51075,2017.0,total_cropland_operations,218.0,
51079,2017.0,total_cropland_operations,157.0,
51085,2017.0,total_cropland_operations,403.0,
51087,2017.0,total_cropland_operations,70.0,
51109,2017.0,total_cropland_operations,329.0,
51125,2017.0,total_cropland_operations,319.0,
51137,2017.0,total_cropland_operations,287.0,
51145,2017.0,total_cropland_operations,164.0,
51147,2017.0,total_cropland_operations,254.0,
51177,2017.0,total_cropland_operations,240.0,
51001,2017.0,total_cropland_operations,140.0,
51036,2017.0,total_cropland_operations,43.0,
51057,2017.0,total_cropland_operations,71.0,
51073,2017.0,total_cropland_operations,86.0,
51095,2017.0,total_cropland_operations,46.0,
51097,2017.0,total_cropland_operations,113.0,
51099,2017.0,total_cropland_operations,117.0,
51101,2017.0,total_cropland_operations,74.0,
51103,2017.0,total_cropland_operations,61.0,
51115,2017.0,total_cropland_operations,27.0,
51119,2017.0,total_cropland_operations,50.0,
51127,2017.0,total_cropland_operations,89.0,
51131,2017.0,total_cropland_operations,91.0,
51133,2017.0,total_cropland_operations,83.0,
51159,2017.0,total_cropland_operations,89.0,
51193,2017.0,total_cropland_operations,160.0,
51199,2017.0,total_cropland_operations,17.0,
51021,2017.0,total_cropland_operations,297.0,
51027,2017.0,total_cropland_operations,53.0,
51035,2017.0,total_cropland_operations,660.0,
51051,2017.0,total_cropland_operations,57.0,
51063,2017.0,total_cropland_operations,602.0,
51071,2017.0,total_cropland_operations,302.0,
51077,2017.0,total_cropland_operations,578.0,
51105,2017.0,total_cropland_operations,651.0,
51121,2017.0,total_cropland_operations,448.0,
51155,2017.0,total_cropland_operations,317.0,
51167,2017.0,total_cropland_operations,723.0,
51169,2017.0,total_cropland_operations,936.0,
51173,2017.0,total_cropland_operations,531.0,
51185,2017.0,total_cropland_operations,370.0,
51191,2017.0,total_cropland_operations,1184.0,
51195,2017.0,total_cropland_operations,109.0,
51197,2017.0,total_cropland_operations,651.0,
51037,2017.0,total_cropland_operations,383.0,
51067,2017.0,total_cropland_operations,784.0,
51083,2017.0,total_cropland_operations,737.0,
51089,2017.0,total_cropland_operations,179.0,
51111,2017.0,total_cropland_operations,262.0,
51135,2017.0,total_cropland_operations,244.0,
51141,2017.0,total_cropland_operations,386.0,
51143,2017.0,total_cropland_operations,899.0,
51025,2017.0,total_cropland_operations,196.0,
51053,2017.0,total_cropland_operations,273.0,
51081,2017.0,total_cropland_operations,111.0,
51093,2017.0,total_cropland_operations,168.0,
51117,2017.0,total_cropland_operations,427.0,
51149,2017.0,total_cropland_operations,129.0,
51175,2017.0,total_cropland_operations,209.0,
51181,2017.0,total_cropland_operations,101.0,
51183,2017.0,total_cropland_operations,114.0,
51550,2017.0,total_cropland_operations,154.0,
51800,2017.0,total_cropland_operations,190.0,
51810,2017.0,total_cropland_operations,119.0,
