geoid,year,measure,value,moe
51059415100,2021.0,below_pov_f_afr_amer,0.0,
51059415200,2021.0,below_pov_f_afr_amer,0.0,
51059415300,2021.0,below_pov_f_afr_amer,137.0,
51059415401,2021.0,below_pov_f_afr_amer,38.0,
51059415402,2021.0,below_pov_f_afr_amer,16.0,
51059415500,2021.0,below_pov_f_afr_amer,303.0,
51059415600,2021.0,below_pov_f_afr_amer,0.0,
51059415700,2021.0,below_pov_f_afr_amer,0.0,
51059415800,2021.0,below_pov_f_afr_amer,1.0,
51059415900,2021.0,below_pov_f_afr_amer,15.0,
51059416000,2021.0,below_pov_f_afr_amer,173.0,
51059416100,2021.0,below_pov_f_afr_amer,0.0,
51059416200,2021.0,below_pov_f_afr_amer,72.0,
51059416300,2021.0,below_pov_f_afr_amer,0.0,
51059420100,2021.0,below_pov_f_afr_amer,32.0,
51059420201,2021.0,below_pov_f_afr_amer,103.0,
51059420202,2021.0,below_pov_f_afr_amer,0.0,
51059420203,2021.0,below_pov_f_afr_amer,2.0,
51059420300,2021.0,below_pov_f_afr_amer,0.0,
51059420400,2021.0,below_pov_f_afr_amer,47.0,
51059420501,2021.0,below_pov_f_afr_amer,11.0,
51059420502,2021.0,below_pov_f_afr_amer,10.0,
51059420503,2021.0,below_pov_f_afr_amer,51.0,
51059420600,2021.0,below_pov_f_afr_amer,28.0,
51059420700,2021.0,below_pov_f_afr_amer,0.0,
51059420800,2021.0,below_pov_f_afr_amer,0.0,
51059421001,2021.0,below_pov_f_afr_amer,0.0,
51059421002,2021.0,below_pov_f_afr_amer,0.0,
51059421101,2021.0,below_pov_f_afr_amer,48.0,
51059421102,2021.0,below_pov_f_afr_amer,3.0,
51059421103,2021.0,below_pov_f_afr_amer,0.0,
51059421200,2021.0,below_pov_f_afr_amer,0.0,
51059421300,2021.0,below_pov_f_afr_amer,0.0,
51059421400,2021.0,below_pov_f_afr_amer,31.0,
51059421500,2021.0,below_pov_f_afr_amer,470.0,
51059421600,2021.0,below_pov_f_afr_amer,363.0,
51059421701,2021.0,below_pov_f_afr_amer,91.0,
51059421702,2021.0,below_pov_f_afr_amer,5.0,
51059421800,2021.0,below_pov_f_afr_amer,81.0,
51059421900,2021.0,below_pov_f_afr_amer,9.0,
51059422000,2021.0,below_pov_f_afr_amer,138.0,
51059422101,2021.0,below_pov_f_afr_amer,92.0,
51059422102,2021.0,below_pov_f_afr_amer,33.0,
51059422201,2021.0,below_pov_f_afr_amer,0.0,
51059422202,2021.0,below_pov_f_afr_amer,129.0,
51059422301,2021.0,below_pov_f_afr_amer,0.0,
51059422302,2021.0,below_pov_f_afr_amer,0.0,
51059422401,2021.0,below_pov_f_afr_amer,66.0,
51059422402,2021.0,below_pov_f_afr_amer,55.0,
51059422403,2021.0,below_pov_f_afr_amer,8.0,
51059430101,2021.0,below_pov_f_afr_amer,0.0,
51059430102,2021.0,below_pov_f_afr_amer,0.0,
51059430201,2021.0,below_pov_f_afr_amer,1.0,
51059430202,2021.0,below_pov_f_afr_amer,44.0,
51059430203,2021.0,below_pov_f_afr_amer,18.0,
51059430400,2021.0,below_pov_f_afr_amer,8.0,
51059430500,2021.0,below_pov_f_afr_amer,0.0,
51059430600,2021.0,below_pov_f_afr_amer,0.0,
51059430700,2021.0,below_pov_f_afr_amer,43.0,
51059430801,2021.0,below_pov_f_afr_amer,0.0,
51059430802,2021.0,below_pov_f_afr_amer,0.0,
51059430901,2021.0,below_pov_f_afr_amer,63.0,
51059430902,2021.0,below_pov_f_afr_amer,0.0,
51059431001,2021.0,below_pov_f_afr_amer,0.0,
51059431002,2021.0,below_pov_f_afr_amer,0.0,
51059431300,2021.0,below_pov_f_afr_amer,0.0,
51059431400,2021.0,below_pov_f_afr_amer,2.0,
51059431500,2021.0,below_pov_f_afr_amer,18.0,
51059431601,2021.0,below_pov_f_afr_amer,0.0,
51059431602,2021.0,below_pov_f_afr_amer,22.0,
51059431801,2021.0,below_pov_f_afr_amer,0.0,
51059431802,2021.0,below_pov_f_afr_amer,0.0,
51059431900,2021.0,below_pov_f_afr_amer,0.0,
51059432000,2021.0,below_pov_f_afr_amer,52.0,
51059432100,2021.0,below_pov_f_afr_amer,0.0,
51059432201,2021.0,below_pov_f_afr_amer,28.0,
51059432202,2021.0,below_pov_f_afr_amer,19.0,
51059432300,2021.0,below_pov_f_afr_amer,0.0,
51059432401,2021.0,below_pov_f_afr_amer,0.0,
51059432402,2021.0,below_pov_f_afr_amer,0.0,
51059432500,2021.0,below_pov_f_afr_amer,0.0,
51059432600,2021.0,below_pov_f_afr_amer,0.0,
51059432701,2021.0,below_pov_f_afr_amer,0.0,
51059432702,2021.0,below_pov_f_afr_amer,25.0,
51059432800,2021.0,below_pov_f_afr_amer,19.0,
51059440100,2021.0,below_pov_f_afr_amer,2.0,
51059440201,2021.0,below_pov_f_afr_amer,73.0,
51059440202,2021.0,below_pov_f_afr_amer,202.0,
51059440300,2021.0,below_pov_f_afr_amer,0.0,
51059440501,2021.0,below_pov_f_afr_amer,1.0,
51059440503,2021.0,below_pov_f_afr_amer,0.0,
51059440504,2021.0,below_pov_f_afr_amer,0.0,
51059440505,2021.0,below_pov_f_afr_amer,0.0,
51059440600,2021.0,below_pov_f_afr_amer,0.0,
51059440701,2021.0,below_pov_f_afr_amer,0.0,
51059440702,2021.0,below_pov_f_afr_amer,0.0,
51059440800,2021.0,below_pov_f_afr_amer,24.0,
51059450100,2021.0,below_pov_f_afr_amer,0.0,
51059450200,2021.0,below_pov_f_afr_amer,0.0,
51059450300,2021.0,below_pov_f_afr_amer,27.0,
51059450400,2021.0,below_pov_f_afr_amer,0.0,
51059450500,2021.0,below_pov_f_afr_amer,0.0,
51059450601,2021.0,below_pov_f_afr_amer,1.0,
51059450602,2021.0,below_pov_f_afr_amer,3.0,
51059450701,2021.0,below_pov_f_afr_amer,7.0,
51059450702,2021.0,below_pov_f_afr_amer,11.0,
51059450800,2021.0,below_pov_f_afr_amer,0.0,
51059450900,2021.0,below_pov_f_afr_amer,0.0,
51059451000,2021.0,below_pov_f_afr_amer,38.0,
51059451100,2021.0,below_pov_f_afr_amer,0.0,
51059451200,2021.0,below_pov_f_afr_amer,0.0,
51059451300,2021.0,below_pov_f_afr_amer,0.0,
51059451400,2021.0,below_pov_f_afr_amer,36.0,
51059451501,2021.0,below_pov_f_afr_amer,36.0,
51059451502,2021.0,below_pov_f_afr_amer,0.0,
51059451601,2021.0,below_pov_f_afr_amer,2.0,
51059451602,2021.0,below_pov_f_afr_amer,0.0,
51059451800,2021.0,below_pov_f_afr_amer,33.0,
51059451900,2021.0,below_pov_f_afr_amer,24.0,
51059452000,2021.0,below_pov_f_afr_amer,8.0,
51059452101,2021.0,below_pov_f_afr_amer,124.0,
51059452102,2021.0,below_pov_f_afr_amer,0.0,
51059452200,2021.0,below_pov_f_afr_amer,0.0,
51059452301,2021.0,below_pov_f_afr_amer,87.0,
51059452302,2021.0,below_pov_f_afr_amer,0.0,
51059452400,2021.0,below_pov_f_afr_amer,14.0,
51059452501,2021.0,below_pov_f_afr_amer,0.0,
51059452502,2021.0,below_pov_f_afr_amer,123.0,
51059452600,2021.0,below_pov_f_afr_amer,70.0,
51059452700,2021.0,below_pov_f_afr_amer,319.0,
51059452801,2021.0,below_pov_f_afr_amer,90.0,
51059452802,2021.0,below_pov_f_afr_amer,109.0,
51059460100,2021.0,below_pov_f_afr_amer,0.0,
51059460200,2021.0,below_pov_f_afr_amer,0.0,
51059460300,2021.0,below_pov_f_afr_amer,0.0,
51059460400,2021.0,below_pov_f_afr_amer,0.0,
51059460501,2021.0,below_pov_f_afr_amer,0.0,
51059460503,2021.0,below_pov_f_afr_amer,53.0,
51059460504,2021.0,below_pov_f_afr_amer,0.0,
51059460600,2021.0,below_pov_f_afr_amer,0.0,
51059460701,2021.0,below_pov_f_afr_amer,0.0,
51059460702,2021.0,below_pov_f_afr_amer,0.0,
51059460800,2021.0,below_pov_f_afr_amer,0.0,
51059460900,2021.0,below_pov_f_afr_amer,0.0,
51059461000,2021.0,below_pov_f_afr_amer,0.0,
51059461100,2021.0,below_pov_f_afr_amer,0.0,
51059461201,2021.0,below_pov_f_afr_amer,0.0,
51059461202,2021.0,below_pov_f_afr_amer,28.0,
51059461500,2021.0,below_pov_f_afr_amer,0.0,
51059461603,2021.0,below_pov_f_afr_amer,0.0,
51059461604,2021.0,below_pov_f_afr_amer,0.0,
51059461605,2021.0,below_pov_f_afr_amer,21.0,
51059461606,2021.0,below_pov_f_afr_amer,29.0,
51059461700,2021.0,below_pov_f_afr_amer,55.0,
51059461801,2021.0,below_pov_f_afr_amer,0.0,
51059461802,2021.0,below_pov_f_afr_amer,15.0,
51059461901,2021.0,below_pov_f_afr_amer,0.0,
51059461902,2021.0,below_pov_f_afr_amer,0.0,
51059470100,2021.0,below_pov_f_afr_amer,0.0,
51059470300,2021.0,below_pov_f_afr_amer,1.0,
51059470400,2021.0,below_pov_f_afr_amer,0.0,
51059470500,2021.0,below_pov_f_afr_amer,0.0,
51059470600,2021.0,below_pov_f_afr_amer,15.0,
51059470700,2021.0,below_pov_f_afr_amer,83.0,
51059470800,2021.0,below_pov_f_afr_amer,0.0,
51059470900,2021.0,below_pov_f_afr_amer,3.0,
51059471000,2021.0,below_pov_f_afr_amer,0.0,
51059471100,2021.0,below_pov_f_afr_amer,0.0,
51059471201,2021.0,below_pov_f_afr_amer,0.0,
51059471203,2021.0,below_pov_f_afr_amer,0.0,
51059471204,2021.0,below_pov_f_afr_amer,0.0,
51059471301,2021.0,below_pov_f_afr_amer,11.0,
51059471303,2021.0,below_pov_f_afr_amer,0.0,
51059471304,2021.0,below_pov_f_afr_amer,10.0,
51059471401,2021.0,below_pov_f_afr_amer,4.0,
51059471402,2021.0,below_pov_f_afr_amer,0.0,
51059480100,2021.0,below_pov_f_afr_amer,0.0,
51059480201,2021.0,below_pov_f_afr_amer,0.0,
51059480203,2021.0,below_pov_f_afr_amer,0.0,
51059480204,2021.0,below_pov_f_afr_amer,0.0,
51059480205,2021.0,below_pov_f_afr_amer,0.0,
51059480301,2021.0,below_pov_f_afr_amer,0.0,
51059480302,2021.0,below_pov_f_afr_amer,0.0,
51059480401,2021.0,below_pov_f_afr_amer,0.0,
51059480402,2021.0,below_pov_f_afr_amer,0.0,
51059480501,2021.0,below_pov_f_afr_amer,0.0,
51059480502,2021.0,below_pov_f_afr_amer,0.0,
51059480503,2021.0,below_pov_f_afr_amer,0.0,
51059480504,2021.0,below_pov_f_afr_amer,0.0,
51059480505,2021.0,below_pov_f_afr_amer,0.0,
51059480801,2021.0,below_pov_f_afr_amer,22.0,
51059480802,2021.0,below_pov_f_afr_amer,13.0,
51059480901,2021.0,below_pov_f_afr_amer,1.0,
51059480902,2021.0,below_pov_f_afr_amer,0.0,
51059480903,2021.0,below_pov_f_afr_amer,42.0,
51059481000,2021.0,below_pov_f_afr_amer,117.0,
51059481101,2021.0,below_pov_f_afr_amer,0.0,
51059481102,2021.0,below_pov_f_afr_amer,0.0,
51059481103,2021.0,below_pov_f_afr_amer,27.0,
51059481104,2021.0,below_pov_f_afr_amer,17.0,
51059481105,2021.0,below_pov_f_afr_amer,0.0,
51059481106,2021.0,below_pov_f_afr_amer,0.0,
51059481201,2021.0,below_pov_f_afr_amer,0.0,
51059481202,2021.0,below_pov_f_afr_amer,191.0,
51059481400,2021.0,below_pov_f_afr_amer,0.0,
51059481500,2021.0,below_pov_f_afr_amer,0.0,
51059481600,2021.0,below_pov_f_afr_amer,6.0,
51059481701,2021.0,below_pov_f_afr_amer,0.0,
51059481702,2021.0,below_pov_f_afr_amer,70.0,
51059481900,2021.0,below_pov_f_afr_amer,41.0,
51059482001,2021.0,below_pov_f_afr_amer,0.0,
51059482002,2021.0,below_pov_f_afr_amer,0.0,
51059482100,2021.0,below_pov_f_afr_amer,44.0,
51059482201,2021.0,below_pov_f_afr_amer,31.0,
51059482203,2021.0,below_pov_f_afr_amer,29.0,
51059482204,2021.0,below_pov_f_afr_amer,0.0,
51059482205,2021.0,below_pov_f_afr_amer,0.0,
51059482206,2021.0,below_pov_f_afr_amer,9.0,
51059482301,2021.0,below_pov_f_afr_amer,0.0,
51059482302,2021.0,below_pov_f_afr_amer,74.0,
51059482303,2021.0,below_pov_f_afr_amer,0.0,
51059482400,2021.0,below_pov_f_afr_amer,0.0,
51059482502,2021.0,below_pov_f_afr_amer,0.0,
51059482503,2021.0,below_pov_f_afr_amer,18.0,
51059482504,2021.0,below_pov_f_afr_amer,0.0,
51059482505,2021.0,below_pov_f_afr_amer,0.0,
51059482506,2021.0,below_pov_f_afr_amer,79.0,
51059482507,2021.0,below_pov_f_afr_amer,0.0,
51059482601,2021.0,below_pov_f_afr_amer,25.0,
51059482603,2021.0,below_pov_f_afr_amer,13.0,
51059482604,2021.0,below_pov_f_afr_amer,0.0,
51059490101,2021.0,below_pov_f_afr_amer,54.0,
51059490104,2021.0,below_pov_f_afr_amer,0.0,
51059490105,2021.0,below_pov_f_afr_amer,0.0,
51059490501,2021.0,below_pov_f_afr_amer,70.0,
51059490502,2021.0,below_pov_f_afr_amer,0.0,
51059491000,2021.0,below_pov_f_afr_amer,22.0,
51059491101,2021.0,below_pov_f_afr_amer,0.0,
51059491102,2021.0,below_pov_f_afr_amer,0.0,
51059491103,2021.0,below_pov_f_afr_amer,38.0,
51059491201,2021.0,below_pov_f_afr_amer,0.0,
51059491202,2021.0,below_pov_f_afr_amer,0.0,
51059491301,2021.0,below_pov_f_afr_amer,35.0,
51059491302,2021.0,below_pov_f_afr_amer,0.0,
51059491303,2021.0,below_pov_f_afr_amer,123.0,
51059491401,2021.0,below_pov_f_afr_amer,40.0,
51059491402,2021.0,below_pov_f_afr_amer,0.0,
51059491403,2021.0,below_pov_f_afr_amer,0.0,
51059491404,2021.0,below_pov_f_afr_amer,0.0,
51059491405,2021.0,below_pov_f_afr_amer,0.0,
51059491501,2021.0,below_pov_f_afr_amer,2.0,
51059491502,2021.0,below_pov_f_afr_amer,0.0,
51059491601,2021.0,below_pov_f_afr_amer,0.0,
51059491602,2021.0,below_pov_f_afr_amer,40.0,
51059491701,2021.0,below_pov_f_afr_amer,0.0,
51059491703,2021.0,below_pov_f_afr_amer,0.0,
51059491704,2021.0,below_pov_f_afr_amer,0.0,
51059491705,2021.0,below_pov_f_afr_amer,0.0,
51059491706,2021.0,below_pov_f_afr_amer,0.0,
51059491707,2021.0,below_pov_f_afr_amer,39.0,
51059491801,2021.0,below_pov_f_afr_amer,0.0,
51059491802,2021.0,below_pov_f_afr_amer,0.0,
51059491803,2021.0,below_pov_f_afr_amer,0.0,
51059492000,2021.0,below_pov_f_afr_amer,0.0,
51059492100,2021.0,below_pov_f_afr_amer,0.0,
51059492201,2021.0,below_pov_f_afr_amer,0.0,
51059492202,2021.0,below_pov_f_afr_amer,0.0,
51059492203,2021.0,below_pov_f_afr_amer,0.0,
51059492300,2021.0,below_pov_f_afr_amer,0.0,
51059492400,2021.0,below_pov_f_afr_amer,36.0,
51059492500,2021.0,below_pov_f_afr_amer,0.0,
51059980100,2021.0,below_pov_f_afr_amer,0.0,
51059980200,2021.0,below_pov_f_afr_amer,0.0,
51059980300,2021.0,below_pov_f_afr_amer,0.0,
