geoid,year,measure,value,moe
51000,2023.0,schoolFundAdequacy,888.0,
51001,2023.0,schoolFundAdequacy,-5895.0,
51003,2023.0,schoolFundAdequacy,,
51005,2023.0,schoolFundAdequacy,3848.0,
51007,2023.0,schoolFundAdequacy,-522.0,
51009,2023.0,schoolFundAdequacy,1307.0,
51011,2023.0,schoolFundAdequacy,1217.0,
51013,2023.0,schoolFundAdequacy,5863.0,
51015,2023.0,schoolFundAdequacy,6425.0,
51017,2023.0,schoolFundAdequacy,5378.0,
51019,2023.0,schoolFundAdequacy,5409.0,
51021,2023.0,schoolFundAdequacy,1439.0,
51023,2023.0,schoolFundAdequacy,4883.0,
51025,2023.0,schoolFundAdequacy,-5958.0,
51027,2023.0,schoolFundAdequacy,1759.0,
51029,2023.0,schoolFundAdequacy,-1268.0,
51031,2023.0,schoolFundAdequacy,1555.0,
51033,2023.0,schoolFundAdequacy,505.0,
51035,2023.0,schoolFundAdequacy,2844.0,
51036,2023.0,schoolFundAdequacy,-2468.0,
51037,2023.0,schoolFundAdequacy,-3055.0,
51041,2023.0,schoolFundAdequacy,-506.0,
51043,2023.0,schoolFundAdequacy,3762.0,
51045,2023.0,schoolFundAdequacy,-3807.0,
51047,2023.0,schoolFundAdequacy,1007.0,
51049,2023.0,schoolFundAdequacy,-2841.0,
51051,2023.0,schoolFundAdequacy,2436.0,
51053,2023.0,schoolFundAdequacy,-810.0,
51057,2023.0,schoolFundAdequacy,-4994.0,
51059,2023.0,schoolFundAdequacy,2382.0,
51061,2023.0,schoolFundAdequacy,3811.0,
51063,2023.0,schoolFundAdequacy,2515.0,
51065,2023.0,schoolFundAdequacy,3548.0,
51067,2023.0,schoolFundAdequacy,2012.0,
51069,2023.0,schoolFundAdequacy,,
51071,2023.0,schoolFundAdequacy,2582.0,
51073,2023.0,schoolFundAdequacy,4730.0,
51075,2023.0,schoolFundAdequacy,3106.0,
51077,2023.0,schoolFundAdequacy,1365.0,
51079,2023.0,schoolFundAdequacy,2934.0,
51081,2023.0,schoolFundAdequacy,,
51083,2023.0,schoolFundAdequacy,-4550.0,
51085,2023.0,schoolFundAdequacy,3239.0,
51087,2023.0,schoolFundAdequacy,-2502.0,
51089,2023.0,schoolFundAdequacy,-2730.0,
51091,2023.0,schoolFundAdequacy,2602.0,
51093,2023.0,schoolFundAdequacy,1954.0,
51095,2023.0,schoolFundAdequacy,,
51097,2023.0,schoolFundAdequacy,196.0,
51099,2023.0,schoolFundAdequacy,882.0,
51101,2023.0,schoolFundAdequacy,3740.0,
51103,2023.0,schoolFundAdequacy,-3297.0,
51105,2023.0,schoolFundAdequacy,-60.0,
51107,2023.0,schoolFundAdequacy,7001.0,
51109,2023.0,schoolFundAdequacy,1937.0,
51111,2023.0,schoolFundAdequacy,-4723.0,
51113,2023.0,schoolFundAdequacy,3791.0,
51115,2023.0,schoolFundAdequacy,3181.0,
51117,2023.0,schoolFundAdequacy,-1508.0,
51119,2023.0,schoolFundAdequacy,-1417.0,
51121,2023.0,schoolFundAdequacy,5562.0,
51125,2023.0,schoolFundAdequacy,1709.0,
51127,2023.0,schoolFundAdequacy,4021.0,
51131,2023.0,schoolFundAdequacy,-7202.0,
51133,2023.0,schoolFundAdequacy,-3155.0,
51135,2023.0,schoolFundAdequacy,-4791.0,
51137,2023.0,schoolFundAdequacy,2608.0,
51139,2023.0,schoolFundAdequacy,3462.0,
51141,2023.0,schoolFundAdequacy,1033.0,
51143,2023.0,schoolFundAdequacy,-306.0,
51145,2023.0,schoolFundAdequacy,5016.0,
51147,2023.0,schoolFundAdequacy,-4167.0,
51149,2023.0,schoolFundAdequacy,360.0,
51153,2023.0,schoolFundAdequacy,-651.0,
51155,2023.0,schoolFundAdequacy,3176.0,
51157,2023.0,schoolFundAdequacy,4724.0,
51159,2023.0,schoolFundAdequacy,-1361.0,
51161,2023.0,schoolFundAdequacy,3380.0,
51163,2023.0,schoolFundAdequacy,3919.0,
51165,2023.0,schoolFundAdequacy,,
51167,2023.0,schoolFundAdequacy,2949.0,
51169,2023.0,schoolFundAdequacy,817.0,
51171,2023.0,schoolFundAdequacy,2918.0,
51173,2023.0,schoolFundAdequacy,2434.0,
51175,2023.0,schoolFundAdequacy,-101.0,
51177,2023.0,schoolFundAdequacy,1282.0,
51179,2023.0,schoolFundAdequacy,691.0,
51181,2023.0,schoolFundAdequacy,893.0,
51183,2023.0,schoolFundAdequacy,-4323.0,
51185,2023.0,schoolFundAdequacy,600.0,
51187,2023.0,schoolFundAdequacy,1191.0,
51191,2023.0,schoolFundAdequacy,2216.0,
51193,2023.0,schoolFundAdequacy,-3264.0,
51195,2023.0,schoolFundAdequacy,298.0,
51197,2023.0,schoolFundAdequacy,2613.0,
51199,2023.0,schoolFundAdequacy,4100.0,
51510,2023.0,schoolFundAdequacy,358.0,
51520,2023.0,schoolFundAdequacy,-1074.0,
51530,2023.0,schoolFundAdequacy,-969.0,
51540,2023.0,schoolFundAdequacy,4649.0,
51550,2023.0,schoolFundAdequacy,48.0,
51570,2023.0,schoolFundAdequacy,848.0,
51580,2023.0,schoolFundAdequacy,-4735.0,
51590,2023.0,schoolFundAdequacy,-6716.0,
51595,2023.0,schoolFundAdequacy,-5630.0,
51600,2023.0,schoolFundAdequacy,,
51610,2023.0,schoolFundAdequacy,11878.0,
51620,2023.0,schoolFundAdequacy,-8329.0,
51630,2023.0,schoolFundAdequacy,-1589.0,
51640,2023.0,schoolFundAdequacy,-2876.0,
51650,2023.0,schoolFundAdequacy,-4937.0,
51660,2023.0,schoolFundAdequacy,2031.0,
51670,2023.0,schoolFundAdequacy,-8300.0,
51678,2023.0,schoolFundAdequacy,4298.0,
51680,2023.0,schoolFundAdequacy,-3024.0,
51683,2023.0,schoolFundAdequacy,-2315.0,
51685,2023.0,schoolFundAdequacy,-4557.0,
51690,2023.0,schoolFundAdequacy,-7253.0,
51700,2023.0,schoolFundAdequacy,-4358.0,
51710,2023.0,schoolFundAdequacy,-5983.0,
51720,2023.0,schoolFundAdequacy,-4328.0,
51730,2023.0,schoolFundAdequacy,-10309.0,
51735,2023.0,schoolFundAdequacy,6844.0,
51740,2023.0,schoolFundAdequacy,-5928.0,
51750,2023.0,schoolFundAdequacy,1496.0,
51760,2023.0,schoolFundAdequacy,-5041.0,
51770,2023.0,schoolFundAdequacy,-3920.0,
51775,2023.0,schoolFundAdequacy,1098.0,
51790,2023.0,schoolFundAdequacy,3715.0,
51800,2023.0,schoolFundAdequacy,-2672.0,
51810,2023.0,schoolFundAdequacy,2508.0,
51820,2023.0,schoolFundAdequacy,2642.0,
51830,2023.0,schoolFundAdequacy,-264.0,
51840,2023.0,schoolFundAdequacy,2397.0,
51000,2022.0,schoolFundAdequacy,-186.0,
51001,2022.0,schoolFundAdequacy,-7389.0,
51003,2022.0,schoolFundAdequacy,,
51005,2022.0,schoolFundAdequacy,2000.0,
51007,2022.0,schoolFundAdequacy,-1651.0,
51009,2022.0,schoolFundAdequacy,-322.0,
51011,2022.0,schoolFundAdequacy,168.0,
51013,2022.0,schoolFundAdequacy,4927.0,
51015,2022.0,schoolFundAdequacy,6127.0,
51017,2022.0,schoolFundAdequacy,5586.0,
51019,2022.0,schoolFundAdequacy,3985.0,
51021,2022.0,schoolFundAdequacy,202.0,
51023,2022.0,schoolFundAdequacy,4554.0,
51025,2022.0,schoolFundAdequacy,-8501.0,
51027,2022.0,schoolFundAdequacy,-52.0,
51029,2022.0,schoolFundAdequacy,-3571.0,
51031,2022.0,schoolFundAdequacy,825.0,
51033,2022.0,schoolFundAdequacy,-458.0,
51035,2022.0,schoolFundAdequacy,1199.0,
51036,2022.0,schoolFundAdequacy,-2818.0,
51037,2022.0,schoolFundAdequacy,-3185.0,
51041,2022.0,schoolFundAdequacy,-802.0,
51043,2022.0,schoolFundAdequacy,2950.0,
51045,2022.0,schoolFundAdequacy,-3467.0,
51047,2022.0,schoolFundAdequacy,650.0,
51049,2022.0,schoolFundAdequacy,-4876.0,
51051,2022.0,schoolFundAdequacy,221.0,
51053,2022.0,schoolFundAdequacy,-1970.0,
51057,2022.0,schoolFundAdequacy,-6500.0,
51059,2022.0,schoolFundAdequacy,1679.0,
51061,2022.0,schoolFundAdequacy,3582.0,
51063,2022.0,schoolFundAdequacy,3220.0,
51065,2022.0,schoolFundAdequacy,3396.0,
51067,2022.0,schoolFundAdequacy,1172.0,
51069,2022.0,schoolFundAdequacy,,
51071,2022.0,schoolFundAdequacy,2091.0,
51073,2022.0,schoolFundAdequacy,3518.0,
51075,2022.0,schoolFundAdequacy,1519.0,
51077,2022.0,schoolFundAdequacy,-629.0,
51079,2022.0,schoolFundAdequacy,2580.0,
51081,2022.0,schoolFundAdequacy,,
51083,2022.0,schoolFundAdequacy,-5457.0,
51085,2022.0,schoolFundAdequacy,2744.0,
51087,2022.0,schoolFundAdequacy,-3324.0,
51089,2022.0,schoolFundAdequacy,-3928.0,
51091,2022.0,schoolFundAdequacy,2616.0,
51093,2022.0,schoolFundAdequacy,472.0,
51095,2022.0,schoolFundAdequacy,,
51097,2022.0,schoolFundAdequacy,-1669.0,
51099,2022.0,schoolFundAdequacy,303.0,
51101,2022.0,schoolFundAdequacy,3928.0,
51103,2022.0,schoolFundAdequacy,-3398.0,
51105,2022.0,schoolFundAdequacy,-484.0,
51107,2022.0,schoolFundAdequacy,6079.0,
51109,2022.0,schoolFundAdequacy,375.0,
51111,2022.0,schoolFundAdequacy,-5030.0,
51113,2022.0,schoolFundAdequacy,1627.0,
51115,2022.0,schoolFundAdequacy,712.0,
51117,2022.0,schoolFundAdequacy,-4553.0,
51119,2022.0,schoolFundAdequacy,-1268.0,
51121,2022.0,schoolFundAdequacy,4063.0,
51125,2022.0,schoolFundAdequacy,1742.0,
51127,2022.0,schoolFundAdequacy,2843.0,
51131,2022.0,schoolFundAdequacy,-7895.0,
51133,2022.0,schoolFundAdequacy,-4874.0,
51135,2022.0,schoolFundAdequacy,-5594.0,
51137,2022.0,schoolFundAdequacy,2285.0,
51139,2022.0,schoolFundAdequacy,2204.0,
51141,2022.0,schoolFundAdequacy,218.0,
51143,2022.0,schoolFundAdequacy,-1009.0,
51145,2022.0,schoolFundAdequacy,4536.0,
51147,2022.0,schoolFundAdequacy,-6863.0,
51149,2022.0,schoolFundAdequacy,-976.0,
51153,2022.0,schoolFundAdequacy,-1611.0,
51155,2022.0,schoolFundAdequacy,1205.0,
51157,2022.0,schoolFundAdequacy,3556.0,
51159,2022.0,schoolFundAdequacy,-4147.0,
51161,2022.0,schoolFundAdequacy,2866.0,
51163,2022.0,schoolFundAdequacy,2889.0,
51165,2022.0,schoolFundAdequacy,,
51167,2022.0,schoolFundAdequacy,1446.0,
51169,2022.0,schoolFundAdequacy,992.0,
51171,2022.0,schoolFundAdequacy,2929.0,
51173,2022.0,schoolFundAdequacy,754.0,
51175,2022.0,schoolFundAdequacy,-2588.0,
51177,2022.0,schoolFundAdequacy,1475.0,
51179,2022.0,schoolFundAdequacy,807.0,
51181,2022.0,schoolFundAdequacy,585.0,
51183,2022.0,schoolFundAdequacy,-7247.0,
51185,2022.0,schoolFundAdequacy,-370.0,
51187,2022.0,schoolFundAdequacy,1360.0,
51191,2022.0,schoolFundAdequacy,1938.0,
51193,2022.0,schoolFundAdequacy,-5127.0,
51195,2022.0,schoolFundAdequacy,-1889.0,
51197,2022.0,schoolFundAdequacy,2140.0,
51199,2022.0,schoolFundAdequacy,3763.0,
51510,2022.0,schoolFundAdequacy,-1941.0,
51520,2022.0,schoolFundAdequacy,-1788.0,
51530,2022.0,schoolFundAdequacy,-1133.0,
51540,2022.0,schoolFundAdequacy,3108.0,
51550,2022.0,schoolFundAdequacy,-1460.0,
51570,2022.0,schoolFundAdequacy,-212.0,
51580,2022.0,schoolFundAdequacy,-5262.0,
51590,2022.0,schoolFundAdequacy,-9557.0,
51595,2022.0,schoolFundAdequacy,-7725.0,
51600,2022.0,schoolFundAdequacy,,
51610,2022.0,schoolFundAdequacy,11100.0,
51620,2022.0,schoolFundAdequacy,-11095.0,
51630,2022.0,schoolFundAdequacy,-2528.0,
51640,2022.0,schoolFundAdequacy,-4973.0,
51650,2022.0,schoolFundAdequacy,-6846.0,
51660,2022.0,schoolFundAdequacy,1450.0,
51670,2022.0,schoolFundAdequacy,-8407.0,
51678,2022.0,schoolFundAdequacy,1008.0,
51680,2022.0,schoolFundAdequacy,-4402.0,
51683,2022.0,schoolFundAdequacy,-3139.0,
51685,2022.0,schoolFundAdequacy,-3991.0,
51690,2022.0,schoolFundAdequacy,-6625.0,
51700,2022.0,schoolFundAdequacy,-6017.0,
51710,2022.0,schoolFundAdequacy,-7767.0,
51720,2022.0,schoolFundAdequacy,-5679.0,
51730,2022.0,schoolFundAdequacy,-13160.0,
51735,2022.0,schoolFundAdequacy,5920.0,
51740,2022.0,schoolFundAdequacy,-7995.0,
51750,2022.0,schoolFundAdequacy,-469.0,
51760,2022.0,schoolFundAdequacy,-11870.0,
51770,2022.0,schoolFundAdequacy,-5871.0,
51775,2022.0,schoolFundAdequacy,1054.0,
51790,2022.0,schoolFundAdequacy,1440.0,
51800,2022.0,schoolFundAdequacy,-4424.0,
51810,2022.0,schoolFundAdequacy,2197.0,
51820,2022.0,schoolFundAdequacy,823.0,
51830,2022.0,schoolFundAdequacy,-1404.0,
51840,2022.0,schoolFundAdequacy,1818.0,
