geoid,year,measure,value,moe
11001,2014.0,weighted_budget_shortfall,54460000.0,
11001,2017.0,weighted_budget_shortfall,54187000.0,
11001,2016.0,weighted_budget_shortfall,54534000.0,
11001,2015.0,weighted_budget_shortfall,55450000.0,
11001,2019.0,weighted_budget_shortfall,53073000.0,
11001,2018.0,weighted_budget_shortfall,53528000.0,
24017,2014.0,weighted_budget_shortfall,9438000.0,
24017,2015.0,weighted_budget_shortfall,9887000.0,
24017,2019.0,weighted_budget_shortfall,6147000.0,
24017,2018.0,weighted_budget_shortfall,7820000.0,
24017,2017.0,weighted_budget_shortfall,9121000.0,
24017,2016.0,weighted_budget_shortfall,9505000.0,
24021,2019.0,weighted_budget_shortfall,13981000.0,
24021,2017.0,weighted_budget_shortfall,8816000.0,
24021,2014.0,weighted_budget_shortfall,9435000.0,
24021,2018.0,weighted_budget_shortfall,12437000.0,
24021,2016.0,weighted_budget_shortfall,8556000.0,
24021,2015.0,weighted_budget_shortfall,9519000.0,
24031,2018.0,weighted_budget_shortfall,54868000.0,
24031,2016.0,weighted_budget_shortfall,38673000.0,
24031,2017.0,weighted_budget_shortfall,40564000.0,
24031,2014.0,weighted_budget_shortfall,42210000.0,
24031,2015.0,weighted_budget_shortfall,39961000.0,
24031,2019.0,weighted_budget_shortfall,59429000.0,
24033,2016.0,weighted_budget_shortfall,65228000.0,
24033,2015.0,weighted_budget_shortfall,68674000.0,
24033,2018.0,weighted_budget_shortfall,51702000.0,
24033,2017.0,weighted_budget_shortfall,63940000.0,
24033,2014.0,weighted_budget_shortfall,69710000.0,
24033,2019.0,weighted_budget_shortfall,37491000.0,
51013,2018.0,weighted_budget_shortfall,11540000.0,
51013,2016.0,weighted_budget_shortfall,11935000.0,
51013,2017.0,weighted_budget_shortfall,12020000.0,
51013,2019.0,weighted_budget_shortfall,13692000.0,
51013,2015.0,weighted_budget_shortfall,12334000.0,
51013,2014.0,weighted_budget_shortfall,12129000.0,
51059,2015.0,weighted_budget_shortfall,38145000.0,
51059,2016.0,weighted_budget_shortfall,36364000.0,
51059,2014.0,weighted_budget_shortfall,38755000.0,
51059,2018.0,weighted_budget_shortfall,40558000.0,
51059,2017.0,weighted_budget_shortfall,36081000.0,
51059,2019.0,weighted_budget_shortfall,44251000.0,
51107,2017.0,weighted_budget_shortfall,7854000.0,
51107,2014.0,weighted_budget_shortfall,8718000.0,
51107,2016.0,weighted_budget_shortfall,8205000.0,
51107,2019.0,weighted_budget_shortfall,10094000.0,
51107,2015.0,weighted_budget_shortfall,8820000.0,
51107,2018.0,weighted_budget_shortfall,9249000.0,
51153,2016.0,weighted_budget_shortfall,14512000.0,
51153,2018.0,weighted_budget_shortfall,14552000.0,
51153,2017.0,weighted_budget_shortfall,14471000.0,
51153,2019.0,weighted_budget_shortfall,12835000.0,
51153,2014.0,weighted_budget_shortfall,15867000.0,
51153,2015.0,weighted_budget_shortfall,14737000.0,
51510,2016.0,weighted_budget_shortfall,9698000.0,
51510,2015.0,weighted_budget_shortfall,10843000.0,
51510,2018.0,weighted_budget_shortfall,8453000.0,
51510,2019.0,weighted_budget_shortfall,8986000.0,
51510,2014.0,weighted_budget_shortfall,10775000.0,
51510,2017.0,weighted_budget_shortfall,9424000.0,
51600,2015.0,weighted_budget_shortfall,604000.0,
51600,2014.0,weighted_budget_shortfall,957000.0,
51600,2017.0,weighted_budget_shortfall,586000.0,
51600,2018.0,weighted_budget_shortfall,705000.0,
51600,2016.0,weighted_budget_shortfall,517000.0,
51600,2019.0,weighted_budget_shortfall,785000.0,
51610,2015.0,weighted_budget_shortfall,445000.0,
51610,2018.0,weighted_budget_shortfall,418000.0,
51610,2016.0,weighted_budget_shortfall,438000.0,
51610,2017.0,weighted_budget_shortfall,438000.0,
51610,2019.0,weighted_budget_shortfall,565000.0,
51610,2014.0,weighted_budget_shortfall,510000.0,
51683,2014.0,weighted_budget_shortfall,1511000.0,
51683,2019.0,weighted_budget_shortfall,1254000.0,
51683,2016.0,weighted_budget_shortfall,975000.0,
51683,2015.0,weighted_budget_shortfall,1120000.0,
51683,2017.0,weighted_budget_shortfall,1078000.0,
51683,2018.0,weighted_budget_shortfall,1342000.0,
51685,2014.0,weighted_budget_shortfall,497000.0,
51685,2016.0,weighted_budget_shortfall,321000.0,
51685,2015.0,weighted_budget_shortfall,318000.0,
51685,2018.0,weighted_budget_shortfall,632000.0,
51685,2019.0,weighted_budget_shortfall,493000.0,
51685,2017.0,weighted_budget_shortfall,398000.0,
51001,2018.0,weighted_budget_shortfall,2079000.0,
51001,2017.0,weighted_budget_shortfall,2278000.0,
51001,2016.0,weighted_budget_shortfall,2358000.0,
51001,2015.0,weighted_budget_shortfall,2457000.0,
51001,2014.0,weighted_budget_shortfall,2534000.0,
51001,2019.0,weighted_budget_shortfall,1990000.0,
51003,2017.0,weighted_budget_shortfall,5421000.0,
51003,2016.0,weighted_budget_shortfall,5060000.0,
51003,2015.0,weighted_budget_shortfall,5512000.0,
51003,2019.0,weighted_budget_shortfall,5471000.0,
51003,2014.0,weighted_budget_shortfall,5786000.0,
51003,2018.0,weighted_budget_shortfall,5131000.0,
51005,2017.0,weighted_budget_shortfall,963000.0,
51005,2016.0,weighted_budget_shortfall,954000.0,
51005,2015.0,weighted_budget_shortfall,985000.0,
51005,2019.0,weighted_budget_shortfall,1195000.0,
51005,2014.0,weighted_budget_shortfall,934000.0,
51005,2018.0,weighted_budget_shortfall,1093000.0,
51007,2015.0,weighted_budget_shortfall,817000.0,
51007,2017.0,weighted_budget_shortfall,749000.0,
51007,2018.0,weighted_budget_shortfall,704000.0,
51007,2016.0,weighted_budget_shortfall,735000.0,
51007,2019.0,weighted_budget_shortfall,629000.0,
51007,2014.0,weighted_budget_shortfall,798000.0,
51009,2018.0,weighted_budget_shortfall,1720000.0,
51009,2019.0,weighted_budget_shortfall,1748000.0,
51009,2017.0,weighted_budget_shortfall,1782000.0,
51009,2015.0,weighted_budget_shortfall,1988000.0,
51009,2014.0,weighted_budget_shortfall,1998000.0,
51009,2016.0,weighted_budget_shortfall,1874000.0,
51011,2018.0,weighted_budget_shortfall,899000.0,
51011,2017.0,weighted_budget_shortfall,894000.0,
51011,2016.0,weighted_budget_shortfall,983000.0,
51011,2019.0,weighted_budget_shortfall,877000.0,
51011,2015.0,weighted_budget_shortfall,1045000.0,
51011,2014.0,weighted_budget_shortfall,1026000.0,
51013,2018.0,weighted_budget_shortfall,11540000.0,
51013,2016.0,weighted_budget_shortfall,11935000.0,
51013,2017.0,weighted_budget_shortfall,12020000.0,
51013,2019.0,weighted_budget_shortfall,13692000.0,
51013,2015.0,weighted_budget_shortfall,12334000.0,
51013,2014.0,weighted_budget_shortfall,12129000.0,
51015,2017.0,weighted_budget_shortfall,3091000.0,
51015,2019.0,weighted_budget_shortfall,3862000.0,
51015,2016.0,weighted_budget_shortfall,3015000.0,
51015,2015.0,weighted_budget_shortfall,3314000.0,
51015,2014.0,weighted_budget_shortfall,3359000.0,
51015,2018.0,weighted_budget_shortfall,3505000.0,
51017,2016.0,weighted_budget_shortfall,209000.0,
51017,2017.0,weighted_budget_shortfall,200000.0,
51017,2015.0,weighted_budget_shortfall,224000.0,
51017,2014.0,weighted_budget_shortfall,245000.0,
51017,2019.0,weighted_budget_shortfall,234000.0,
51017,2018.0,weighted_budget_shortfall,232000.0,
51019,2016.0,weighted_budget_shortfall,3451000.0,
51019,2017.0,weighted_budget_shortfall,3436000.0,
51019,2015.0,weighted_budget_shortfall,3808000.0,
51019,2014.0,weighted_budget_shortfall,3920000.0,
51019,2018.0,weighted_budget_shortfall,3765000.0,
51019,2019.0,weighted_budget_shortfall,4071000.0,
51021,2017.0,weighted_budget_shortfall,270000.0,
51021,2016.0,weighted_budget_shortfall,291000.0,
51021,2015.0,weighted_budget_shortfall,337000.0,
51021,2014.0,weighted_budget_shortfall,358000.0,
51021,2019.0,weighted_budget_shortfall,351000.0,
51021,2018.0,weighted_budget_shortfall,304000.0,
51023,2017.0,weighted_budget_shortfall,1287000.0,
51023,2016.0,weighted_budget_shortfall,1263000.0,
51023,2015.0,weighted_budget_shortfall,1370000.0,
51023,2014.0,weighted_budget_shortfall,1358000.0,
51023,2018.0,weighted_budget_shortfall,1523000.0,
51023,2019.0,weighted_budget_shortfall,1514000.0,
51025,2017.0,weighted_budget_shortfall,1471000.0,
51025,2016.0,weighted_budget_shortfall,1578000.0,
51025,2014.0,weighted_budget_shortfall,1716000.0,
51025,2018.0,weighted_budget_shortfall,1312000.0,
51025,2015.0,weighted_budget_shortfall,1697000.0,
51025,2019.0,weighted_budget_shortfall,1066000.0,
51027,2017.0,weighted_budget_shortfall,1651000.0,
51027,2018.0,weighted_budget_shortfall,2048000.0,
51027,2016.0,weighted_budget_shortfall,1753000.0,
51027,2014.0,weighted_budget_shortfall,1618000.0,
51027,2015.0,weighted_budget_shortfall,1796000.0,
51027,2019.0,weighted_budget_shortfall,2265000.0,
51029,2014.0,weighted_budget_shortfall,1553000.0,
51029,2018.0,weighted_budget_shortfall,1262000.0,
51029,2017.0,weighted_budget_shortfall,1383000.0,
51029,2016.0,weighted_budget_shortfall,1367000.0,
51029,2015.0,weighted_budget_shortfall,1457000.0,
51029,2019.0,weighted_budget_shortfall,1170000.0,
51031,2017.0,weighted_budget_shortfall,2922000.0,
51031,2014.0,weighted_budget_shortfall,3292000.0,
51031,2018.0,weighted_budget_shortfall,2907000.0,
51031,2019.0,weighted_budget_shortfall,2927000.0,
51031,2016.0,weighted_budget_shortfall,2968000.0,
51031,2015.0,weighted_budget_shortfall,3277000.0,
51033,2018.0,weighted_budget_shortfall,1416000.0,
51033,2017.0,weighted_budget_shortfall,1853000.0,
51033,2019.0,weighted_budget_shortfall,1307000.0,
51033,2016.0,weighted_budget_shortfall,1921000.0,
51033,2014.0,weighted_budget_shortfall,1979000.0,
51033,2015.0,weighted_budget_shortfall,1985000.0,
51035,2019.0,weighted_budget_shortfall,2104000.0,
51035,2018.0,weighted_budget_shortfall,1931000.0,
51035,2016.0,weighted_budget_shortfall,1476000.0,
51035,2017.0,weighted_budget_shortfall,1604000.0,
51035,2015.0,weighted_budget_shortfall,1644000.0,
51035,2014.0,weighted_budget_shortfall,1742000.0,
51036,2018.0,weighted_budget_shortfall,430000.0,
51036,2017.0,weighted_budget_shortfall,523000.0,
51036,2016.0,weighted_budget_shortfall,568000.0,
51036,2014.0,weighted_budget_shortfall,618000.0,
51036,2019.0,weighted_budget_shortfall,358000.0,
51036,2015.0,weighted_budget_shortfall,604000.0,
51037,2016.0,weighted_budget_shortfall,1055000.0,
51037,2018.0,weighted_budget_shortfall,981000.0,
51037,2017.0,weighted_budget_shortfall,950000.0,
51037,2015.0,weighted_budget_shortfall,1090000.0,
51037,2014.0,weighted_budget_shortfall,1011000.0,
51037,2019.0,weighted_budget_shortfall,962000.0,
51041,2016.0,weighted_budget_shortfall,15733000.0,
51041,2017.0,weighted_budget_shortfall,15319000.0,
51041,2018.0,weighted_budget_shortfall,13512000.0,
51041,2015.0,weighted_budget_shortfall,17033000.0,
51041,2014.0,weighted_budget_shortfall,17359000.0,
51041,2019.0,weighted_budget_shortfall,12212000.0,
51043,2016.0,weighted_budget_shortfall,658000.0,
51043,2017.0,weighted_budget_shortfall,652000.0,
51043,2015.0,weighted_budget_shortfall,707000.0,
51043,2018.0,weighted_budget_shortfall,697000.0,
51043,2014.0,weighted_budget_shortfall,653000.0,
51043,2019.0,weighted_budget_shortfall,693000.0,
51045,2018.0,weighted_budget_shortfall,273000.0,
51045,2017.0,weighted_budget_shortfall,237000.0,
51045,2016.0,weighted_budget_shortfall,273000.0,
51045,2015.0,weighted_budget_shortfall,279000.0,
51045,2019.0,weighted_budget_shortfall,294000.0,
51045,2014.0,weighted_budget_shortfall,275000.0,
51047,2018.0,weighted_budget_shortfall,2032000.0,
51047,2017.0,weighted_budget_shortfall,2076000.0,
51047,2019.0,weighted_budget_shortfall,2091000.0,
51047,2015.0,weighted_budget_shortfall,2274000.0,
51047,2016.0,weighted_budget_shortfall,2099000.0,
51047,2014.0,weighted_budget_shortfall,2318000.0,
51049,2018.0,weighted_budget_shortfall,713000.0,
51049,2016.0,weighted_budget_shortfall,876000.0,
51049,2017.0,weighted_budget_shortfall,822000.0,
51049,2015.0,weighted_budget_shortfall,906000.0,
51049,2014.0,weighted_budget_shortfall,840000.0,
51049,2019.0,weighted_budget_shortfall,617000.0,
51051,2017.0,weighted_budget_shortfall,1069000.0,
51051,2015.0,weighted_budget_shortfall,1144000.0,
51051,2016.0,weighted_budget_shortfall,1130000.0,
51051,2018.0,weighted_budget_shortfall,1302000.0,
51051,2014.0,weighted_budget_shortfall,1061000.0,
51051,2019.0,weighted_budget_shortfall,1478000.0,
51053,2017.0,weighted_budget_shortfall,1879000.0,
51053,2018.0,weighted_budget_shortfall,1637000.0,
51053,2014.0,weighted_budget_shortfall,2047000.0,
51053,2015.0,weighted_budget_shortfall,2003000.0,
51053,2019.0,weighted_budget_shortfall,1449000.0,
51053,2016.0,weighted_budget_shortfall,1943000.0,
51057,2014.0,weighted_budget_shortfall,913000.0,
51057,2019.0,weighted_budget_shortfall,709000.0,
51057,2015.0,weighted_budget_shortfall,968000.0,
51057,2017.0,weighted_budget_shortfall,829000.0,
51057,2018.0,weighted_budget_shortfall,699000.0,
51057,2016.0,weighted_budget_shortfall,912000.0,
51059,2015.0,weighted_budget_shortfall,38145000.0,
51059,2016.0,weighted_budget_shortfall,36364000.0,
51059,2014.0,weighted_budget_shortfall,38755000.0,
51059,2018.0,weighted_budget_shortfall,40558000.0,
51059,2017.0,weighted_budget_shortfall,36081000.0,
51059,2019.0,weighted_budget_shortfall,44251000.0,
51061,2016.0,weighted_budget_shortfall,2484000.0,
51061,2017.0,weighted_budget_shortfall,2506000.0,
51061,2018.0,weighted_budget_shortfall,2716000.0,
51061,2014.0,weighted_budget_shortfall,2728000.0,
51061,2015.0,weighted_budget_shortfall,2660000.0,
51061,2019.0,weighted_budget_shortfall,2898000.0,
51063,2018.0,weighted_budget_shortfall,750000.0,
51063,2017.0,weighted_budget_shortfall,683000.0,
51063,2014.0,weighted_budget_shortfall,728000.0,
51063,2016.0,weighted_budget_shortfall,687000.0,
51063,2015.0,weighted_budget_shortfall,714000.0,
51063,2019.0,weighted_budget_shortfall,847000.0,
51065,2018.0,weighted_budget_shortfall,1061000.0,
51065,2016.0,weighted_budget_shortfall,1243000.0,
51065,2014.0,weighted_budget_shortfall,1334000.0,
51065,2017.0,weighted_budget_shortfall,1198000.0,
51065,2015.0,weighted_budget_shortfall,1292000.0,
51065,2019.0,weighted_budget_shortfall,1083000.0,
51067,2018.0,weighted_budget_shortfall,3240000.0,
51067,2016.0,weighted_budget_shortfall,2844000.0,
51067,2014.0,weighted_budget_shortfall,3206000.0,
51067,2015.0,weighted_budget_shortfall,3157000.0,
51067,2017.0,weighted_budget_shortfall,2829000.0,
51067,2019.0,weighted_budget_shortfall,3217000.0,
51069,2018.0,weighted_budget_shortfall,3205000.0,
51069,2015.0,weighted_budget_shortfall,2845000.0,
51069,2017.0,weighted_budget_shortfall,2608000.0,
51069,2016.0,weighted_budget_shortfall,2454000.0,
51069,2014.0,weighted_budget_shortfall,2957000.0,
51069,2019.0,weighted_budget_shortfall,3559000.0,
51071,2018.0,weighted_budget_shortfall,921000.0,
51071,2017.0,weighted_budget_shortfall,852000.0,
51071,2015.0,weighted_budget_shortfall,917000.0,
51071,2016.0,weighted_budget_shortfall,883000.0,
51071,2014.0,weighted_budget_shortfall,983000.0,
51071,2019.0,weighted_budget_shortfall,978000.0,
51073,2018.0,weighted_budget_shortfall,1658000.0,
51073,2016.0,weighted_budget_shortfall,1581000.0,
51073,2015.0,weighted_budget_shortfall,1703000.0,
51073,2017.0,weighted_budget_shortfall,1420000.0,
51073,2014.0,weighted_budget_shortfall,1782000.0,
51073,2019.0,weighted_budget_shortfall,1771000.0,
51075,2018.0,weighted_budget_shortfall,924000.0,
51075,2014.0,weighted_budget_shortfall,1039000.0,
51075,2016.0,weighted_budget_shortfall,916000.0,
51075,2017.0,weighted_budget_shortfall,889000.0,
51075,2019.0,weighted_budget_shortfall,908000.0,
51075,2015.0,weighted_budget_shortfall,1012000.0,
51077,2018.0,weighted_budget_shortfall,1071000.0,
51077,2014.0,weighted_budget_shortfall,1017000.0,
51077,2016.0,weighted_budget_shortfall,882000.0,
51077,2017.0,weighted_budget_shortfall,934000.0,
51077,2019.0,weighted_budget_shortfall,1183000.0,
51077,2015.0,weighted_budget_shortfall,1036000.0,
51079,2018.0,weighted_budget_shortfall,831000.0,
51079,2014.0,weighted_budget_shortfall,947000.0,
51079,2017.0,weighted_budget_shortfall,807000.0,
51079,2015.0,weighted_budget_shortfall,873000.0,
51079,2016.0,weighted_budget_shortfall,855000.0,
51079,2019.0,weighted_budget_shortfall,925000.0,
51081,2018.0,weighted_budget_shortfall,767000.0,
51081,2014.0,weighted_budget_shortfall,1143000.0,
51081,2017.0,weighted_budget_shortfall,946000.0,
51081,2015.0,weighted_budget_shortfall,1097000.0,
51081,2016.0,weighted_budget_shortfall,998000.0,
51081,2019.0,weighted_budget_shortfall,531000.0,
51083,2015.0,weighted_budget_shortfall,3087000.0,
51083,2014.0,weighted_budget_shortfall,3088000.0,
51083,2018.0,weighted_budget_shortfall,2151000.0,
51083,2019.0,weighted_budget_shortfall,1891000.0,
51083,2016.0,weighted_budget_shortfall,2853000.0,
51083,2017.0,weighted_budget_shortfall,2624000.0,
51085,2017.0,weighted_budget_shortfall,3645000.0,
51085,2018.0,weighted_budget_shortfall,3536000.0,
51085,2014.0,weighted_budget_shortfall,4192000.0,
51085,2019.0,weighted_budget_shortfall,3789000.0,
51085,2015.0,weighted_budget_shortfall,4098000.0,
51085,2016.0,weighted_budget_shortfall,3685000.0,
51087,2014.0,weighted_budget_shortfall,22787000.0,
51087,2018.0,weighted_budget_shortfall,16711000.0,
51087,2017.0,weighted_budget_shortfall,20457000.0,
51087,2015.0,weighted_budget_shortfall,22343000.0,
51087,2016.0,weighted_budget_shortfall,21349000.0,
51087,2019.0,weighted_budget_shortfall,15131000.0,
51089,2014.0,weighted_budget_shortfall,3868000.0,
51089,2018.0,weighted_budget_shortfall,3538000.0,
51089,2017.0,weighted_budget_shortfall,3346000.0,
51089,2016.0,weighted_budget_shortfall,3477000.0,
51089,2015.0,weighted_budget_shortfall,3717000.0,
51089,2019.0,weighted_budget_shortfall,3360000.0,
51091,2016.0,weighted_budget_shortfall,89000.0,
51091,2017.0,weighted_budget_shortfall,88000.0,
51091,2019.0,weighted_budget_shortfall,127000.0,
51091,2018.0,weighted_budget_shortfall,118000.0,
51091,2015.0,weighted_budget_shortfall,102000.0,
51091,2014.0,weighted_budget_shortfall,100000.0,
51093,2015.0,weighted_budget_shortfall,2231000.0,
51093,2019.0,weighted_budget_shortfall,1935000.0,
51093,2014.0,weighted_budget_shortfall,2253000.0,
51093,2016.0,weighted_budget_shortfall,2131000.0,
51093,2017.0,weighted_budget_shortfall,2100000.0,
51093,2018.0,weighted_budget_shortfall,1946000.0,
51095,2017.0,weighted_budget_shortfall,3833000.0,
51095,2015.0,weighted_budget_shortfall,4191000.0,
51095,2018.0,weighted_budget_shortfall,3926000.0,
51095,2014.0,weighted_budget_shortfall,4322000.0,
51095,2016.0,weighted_budget_shortfall,3911000.0,
51095,2019.0,weighted_budget_shortfall,4027000.0,
51097,2017.0,weighted_budget_shortfall,454000.0,
51097,2018.0,weighted_budget_shortfall,428000.0,
51097,2016.0,weighted_budget_shortfall,471000.0,
51097,2019.0,weighted_budget_shortfall,335000.0,
51097,2014.0,weighted_budget_shortfall,524000.0,
51097,2015.0,weighted_budget_shortfall,508000.0,
51099,2017.0,weighted_budget_shortfall,1164000.0,
51099,2018.0,weighted_budget_shortfall,1005000.0,
51099,2015.0,weighted_budget_shortfall,1318000.0,
51099,2016.0,weighted_budget_shortfall,1203000.0,
51099,2014.0,weighted_budget_shortfall,1299000.0,
51099,2019.0,weighted_budget_shortfall,917000.0,
51101,2017.0,weighted_budget_shortfall,815000.0,
51101,2015.0,weighted_budget_shortfall,974000.0,
51101,2018.0,weighted_budget_shortfall,729000.0,
51101,2016.0,weighted_budget_shortfall,884000.0,
51101,2019.0,weighted_budget_shortfall,687000.0,
51101,2014.0,weighted_budget_shortfall,976000.0,
51103,2017.0,weighted_budget_shortfall,768000.0,
51103,2016.0,weighted_budget_shortfall,761000.0,
51103,2018.0,weighted_budget_shortfall,658000.0,
51103,2019.0,weighted_budget_shortfall,542000.0,
51103,2015.0,weighted_budget_shortfall,860000.0,
51103,2014.0,weighted_budget_shortfall,885000.0,
51105,2018.0,weighted_budget_shortfall,2077000.0,
51105,2017.0,weighted_budget_shortfall,1717000.0,
51105,2016.0,weighted_budget_shortfall,1800000.0,
51105,2019.0,weighted_budget_shortfall,2267000.0,
51105,2015.0,weighted_budget_shortfall,1794000.0,
51105,2014.0,weighted_budget_shortfall,1779000.0,
51107,2017.0,weighted_budget_shortfall,7854000.0,
51107,2014.0,weighted_budget_shortfall,8718000.0,
51107,2016.0,weighted_budget_shortfall,8205000.0,
51107,2019.0,weighted_budget_shortfall,10094000.0,
51107,2015.0,weighted_budget_shortfall,8820000.0,
51107,2018.0,weighted_budget_shortfall,9249000.0,
51109,2017.0,weighted_budget_shortfall,1833000.0,
51109,2016.0,weighted_budget_shortfall,1909000.0,
51109,2019.0,weighted_budget_shortfall,1960000.0,
51109,2014.0,weighted_budget_shortfall,1897000.0,
51109,2018.0,weighted_budget_shortfall,1971000.0,
51109,2015.0,weighted_budget_shortfall,1924000.0,
51111,2019.0,weighted_budget_shortfall,766000.0,
51111,2017.0,weighted_budget_shortfall,877000.0,
51111,2015.0,weighted_budget_shortfall,997000.0,
51111,2018.0,weighted_budget_shortfall,837000.0,
51111,2016.0,weighted_budget_shortfall,934000.0,
51111,2014.0,weighted_budget_shortfall,988000.0,
51113,2017.0,weighted_budget_shortfall,607000.0,
51113,2018.0,weighted_budget_shortfall,606000.0,
51113,2019.0,weighted_budget_shortfall,587000.0,
51113,2015.0,weighted_budget_shortfall,724000.0,
51113,2014.0,weighted_budget_shortfall,710000.0,
51113,2016.0,weighted_budget_shortfall,641000.0,
51115,2017.0,weighted_budget_shortfall,400000.0,
51115,2018.0,weighted_budget_shortfall,442000.0,
51115,2016.0,weighted_budget_shortfall,406000.0,
51115,2014.0,weighted_budget_shortfall,455000.0,
51115,2019.0,weighted_budget_shortfall,507000.0,
51115,2015.0,weighted_budget_shortfall,430000.0,
51117,2017.0,weighted_budget_shortfall,2363000.0,
51117,2018.0,weighted_budget_shortfall,2270000.0,
51117,2016.0,weighted_budget_shortfall,2448000.0,
51117,2014.0,weighted_budget_shortfall,2712000.0,
51117,2015.0,weighted_budget_shortfall,2629000.0,
51117,2019.0,weighted_budget_shortfall,2107000.0,
51119,2018.0,weighted_budget_shortfall,533000.0,
51119,2017.0,weighted_budget_shortfall,593000.0,
51119,2016.0,weighted_budget_shortfall,623000.0,
51119,2015.0,weighted_budget_shortfall,637000.0,
51119,2014.0,weighted_budget_shortfall,657000.0,
51119,2019.0,weighted_budget_shortfall,586000.0,
51121,2018.0,weighted_budget_shortfall,5686000.0,
51121,2014.0,weighted_budget_shortfall,8247000.0,
51121,2016.0,weighted_budget_shortfall,8065000.0,
51121,2019.0,weighted_budget_shortfall,6593000.0,
51121,2017.0,weighted_budget_shortfall,7886000.0,
51121,2015.0,weighted_budget_shortfall,8547000.0,
51125,2016.0,weighted_budget_shortfall,854000.0,
51125,2019.0,weighted_budget_shortfall,860000.0,
51125,2017.0,weighted_budget_shortfall,870000.0,
51125,2018.0,weighted_budget_shortfall,817000.0,
51125,2014.0,weighted_budget_shortfall,927000.0,
51125,2015.0,weighted_budget_shortfall,922000.0,
51127,2019.0,weighted_budget_shortfall,814000.0,
51127,2018.0,weighted_budget_shortfall,594000.0,
51127,2016.0,weighted_budget_shortfall,775000.0,
51127,2017.0,weighted_budget_shortfall,801000.0,
51127,2015.0,weighted_budget_shortfall,853000.0,
51127,2014.0,weighted_budget_shortfall,812000.0,
51131,2018.0,weighted_budget_shortfall,883000.0,
51131,2017.0,weighted_budget_shortfall,1000000.0,
51131,2015.0,weighted_budget_shortfall,1120000.0,
51131,2014.0,weighted_budget_shortfall,1142000.0,
51131,2019.0,weighted_budget_shortfall,806000.0,
51131,2016.0,weighted_budget_shortfall,1068000.0,
51133,2017.0,weighted_budget_shortfall,828000.0,
51133,2016.0,weighted_budget_shortfall,785000.0,
51133,2018.0,weighted_budget_shortfall,760000.0,
51133,2014.0,weighted_budget_shortfall,920000.0,
51133,2019.0,weighted_budget_shortfall,705000.0,
51133,2015.0,weighted_budget_shortfall,888000.0,
51135,2017.0,weighted_budget_shortfall,1310000.0,
51135,2015.0,weighted_budget_shortfall,1426000.0,
51135,2018.0,weighted_budget_shortfall,1146000.0,
51135,2016.0,weighted_budget_shortfall,1306000.0,
51135,2019.0,weighted_budget_shortfall,1005000.0,
51135,2014.0,weighted_budget_shortfall,1368000.0,
51137,2016.0,weighted_budget_shortfall,1649000.0,
51137,2018.0,weighted_budget_shortfall,1825000.0,
51137,2014.0,weighted_budget_shortfall,1966000.0,
51137,2017.0,weighted_budget_shortfall,1672000.0,
51137,2015.0,weighted_budget_shortfall,1957000.0,
51137,2019.0,weighted_budget_shortfall,1836000.0,
51139,2017.0,weighted_budget_shortfall,1438000.0,
51139,2016.0,weighted_budget_shortfall,1362000.0,
51139,2018.0,weighted_budget_shortfall,1730000.0,
51139,2015.0,weighted_budget_shortfall,1583000.0,
51139,2019.0,weighted_budget_shortfall,1761000.0,
51139,2014.0,weighted_budget_shortfall,1601000.0,
51141,2017.0,weighted_budget_shortfall,1076000.0,
51141,2018.0,weighted_budget_shortfall,1190000.0,
51141,2019.0,weighted_budget_shortfall,1156000.0,
51141,2016.0,weighted_budget_shortfall,1141000.0,
51141,2015.0,weighted_budget_shortfall,1220000.0,
51141,2014.0,weighted_budget_shortfall,1214000.0,
51143,2016.0,weighted_budget_shortfall,4038000.0,
51143,2015.0,weighted_budget_shortfall,4372000.0,
51143,2017.0,weighted_budget_shortfall,4094000.0,
51143,2018.0,weighted_budget_shortfall,4042000.0,
51143,2019.0,weighted_budget_shortfall,4138000.0,
51143,2014.0,weighted_budget_shortfall,4241000.0,
51145,2016.0,weighted_budget_shortfall,996000.0,
51145,2015.0,weighted_budget_shortfall,1089000.0,
51145,2018.0,weighted_budget_shortfall,967000.0,
51145,2019.0,weighted_budget_shortfall,982000.0,
51145,2017.0,weighted_budget_shortfall,930000.0,
51145,2014.0,weighted_budget_shortfall,1141000.0,
51147,2015.0,weighted_budget_shortfall,2089000.0,
51147,2016.0,weighted_budget_shortfall,1822000.0,
51147,2017.0,weighted_budget_shortfall,1765000.0,
51147,2018.0,weighted_budget_shortfall,1406000.0,
51147,2019.0,weighted_budget_shortfall,1364000.0,
51147,2014.0,weighted_budget_shortfall,2085000.0,
51149,2015.0,weighted_budget_shortfall,2403000.0,
51149,2018.0,weighted_budget_shortfall,2034000.0,
51149,2016.0,weighted_budget_shortfall,2331000.0,
51149,2017.0,weighted_budget_shortfall,2506000.0,
51149,2019.0,weighted_budget_shortfall,1682000.0,
51149,2014.0,weighted_budget_shortfall,2423000.0,
51153,2016.0,weighted_budget_shortfall,14512000.0,
51153,2018.0,weighted_budget_shortfall,14552000.0,
51153,2017.0,weighted_budget_shortfall,14471000.0,
51153,2019.0,weighted_budget_shortfall,12835000.0,
51153,2014.0,weighted_budget_shortfall,15867000.0,
51153,2015.0,weighted_budget_shortfall,14737000.0,
51155,2016.0,weighted_budget_shortfall,1951000.0,
51155,2018.0,weighted_budget_shortfall,2007000.0,
51155,2014.0,weighted_budget_shortfall,2091000.0,
51155,2017.0,weighted_budget_shortfall,1877000.0,
51155,2019.0,weighted_budget_shortfall,2342000.0,
51155,2015.0,weighted_budget_shortfall,2048000.0,
51157,2016.0,weighted_budget_shortfall,314000.0,
51157,2017.0,weighted_budget_shortfall,316000.0,
51157,2018.0,weighted_budget_shortfall,369000.0,
51157,2019.0,weighted_budget_shortfall,415000.0,
51157,2014.0,weighted_budget_shortfall,360000.0,
51157,2015.0,weighted_budget_shortfall,363000.0,
51159,2016.0,weighted_budget_shortfall,604000.0,
51159,2018.0,weighted_budget_shortfall,496000.0,
51159,2019.0,weighted_budget_shortfall,540000.0,
51159,2014.0,weighted_budget_shortfall,619000.0,
51159,2017.0,weighted_budget_shortfall,613000.0,
51159,2015.0,weighted_budget_shortfall,578000.0,
51161,2019.0,weighted_budget_shortfall,4362000.0,
51161,2016.0,weighted_budget_shortfall,4087000.0,
51161,2018.0,weighted_budget_shortfall,4106000.0,
51161,2017.0,weighted_budget_shortfall,4073000.0,
51161,2015.0,weighted_budget_shortfall,4598000.0,
51161,2014.0,weighted_budget_shortfall,4643000.0,
51163,2019.0,weighted_budget_shortfall,1336000.0,
51163,2017.0,weighted_budget_shortfall,1124000.0,
51163,2018.0,weighted_budget_shortfall,1196000.0,
51163,2016.0,weighted_budget_shortfall,1141000.0,
51163,2015.0,weighted_budget_shortfall,1293000.0,
51163,2014.0,weighted_budget_shortfall,1231000.0,
51165,2017.0,weighted_budget_shortfall,3023000.0,
51165,2018.0,weighted_budget_shortfall,3392000.0,
51165,2015.0,weighted_budget_shortfall,3346000.0,
51165,2016.0,weighted_budget_shortfall,3127000.0,
51165,2019.0,weighted_budget_shortfall,3670000.0,
51165,2014.0,weighted_budget_shortfall,3334000.0,
51167,2017.0,weighted_budget_shortfall,1568000.0,
51167,2015.0,weighted_budget_shortfall,1805000.0,
51167,2016.0,weighted_budget_shortfall,1601000.0,
51167,2019.0,weighted_budget_shortfall,2458000.0,
51167,2014.0,weighted_budget_shortfall,1789000.0,
51167,2018.0,weighted_budget_shortfall,2136000.0,
51169,2017.0,weighted_budget_shortfall,1124000.0,
51169,2019.0,weighted_budget_shortfall,1639000.0,
51169,2016.0,weighted_budget_shortfall,1157000.0,
51169,2018.0,weighted_budget_shortfall,1515000.0,
51169,2014.0,weighted_budget_shortfall,1235000.0,
51169,2015.0,weighted_budget_shortfall,1230000.0,
51171,2016.0,weighted_budget_shortfall,1814000.0,
51171,2018.0,weighted_budget_shortfall,2259000.0,
51171,2019.0,weighted_budget_shortfall,2635000.0,
51171,2017.0,weighted_budget_shortfall,1880000.0,
51171,2015.0,weighted_budget_shortfall,2068000.0,
51171,2014.0,weighted_budget_shortfall,2175000.0,
51173,2017.0,weighted_budget_shortfall,1851000.0,
51173,2018.0,weighted_budget_shortfall,2389000.0,
51173,2019.0,weighted_budget_shortfall,2608000.0,
51173,2016.0,weighted_budget_shortfall,1855000.0,
51173,2015.0,weighted_budget_shortfall,2061000.0,
51173,2014.0,weighted_budget_shortfall,2078000.0,
51175,2017.0,weighted_budget_shortfall,1214000.0,
51175,2019.0,weighted_budget_shortfall,789000.0,
51175,2016.0,weighted_budget_shortfall,1385000.0,
51175,2014.0,weighted_budget_shortfall,1440000.0,
51175,2018.0,weighted_budget_shortfall,919000.0,
51175,2015.0,weighted_budget_shortfall,1483000.0,
51177,2017.0,weighted_budget_shortfall,5138000.0,
51177,2018.0,weighted_budget_shortfall,5276000.0,
51177,2015.0,weighted_budget_shortfall,5572000.0,
51177,2019.0,weighted_budget_shortfall,5025000.0,
51177,2014.0,weighted_budget_shortfall,5598000.0,
51177,2016.0,weighted_budget_shortfall,5209000.0,
51179,2017.0,weighted_budget_shortfall,4738000.0,
51179,2018.0,weighted_budget_shortfall,4475000.0,
51179,2015.0,weighted_budget_shortfall,5332000.0,
51179,2016.0,weighted_budget_shortfall,5011000.0,
51179,2019.0,weighted_budget_shortfall,4083000.0,
51179,2014.0,weighted_budget_shortfall,5398000.0,
51181,2018.0,weighted_budget_shortfall,388000.0,
51181,2016.0,weighted_budget_shortfall,519000.0,
51181,2017.0,weighted_budget_shortfall,502000.0,
51181,2015.0,weighted_budget_shortfall,542000.0,
51181,2014.0,weighted_budget_shortfall,559000.0,
51181,2019.0,weighted_budget_shortfall,358000.0,
51183,2014.0,weighted_budget_shortfall,1327000.0,
51183,2019.0,weighted_budget_shortfall,606000.0,
51183,2018.0,weighted_budget_shortfall,871000.0,
51183,2016.0,weighted_budget_shortfall,1190000.0,
51183,2017.0,weighted_budget_shortfall,1087000.0,
51183,2015.0,weighted_budget_shortfall,1288000.0,
51185,2018.0,weighted_budget_shortfall,2703000.0,
51185,2016.0,weighted_budget_shortfall,2669000.0,
51185,2014.0,weighted_budget_shortfall,2855000.0,
51185,2015.0,weighted_budget_shortfall,2727000.0,
51185,2019.0,weighted_budget_shortfall,3106000.0,
51185,2017.0,weighted_budget_shortfall,2364000.0,
51187,2017.0,weighted_budget_shortfall,1570000.0,
51187,2018.0,weighted_budget_shortfall,1868000.0,
51187,2019.0,weighted_budget_shortfall,2029000.0,
51187,2016.0,weighted_budget_shortfall,1568000.0,
51187,2015.0,weighted_budget_shortfall,1990000.0,
51187,2014.0,weighted_budget_shortfall,2049000.0,
51191,2018.0,weighted_budget_shortfall,3738000.0,
51191,2017.0,weighted_budget_shortfall,2799000.0,
51191,2019.0,weighted_budget_shortfall,4183000.0,
51191,2016.0,weighted_budget_shortfall,2691000.0,
51191,2015.0,weighted_budget_shortfall,2720000.0,
51191,2014.0,weighted_budget_shortfall,2782000.0,
51193,2017.0,weighted_budget_shortfall,1042000.0,
51193,2019.0,weighted_budget_shortfall,1087000.0,
51193,2018.0,weighted_budget_shortfall,1048000.0,
51193,2014.0,weighted_budget_shortfall,1268000.0,
51193,2016.0,weighted_budget_shortfall,1060000.0,
51193,2015.0,weighted_budget_shortfall,1265000.0,
51195,2018.0,weighted_budget_shortfall,3443000.0,
51195,2017.0,weighted_budget_shortfall,2717000.0,
51195,2019.0,weighted_budget_shortfall,3643000.0,
51195,2016.0,weighted_budget_shortfall,3010000.0,
51195,2015.0,weighted_budget_shortfall,3167000.0,
51195,2014.0,weighted_budget_shortfall,3116000.0,
51197,2017.0,weighted_budget_shortfall,1607000.0,
51197,2016.0,weighted_budget_shortfall,1739000.0,
51197,2015.0,weighted_budget_shortfall,1886000.0,
51197,2014.0,weighted_budget_shortfall,1871000.0,
51197,2018.0,weighted_budget_shortfall,1811000.0,
51197,2019.0,weighted_budget_shortfall,1975000.0,
51199,2017.0,weighted_budget_shortfall,2749000.0,
51199,2018.0,weighted_budget_shortfall,2669000.0,
51199,2016.0,weighted_budget_shortfall,2980000.0,
51199,2015.0,weighted_budget_shortfall,3305000.0,
51199,2019.0,weighted_budget_shortfall,2754000.0,
51199,2014.0,weighted_budget_shortfall,3315000.0,
51510,2016.0,weighted_budget_shortfall,9698000.0,
51510,2015.0,weighted_budget_shortfall,10843000.0,
51510,2018.0,weighted_budget_shortfall,8453000.0,
51510,2019.0,weighted_budget_shortfall,8986000.0,
51510,2014.0,weighted_budget_shortfall,10775000.0,
51510,2017.0,weighted_budget_shortfall,9424000.0,
51520,2016.0,weighted_budget_shortfall,1228000.0,
51520,2015.0,weighted_budget_shortfall,1325000.0,
51520,2018.0,weighted_budget_shortfall,1427000.0,
51520,2019.0,weighted_budget_shortfall,1585000.0,
51520,2014.0,weighted_budget_shortfall,1363000.0,
51520,2017.0,weighted_budget_shortfall,1250000.0,
51530,2015.0,weighted_budget_shortfall,567000.0,
51530,2018.0,weighted_budget_shortfall,434000.0,
51530,2016.0,weighted_budget_shortfall,532000.0,
51530,2019.0,weighted_budget_shortfall,540000.0,
51530,2017.0,weighted_budget_shortfall,439000.0,
51530,2014.0,weighted_budget_shortfall,496000.0,
51540,2015.0,weighted_budget_shortfall,4977000.0,
51540,2019.0,weighted_budget_shortfall,4515000.0,
51540,2016.0,weighted_budget_shortfall,5638000.0,
51540,2014.0,weighted_budget_shortfall,5011000.0,
51540,2018.0,weighted_budget_shortfall,4204000.0,
51540,2017.0,weighted_budget_shortfall,5446000.0,
51550,2016.0,weighted_budget_shortfall,14251000.0,
51550,2015.0,weighted_budget_shortfall,14805000.0,
51550,2014.0,weighted_budget_shortfall,14490000.0,
51550,2019.0,weighted_budget_shortfall,9362000.0,
51550,2017.0,weighted_budget_shortfall,13009000.0,
51550,2018.0,weighted_budget_shortfall,10335000.0,
51570,2017.0,weighted_budget_shortfall,1040000.0,
51570,2016.0,weighted_budget_shortfall,1060000.0,
51570,2019.0,weighted_budget_shortfall,1080000.0,
51570,2014.0,weighted_budget_shortfall,1108000.0,
51570,2015.0,weighted_budget_shortfall,1090000.0,
51570,2018.0,weighted_budget_shortfall,1075000.0,
51580,2016.0,weighted_budget_shortfall,397000.0,
51580,2015.0,weighted_budget_shortfall,449000.0,
51580,2017.0,weighted_budget_shortfall,384000.0,
51580,2019.0,weighted_budget_shortfall,306000.0,
51580,2018.0,weighted_budget_shortfall,339000.0,
51580,2014.0,weighted_budget_shortfall,441000.0,
51590,2018.0,weighted_budget_shortfall,3174000.0,
51590,2019.0,weighted_budget_shortfall,2934000.0,
51590,2017.0,weighted_budget_shortfall,3716000.0,
51590,2014.0,weighted_budget_shortfall,4330000.0,
51590,2016.0,weighted_budget_shortfall,3924000.0,
51590,2015.0,weighted_budget_shortfall,4259000.0,
51595,2014.0,weighted_budget_shortfall,768000.0,
51595,2015.0,weighted_budget_shortfall,740000.0,
51595,2019.0,weighted_budget_shortfall,450000.0,
51595,2016.0,weighted_budget_shortfall,711000.0,
51595,2018.0,weighted_budget_shortfall,496000.0,
51595,2017.0,weighted_budget_shortfall,643000.0,
51600,2015.0,weighted_budget_shortfall,604000.0,
51600,2014.0,weighted_budget_shortfall,957000.0,
51600,2017.0,weighted_budget_shortfall,586000.0,
51600,2018.0,weighted_budget_shortfall,705000.0,
51600,2016.0,weighted_budget_shortfall,517000.0,
51600,2019.0,weighted_budget_shortfall,785000.0,
51610,2015.0,weighted_budget_shortfall,445000.0,
51610,2018.0,weighted_budget_shortfall,418000.0,
51610,2016.0,weighted_budget_shortfall,438000.0,
51610,2017.0,weighted_budget_shortfall,438000.0,
51610,2019.0,weighted_budget_shortfall,565000.0,
51610,2014.0,weighted_budget_shortfall,510000.0,
51620,2015.0,weighted_budget_shortfall,1021000.0,
51620,2017.0,weighted_budget_shortfall,878000.0,
51620,2016.0,weighted_budget_shortfall,905000.0,
51620,2014.0,weighted_budget_shortfall,1104000.0,
51620,2018.0,weighted_budget_shortfall,628000.0,
51620,2019.0,weighted_budget_shortfall,479000.0,
51630,2017.0,weighted_budget_shortfall,2697000.0,
51630,2015.0,weighted_budget_shortfall,2821000.0,
51630,2018.0,weighted_budget_shortfall,2259000.0,
51630,2016.0,weighted_budget_shortfall,2724000.0,
51630,2019.0,weighted_budget_shortfall,2433000.0,
51630,2014.0,weighted_budget_shortfall,2814000.0,
51640,2018.0,weighted_budget_shortfall,550000.0,
51640,2016.0,weighted_budget_shortfall,443000.0,
51640,2017.0,weighted_budget_shortfall,411000.0,
51640,2015.0,weighted_budget_shortfall,475000.0,
51640,2014.0,weighted_budget_shortfall,476000.0,
51640,2019.0,weighted_budget_shortfall,576000.0,
51650,2015.0,weighted_budget_shortfall,13269000.0,
51650,2018.0,weighted_budget_shortfall,8944000.0,
51650,2016.0,weighted_budget_shortfall,12904000.0,
51650,2017.0,weighted_budget_shortfall,11544000.0,
51650,2014.0,weighted_budget_shortfall,13265000.0,
51650,2019.0,weighted_budget_shortfall,7597000.0,
51660,2015.0,weighted_budget_shortfall,4603000.0,
51660,2014.0,weighted_budget_shortfall,4460000.0,
51660,2019.0,weighted_budget_shortfall,3679000.0,
51660,2016.0,weighted_budget_shortfall,4470000.0,
51660,2017.0,weighted_budget_shortfall,4392000.0,
51660,2018.0,weighted_budget_shortfall,3304000.0,
51670,2015.0,weighted_budget_shortfall,2309000.0,
51670,2018.0,weighted_budget_shortfall,2067000.0,
51670,2016.0,weighted_budget_shortfall,2332000.0,
51670,2019.0,weighted_budget_shortfall,2087000.0,
51670,2014.0,weighted_budget_shortfall,2352000.0,
51670,2017.0,weighted_budget_shortfall,2364000.0,
51678,2019.0,weighted_budget_shortfall,648000.0,
51678,2018.0,weighted_budget_shortfall,493000.0,
51678,2015.0,weighted_budget_shortfall,616000.0,
51678,2014.0,weighted_budget_shortfall,596000.0,
51678,2016.0,weighted_budget_shortfall,529000.0,
51678,2017.0,weighted_budget_shortfall,529000.0,
51680,2014.0,weighted_budget_shortfall,7621000.0,
51680,2018.0,weighted_budget_shortfall,5632000.0,
51680,2019.0,weighted_budget_shortfall,5605000.0,
51680,2016.0,weighted_budget_shortfall,7278000.0,
51680,2015.0,weighted_budget_shortfall,7969000.0,
51680,2017.0,weighted_budget_shortfall,6859000.0,
51683,2014.0,weighted_budget_shortfall,1511000.0,
51683,2019.0,weighted_budget_shortfall,1254000.0,
51683,2016.0,weighted_budget_shortfall,975000.0,
51683,2015.0,weighted_budget_shortfall,1120000.0,
51683,2017.0,weighted_budget_shortfall,1078000.0,
51683,2018.0,weighted_budget_shortfall,1342000.0,
51685,2014.0,weighted_budget_shortfall,497000.0,
51685,2016.0,weighted_budget_shortfall,321000.0,
51685,2015.0,weighted_budget_shortfall,318000.0,
51685,2018.0,weighted_budget_shortfall,632000.0,
51685,2019.0,weighted_budget_shortfall,493000.0,
51685,2017.0,weighted_budget_shortfall,398000.0,
51690,2015.0,weighted_budget_shortfall,1478000.0,
51690,2014.0,weighted_budget_shortfall,1520000.0,
51690,2016.0,weighted_budget_shortfall,1352000.0,
51690,2019.0,weighted_budget_shortfall,965000.0,
51690,2018.0,weighted_budget_shortfall,1091000.0,
51690,2017.0,weighted_budget_shortfall,1269000.0,
51700,2014.0,weighted_budget_shortfall,15893000.0,
51700,2016.0,weighted_budget_shortfall,15565000.0,
51700,2018.0,weighted_budget_shortfall,12106000.0,
51700,2015.0,weighted_budget_shortfall,15900000.0,
51700,2017.0,weighted_budget_shortfall,14601000.0,
51700,2019.0,weighted_budget_shortfall,10876000.0,
51710,2015.0,weighted_budget_shortfall,26109000.0,
51710,2014.0,weighted_budget_shortfall,25396000.0,
51710,2017.0,weighted_budget_shortfall,24194000.0,
51710,2016.0,weighted_budget_shortfall,24892000.0,
51710,2018.0,weighted_budget_shortfall,18999000.0,
51710,2019.0,weighted_budget_shortfall,17185000.0,
51720,2018.0,weighted_budget_shortfall,385000.0,
51720,2017.0,weighted_budget_shortfall,327000.0,
51720,2014.0,weighted_budget_shortfall,295000.0,
51720,2019.0,weighted_budget_shortfall,409000.0,
51720,2016.0,weighted_budget_shortfall,342000.0,
51720,2015.0,weighted_budget_shortfall,336000.0,
51730,2015.0,weighted_budget_shortfall,4771000.0,
51730,2014.0,weighted_budget_shortfall,4672000.0,
51730,2018.0,weighted_budget_shortfall,3099000.0,
51730,2016.0,weighted_budget_shortfall,4439000.0,
51730,2019.0,weighted_budget_shortfall,2517000.0,
51730,2017.0,weighted_budget_shortfall,4014000.0,
51735,2015.0,weighted_budget_shortfall,371000.0,
51735,2014.0,weighted_budget_shortfall,405000.0,
51735,2019.0,weighted_budget_shortfall,473000.0,
51735,2016.0,weighted_budget_shortfall,334000.0,
51735,2017.0,weighted_budget_shortfall,346000.0,
51735,2018.0,weighted_budget_shortfall,384000.0,
51740,2014.0,weighted_budget_shortfall,10519000.0,
51740,2016.0,weighted_budget_shortfall,9003000.0,
51740,2015.0,weighted_budget_shortfall,9994000.0,
51740,2019.0,weighted_budget_shortfall,5495000.0,
51740,2018.0,weighted_budget_shortfall,6491000.0,
51740,2017.0,weighted_budget_shortfall,8506000.0,
51750,2016.0,weighted_budget_shortfall,1992000.0,
51750,2015.0,weighted_budget_shortfall,2034000.0,
51750,2019.0,weighted_budget_shortfall,1534000.0,
51750,2014.0,weighted_budget_shortfall,1887000.0,
51750,2018.0,weighted_budget_shortfall,1269000.0,
51750,2017.0,weighted_budget_shortfall,1864000.0,
51760,2015.0,weighted_budget_shortfall,30115000.0,
51760,2016.0,weighted_budget_shortfall,25368000.0,
51760,2018.0,weighted_budget_shortfall,19346000.0,
51760,2017.0,weighted_budget_shortfall,23498000.0,
51760,2014.0,weighted_budget_shortfall,29333000.0,
51760,2019.0,weighted_budget_shortfall,18838000.0,
51770,2016.0,weighted_budget_shortfall,7970000.0,
51770,2017.0,weighted_budget_shortfall,7804000.0,
51770,2015.0,weighted_budget_shortfall,8660000.0,
51770,2018.0,weighted_budget_shortfall,6779000.0,
51770,2019.0,weighted_budget_shortfall,6659000.0,
51770,2014.0,weighted_budget_shortfall,8463000.0,
51775,2019.0,weighted_budget_shortfall,1396000.0,
51775,2015.0,weighted_budget_shortfall,1487000.0,
51775,2018.0,weighted_budget_shortfall,1250000.0,
51775,2017.0,weighted_budget_shortfall,1287000.0,
51775,2014.0,weighted_budget_shortfall,1522000.0,
51775,2016.0,weighted_budget_shortfall,1312000.0,
51790,2015.0,weighted_budget_shortfall,1924000.0,
51790,2019.0,weighted_budget_shortfall,1479000.0,
51790,2016.0,weighted_budget_shortfall,1697000.0,
51790,2017.0,weighted_budget_shortfall,1582000.0,
51790,2014.0,weighted_budget_shortfall,1920000.0,
51790,2018.0,weighted_budget_shortfall,1454000.0,
51800,2019.0,weighted_budget_shortfall,3662000.0,
51800,2018.0,weighted_budget_shortfall,4526000.0,
51800,2015.0,weighted_budget_shortfall,6964000.0,
51800,2016.0,weighted_budget_shortfall,6749000.0,
51800,2017.0,weighted_budget_shortfall,6401000.0,
51800,2014.0,weighted_budget_shortfall,6884000.0,
51810,2019.0,weighted_budget_shortfall,20286000.0,
51810,2016.0,weighted_budget_shortfall,26014000.0,
51810,2015.0,weighted_budget_shortfall,27360000.0,
51810,2017.0,weighted_budget_shortfall,23524000.0,
51810,2018.0,weighted_budget_shortfall,20347000.0,
51810,2014.0,weighted_budget_shortfall,28029000.0,
51820,2016.0,weighted_budget_shortfall,1255000.0,
51820,2018.0,weighted_budget_shortfall,1365000.0,
51820,2014.0,weighted_budget_shortfall,1652000.0,
51820,2019.0,weighted_budget_shortfall,1481000.0,
51820,2015.0,weighted_budget_shortfall,1429000.0,
51820,2017.0,weighted_budget_shortfall,1302000.0,
51830,2019.0,weighted_budget_shortfall,1070000.0,
51830,2016.0,weighted_budget_shortfall,1361000.0,
51830,2018.0,weighted_budget_shortfall,985000.0,
51830,2014.0,weighted_budget_shortfall,1406000.0,
51830,2015.0,weighted_budget_shortfall,1494000.0,
51830,2017.0,weighted_budget_shortfall,1229000.0,
51840,2019.0,weighted_budget_shortfall,2126000.0,
51840,2014.0,weighted_budget_shortfall,1859000.0,
51840,2016.0,weighted_budget_shortfall,1772000.0,
51840,2015.0,weighted_budget_shortfall,1889000.0,
51840,2018.0,weighted_budget_shortfall,1874000.0,
51840,2017.0,weighted_budget_shortfall,1700000.0,
51_hd_01,2014.0,weighted_budget_shortfall,10775000.0,
51_hd_01,2015.0,weighted_budget_shortfall,10843000.0,
51_hd_01,2016.0,weighted_budget_shortfall,9698000.0,
51_hd_01,2017.0,weighted_budget_shortfall,9424000.0,
51_hd_01,2018.0,weighted_budget_shortfall,8453000.0,
51_hd_01,2019.0,weighted_budget_shortfall,8986000.0,
51_hd_02,2014.0,weighted_budget_shortfall,9173000.0,
51_hd_02,2015.0,weighted_budget_shortfall,9168000.0,
51_hd_02,2016.0,weighted_budget_shortfall,8286000.0,
51_hd_02,2017.0,weighted_budget_shortfall,8231000.0,
51_hd_02,2018.0,weighted_budget_shortfall,8584000.0,
51_hd_02,2019.0,weighted_budget_shortfall,9067000.0,
51_hd_03,2014.0,weighted_budget_shortfall,12129000.0,
51_hd_03,2015.0,weighted_budget_shortfall,12334000.0,
51_hd_03,2016.0,weighted_budget_shortfall,11935000.0,
51_hd_03,2017.0,weighted_budget_shortfall,12020000.0,
51_hd_03,2018.0,weighted_budget_shortfall,11540000.0,
51_hd_03,2019.0,weighted_budget_shortfall,13692000.0,
51_hd_04,2014.0,weighted_budget_shortfall,17393000.0,
51_hd_04,2015.0,weighted_budget_shortfall,17418000.0,
51_hd_04,2016.0,weighted_budget_shortfall,16064000.0,
51_hd_04,2017.0,weighted_budget_shortfall,15770000.0,
51_hd_04,2018.0,weighted_budget_shortfall,15493000.0,
51_hd_04,2019.0,weighted_budget_shortfall,17056000.0,
51_hd_05,2014.0,weighted_budget_shortfall,17857000.0,
51_hd_05,2015.0,weighted_budget_shortfall,18087000.0,
51_hd_05,2016.0,weighted_budget_shortfall,16554000.0,
51_hd_05,2017.0,weighted_budget_shortfall,15893000.0,
51_hd_05,2018.0,weighted_budget_shortfall,14923000.0,
51_hd_05,2019.0,weighted_budget_shortfall,15228000.0,
51_hd_06,2014.0,weighted_budget_shortfall,14490000.0,
51_hd_06,2015.0,weighted_budget_shortfall,14805000.0,
51_hd_06,2016.0,weighted_budget_shortfall,14251000.0,
51_hd_06,2017.0,weighted_budget_shortfall,13009000.0,
51_hd_06,2018.0,weighted_budget_shortfall,10335000.0,
51_hd_06,2019.0,weighted_budget_shortfall,9362000.0,
51_hd_07,2014.0,weighted_budget_shortfall,19608000.0,
51_hd_07,2015.0,weighted_budget_shortfall,19212000.0,
51_hd_07,2016.0,weighted_budget_shortfall,17789000.0,
51_hd_07,2017.0,weighted_budget_shortfall,17289000.0,
51_hd_07,2018.0,weighted_budget_shortfall,15554000.0,
51_hd_07,2019.0,weighted_budget_shortfall,14274000.0,
51_hd_08,2014.0,weighted_budget_shortfall,6661000.0,
51_hd_08,2015.0,weighted_budget_shortfall,6567000.0,
51_hd_08,2016.0,weighted_budget_shortfall,5944000.0,
51_hd_08,2017.0,weighted_budget_shortfall,5858000.0,
51_hd_08,2018.0,weighted_budget_shortfall,5484000.0,
51_hd_08,2019.0,weighted_budget_shortfall,5869000.0,
51_hd_09,2014.0,weighted_budget_shortfall,15291000.0,
51_hd_09,2015.0,weighted_budget_shortfall,15153000.0,
51_hd_09,2016.0,weighted_budget_shortfall,14463000.0,
51_hd_09,2017.0,weighted_budget_shortfall,13941000.0,
51_hd_09,2018.0,weighted_budget_shortfall,11359000.0,
51_hd_09,2019.0,weighted_budget_shortfall,9680000.0,
51_hd_10,2014.0,weighted_budget_shortfall,7323000.0,
51_hd_10,2015.0,weighted_budget_shortfall,7472000.0,
51_hd_10,2016.0,weighted_budget_shortfall,7153000.0,
51_hd_10,2017.0,weighted_budget_shortfall,6652000.0,
51_hd_10,2018.0,weighted_budget_shortfall,8189000.0,
51_hd_10,2019.0,weighted_budget_shortfall,9307000.0,
51_hd_11,2014.0,weighted_budget_shortfall,3676000.0,
51_hd_11,2015.0,weighted_budget_shortfall,3577000.0,
51_hd_11,2016.0,weighted_budget_shortfall,3426000.0,
51_hd_11,2017.0,weighted_budget_shortfall,3278000.0,
51_hd_11,2018.0,weighted_budget_shortfall,2962000.0,
51_hd_11,2019.0,weighted_budget_shortfall,2796000.0,
51_hd_12,2014.0,weighted_budget_shortfall,40222000.0,
51_hd_12,2015.0,weighted_budget_shortfall,39194000.0,
51_hd_12,2016.0,weighted_budget_shortfall,37319000.0,
51_hd_12,2017.0,weighted_budget_shortfall,37105000.0,
51_hd_12,2018.0,weighted_budget_shortfall,41681000.0,
51_hd_12,2019.0,weighted_budget_shortfall,45601000.0,
51_hd_13,2014.0,weighted_budget_shortfall,13265000.0,
51_hd_13,2015.0,weighted_budget_shortfall,13269000.0,
51_hd_13,2016.0,weighted_budget_shortfall,12904000.0,
51_hd_13,2017.0,weighted_budget_shortfall,11544000.0,
51_hd_13,2018.0,weighted_budget_shortfall,8944000.0,
51_hd_13,2019.0,weighted_budget_shortfall,7597000.0,
51_hd_14,2014.0,weighted_budget_shortfall,22787000.0,
51_hd_14,2015.0,weighted_budget_shortfall,22343000.0,
51_hd_14,2016.0,weighted_budget_shortfall,21349000.0,
51_hd_14,2017.0,weighted_budget_shortfall,20457000.0,
51_hd_14,2018.0,weighted_budget_shortfall,16711000.0,
51_hd_14,2019.0,weighted_budget_shortfall,15131000.0,
51_hd_15,2014.0,weighted_budget_shortfall,6425000.0,
51_hd_15,2015.0,weighted_budget_shortfall,6527000.0,
51_hd_15,2016.0,weighted_budget_shortfall,6309000.0,
51_hd_15,2017.0,weighted_budget_shortfall,5885000.0,
51_hd_15,2018.0,weighted_budget_shortfall,7420000.0,
51_hd_15,2019.0,weighted_budget_shortfall,7958000.0,
51_hd_16,2014.0,weighted_budget_shortfall,11294000.0,
51_hd_16,2015.0,weighted_budget_shortfall,11082000.0,
51_hd_16,2016.0,weighted_budget_shortfall,9628000.0,
51_hd_16,2017.0,weighted_budget_shortfall,9848000.0,
51_hd_16,2018.0,weighted_budget_shortfall,11633000.0,
51_hd_16,2019.0,weighted_budget_shortfall,12803000.0,
51_hd_17,2014.0,weighted_budget_shortfall,8718000.0,
51_hd_17,2015.0,weighted_budget_shortfall,8820000.0,
51_hd_17,2016.0,weighted_budget_shortfall,8205000.0,
51_hd_17,2017.0,weighted_budget_shortfall,7854000.0,
51_hd_17,2018.0,weighted_budget_shortfall,9249000.0,
51_hd_17,2019.0,weighted_budget_shortfall,10094000.0,
51_hd_18,2014.0,weighted_budget_shortfall,11687000.0,
51_hd_18,2015.0,weighted_budget_shortfall,11484000.0,
51_hd_18,2016.0,weighted_budget_shortfall,10605000.0,
51_hd_18,2017.0,weighted_budget_shortfall,10726000.0,
51_hd_18,2018.0,weighted_budget_shortfall,13221000.0,
51_hd_18,2019.0,weighted_budget_shortfall,14565000.0,
51_hd_19,2014.0,weighted_budget_shortfall,13936000.0,
51_hd_19,2015.0,weighted_budget_shortfall,14260000.0,
51_hd_19,2016.0,weighted_budget_shortfall,13578000.0,
51_hd_19,2017.0,weighted_budget_shortfall,13162000.0,
51_hd_19,2018.0,weighted_budget_shortfall,10633000.0,
51_hd_19,2019.0,weighted_budget_shortfall,12294000.0,
51_hd_20,2014.0,weighted_budget_shortfall,25396000.0,
51_hd_20,2015.0,weighted_budget_shortfall,26109000.0,
51_hd_20,2016.0,weighted_budget_shortfall,24892000.0,
51_hd_20,2017.0,weighted_budget_shortfall,24194000.0,
51_hd_20,2018.0,weighted_budget_shortfall,18999000.0,
51_hd_20,2019.0,weighted_budget_shortfall,17185000.0,
51_hd_21,2014.0,weighted_budget_shortfall,25341000.0,
51_hd_21,2015.0,weighted_budget_shortfall,25261000.0,
51_hd_21,2016.0,weighted_budget_shortfall,24151000.0,
51_hd_21,2017.0,weighted_budget_shortfall,22758000.0,
51_hd_21,2018.0,weighted_budget_shortfall,20070000.0,
51_hd_21,2019.0,weighted_budget_shortfall,19200000.0,
51_hd_22,2014.0,weighted_budget_shortfall,8643000.0,
51_hd_22,2015.0,weighted_budget_shortfall,8782000.0,
51_hd_22,2016.0,weighted_budget_shortfall,8095000.0,
51_hd_22,2017.0,weighted_budget_shortfall,7856000.0,
51_hd_22,2018.0,weighted_budget_shortfall,7049000.0,
51_hd_22,2019.0,weighted_budget_shortfall,6513000.0,
51_hd_23,2014.0,weighted_budget_shortfall,8571000.0,
51_hd_23,2015.0,weighted_budget_shortfall,8631000.0,
51_hd_23,2016.0,weighted_budget_shortfall,7962000.0,
51_hd_23,2017.0,weighted_budget_shortfall,7810000.0,
51_hd_23,2018.0,weighted_budget_shortfall,7216000.0,
51_hd_23,2019.0,weighted_budget_shortfall,7072000.0,
51_hd_24,2014.0,weighted_budget_shortfall,10519000.0,
51_hd_24,2015.0,weighted_budget_shortfall,9994000.0,
51_hd_24,2016.0,weighted_budget_shortfall,9003000.0,
51_hd_24,2017.0,weighted_budget_shortfall,8506000.0,
51_hd_24,2018.0,weighted_budget_shortfall,6491000.0,
51_hd_24,2019.0,weighted_budget_shortfall,5495000.0,
51_hd_25,2014.0,weighted_budget_shortfall,17875000.0,
51_hd_25,2015.0,weighted_budget_shortfall,16175000.0,
51_hd_25,2016.0,weighted_budget_shortfall,15808000.0,
51_hd_25,2017.0,weighted_budget_shortfall,15947000.0,
51_hd_25,2018.0,weighted_budget_shortfall,16526000.0,
51_hd_25,2019.0,weighted_budget_shortfall,14582000.0,
51_hd_26,2014.0,weighted_budget_shortfall,17088000.0,
51_hd_26,2015.0,weighted_budget_shortfall,17028000.0,
51_hd_26,2016.0,weighted_budget_shortfall,16068000.0,
51_hd_26,2017.0,weighted_budget_shortfall,15590000.0,
51_hd_26,2018.0,weighted_budget_shortfall,14431000.0,
51_hd_26,2019.0,weighted_budget_shortfall,13765000.0,
51_hd_27,2014.0,weighted_budget_shortfall,8082000.0,
51_hd_27,2015.0,weighted_budget_shortfall,7978000.0,
51_hd_27,2016.0,weighted_budget_shortfall,7187000.0,
51_hd_27,2017.0,weighted_budget_shortfall,7177000.0,
51_hd_27,2018.0,weighted_budget_shortfall,7548000.0,
51_hd_27,2019.0,weighted_budget_shortfall,7827000.0,
51_hd_28,2014.0,weighted_budget_shortfall,29333000.0,
51_hd_28,2015.0,weighted_budget_shortfall,30115000.0,
51_hd_28,2016.0,weighted_budget_shortfall,25368000.0,
51_hd_28,2017.0,weighted_budget_shortfall,23498000.0,
51_hd_28,2018.0,weighted_budget_shortfall,19346000.0,
51_hd_28,2019.0,weighted_budget_shortfall,18838000.0,
51_hd_29,2014.0,weighted_budget_shortfall,8463000.0,
51_hd_29,2015.0,weighted_budget_shortfall,8660000.0,
51_hd_29,2016.0,weighted_budget_shortfall,7970000.0,
51_hd_29,2017.0,weighted_budget_shortfall,7804000.0,
51_hd_29,2018.0,weighted_budget_shortfall,6779000.0,
51_hd_29,2019.0,weighted_budget_shortfall,6659000.0,
51_hd_30,2014.0,weighted_budget_shortfall,7516000.0,
51_hd_30,2015.0,weighted_budget_shortfall,7413000.0,
51_hd_30,2016.0,weighted_budget_shortfall,6879000.0,
51_hd_30,2017.0,weighted_budget_shortfall,6458000.0,
51_hd_30,2018.0,weighted_budget_shortfall,5733000.0,
51_hd_30,2019.0,weighted_budget_shortfall,5064000.0,
51_hd_31,2014.0,weighted_budget_shortfall,15902000.0,
51_hd_31,2015.0,weighted_budget_shortfall,15500000.0,
51_hd_31,2016.0,weighted_budget_shortfall,15559000.0,
51_hd_31,2017.0,weighted_budget_shortfall,15575000.0,
51_hd_31,2018.0,weighted_budget_shortfall,14015000.0,
51_hd_31,2019.0,weighted_budget_shortfall,14814000.0,
51_hd_32,2014.0,weighted_budget_shortfall,8999000.0,
51_hd_32,2015.0,weighted_budget_shortfall,8811000.0,
51_hd_32,2016.0,weighted_budget_shortfall,8087000.0,
51_hd_32,2017.0,weighted_budget_shortfall,7762000.0,
51_hd_32,2018.0,weighted_budget_shortfall,7451000.0,
51_hd_32,2019.0,weighted_budget_shortfall,7469000.0,
51_hd_33,2014.0,weighted_budget_shortfall,28029000.0,
51_hd_33,2015.0,weighted_budget_shortfall,27360000.0,
51_hd_33,2016.0,weighted_budget_shortfall,26014000.0,
51_hd_33,2017.0,weighted_budget_shortfall,23524000.0,
51_hd_33,2018.0,weighted_budget_shortfall,20347000.0,
51_hd_33,2019.0,weighted_budget_shortfall,20286000.0,
51_hd_34,2014.0,weighted_budget_shortfall,9808000.0,
51_hd_34,2015.0,weighted_budget_shortfall,9572000.0,
51_hd_34,2016.0,weighted_budget_shortfall,8814000.0,
51_hd_34,2017.0,weighted_budget_shortfall,8520000.0,
51_hd_34,2018.0,weighted_budget_shortfall,9059000.0,
51_hd_34,2019.0,weighted_budget_shortfall,8698000.0,
51_hd_35,2014.0,weighted_budget_shortfall,11681000.0,
51_hd_35,2015.0,weighted_budget_shortfall,11699000.0,
51_hd_35,2016.0,weighted_budget_shortfall,11170000.0,
51_hd_35,2017.0,weighted_budget_shortfall,10593000.0,
51_hd_35,2018.0,weighted_budget_shortfall,8019000.0,
51_hd_35,2019.0,weighted_budget_shortfall,6865000.0,
