geoid,year,measure,value,moe
51001,2015.0,tot_employment,18019.0,
51007,2015.0,tot_employment,4387.0,
51009,2015.0,tot_employment,12305.0,
51011,2015.0,tot_employment,5146.0,
51013,2015.0,tot_employment,221671.0,
51017,2015.0,tot_employment,3128.0,
51019,2015.0,tot_employment,30512.0,
51021,2015.0,tot_employment,2872.0,
51023,2015.0,tot_employment,15044.0,
51025,2015.0,tot_employment,5746.0,
51027,2015.0,tot_employment,8588.0,
51029,2015.0,tot_employment,4946.0,
51033,2015.0,tot_employment,8948.0,
51036,2015.0,tot_employment,2411.0,
51037,2015.0,tot_employment,5039.0,
51041,2015.0,tot_employment,180781.0,
51043,2015.0,tot_employment,7127.0,
51045,2015.0,tot_employment,1386.0,
51047,2015.0,tot_employment,23717.0,
51049,2015.0,tot_employment,2271.0,
51051,2015.0,tot_employment,4676.0,
51057,2015.0,tot_employment,5429.0,
51061,2015.0,tot_employment,35233.0,
51063,2015.0,tot_employment,5931.0,
51065,2015.0,tot_employment,7880.0,
51067,2015.0,tot_employment,22416.0,
51071,2015.0,tot_employment,6816.0,
51073,2015.0,tot_employment,13871.0,
51075,2015.0,tot_employment,19582.0,
51077,2015.0,tot_employment,4851.0,
51079,2015.0,tot_employment,6004.0,
51083,2015.0,tot_employment,16511.0,
51085,2015.0,tot_employment,67704.0,
51087,2015.0,tot_employment,244126.0,
51091,2015.0,tot_employment,1313.0,
51093,2015.0,tot_employment,15634.0,
51097,2015.0,tot_employment,1883.0,
51099,2015.0,tot_employment,14463.0,
51101,2015.0,tot_employment,5757.0,
51103,2015.0,tot_employment,6888.0,
51105,2015.0,tot_employment,7315.0,
51107,2015.0,tot_employment,220455.0,
51109,2015.0,tot_employment,13948.0,
51111,2015.0,tot_employment,3900.0,
51113,2015.0,tot_employment,5520.0,
51115,2015.0,tot_employment,2954.0,
51117,2015.0,tot_employment,15765.0,
51119,2015.0,tot_employment,5366.0,
51125,2015.0,tot_employment,7054.0,
51127,2015.0,tot_employment,7363.0,
51131,2015.0,tot_employment,7026.0,
51133,2015.0,tot_employment,4397.0,
51135,2015.0,tot_employment,7790.0,
51137,2015.0,tot_employment,14362.0,
51139,2015.0,tot_employment,8746.0,
51141,2015.0,tot_employment,7637.0,
51145,2015.0,tot_employment,11215.0,
51147,2015.0,tot_employment,11851.0,
51155,2015.0,tot_employment,17441.0,
51157,2015.0,tot_employment,3465.0,
51159,2015.0,tot_employment,4089.0,
51167,2015.0,tot_employment,10196.0,
51169,2015.0,tot_employment,7838.0,
51171,2015.0,tot_employment,20934.0,
51173,2015.0,tot_employment,15996.0,
51179,2015.0,tot_employment,59304.0,
51181,2015.0,tot_employment,3354.0,
51183,2015.0,tot_employment,4929.0,
51185,2015.0,tot_employment,20172.0,
51187,2015.0,tot_employment,17331.0,
51193,2015.0,tot_employment,5925.0,
51197,2015.0,tot_employment,15731.0,
51510,2015.0,tot_employment,126918.0,
51550,2015.0,tot_employment,127558.0,
51650,2015.0,tot_employment,75674.0,
51700,2015.0,tot_employment,123799.0,
51710,2015.0,tot_employment,211487.0,
51740,2015.0,tot_employment,60430.0,
51760,2015.0,tot_employment,186071.0,
51770,2015.0,tot_employment,81492.0,
51800,2015.0,tot_employment,39711.0,
51810,2015.0,tot_employment,255345.0,
51003,2015.0,tot_employment,124844.0,
51540,2015.0,tot_employment,124844.0,
51005,2015.0,tot_employment,9961.0,
51580,2015.0,tot_employment,9961.0,
51015,2015.0,tot_employment,64144.0,
51790,2015.0,tot_employment,64144.0,
51820,2015.0,tot_employment,64144.0,
51031,2015.0,tot_employment,87095.0,
51680,2015.0,tot_employment,87095.0,
51035,2015.0,tot_employment,16561.0,
51640,2015.0,tot_employment,16561.0,
51053,2015.0,tot_employment,41879.0,
51570,2015.0,tot_employment,41879.0,
51730,2015.0,tot_employment,41879.0,
51059,2015.0,tot_employment,877357.0,
51600,2015.0,tot_employment,877357.0,
51610,2015.0,tot_employment,877357.0,
51069,2015.0,tot_employment,71689.0,
51840,2015.0,tot_employment,71689.0,
51081,2015.0,tot_employment,9514.0,
51595,2015.0,tot_employment,9514.0,
51089,2015.0,tot_employment,31747.0,
51690,2015.0,tot_employment,31747.0,
51095,2015.0,tot_employment,56417.0,
51830,2015.0,tot_employment,56417.0,
51121,2015.0,tot_employment,63192.0,
51750,2015.0,tot_employment,63192.0,
51143,2015.0,tot_employment,51253.0,
51590,2015.0,tot_employment,51253.0,
51149,2015.0,tot_employment,36512.0,
51670,2015.0,tot_employment,36512.0,
51153,2015.0,tot_employment,228558.0,
51683,2015.0,tot_employment,228558.0,
51685,2015.0,tot_employment,228558.0,
51161,2015.0,tot_employment,76199.0,
51775,2015.0,tot_employment,76199.0,
51163,2015.0,tot_employment,19007.0,
51530,2015.0,tot_employment,19007.0,
51678,2015.0,tot_employment,19007.0,
51165,2015.0,tot_employment,82108.0,
51660,2015.0,tot_employment,82108.0,
51175,2015.0,tot_employment,11379.0,
51620,2015.0,tot_employment,11379.0,
51177,2015.0,tot_employment,78689.0,
51630,2015.0,tot_employment,78689.0,
51191,2015.0,tot_employment,40319.0,
51520,2015.0,tot_employment,40319.0,
51195,2015.0,tot_employment,19858.0,
51720,2015.0,tot_employment,19858.0,
51199,2015.0,tot_employment,33142.0,
51735,2015.0,tot_employment,33142.0,
51001,2016.0,tot_employment,18612.0,
51007,2016.0,tot_employment,4411.0,
51009,2016.0,tot_employment,12148.0,
51011,2016.0,tot_employment,5294.0,
51013,2016.0,tot_employment,227324.0,
51017,2016.0,tot_employment,3092.0,
51019,2016.0,tot_employment,30483.0,
51021,2016.0,tot_employment,2821.0,
51023,2016.0,tot_employment,15314.0,
51025,2016.0,tot_employment,5786.0,
51027,2016.0,tot_employment,8224.0,
51029,2016.0,tot_employment,5150.0,
51033,2016.0,tot_employment,9191.0,
51036,2016.0,tot_employment,2580.0,
51037,2016.0,tot_employment,5081.0,
51041,2016.0,tot_employment,185375.0,
51043,2016.0,tot_employment,6975.0,
51045,2016.0,tot_employment,1417.0,
51047,2016.0,tot_employment,23169.0,
51049,2016.0,tot_employment,2554.0,
51051,2016.0,tot_employment,4393.0,
51057,2016.0,tot_employment,5483.0,
51061,2016.0,tot_employment,36207.0,
51063,2016.0,tot_employment,6088.0,
51065,2016.0,tot_employment,7556.0,
51067,2016.0,tot_employment,22654.0,
51071,2016.0,tot_employment,6735.0,
51073,2016.0,tot_employment,14001.0,
51075,2016.0,tot_employment,20699.0,
51077,2016.0,tot_employment,5020.0,
51079,2016.0,tot_employment,6289.0,
51083,2016.0,tot_employment,16393.0,
51085,2016.0,tot_employment,69455.0,
51087,2016.0,tot_employment,246887.0,
51091,2016.0,tot_employment,1295.0,
51093,2016.0,tot_employment,15812.0,
51097,2016.0,tot_employment,1899.0,
51099,2016.0,tot_employment,15256.0,
51101,2016.0,tot_employment,6017.0,
51103,2016.0,tot_employment,6888.0,
51105,2016.0,tot_employment,7351.0,
51107,2016.0,tot_employment,229519.0,
51109,2016.0,tot_employment,13967.0,
51111,2016.0,tot_employment,4018.0,
51113,2016.0,tot_employment,5699.0,
51115,2016.0,tot_employment,2987.0,
51117,2016.0,tot_employment,15617.0,
51119,2016.0,tot_employment,5327.0,
51125,2016.0,tot_employment,6795.0,
51127,2016.0,tot_employment,7584.0,
51131,2016.0,tot_employment,6957.0,
51133,2016.0,tot_employment,4534.0,
51135,2016.0,tot_employment,7535.0,
51137,2016.0,tot_employment,14743.0,
51139,2016.0,tot_employment,8841.0,
51141,2016.0,tot_employment,7499.0,
51145,2016.0,tot_employment,11733.0,
51147,2016.0,tot_employment,11970.0,
51155,2016.0,tot_employment,16972.0,
51157,2016.0,tot_employment,3752.0,
51159,2016.0,tot_employment,4130.0,
51167,2016.0,tot_employment,10196.0,
51169,2016.0,tot_employment,7657.0,
51171,2016.0,tot_employment,20710.0,
51173,2016.0,tot_employment,16441.0,
51179,2016.0,tot_employment,61061.0,
51181,2016.0,tot_employment,3198.0,
51183,2016.0,tot_employment,4838.0,
51185,2016.0,tot_employment,19396.0,
51187,2016.0,tot_employment,17429.0,
51193,2016.0,tot_employment,6090.0,
51197,2016.0,tot_employment,15726.0,
51510,2016.0,tot_employment,127045.0,
51550,2016.0,tot_employment,130010.0,
51650,2016.0,tot_employment,76158.0,
51700,2016.0,tot_employment,122232.0,
51710,2016.0,tot_employment,219880.0,
51740,2016.0,tot_employment,60852.0,
51760,2016.0,tot_employment,193558.0,
51770,2016.0,tot_employment,81833.0,
51800,2016.0,tot_employment,41291.0,
51810,2016.0,tot_employment,266272.0,
51003,2016.0,tot_employment,128766.0,
51540,2016.0,tot_employment,128766.0,
51005,2016.0,tot_employment,9933.0,
51580,2016.0,tot_employment,9933.0,
51015,2016.0,tot_employment,65224.0,
51790,2016.0,tot_employment,65224.0,
51820,2016.0,tot_employment,65224.0,
51031,2016.0,tot_employment,87201.0,
51680,2016.0,tot_employment,87201.0,
51035,2016.0,tot_employment,17214.0,
51640,2016.0,tot_employment,17214.0,
51053,2016.0,tot_employment,41064.0,
51570,2016.0,tot_employment,41064.0,
51730,2016.0,tot_employment,41064.0,
51059,2016.0,tot_employment,893525.0,
51600,2016.0,tot_employment,893525.0,
51610,2016.0,tot_employment,893525.0,
51069,2016.0,tot_employment,72849.0,
51840,2016.0,tot_employment,72849.0,
51081,2016.0,tot_employment,9430.0,
51595,2016.0,tot_employment,9430.0,
51089,2016.0,tot_employment,31856.0,
51690,2016.0,tot_employment,31856.0,
51095,2016.0,tot_employment,56826.0,
51830,2016.0,tot_employment,56826.0,
51121,2016.0,tot_employment,63956.0,
51750,2016.0,tot_employment,63956.0,
51143,2016.0,tot_employment,51625.0,
51590,2016.0,tot_employment,51625.0,
51149,2016.0,tot_employment,35686.0,
51670,2016.0,tot_employment,35686.0,
51153,2016.0,tot_employment,236044.0,
51683,2016.0,tot_employment,236044.0,
51685,2016.0,tot_employment,236044.0,
51161,2016.0,tot_employment,75898.0,
51775,2016.0,tot_employment,75898.0,
51163,2016.0,tot_employment,19147.0,
51530,2016.0,tot_employment,19147.0,
51678,2016.0,tot_employment,19147.0,
51165,2016.0,tot_employment,84320.0,
51660,2016.0,tot_employment,84320.0,
51175,2016.0,tot_employment,11287.0,
51620,2016.0,tot_employment,11287.0,
51177,2016.0,tot_employment,80991.0,
51630,2016.0,tot_employment,80991.0,
51191,2016.0,tot_employment,40485.0,
51520,2016.0,tot_employment,40485.0,
51195,2016.0,tot_employment,18875.0,
51720,2016.0,tot_employment,18875.0,
51199,2016.0,tot_employment,35008.0,
51735,2016.0,tot_employment,35008.0,
51001,2017.0,tot_employment,19326.0,
51007,2017.0,tot_employment,4517.0,
51009,2017.0,tot_employment,11843.0,
51011,2017.0,tot_employment,5351.0,
51013,2017.0,tot_employment,233652.0,
51017,2017.0,tot_employment,3050.0,
51019,2017.0,tot_employment,30571.0,
51021,2017.0,tot_employment,2808.0,
51023,2017.0,tot_employment,15310.0,
51025,2017.0,tot_employment,5449.0,
51027,2017.0,tot_employment,8349.0,
51029,2017.0,tot_employment,5115.0,
51033,2017.0,tot_employment,9488.0,
51036,2017.0,tot_employment,2612.0,
51037,2017.0,tot_employment,4992.0,
51041,2017.0,tot_employment,188844.0,
51043,2017.0,tot_employment,7064.0,
51045,2017.0,tot_employment,1422.0,
51047,2017.0,tot_employment,23597.0,
51049,2017.0,tot_employment,2568.0,
51051,2017.0,tot_employment,4351.0,
51057,2017.0,tot_employment,5381.0,
51061,2017.0,tot_employment,36360.0,
51063,2017.0,tot_employment,6142.0,
51065,2017.0,tot_employment,7616.0,
51067,2017.0,tot_employment,22888.0,
51071,2017.0,tot_employment,6587.0,
51073,2017.0,tot_employment,14073.0,
51075,2017.0,tot_employment,21595.0,
51077,2017.0,tot_employment,5155.0,
51079,2017.0,tot_employment,6449.0,
51083,2017.0,tot_employment,16343.0,
51085,2017.0,tot_employment,70420.0,
51087,2017.0,tot_employment,252997.0,
51091,2017.0,tot_employment,1250.0,
51093,2017.0,tot_employment,15927.0,
51097,2017.0,tot_employment,1972.0,
51099,2017.0,tot_employment,15408.0,
51101,2017.0,tot_employment,6155.0,
51103,2017.0,tot_employment,6904.0,
51105,2017.0,tot_employment,7114.0,
51107,2017.0,tot_employment,237338.0,
51109,2017.0,tot_employment,14716.0,
51111,2017.0,tot_employment,4097.0,
51113,2017.0,tot_employment,5741.0,
51115,2017.0,tot_employment,3001.0,
51117,2017.0,tot_employment,15341.0,
51119,2017.0,tot_employment,5475.0,
51125,2017.0,tot_employment,6638.0,
51127,2017.0,tot_employment,7725.0,
51131,2017.0,tot_employment,6481.0,
51133,2017.0,tot_employment,4473.0,
51135,2017.0,tot_employment,7406.0,
51137,2017.0,tot_employment,14800.0,
51139,2017.0,tot_employment,8781.0,
51141,2017.0,tot_employment,7382.0,
51145,2017.0,tot_employment,11780.0,
51147,2017.0,tot_employment,12109.0,
51155,2017.0,tot_employment,16646.0,
51157,2017.0,tot_employment,3753.0,
51159,2017.0,tot_employment,4131.0,
51167,2017.0,tot_employment,9947.0,
51169,2017.0,tot_employment,7568.0,
51171,2017.0,tot_employment,20443.0,
51173,2017.0,tot_employment,15932.0,
51179,2017.0,tot_employment,63009.0,
51181,2017.0,tot_employment,3269.0,
51183,2017.0,tot_employment,4698.0,
51185,2017.0,tot_employment,19435.0,
51187,2017.0,tot_employment,17819.0,
51193,2017.0,tot_employment,6072.0,
51197,2017.0,tot_employment,15539.0,
51510,2017.0,tot_employment,127215.0,
51550,2017.0,tot_employment,133298.0,
51650,2017.0,tot_employment,77155.0,
51700,2017.0,tot_employment,124822.0,
51710,2017.0,tot_employment,215589.0,
51740,2017.0,tot_employment,60648.0,
51760,2017.0,tot_employment,197116.0,
51770,2017.0,tot_employment,81217.0,
51800,2017.0,tot_employment,42686.0,
51810,2017.0,tot_employment,272519.0,
51003,2017.0,tot_employment,132075.0,
51540,2017.0,tot_employment,132075.0,
51005,2017.0,tot_employment,9831.0,
51580,2017.0,tot_employment,9831.0,
51015,2017.0,tot_employment,65058.0,
51790,2017.0,tot_employment,65058.0,
51820,2017.0,tot_employment,65058.0,
51031,2017.0,tot_employment,88960.0,
51680,2017.0,tot_employment,88960.0,
51035,2017.0,tot_employment,16897.0,
51640,2017.0,tot_employment,16897.0,
51053,2017.0,tot_employment,40929.0,
51570,2017.0,tot_employment,40929.0,
51730,2017.0,tot_employment,40929.0,
51059,2017.0,tot_employment,905870.0,
51600,2017.0,tot_employment,905870.0,
51610,2017.0,tot_employment,905870.0,
51069,2017.0,tot_employment,74526.0,
51840,2017.0,tot_employment,74526.0,
51081,2017.0,tot_employment,9622.0,
51595,2017.0,tot_employment,9622.0,
51089,2017.0,tot_employment,31566.0,
51690,2017.0,tot_employment,31566.0,
51095,2017.0,tot_employment,57947.0,
51830,2017.0,tot_employment,57947.0,
51121,2017.0,tot_employment,64510.0,
51750,2017.0,tot_employment,64510.0,
51143,2017.0,tot_employment,51171.0,
51590,2017.0,tot_employment,51171.0,
51149,2017.0,tot_employment,37137.0,
51670,2017.0,tot_employment,37137.0,
51153,2017.0,tot_employment,241393.0,
51683,2017.0,tot_employment,241393.0,
51685,2017.0,tot_employment,241393.0,
51161,2017.0,tot_employment,75922.0,
51775,2017.0,tot_employment,75922.0,
51163,2017.0,tot_employment,19412.0,
51530,2017.0,tot_employment,19412.0,
51678,2017.0,tot_employment,19412.0,
51165,2017.0,tot_employment,85179.0,
51660,2017.0,tot_employment,85179.0,
51175,2017.0,tot_employment,11085.0,
51620,2017.0,tot_employment,11085.0,
51177,2017.0,tot_employment,84155.0,
51630,2017.0,tot_employment,84155.0,
51191,2017.0,tot_employment,39959.0,
51520,2017.0,tot_employment,39959.0,
51195,2017.0,tot_employment,18972.0,
51720,2017.0,tot_employment,18972.0,
51199,2017.0,tot_employment,35264.0,
51735,2017.0,tot_employment,35264.0,
51001,2018.0,tot_employment,19852.0,
51007,2018.0,tot_employment,4575.0,
51009,2018.0,tot_employment,11662.0,
51011,2018.0,tot_employment,5380.0,
51013,2018.0,tot_employment,237191.0,
51017,2018.0,tot_employment,3023.0,
51019,2018.0,tot_employment,31205.0,
51021,2018.0,tot_employment,2854.0,
51023,2018.0,tot_employment,15907.0,
51025,2018.0,tot_employment,5366.0,
51027,2018.0,tot_employment,8420.0,
51029,2018.0,tot_employment,5160.0,
51033,2018.0,tot_employment,9628.0,
51036,2018.0,tot_employment,2613.0,
51037,2018.0,tot_employment,4829.0,
51041,2018.0,tot_employment,193750.0,
51043,2018.0,tot_employment,7011.0,
51045,2018.0,tot_employment,1420.0,
51047,2018.0,tot_employment,23952.0,
51049,2018.0,tot_employment,2465.0,
51051,2018.0,tot_employment,4295.0,
51057,2018.0,tot_employment,5299.0,
51061,2018.0,tot_employment,37315.0,
51063,2018.0,tot_employment,6398.0,
51065,2018.0,tot_employment,7922.0,
51067,2018.0,tot_employment,23235.0,
51071,2018.0,tot_employment,6687.0,
51073,2018.0,tot_employment,14389.0,
51075,2018.0,tot_employment,22075.0,
51077,2018.0,tot_employment,5251.0,
51079,2018.0,tot_employment,6457.0,
51083,2018.0,tot_employment,16076.0,
51085,2018.0,tot_employment,72720.0,
51087,2018.0,tot_employment,254151.0,
51091,2018.0,tot_employment,1238.0,
51093,2018.0,tot_employment,15764.0,
51097,2018.0,tot_employment,1959.0,
51099,2018.0,tot_employment,15603.0,
51101,2018.0,tot_employment,6288.0,
51103,2018.0,tot_employment,6908.0,
51105,2018.0,tot_employment,6981.0,
51107,2018.0,tot_employment,246528.0,
51109,2018.0,tot_employment,15021.0,
51111,2018.0,tot_employment,4093.0,
51113,2018.0,tot_employment,5850.0,
51115,2018.0,tot_employment,3086.0,
51117,2018.0,tot_employment,15457.0,
51119,2018.0,tot_employment,5362.0,
51125,2018.0,tot_employment,6821.0,
51127,2018.0,tot_employment,8132.0,
51131,2018.0,tot_employment,6376.0,
51133,2018.0,tot_employment,4524.0,
51135,2018.0,tot_employment,7608.0,
51137,2018.0,tot_employment,14974.0,
51139,2018.0,tot_employment,8906.0,
51141,2018.0,tot_employment,7208.0,
51145,2018.0,tot_employment,12197.0,
51147,2018.0,tot_employment,12410.0,
51155,2018.0,tot_employment,17547.0,
51157,2018.0,tot_employment,3591.0,
51159,2018.0,tot_employment,4205.0,
51167,2018.0,tot_employment,9865.0,
51169,2018.0,tot_employment,7816.0,
51171,2018.0,tot_employment,21094.0,
51173,2018.0,tot_employment,15817.0,
51179,2018.0,tot_employment,65765.0,
51181,2018.0,tot_employment,3398.0,
51183,2018.0,tot_employment,4726.0,
51185,2018.0,tot_employment,19370.0,
51187,2018.0,tot_employment,18420.0,
51193,2018.0,tot_employment,6040.0,
51197,2018.0,tot_employment,15424.0,
51510,2018.0,tot_employment,126048.0,
51550,2018.0,tot_employment,136162.0,
51650,2018.0,tot_employment,77398.0,
51700,2018.0,tot_employment,130260.0,
51710,2018.0,tot_employment,201329.0,
51740,2018.0,tot_employment,60745.0,
51760,2018.0,tot_employment,200136.0,
51770,2018.0,tot_employment,81577.0,
51800,2018.0,tot_employment,44226.0,
51810,2018.0,tot_employment,269522.0,
51003,2018.0,tot_employment,134435.0,
51540,2018.0,tot_employment,134435.0,
51005,2018.0,tot_employment,9741.0,
51580,2018.0,tot_employment,9741.0,
51015,2018.0,tot_employment,65862.0,
51790,2018.0,tot_employment,65862.0,
51820,2018.0,tot_employment,65862.0,
51031,2018.0,tot_employment,90638.0,
51680,2018.0,tot_employment,90638.0,
51035,2018.0,tot_employment,16572.0,
51640,2018.0,tot_employment,16572.0,
51053,2018.0,tot_employment,41569.0,
51570,2018.0,tot_employment,41569.0,
51730,2018.0,tot_employment,41569.0,
51059,2018.0,tot_employment,929236.0,
51600,2018.0,tot_employment,929236.0,
51610,2018.0,tot_employment,929236.0,
51069,2018.0,tot_employment,76209.0,
51840,2018.0,tot_employment,76209.0,
51081,2018.0,tot_employment,9525.0,
51595,2018.0,tot_employment,9525.0,
51089,2018.0,tot_employment,31698.0,
51690,2018.0,tot_employment,31698.0,
51095,2018.0,tot_employment,59004.0,
51830,2018.0,tot_employment,59004.0,
51121,2018.0,tot_employment,64665.0,
51750,2018.0,tot_employment,64665.0,
51143,2018.0,tot_employment,50862.0,
51590,2018.0,tot_employment,50862.0,
51149,2018.0,tot_employment,37029.0,
51670,2018.0,tot_employment,37029.0,
51153,2018.0,tot_employment,249454.0,
51683,2018.0,tot_employment,249454.0,
51685,2018.0,tot_employment,249454.0,
51161,2018.0,tot_employment,76246.0,
51775,2018.0,tot_employment,76246.0,
51163,2018.0,tot_employment,19514.0,
51530,2018.0,tot_employment,19514.0,
51678,2018.0,tot_employment,19514.0,
51165,2018.0,tot_employment,86300.0,
51660,2018.0,tot_employment,86300.0,
51175,2018.0,tot_employment,11249.0,
51620,2018.0,tot_employment,11249.0,
51177,2018.0,tot_employment,85377.0,
51630,2018.0,tot_employment,85377.0,
51191,2018.0,tot_employment,40028.0,
51520,2018.0,tot_employment,40028.0,
51195,2018.0,tot_employment,18829.0,
51720,2018.0,tot_employment,18829.0,
51199,2018.0,tot_employment,35614.0,
51735,2018.0,tot_employment,35614.0,
51001,2019.0,tot_employment,19948.0,
51007,2019.0,tot_employment,4620.0,
51009,2019.0,tot_employment,11576.0,
51011,2019.0,tot_employment,5312.0,
51013,2019.0,tot_employment,241502.0,
51017,2019.0,tot_employment,2987.0,
51019,2019.0,tot_employment,30959.0,
51021,2019.0,tot_employment,2824.0,
51023,2019.0,tot_employment,16622.0,
51025,2019.0,tot_employment,5366.0,
51027,2019.0,tot_employment,8086.0,
51029,2019.0,tot_employment,5160.0,
51033,2019.0,tot_employment,9721.0,
51036,2019.0,tot_employment,2588.0,
51037,2019.0,tot_employment,4767.0,
51041,2019.0,tot_employment,193652.0,
51043,2019.0,tot_employment,6979.0,
51045,2019.0,tot_employment,1451.0,
51047,2019.0,tot_employment,23850.0,
51049,2019.0,tot_employment,2404.0,
51051,2019.0,tot_employment,4479.0,
51057,2019.0,tot_employment,5177.0,
51061,2019.0,tot_employment,36875.0,
51063,2019.0,tot_employment,6401.0,
51065,2019.0,tot_employment,7880.0,
51067,2019.0,tot_employment,22878.0,
51071,2019.0,tot_employment,6526.0,
51073,2019.0,tot_employment,14231.0,
51075,2019.0,tot_employment,23440.0,
51077,2019.0,tot_employment,5517.0,
51079,2019.0,tot_employment,6536.0,
51083,2019.0,tot_employment,16301.0,
51085,2019.0,tot_employment,73963.0,
51087,2019.0,tot_employment,256580.0,
51091,2019.0,tot_employment,1204.0,
51093,2019.0,tot_employment,15680.0,
51097,2019.0,tot_employment,1905.0,
51099,2019.0,tot_employment,15896.0,
51101,2019.0,tot_employment,6312.0,
51103,2019.0,tot_employment,7003.0,
51105,2019.0,tot_employment,6867.0,
51107,2019.0,tot_employment,254208.0,
51109,2019.0,tot_employment,14889.0,
51111,2019.0,tot_employment,4002.0,
51113,2019.0,tot_employment,5834.0,
51115,2019.0,tot_employment,3046.0,
51117,2019.0,tot_employment,15407.0,
51119,2019.0,tot_employment,5318.0,
51125,2019.0,tot_employment,6692.0,
51127,2019.0,tot_employment,8584.0,
51131,2019.0,tot_employment,6379.0,
51133,2019.0,tot_employment,4492.0,
51135,2019.0,tot_employment,7594.0,
51137,2019.0,tot_employment,15081.0,
51139,2019.0,tot_employment,8755.0,
51141,2019.0,tot_employment,6965.0,
51145,2019.0,tot_employment,12445.0,
51147,2019.0,tot_employment,12353.0,
51155,2019.0,tot_employment,18109.0,
51157,2019.0,tot_employment,3489.0,
51159,2019.0,tot_employment,4172.0,
51167,2019.0,tot_employment,9875.0,
51169,2019.0,tot_employment,7974.0,
51171,2019.0,tot_employment,20837.0,
51173,2019.0,tot_employment,15844.0,
51179,2019.0,tot_employment,67772.0,
51181,2019.0,tot_employment,3060.0,
51183,2019.0,tot_employment,4785.0,
51185,2019.0,tot_employment,18860.0,
51187,2019.0,tot_employment,18298.0,
51193,2019.0,tot_employment,5913.0,
51197,2019.0,tot_employment,15209.0,
51510,2019.0,tot_employment,124554.0,
51550,2019.0,tot_employment,137765.0,
51650,2019.0,tot_employment,77482.0,
51700,2019.0,tot_employment,132594.0,
51710,2019.0,tot_employment,193584.0,
51740,2019.0,tot_employment,61373.0,
51760,2019.0,tot_employment,204420.0,
51770,2019.0,tot_employment,81132.0,
51800,2019.0,tot_employment,45491.0,
51810,2019.0,tot_employment,270000.0,
51003,2019.0,tot_employment,136711.0,
51540,2019.0,tot_employment,136711.0,
51005,2019.0,tot_employment,9771.0,
51580,2019.0,tot_employment,9771.0,
51015,2019.0,tot_employment,66500.0,
51790,2019.0,tot_employment,66500.0,
51820,2019.0,tot_employment,66500.0,
51031,2019.0,tot_employment,90828.0,
51680,2019.0,tot_employment,90828.0,
51035,2019.0,tot_employment,16392.0,
51640,2019.0,tot_employment,16392.0,
51053,2019.0,tot_employment,41724.0,
51570,2019.0,tot_employment,41724.0,
51730,2019.0,tot_employment,41724.0,
51059,2019.0,tot_employment,935512.0,
51600,2019.0,tot_employment,935512.0,
51610,2019.0,tot_employment,935512.0,
51069,2019.0,tot_employment,76925.0,
51840,2019.0,tot_employment,76925.0,
51081,2019.0,tot_employment,9260.0,
51595,2019.0,tot_employment,9260.0,
51089,2019.0,tot_employment,31516.0,
51690,2019.0,tot_employment,31516.0,
51095,2019.0,tot_employment,58792.0,
51830,2019.0,tot_employment,58792.0,
51121,2019.0,tot_employment,64886.0,
51750,2019.0,tot_employment,64886.0,
51143,2019.0,tot_employment,49613.0,
51590,2019.0,tot_employment,49613.0,
51149,2019.0,tot_employment,36864.0,
51670,2019.0,tot_employment,36864.0,
51153,2019.0,tot_employment,255072.0,
51683,2019.0,tot_employment,255072.0,
51685,2019.0,tot_employment,255072.0,
51161,2019.0,tot_employment,76213.0,
51775,2019.0,tot_employment,76213.0,
51163,2019.0,tot_employment,19616.0,
51530,2019.0,tot_employment,19616.0,
51678,2019.0,tot_employment,19616.0,
51165,2019.0,tot_employment,87268.0,
51660,2019.0,tot_employment,87268.0,
51175,2019.0,tot_employment,11185.0,
51620,2019.0,tot_employment,11185.0,
51177,2019.0,tot_employment,84856.0,
51630,2019.0,tot_employment,84856.0,
51191,2019.0,tot_employment,39174.0,
51520,2019.0,tot_employment,39174.0,
51195,2019.0,tot_employment,19022.0,
51720,2019.0,tot_employment,19022.0,
51199,2019.0,tot_employment,35526.0,
51735,2019.0,tot_employment,35526.0,
51001,2020.0,tot_employment,19241.0,
51007,2020.0,tot_employment,4652.0,
51009,2020.0,tot_employment,11428.0,
51011,2020.0,tot_employment,5421.0,
51013,2020.0,tot_employment,236390.0,
51017,2020.0,tot_employment,2565.0,
51019,2020.0,tot_employment,30972.0,
51021,2020.0,tot_employment,2731.0,
51023,2020.0,tot_employment,15930.0,
51025,2020.0,tot_employment,5203.0,
51027,2020.0,tot_employment,7309.0,
51029,2020.0,tot_employment,5054.0,
51033,2020.0,tot_employment,9649.0,
51036,2020.0,tot_employment,2587.0,
51037,2020.0,tot_employment,4649.0,
51041,2020.0,tot_employment,194698.0,
51043,2020.0,tot_employment,6790.0,
51045,2020.0,tot_employment,1476.0,
51047,2020.0,tot_employment,24016.0,
51049,2020.0,tot_employment,2411.0,
51051,2020.0,tot_employment,4384.0,
51057,2020.0,tot_employment,5024.0,
51061,2020.0,tot_employment,36840.0,
51063,2020.0,tot_employment,6323.0,
51065,2020.0,tot_employment,7857.0,
51067,2020.0,tot_employment,23054.0,
51071,2020.0,tot_employment,6568.0,
51073,2020.0,tot_employment,14326.0,
51075,2020.0,tot_employment,24654.0,
51077,2020.0,tot_employment,5518.0,
51079,2020.0,tot_employment,6669.0,
51083,2020.0,tot_employment,15599.0,
51085,2020.0,tot_employment,71412.0,
51087,2020.0,tot_employment,250099.0,
51091,2020.0,tot_employment,1204.0,
51093,2020.0,tot_employment,15776.0,
51097,2020.0,tot_employment,1975.0,
51099,2020.0,tot_employment,16504.0,
51101,2020.0,tot_employment,6189.0,
51103,2020.0,tot_employment,6854.0,
51105,2020.0,tot_employment,6872.0,
51107,2020.0,tot_employment,250127.0,
51109,2020.0,tot_employment,15133.0,
51111,2020.0,tot_employment,3924.0,
51113,2020.0,tot_employment,5846.0,
51115,2020.0,tot_employment,2980.0,
51117,2020.0,tot_employment,15155.0,
51119,2020.0,tot_employment,5179.0,
51125,2020.0,tot_employment,6383.0,
51127,2020.0,tot_employment,9387.0,
51131,2020.0,tot_employment,6202.0,
51133,2020.0,tot_employment,4650.0,
51135,2020.0,tot_employment,7348.0,
51137,2020.0,tot_employment,14742.0,
51139,2020.0,tot_employment,8377.0,
51141,2020.0,tot_employment,6642.0,
51145,2020.0,tot_employment,12462.0,
51147,2020.0,tot_employment,11606.0,
51155,2020.0,tot_employment,16681.0,
51157,2020.0,tot_employment,3488.0,
51159,2020.0,tot_employment,4110.0,
51167,2020.0,tot_employment,9762.0,
51169,2020.0,tot_employment,7675.0,
51171,2020.0,tot_employment,20388.0,
51173,2020.0,tot_employment,15169.0,
51179,2020.0,tot_employment,69421.0,
51181,2020.0,tot_employment,3050.0,
51183,2020.0,tot_employment,4649.0,
51185,2020.0,tot_employment,18418.0,
51187,2020.0,tot_employment,18503.0,
51193,2020.0,tot_employment,5830.0,
51197,2020.0,tot_employment,14805.0,
51510,2020.0,tot_employment,118532.0,
51550,2020.0,tot_employment,137768.0,
51650,2020.0,tot_employment,75001.0,
51700,2020.0,tot_employment,130483.0,
51710,2020.0,tot_employment,187810.0,
51740,2020.0,tot_employment,60706.0,
51760,2020.0,tot_employment,195355.0,
51770,2020.0,tot_employment,78003.0,
51800,2020.0,tot_employment,46129.0,
51810,2020.0,tot_employment,265932.0,
51003,2020.0,tot_employment,130210.0,
51540,2020.0,tot_employment,130210.0,
51005,2020.0,tot_employment,9230.0,
51580,2020.0,tot_employment,9230.0,
51015,2020.0,tot_employment,65244.0,
51790,2020.0,tot_employment,65244.0,
51820,2020.0,tot_employment,65244.0,
51031,2020.0,tot_employment,87958.0,
51680,2020.0,tot_employment,87958.0,
51035,2020.0,tot_employment,15877.0,
51640,2020.0,tot_employment,15877.0,
51053,2020.0,tot_employment,40114.0,
51570,2020.0,tot_employment,40114.0,
51730,2020.0,tot_employment,40114.0,
51059,2020.0,tot_employment,917972.0,
51600,2020.0,tot_employment,917972.0,
51610,2020.0,tot_employment,917972.0,
51069,2020.0,tot_employment,77858.0,
51840,2020.0,tot_employment,77858.0,
51081,2020.0,tot_employment,9099.0,
51595,2020.0,tot_employment,9099.0,
51089,2020.0,tot_employment,30702.0,
51690,2020.0,tot_employment,30702.0,
51095,2020.0,tot_employment,53285.0,
51830,2020.0,tot_employment,53285.0,
51121,2020.0,tot_employment,62528.0,
51750,2020.0,tot_employment,62528.0,
51143,2020.0,tot_employment,48380.0,
51590,2020.0,tot_employment,48380.0,
51149,2020.0,tot_employment,36754.0,
51670,2020.0,tot_employment,36754.0,
51153,2020.0,tot_employment,256561.0,
51683,2020.0,tot_employment,256561.0,
51685,2020.0,tot_employment,256561.0,
51161,2020.0,tot_employment,74922.0,
51775,2020.0,tot_employment,74922.0,
51163,2020.0,tot_employment,18664.0,
51530,2020.0,tot_employment,18664.0,
51678,2020.0,tot_employment,18664.0,
51165,2020.0,tot_employment,84091.0,
51660,2020.0,tot_employment,84091.0,
51175,2020.0,tot_employment,11011.0,
51620,2020.0,tot_employment,11011.0,
51177,2020.0,tot_employment,83593.0,
51630,2020.0,tot_employment,83593.0,
51191,2020.0,tot_employment,37930.0,
51520,2020.0,tot_employment,37930.0,
51195,2020.0,tot_employment,18195.0,
51720,2020.0,tot_employment,18195.0,
51199,2020.0,tot_employment,34135.0,
51735,2020.0,tot_employment,34135.0,
51001,2021.0,tot_employment,19025.0,
51007,2021.0,tot_employment,4733.0,
51009,2021.0,tot_employment,11590.0,
51011,2021.0,tot_employment,5549.0,
51013,2021.0,tot_employment,235748.0,
51017,2021.0,tot_employment,2677.0,
51019,2021.0,tot_employment,31389.0,
51021,2021.0,tot_employment,2703.0,
51023,2021.0,tot_employment,16195.0,
51025,2021.0,tot_employment,5071.0,
51027,2021.0,tot_employment,7275.0,
51029,2021.0,tot_employment,4906.0,
51033,2021.0,tot_employment,9642.0,
51036,2021.0,tot_employment,2568.0,
51037,2021.0,tot_employment,4913.0,
51041,2021.0,tot_employment,201217.0,
51043,2021.0,tot_employment,6872.0,
51045,2021.0,tot_employment,1513.0,
51047,2021.0,tot_employment,24675.0,
51049,2021.0,tot_employment,2503.0,
51051,2021.0,tot_employment,4489.0,
51057,2021.0,tot_employment,5077.0,
51061,2021.0,tot_employment,37672.0,
51063,2021.0,tot_employment,6518.0,
51065,2021.0,tot_employment,8217.0,
51067,2021.0,tot_employment,23776.0,
51071,2021.0,tot_employment,7493.0,
51073,2021.0,tot_employment,14683.0,
51075,2021.0,tot_employment,25830.0,
51077,2021.0,tot_employment,5482.0,
51079,2021.0,tot_employment,6825.0,
51083,2021.0,tot_employment,15818.0,
51085,2021.0,tot_employment,74311.0,
51087,2021.0,tot_employment,255427.0,
51091,2021.0,tot_employment,1214.0,
51093,2021.0,tot_employment,16042.0,
51097,2021.0,tot_employment,2010.0,
51099,2021.0,tot_employment,17219.0,
51101,2021.0,tot_employment,6218.0,
51103,2021.0,tot_employment,6927.0,
51105,2021.0,tot_employment,6857.0,
51107,2021.0,tot_employment,259967.0,
51109,2021.0,tot_employment,15571.0,
51111,2021.0,tot_employment,3817.0,
51113,2021.0,tot_employment,5996.0,
51115,2021.0,tot_employment,2981.0,
51117,2021.0,tot_employment,15362.0,
51119,2021.0,tot_employment,5288.0,
51125,2021.0,tot_employment,6478.0,
51127,2021.0,tot_employment,9734.0,
51131,2021.0,tot_employment,6332.0,
51133,2021.0,tot_employment,4567.0,
51135,2021.0,tot_employment,7428.0,
51137,2021.0,tot_employment,15113.0,
51139,2021.0,tot_employment,8600.0,
51141,2021.0,tot_employment,6656.0,
51145,2021.0,tot_employment,12796.0,
51147,2021.0,tot_employment,11789.0,
51155,2021.0,tot_employment,17551.0,
51157,2021.0,tot_employment,3664.0,
51159,2021.0,tot_employment,4044.0,
51167,2021.0,tot_employment,9638.0,
51169,2021.0,tot_employment,7671.0,
51171,2021.0,tot_employment,20398.0,
51173,2021.0,tot_employment,15750.0,
51179,2021.0,tot_employment,71841.0,
51181,2021.0,tot_employment,3044.0,
51183,2021.0,tot_employment,4598.0,
51185,2021.0,tot_employment,18478.0,
51187,2021.0,tot_employment,19528.0,
51193,2021.0,tot_employment,5961.0,
51197,2021.0,tot_employment,15149.0,
51510,2021.0,tot_employment,119598.0,
51550,2021.0,tot_employment,140442.0,
51650,2021.0,tot_employment,75626.0,
51700,2021.0,tot_employment,132943.0,
51710,2021.0,tot_employment,192649.0,
51740,2021.0,tot_employment,61391.0,
51760,2021.0,tot_employment,199215.0,
51770,2021.0,tot_employment,79395.0,
51800,2021.0,tot_employment,47977.0,
51810,2021.0,tot_employment,274685.0,
51003,2021.0,tot_employment,134010.0,
51540,2021.0,tot_employment,134010.0,
51005,2021.0,tot_employment,9225.0,
51580,2021.0,tot_employment,9225.0,
51015,2021.0,tot_employment,66112.0,
51790,2021.0,tot_employment,66112.0,
51820,2021.0,tot_employment,66112.0,
51031,2021.0,tot_employment,89043.0,
51680,2021.0,tot_employment,89043.0,
51035,2021.0,tot_employment,16223.0,
51640,2021.0,tot_employment,16223.0,
51053,2021.0,tot_employment,40372.0,
51570,2021.0,tot_employment,40372.0,
51730,2021.0,tot_employment,40372.0,
51059,2021.0,tot_employment,944680.0,
51600,2021.0,tot_employment,944680.0,
51610,2021.0,tot_employment,944680.0,
51069,2021.0,tot_employment,80066.0,
51840,2021.0,tot_employment,80066.0,
51081,2021.0,tot_employment,9401.0,
51595,2021.0,tot_employment,9401.0,
51089,2021.0,tot_employment,31575.0,
51690,2021.0,tot_employment,31575.0,
51095,2021.0,tot_employment,55539.0,
51830,2021.0,tot_employment,55539.0,
51121,2021.0,tot_employment,64439.0,
51750,2021.0,tot_employment,64439.0,
51143,2021.0,tot_employment,49050.0,
51590,2021.0,tot_employment,49050.0,
51149,2021.0,tot_employment,36465.0,
51670,2021.0,tot_employment,36465.0,
51153,2021.0,tot_employment,265492.0,
51683,2021.0,tot_employment,265492.0,
51685,2021.0,tot_employment,265492.0,
51161,2021.0,tot_employment,75756.0,
51775,2021.0,tot_employment,75756.0,
51163,2021.0,tot_employment,18833.0,
51530,2021.0,tot_employment,18833.0,
51678,2021.0,tot_employment,18833.0,
51165,2021.0,tot_employment,86488.0,
51660,2021.0,tot_employment,86488.0,
51175,2021.0,tot_employment,10774.0,
51620,2021.0,tot_employment,10774.0,
51177,2021.0,tot_employment,86395.0,
51630,2021.0,tot_employment,86395.0,
51191,2021.0,tot_employment,38819.0,
51520,2021.0,tot_employment,38819.0,
51195,2021.0,tot_employment,18190.0,
51720,2021.0,tot_employment,18190.0,
51199,2021.0,tot_employment,35247.0,
51735,2021.0,tot_employment,35247.0,
