geoid,year,measure,value,moe
11001000101,2021.0,othr_women_pov_pct,,
11001000102,2021.0,othr_women_pov_pct,9.375,
11001000201,2021.0,othr_women_pov_pct,,
11001000202,2021.0,othr_women_pov_pct,34.5679012345679,
11001000300,2021.0,othr_women_pov_pct,0.0,
11001000400,2021.0,othr_women_pov_pct,28.571428571428573,
11001000501,2021.0,othr_women_pov_pct,0.0,
11001000502,2021.0,othr_women_pov_pct,18.26086956521739,
11001000600,2021.0,othr_women_pov_pct,2.73224043715847,
11001000702,2021.0,othr_women_pov_pct,0.0,
11001000703,2021.0,othr_women_pov_pct,0.0,
11001000704,2021.0,othr_women_pov_pct,65.9090909090909,
11001000802,2021.0,othr_women_pov_pct,31.176470588235293,
11001000803,2021.0,othr_women_pov_pct,47.05882352941177,
11001000804,2021.0,othr_women_pov_pct,11.11111111111111,
11001000902,2021.0,othr_women_pov_pct,11.11111111111111,
11001000903,2021.0,othr_women_pov_pct,0.0,
11001000904,2021.0,othr_women_pov_pct,15.873015873015872,
11001001002,2021.0,othr_women_pov_pct,33.333333333333336,
11001001003,2021.0,othr_women_pov_pct,0.0,
11001001004,2021.0,othr_women_pov_pct,58.91472868217054,
11001001100,2021.0,othr_women_pov_pct,9.183673469387756,
11001001200,2021.0,othr_women_pov_pct,0.0,
11001001301,2021.0,othr_women_pov_pct,22.22222222222222,
11001001303,2021.0,othr_women_pov_pct,0.0,
11001001304,2021.0,othr_women_pov_pct,0.0,
11001001401,2021.0,othr_women_pov_pct,9.67741935483871,
11001001402,2021.0,othr_women_pov_pct,22.12389380530973,
11001001500,2021.0,othr_women_pov_pct,0.0,
11001001600,2021.0,othr_women_pov_pct,5.691056910569106,
11001001702,2021.0,othr_women_pov_pct,0.0,
11001001803,2021.0,othr_women_pov_pct,12.5,
11001001804,2021.0,othr_women_pov_pct,2.5787965616045847,
11001001901,2021.0,othr_women_pov_pct,29.387755102040817,
11001001902,2021.0,othr_women_pov_pct,4.022988505747127,
11001002001,2021.0,othr_women_pov_pct,33.03769401330377,
11001002002,2021.0,othr_women_pov_pct,4.081632653061225,
11001002101,2021.0,othr_women_pov_pct,12.949640287769784,
11001002102,2021.0,othr_women_pov_pct,7.666666666666667,
11001002201,2021.0,othr_women_pov_pct,3.3755274261603376,
11001002202,2021.0,othr_women_pov_pct,0.0,
11001002301,2021.0,othr_women_pov_pct,12.195121951219512,
11001002302,2021.0,othr_women_pov_pct,6.666666666666667,
11001002400,2021.0,othr_women_pov_pct,0.0,
11001002501,2021.0,othr_women_pov_pct,2.292263610315186,
11001002503,2021.0,othr_women_pov_pct,20.0,
11001002504,2021.0,othr_women_pov_pct,16.666666666666668,
11001002600,2021.0,othr_women_pov_pct,12.080536912751676,
11001002702,2021.0,othr_women_pov_pct,0.0,
11001002703,2021.0,othr_women_pov_pct,0.0,
11001002704,2021.0,othr_women_pov_pct,22.857142857142858,
11001002801,2021.0,othr_women_pov_pct,20.577617328519857,
11001002802,2021.0,othr_women_pov_pct,31.873479318734795,
11001002900,2021.0,othr_women_pov_pct,8.898305084745763,
11001003000,2021.0,othr_women_pov_pct,33.97129186602871,
11001003100,2021.0,othr_women_pov_pct,5.405405405405405,
11001003200,2021.0,othr_women_pov_pct,8.383233532934131,
11001003301,2021.0,othr_women_pov_pct,0.0,
11001003302,2021.0,othr_women_pov_pct,0.0,
11001003400,2021.0,othr_women_pov_pct,60.35502958579882,
11001003500,2021.0,othr_women_pov_pct,1.2738853503184713,
11001003600,2021.0,othr_women_pov_pct,28.0,
11001003701,2021.0,othr_women_pov_pct,0.0,
11001003702,2021.0,othr_women_pov_pct,18.51851851851852,
11001003801,2021.0,othr_women_pov_pct,0.0,
11001003802,2021.0,othr_women_pov_pct,33.737864077669904,
11001003901,2021.0,othr_women_pov_pct,0.0,
11001003902,2021.0,othr_women_pov_pct,0.0,
11001004001,2021.0,othr_women_pov_pct,0.0,
11001004002,2021.0,othr_women_pov_pct,0.0,
11001004100,2021.0,othr_women_pov_pct,8.64864864864865,
11001004201,2021.0,othr_women_pov_pct,0.0,
11001004202,2021.0,othr_women_pov_pct,0.0,
11001004300,2021.0,othr_women_pov_pct,0.0,
11001004401,2021.0,othr_women_pov_pct,0.0,
11001004402,2021.0,othr_women_pov_pct,0.0,
11001004600,2021.0,othr_women_pov_pct,0.0,
11001004702,2021.0,othr_women_pov_pct,27.272727272727277,
11001004703,2021.0,othr_women_pov_pct,0.0,
11001004704,2021.0,othr_women_pov_pct,0.0,
11001004801,2021.0,othr_women_pov_pct,23.225806451612904,
11001004802,2021.0,othr_women_pov_pct,0.0,
11001004901,2021.0,othr_women_pov_pct,0.0,
11001004902,2021.0,othr_women_pov_pct,15.315315315315315,
11001005001,2021.0,othr_women_pov_pct,0.0,
11001005003,2021.0,othr_women_pov_pct,0.0,
11001005004,2021.0,othr_women_pov_pct,13.157894736842104,
11001005202,2021.0,othr_women_pov_pct,0.0,
11001005203,2021.0,othr_women_pov_pct,0.0,
11001005302,2021.0,othr_women_pov_pct,0.0,
11001005303,2021.0,othr_women_pov_pct,0.0,
11001005501,2021.0,othr_women_pov_pct,,
11001005502,2021.0,othr_women_pov_pct,0.0,
11001005503,2021.0,othr_women_pov_pct,,
11001005601,2021.0,othr_women_pov_pct,27.916666666666668,
11001005602,2021.0,othr_women_pov_pct,14.204545454545457,
11001005801,2021.0,othr_women_pov_pct,0.0,
11001005802,2021.0,othr_women_pov_pct,63.793103448275865,
11001005900,2021.0,othr_women_pov_pct,0.0,
11001006400,2021.0,othr_women_pov_pct,40.74074074074074,
11001006500,2021.0,othr_women_pov_pct,79.48717948717949,
11001006600,2021.0,othr_women_pov_pct,0.0,
11001006700,2021.0,othr_women_pov_pct,,
11001006801,2021.0,othr_women_pov_pct,0.0,
11001006802,2021.0,othr_women_pov_pct,0.0,
11001006804,2021.0,othr_women_pov_pct,100.0,
11001006900,2021.0,othr_women_pov_pct,3.703703703703704,
11001007000,2021.0,othr_women_pov_pct,0.0,
11001007100,2021.0,othr_women_pov_pct,13.72549019607843,
11001007201,2021.0,othr_women_pov_pct,0.0,
11001007202,2021.0,othr_women_pov_pct,0.0,
11001007203,2021.0,othr_women_pov_pct,0.0,
11001007301,2021.0,othr_women_pov_pct,0.0,
11001007304,2021.0,othr_women_pov_pct,0.0,
11001007401,2021.0,othr_women_pov_pct,77.96610169491525,
11001007403,2021.0,othr_women_pov_pct,52.63157894736842,
11001007404,2021.0,othr_women_pov_pct,33.663366336633665,
11001007406,2021.0,othr_women_pov_pct,30.89887640449438,
11001007407,2021.0,othr_women_pov_pct,0.0,
11001007408,2021.0,othr_women_pov_pct,59.5959595959596,
11001007409,2021.0,othr_women_pov_pct,100.0,
11001007502,2021.0,othr_women_pov_pct,,
11001007503,2021.0,othr_women_pov_pct,26.08695652173913,
11001007504,2021.0,othr_women_pov_pct,29.6875,
11001007601,2021.0,othr_women_pov_pct,27.184466019417474,
11001007603,2021.0,othr_women_pov_pct,0.0,
11001007604,2021.0,othr_women_pov_pct,57.04225352112676,
11001007605,2021.0,othr_women_pov_pct,15.384615384615383,
11001007703,2021.0,othr_women_pov_pct,17.92452830188679,
11001007707,2021.0,othr_women_pov_pct,19.41747572815534,
11001007708,2021.0,othr_women_pov_pct,0.0,
11001007709,2021.0,othr_women_pov_pct,59.523809523809526,
11001007803,2021.0,othr_women_pov_pct,17.045454545454547,
11001007804,2021.0,othr_women_pov_pct,30.232558139534884,
11001007806,2021.0,othr_women_pov_pct,0.0,
11001007807,2021.0,othr_women_pov_pct,34.78260869565217,
11001007808,2021.0,othr_women_pov_pct,,
11001007809,2021.0,othr_women_pov_pct,0.0,
11001007901,2021.0,othr_women_pov_pct,10.857142857142858,
11001007903,2021.0,othr_women_pov_pct,33.333333333333336,
11001008001,2021.0,othr_women_pov_pct,0.0,
11001008002,2021.0,othr_women_pov_pct,13.79310344827586,
11001008100,2021.0,othr_women_pov_pct,0.0,
11001008200,2021.0,othr_women_pov_pct,0.0,
11001008301,2021.0,othr_women_pov_pct,16.129032258064516,
11001008302,2021.0,othr_women_pov_pct,0.0,
11001008402,2021.0,othr_women_pov_pct,0.0,
11001008410,2021.0,othr_women_pov_pct,0.0,
11001008701,2021.0,othr_women_pov_pct,20.0,
11001008702,2021.0,othr_women_pov_pct,0.0,
11001008802,2021.0,othr_women_pov_pct,31.03448275862069,
11001008803,2021.0,othr_women_pov_pct,0.0,
11001008804,2021.0,othr_women_pov_pct,45.97701149425287,
11001008903,2021.0,othr_women_pov_pct,11.88118811881188,
11001008904,2021.0,othr_women_pov_pct,44.05940594059406,
11001009000,2021.0,othr_women_pov_pct,12.63157894736842,
11001009102,2021.0,othr_women_pov_pct,26.08695652173913,
11001009201,2021.0,othr_women_pov_pct,5.882352941176471,
11001009203,2021.0,othr_women_pov_pct,0.0,
11001009204,2021.0,othr_women_pov_pct,59.16666666666666,
11001009301,2021.0,othr_women_pov_pct,0.0,
11001009302,2021.0,othr_women_pov_pct,0.0,
11001009400,2021.0,othr_women_pov_pct,21.62162162162162,
11001009503,2021.0,othr_women_pov_pct,0.0,
11001009504,2021.0,othr_women_pov_pct,16.438356164383563,
11001009505,2021.0,othr_women_pov_pct,0.0,
11001009507,2021.0,othr_women_pov_pct,0.0,
11001009508,2021.0,othr_women_pov_pct,41.71428571428572,
11001009509,2021.0,othr_women_pov_pct,0.0,
11001009510,2021.0,othr_women_pov_pct,38.85135135135136,
11001009511,2021.0,othr_women_pov_pct,,
11001009601,2021.0,othr_women_pov_pct,0.0,
11001009602,2021.0,othr_women_pov_pct,34.54545454545455,
11001009603,2021.0,othr_women_pov_pct,42.5531914893617,
11001009604,2021.0,othr_women_pov_pct,42.85714285714285,
11001009700,2021.0,othr_women_pov_pct,,
11001009801,2021.0,othr_women_pov_pct,75.0,
11001009802,2021.0,othr_women_pov_pct,100.0,
11001009803,2021.0,othr_women_pov_pct,0.0,
11001009804,2021.0,othr_women_pov_pct,68.83116883116882,
11001009807,2021.0,othr_women_pov_pct,0.0,
11001009810,2021.0,othr_women_pov_pct,0.0,
11001009811,2021.0,othr_women_pov_pct,,
11001009901,2021.0,othr_women_pov_pct,0.0,
11001009902,2021.0,othr_women_pov_pct,,
11001009903,2021.0,othr_women_pov_pct,0.0,
11001009904,2021.0,othr_women_pov_pct,1.408450704225352,
11001009905,2021.0,othr_women_pov_pct,77.6470588235294,
11001009906,2021.0,othr_women_pov_pct,25.0,
11001009907,2021.0,othr_women_pov_pct,0.0,
11001010100,2021.0,othr_women_pov_pct,2.0408163265306123,
11001010201,2021.0,othr_women_pov_pct,0.0,
11001010202,2021.0,othr_women_pov_pct,0.0,
11001010300,2021.0,othr_women_pov_pct,11.911357340720222,
11001010400,2021.0,othr_women_pov_pct,0.0,
11001010500,2021.0,othr_women_pov_pct,0.0,
11001010601,2021.0,othr_women_pov_pct,20.63492063492064,
11001010602,2021.0,othr_women_pov_pct,0.0,
11001010603,2021.0,othr_women_pov_pct,0.0,
11001010700,2021.0,othr_women_pov_pct,17.54385964912281,
11001010800,2021.0,othr_women_pov_pct,76.92307692307692,
11001010900,2021.0,othr_women_pov_pct,33.333333333333336,
11001011001,2021.0,othr_women_pov_pct,43.75,
11001011002,2021.0,othr_women_pov_pct,0.0,
11001011100,2021.0,othr_women_pov_pct,0.0,
11001980000,2021.0,othr_women_pov_pct,,
24017850101,2021.0,othr_women_pov_pct,10.19108280254777,
24017850102,2021.0,othr_women_pov_pct,0.0,
24017850201,2021.0,othr_women_pov_pct,0.0,
24017850202,2021.0,othr_women_pov_pct,0.0,
24017850300,2021.0,othr_women_pov_pct,0.0,
24017850400,2021.0,othr_women_pov_pct,37.83783783783784,
24017850500,2021.0,othr_women_pov_pct,0.0,
24017850600,2021.0,othr_women_pov_pct,16.666666666666668,
24017850706,2021.0,othr_women_pov_pct,10.227272727272728,
24017850708,2021.0,othr_women_pov_pct,6.7164179104477615,
24017850709,2021.0,othr_women_pov_pct,0.0,
24017850710,2021.0,othr_women_pov_pct,7.142857142857143,
24017850711,2021.0,othr_women_pov_pct,0.0,
24017850712,2021.0,othr_women_pov_pct,0.0,
24017850713,2021.0,othr_women_pov_pct,0.0,
24017850801,2021.0,othr_women_pov_pct,14.173228346456693,
24017850802,2021.0,othr_women_pov_pct,45.70552147239264,
24017850901,2021.0,othr_women_pov_pct,29.86577181208054,
24017850902,2021.0,othr_women_pov_pct,0.0,
24017850904,2021.0,othr_women_pov_pct,27.10280373831776,
24017850905,2021.0,othr_women_pov_pct,0.0,
24017850906,2021.0,othr_women_pov_pct,14.61187214611872,
24017851001,2021.0,othr_women_pov_pct,1.6666666666666667,
24017851003,2021.0,othr_women_pov_pct,0.0,
24017851004,2021.0,othr_women_pov_pct,0.0,
24017851100,2021.0,othr_women_pov_pct,31.03448275862069,
24017851200,2021.0,othr_women_pov_pct,0.0,
24017851301,2021.0,othr_women_pov_pct,7.2,
24017851302,2021.0,othr_women_pov_pct,0.0,
24017851401,2021.0,othr_women_pov_pct,0.0,
24017851402,2021.0,othr_women_pov_pct,0.0,
24017851403,2021.0,othr_women_pov_pct,0.0,
24017851501,2021.0,othr_women_pov_pct,0.0,
24017851502,2021.0,othr_women_pov_pct,44.38775510204081,
24017990000,2021.0,othr_women_pov_pct,,
24021740200,2021.0,othr_women_pov_pct,0.0,
24021750100,2021.0,othr_women_pov_pct,20.0,
24021750200,2021.0,othr_women_pov_pct,0.0,
24021750300,2021.0,othr_women_pov_pct,64.44444444444444,
24021750504,2021.0,othr_women_pov_pct,0.0,
24021750505,2021.0,othr_women_pov_pct,13.800424628450106,
24021750506,2021.0,othr_women_pov_pct,0.0,
24021750507,2021.0,othr_women_pov_pct,3.663003663003663,
24021750508,2021.0,othr_women_pov_pct,20.714285714285715,
24021750600,2021.0,othr_women_pov_pct,,
24021750701,2021.0,othr_women_pov_pct,18.181818181818183,
24021750702,2021.0,othr_women_pov_pct,8.571428571428571,
24021750801,2021.0,othr_women_pov_pct,0.0,
24021750802,2021.0,othr_women_pov_pct,0.0,
24021750804,2021.0,othr_women_pov_pct,0.0,
24021750805,2021.0,othr_women_pov_pct,0.0,
24021751001,2021.0,othr_women_pov_pct,10.784313725490197,
24021751002,2021.0,othr_women_pov_pct,0.0,
24021751003,2021.0,othr_women_pov_pct,10.857142857142858,
24021751004,2021.0,othr_women_pov_pct,20.37037037037037,
24021751201,2021.0,othr_women_pov_pct,0.0,
24021751202,2021.0,othr_women_pov_pct,0.0,
24021751203,2021.0,othr_women_pov_pct,50.0,
24021751301,2021.0,othr_women_pov_pct,1.6835016835016836,
24021751302,2021.0,othr_women_pov_pct,0.0,
24021751600,2021.0,othr_women_pov_pct,0.0,
24021751701,2021.0,othr_women_pov_pct,0.0,
24021751702,2021.0,othr_women_pov_pct,0.0,
24021751801,2021.0,othr_women_pov_pct,2.0408163265306123,
24021751802,2021.0,othr_women_pov_pct,0.0,
24021751902,2021.0,othr_women_pov_pct,0.0,
24021751903,2021.0,othr_women_pov_pct,50.0,
24021751904,2021.0,othr_women_pov_pct,0.0,
24021751905,2021.0,othr_women_pov_pct,0.0,
24021751906,2021.0,othr_women_pov_pct,0.0,
24021752001,2021.0,othr_women_pov_pct,0.0,
24021752101,2021.0,othr_women_pov_pct,26.666666666666668,
24021752102,2021.0,othr_women_pov_pct,0.0,
24021752201,2021.0,othr_women_pov_pct,0.0,
24021752202,2021.0,othr_women_pov_pct,0.0,
24021752205,2021.0,othr_women_pov_pct,0.0,
24021752206,2021.0,othr_women_pov_pct,0.0,
24021752301,2021.0,othr_women_pov_pct,13.580246913580249,
24021752302,2021.0,othr_women_pov_pct,17.647058823529413,
24021752303,2021.0,othr_women_pov_pct,0.0,
24021752501,2021.0,othr_women_pov_pct,39.82683982683983,
24021752502,2021.0,othr_women_pov_pct,24.13793103448276,
24021752601,2021.0,othr_women_pov_pct,0.0,
24021752602,2021.0,othr_women_pov_pct,0.0,
24021752603,2021.0,othr_women_pov_pct,42.85714285714285,
24021752801,2021.0,othr_women_pov_pct,0.0,
24021752802,2021.0,othr_women_pov_pct,32.142857142857146,
24021752900,2021.0,othr_women_pov_pct,25.0,
24021753001,2021.0,othr_women_pov_pct,0.0,
24021753002,2021.0,othr_women_pov_pct,75.0,
24021765100,2021.0,othr_women_pov_pct,28.571428571428573,
24021766800,2021.0,othr_women_pov_pct,5.494505494505495,
24021767500,2021.0,othr_women_pov_pct,0.0,
24021767600,2021.0,othr_women_pov_pct,0.0,
24021770700,2021.0,othr_women_pov_pct,0.0,
24021772200,2021.0,othr_women_pov_pct,16.3265306122449,
24021773500,2021.0,othr_women_pov_pct,0.0,
24021775302,2021.0,othr_women_pov_pct,0.0,
24021775400,2021.0,othr_women_pov_pct,3.225806451612903,
24021775600,2021.0,othr_women_pov_pct,0.0,
24031700101,2021.0,othr_women_pov_pct,8.035714285714286,
24031700103,2021.0,othr_women_pov_pct,0.0,
24031700104,2021.0,othr_women_pov_pct,10.16042780748663,
24031700105,2021.0,othr_women_pov_pct,0.0,
24031700204,2021.0,othr_women_pov_pct,0.0,
24031700206,2021.0,othr_women_pov_pct,0.0,
24031700207,2021.0,othr_women_pov_pct,11.64021164021164,
24031700208,2021.0,othr_women_pov_pct,4.477611940298507,
24031700209,2021.0,othr_women_pov_pct,41.0958904109589,
24031700210,2021.0,othr_women_pov_pct,8.128544423440454,
24031700306,2021.0,othr_women_pov_pct,0.0,
24031700308,2021.0,othr_women_pov_pct,0.0,
24031700309,2021.0,othr_women_pov_pct,18.53546910755149,
24031700310,2021.0,othr_women_pov_pct,13.0,
24031700313,2021.0,othr_women_pov_pct,23.157894736842103,
24031700314,2021.0,othr_women_pov_pct,0.0,
24031700315,2021.0,othr_women_pov_pct,0.0,
24031700316,2021.0,othr_women_pov_pct,0.0,
24031700317,2021.0,othr_women_pov_pct,0.0,
24031700318,2021.0,othr_women_pov_pct,0.0,
24031700400,2021.0,othr_women_pov_pct,20.0,
24031700500,2021.0,othr_women_pov_pct,0.0,
24031700604,2021.0,othr_women_pov_pct,0.0,
24031700606,2021.0,othr_women_pov_pct,15.217391304347826,
24031700608,2021.0,othr_women_pov_pct,0.0,
24031700610,2021.0,othr_women_pov_pct,0.0,
24031700611,2021.0,othr_women_pov_pct,0.0,
24031700613,2021.0,othr_women_pov_pct,0.0,
24031700614,2021.0,othr_women_pov_pct,4.29042904290429,
24031700615,2021.0,othr_women_pov_pct,0.0,
24031700616,2021.0,othr_women_pov_pct,0.0,
24031700617,2021.0,othr_women_pov_pct,0.0,
24031700618,2021.0,othr_women_pov_pct,0.0,
24031700706,2021.0,othr_women_pov_pct,10.034602076124568,
24031700710,2021.0,othr_women_pov_pct,3.51493848857645,
24031700711,2021.0,othr_women_pov_pct,0.0,
24031700713,2021.0,othr_women_pov_pct,39.29173693086003,
24031700715,2021.0,othr_women_pov_pct,6.644518272425249,
24031700718,2021.0,othr_women_pov_pct,21.774193548387096,
24031700720,2021.0,othr_women_pov_pct,3.0120481927710845,
24031700721,2021.0,othr_women_pov_pct,10.902255639097744,
24031700723,2021.0,othr_women_pov_pct,0.0,
24031700724,2021.0,othr_women_pov_pct,19.09307875894988,
24031700725,2021.0,othr_women_pov_pct,58.69565217391305,
24031700726,2021.0,othr_women_pov_pct,0.0,
24031700727,2021.0,othr_women_pov_pct,15.522388059701491,
24031700728,2021.0,othr_women_pov_pct,20.967741935483872,
24031700729,2021.0,othr_women_pov_pct,0.0,
24031700730,2021.0,othr_women_pov_pct,0.0,
24031700731,2021.0,othr_women_pov_pct,34.375,
24031700732,2021.0,othr_women_pov_pct,25.188916876574307,
24031700733,2021.0,othr_women_pov_pct,15.971223021582734,
24031700810,2021.0,othr_women_pov_pct,21.550094517958414,
24031700811,2021.0,othr_women_pov_pct,21.31519274376417,
24031700812,2021.0,othr_women_pov_pct,16.728624535315983,
24031700813,2021.0,othr_women_pov_pct,16.608996539792386,
24031700815,2021.0,othr_women_pov_pct,12.414965986394558,
24031700818,2021.0,othr_women_pov_pct,36.47416413373861,
24031700819,2021.0,othr_women_pov_pct,0.0,
24031700820,2021.0,othr_women_pov_pct,7.368421052631579,
24031700822,2021.0,othr_women_pov_pct,14.457831325301203,
24031700823,2021.0,othr_women_pov_pct,0.0,
24031700824,2021.0,othr_women_pov_pct,20.18348623853211,
24031700826,2021.0,othr_women_pov_pct,0.0,
24031700828,2021.0,othr_women_pov_pct,12.727272727272728,
24031700829,2021.0,othr_women_pov_pct,0.0,
24031700830,2021.0,othr_women_pov_pct,28.94736842105263,
24031700832,2021.0,othr_women_pov_pct,5.031446540880503,
24031700833,2021.0,othr_women_pov_pct,23.949579831932773,
24031700834,2021.0,othr_women_pov_pct,35.54216867469879,
24031700835,2021.0,othr_women_pov_pct,0.0,
24031700836,2021.0,othr_women_pov_pct,12.307692307692308,
24031700837,2021.0,othr_women_pov_pct,13.88888888888889,
24031700838,2021.0,othr_women_pov_pct,11.224489795918368,
24031700839,2021.0,othr_women_pov_pct,8.02919708029197,
24031700901,2021.0,othr_women_pov_pct,0.0,
24031700902,2021.0,othr_women_pov_pct,18.711656441717796,
24031700903,2021.0,othr_women_pov_pct,17.26618705035971,
24031700904,2021.0,othr_women_pov_pct,7.317073170731708,
24031700905,2021.0,othr_women_pov_pct,31.506849315068493,
24031701001,2021.0,othr_women_pov_pct,0.0,
24031701002,2021.0,othr_women_pov_pct,2.702702702702702,
24031701004,2021.0,othr_women_pov_pct,4.069767441860465,
24031701005,2021.0,othr_women_pov_pct,0.0,
24031701006,2021.0,othr_women_pov_pct,51.51515151515152,
24031701007,2021.0,othr_women_pov_pct,7.5,
24031701101,2021.0,othr_women_pov_pct,11.940298507462687,
24031701102,2021.0,othr_women_pov_pct,46.075581395348834,
24031701201,2021.0,othr_women_pov_pct,0.0,
24031701202,2021.0,othr_women_pov_pct,0.0,
24031701205,2021.0,othr_women_pov_pct,15.2,
24031701206,2021.0,othr_women_pov_pct,0.0,
24031701210,2021.0,othr_women_pov_pct,0.0,
24031701211,2021.0,othr_women_pov_pct,4.040404040404041,
24031701212,2021.0,othr_women_pov_pct,14.814814814814817,
24031701214,2021.0,othr_women_pov_pct,1.973684210526316,
24031701215,2021.0,othr_women_pov_pct,0.0,
24031701216,2021.0,othr_women_pov_pct,0.4273504273504273,
24031701218,2021.0,othr_women_pov_pct,3.883495145631068,
24031701219,2021.0,othr_women_pov_pct,16.70235546038544,
24031701220,2021.0,othr_women_pov_pct,0.0,
24031701221,2021.0,othr_women_pov_pct,7.258064516129032,
24031701222,2021.0,othr_women_pov_pct,0.0,
24031701223,2021.0,othr_women_pov_pct,0.0,
24031701303,2021.0,othr_women_pov_pct,0.0,
24031701304,2021.0,othr_women_pov_pct,13.496932515337424,
24031701306,2021.0,othr_women_pov_pct,0.0,
24031701307,2021.0,othr_women_pov_pct,1.4705882352941178,
24031701308,2021.0,othr_women_pov_pct,0.0,
24031701312,2021.0,othr_women_pov_pct,12.537313432835822,
24031701313,2021.0,othr_women_pov_pct,1.8072289156626504,
24031701314,2021.0,othr_women_pov_pct,0.0,
24031701315,2021.0,othr_women_pov_pct,0.0,
24031701316,2021.0,othr_women_pov_pct,3.140096618357488,
24031701317,2021.0,othr_women_pov_pct,9.433962264150944,
24031701407,2021.0,othr_women_pov_pct,0.0,
24031701408,2021.0,othr_women_pov_pct,5.396825396825397,
24031701409,2021.0,othr_women_pov_pct,0.0,
24031701414,2021.0,othr_women_pov_pct,7.547169811320755,
24031701415,2021.0,othr_women_pov_pct,0.0,
24031701417,2021.0,othr_women_pov_pct,0.0,
24031701418,2021.0,othr_women_pov_pct,0.0,
24031701422,2021.0,othr_women_pov_pct,46.08695652173913,
24031701423,2021.0,othr_women_pov_pct,24.76780185758514,
24031701424,2021.0,othr_women_pov_pct,10.9375,
24031701425,2021.0,othr_women_pov_pct,12.790697674418604,
24031701426,2021.0,othr_women_pov_pct,0.0,
24031701427,2021.0,othr_women_pov_pct,0.0,
24031701503,2021.0,othr_women_pov_pct,0.0,
24031701505,2021.0,othr_women_pov_pct,28.84012539184953,
24031701506,2021.0,othr_women_pov_pct,0.0,
24031701507,2021.0,othr_women_pov_pct,58.73493975903615,
24031701508,2021.0,othr_women_pov_pct,12.903225806451612,
24031701509,2021.0,othr_women_pov_pct,10.633484162895927,
24031701601,2021.0,othr_women_pov_pct,8.865248226950355,
24031701602,2021.0,othr_women_pov_pct,19.5852534562212,
24031701701,2021.0,othr_women_pov_pct,0.0,
24031701702,2021.0,othr_women_pov_pct,0.0,
24031701703,2021.0,othr_women_pov_pct,52.85714285714285,
24031701704,2021.0,othr_women_pov_pct,6.0606060606060606,
24031701800,2021.0,othr_women_pov_pct,37.87878787878788,
24031701900,2021.0,othr_women_pov_pct,67.24511930585683,
24031702000,2021.0,othr_women_pov_pct,20.87087087087087,
24031702101,2021.0,othr_women_pov_pct,16.012558869701728,
24031702102,2021.0,othr_women_pov_pct,2.6785714285714284,
24031702200,2021.0,othr_women_pov_pct,0.0,
24031702301,2021.0,othr_women_pov_pct,22.945205479452056,
24031702302,2021.0,othr_women_pov_pct,10.256410256410255,
24031702401,2021.0,othr_women_pov_pct,4.2105263157894735,
24031702402,2021.0,othr_women_pov_pct,6.25,
24031702501,2021.0,othr_women_pov_pct,0.0,
24031702502,2021.0,othr_women_pov_pct,89.28571428571429,
24031702503,2021.0,othr_women_pov_pct,11.74934725848564,
24031702602,2021.0,othr_women_pov_pct,33.81642512077295,
24031702603,2021.0,othr_women_pov_pct,0.0,
24031702604,2021.0,othr_women_pov_pct,45.96774193548387,
24031702700,2021.0,othr_women_pov_pct,19.76744186046512,
24031702800,2021.0,othr_women_pov_pct,0.0,
24031702900,2021.0,othr_women_pov_pct,0.0,
24031703000,2021.0,othr_women_pov_pct,0.0,
24031703100,2021.0,othr_women_pov_pct,1.836734693877551,
24031703201,2021.0,othr_women_pov_pct,0.0,
24031703202,2021.0,othr_women_pov_pct,19.444444444444443,
24031703206,2021.0,othr_women_pov_pct,8.536585365853659,
24031703207,2021.0,othr_women_pov_pct,23.60939431396786,
24031703208,2021.0,othr_women_pov_pct,0.0,
24031703209,2021.0,othr_women_pov_pct,5.655172413793103,
24031703210,2021.0,othr_women_pov_pct,0.0,
24031703213,2021.0,othr_women_pov_pct,14.654282765737872,
24031703214,2021.0,othr_women_pov_pct,30.65364387678437,
24031703215,2021.0,othr_women_pov_pct,26.158940397350992,
24031703216,2021.0,othr_women_pov_pct,0.0,
24031703218,2021.0,othr_women_pov_pct,0.0,
24031703219,2021.0,othr_women_pov_pct,0.0,
24031703220,2021.0,othr_women_pov_pct,28.60411899313501,
24031703221,2021.0,othr_women_pov_pct,2.9702970297029703,
24031703222,2021.0,othr_women_pov_pct,0.0,
24031703223,2021.0,othr_women_pov_pct,0.0,
24031703301,2021.0,othr_women_pov_pct,1.895734597156398,
24031703302,2021.0,othr_women_pov_pct,5.278592375366569,
24031703401,2021.0,othr_women_pov_pct,20.77922077922078,
24031703402,2021.0,othr_women_pov_pct,15.26479750778816,
24031703403,2021.0,othr_women_pov_pct,8.19047619047619,
24031703404,2021.0,othr_women_pov_pct,3.3692722371967654,
24031703501,2021.0,othr_women_pov_pct,11.847672778561352,
24031703502,2021.0,othr_women_pov_pct,10.320284697508896,
24031703601,2021.0,othr_women_pov_pct,0.0,
24031703602,2021.0,othr_women_pov_pct,0.0,
24031703701,2021.0,othr_women_pov_pct,22.530009233610343,
24031703702,2021.0,othr_women_pov_pct,35.12820512820513,
24031703800,2021.0,othr_women_pov_pct,10.90047393364929,
24031703901,2021.0,othr_women_pov_pct,26.446280991735534,
24031703902,2021.0,othr_women_pov_pct,22.620689655172413,
24031704000,2021.0,othr_women_pov_pct,18.80108991825613,
24031704100,2021.0,othr_women_pov_pct,4.545454545454546,
24031704200,2021.0,othr_women_pov_pct,20.43010752688172,
24031704300,2021.0,othr_women_pov_pct,10.76923076923077,
24031704401,2021.0,othr_women_pov_pct,0.0,
24031704403,2021.0,othr_women_pov_pct,0.0,
24031704404,2021.0,othr_women_pov_pct,0.0,
24031704501,2021.0,othr_women_pov_pct,1.0810810810810811,
24031704502,2021.0,othr_women_pov_pct,5.504587155963303,
24031704503,2021.0,othr_women_pov_pct,10.273972602739724,
24031704600,2021.0,othr_women_pov_pct,0.0,
24031704700,2021.0,othr_women_pov_pct,16.304347826086957,
24031704803,2021.0,othr_women_pov_pct,0.0,
24031704804,2021.0,othr_women_pov_pct,0.0,
24031704805,2021.0,othr_women_pov_pct,0.0,
24031704806,2021.0,othr_women_pov_pct,0.0,
24031705000,2021.0,othr_women_pov_pct,3.686635944700461,
24031705100,2021.0,othr_women_pov_pct,4.109589041095891,
24031705200,2021.0,othr_women_pov_pct,3.076923076923077,
24031705300,2021.0,othr_women_pov_pct,11.11111111111111,
24031705400,2021.0,othr_women_pov_pct,7.865168539325842,
24031705501,2021.0,othr_women_pov_pct,0.0,
24031705502,2021.0,othr_women_pov_pct,0.0,
24031705601,2021.0,othr_women_pov_pct,0.0,
24031705602,2021.0,othr_women_pov_pct,11.83431952662722,
24031705701,2021.0,othr_women_pov_pct,0.0,
24031705702,2021.0,othr_women_pov_pct,0.0,
24031705800,2021.0,othr_women_pov_pct,2.409638554216868,
24031705901,2021.0,othr_women_pov_pct,0.0,
24031705902,2021.0,othr_women_pov_pct,0.0,
24031705903,2021.0,othr_women_pov_pct,8.823529411764707,
24031706005,2021.0,othr_women_pov_pct,0.0,
24031706007,2021.0,othr_women_pov_pct,0.0,
24031706008,2021.0,othr_women_pov_pct,50.19305019305019,
24031706009,2021.0,othr_women_pov_pct,2.830188679245283,
24031706010,2021.0,othr_women_pov_pct,0.0,
24031706011,2021.0,othr_women_pov_pct,0.0,
24031706012,2021.0,othr_women_pov_pct,21.301775147928996,
24031706013,2021.0,othr_women_pov_pct,28.0,
24033800102,2021.0,othr_women_pov_pct,40.0,
24033800103,2021.0,othr_women_pov_pct,13.333333333333334,
24033800105,2021.0,othr_women_pov_pct,10.852713178294572,
24033800106,2021.0,othr_women_pov_pct,0.0,
24033800108,2021.0,othr_women_pov_pct,25.174825174825173,
24033800109,2021.0,othr_women_pov_pct,34.75935828877005,
24033800203,2021.0,othr_women_pov_pct,0.0,
24033800206,2021.0,othr_women_pov_pct,12.844036697247706,
24033800209,2021.0,othr_women_pov_pct,36.75213675213675,
24033800210,2021.0,othr_women_pov_pct,0.0,
24033800211,2021.0,othr_women_pov_pct,0.0,
24033800212,2021.0,othr_women_pov_pct,0.0,
24033800213,2021.0,othr_women_pov_pct,16.9811320754717,
24033800216,2021.0,othr_women_pov_pct,0.0,
24033800217,2021.0,othr_women_pov_pct,0.0,
24033800218,2021.0,othr_women_pov_pct,11.694510739856804,
24033800401,2021.0,othr_women_pov_pct,0.0,
24033800402,2021.0,othr_women_pov_pct,4.137931034482759,
24033800403,2021.0,othr_women_pov_pct,0.0,
24033800408,2021.0,othr_women_pov_pct,0.0,
24033800409,2021.0,othr_women_pov_pct,0.0,
24033800410,2021.0,othr_women_pov_pct,2.3076923076923075,
24033800411,2021.0,othr_women_pov_pct,24.285714285714285,
24033800412,2021.0,othr_women_pov_pct,12.569832402234637,
24033800413,2021.0,othr_women_pov_pct,0.0,
24033800504,2021.0,othr_women_pov_pct,12.857142857142858,
24033800505,2021.0,othr_women_pov_pct,12.92517006802721,
24033800507,2021.0,othr_women_pov_pct,0.0,
24033800511,2021.0,othr_women_pov_pct,0.0,
24033800513,2021.0,othr_women_pov_pct,0.0,
24033800514,2021.0,othr_women_pov_pct,4.3478260869565215,
24033800515,2021.0,othr_women_pov_pct,0.0,
24033800516,2021.0,othr_women_pov_pct,25.37313432835821,
24033800517,2021.0,othr_women_pov_pct,0.0,
24033800518,2021.0,othr_women_pov_pct,0.0,
24033800519,2021.0,othr_women_pov_pct,0.0,
24033800520,2021.0,othr_women_pov_pct,35.6687898089172,
24033800521,2021.0,othr_women_pov_pct,0.0,
24033800522,2021.0,othr_women_pov_pct,,
24033800605,2021.0,othr_women_pov_pct,0.0,
24033800606,2021.0,othr_women_pov_pct,0.0,
24033800607,2021.0,othr_women_pov_pct,1.0526315789473684,
24033800608,2021.0,othr_women_pov_pct,0.0,
24033800609,2021.0,othr_women_pov_pct,2.8925619834710745,
24033800701,2021.0,othr_women_pov_pct,0.0,
24033800704,2021.0,othr_women_pov_pct,0.0,
24033800705,2021.0,othr_women_pov_pct,0.0,
24033800706,2021.0,othr_women_pov_pct,70.06802721088435,
24033800707,2021.0,othr_women_pov_pct,7.086614173228346,
24033800800,2021.0,othr_women_pov_pct,0.0,
24033800900,2021.0,othr_women_pov_pct,0.0,
24033801003,2021.0,othr_women_pov_pct,0.0,
24033801004,2021.0,othr_women_pov_pct,16.049382716049383,
24033801005,2021.0,othr_women_pov_pct,0.0,
24033801006,2021.0,othr_women_pov_pct,6.557377049180328,
24033801105,2021.0,othr_women_pov_pct,42.5531914893617,
24033801106,2021.0,othr_women_pov_pct,26.5625,
24033801207,2021.0,othr_women_pov_pct,0.0,
24033801208,2021.0,othr_women_pov_pct,0.0,
24033801209,2021.0,othr_women_pov_pct,0.0,
24033801210,2021.0,othr_women_pov_pct,0.0,
24033801211,2021.0,othr_women_pov_pct,0.0,
24033801212,2021.0,othr_women_pov_pct,0.0,
24033801213,2021.0,othr_women_pov_pct,11.30952380952381,
24033801214,2021.0,othr_women_pov_pct,0.0,
24033801215,2021.0,othr_women_pov_pct,0.0,
24033801216,2021.0,othr_women_pov_pct,44.66666666666666,
24033801217,2021.0,othr_women_pov_pct,0.0,
24033801302,2021.0,othr_women_pov_pct,0.0,
24033801305,2021.0,othr_women_pov_pct,28.02547770700637,
24033801307,2021.0,othr_women_pov_pct,0.0,
24033801308,2021.0,othr_women_pov_pct,12.727272727272728,
24033801309,2021.0,othr_women_pov_pct,0.0,
24033801310,2021.0,othr_women_pov_pct,0.0,
24033801311,2021.0,othr_women_pov_pct,5.72289156626506,
24033801312,2021.0,othr_women_pov_pct,35.714285714285715,
24033801313,2021.0,othr_women_pov_pct,33.56643356643357,
24033801404,2021.0,othr_women_pov_pct,0.0,
24033801405,2021.0,othr_women_pov_pct,9.090909090909092,
24033801406,2021.0,othr_women_pov_pct,2.3622047244094486,
24033801407,2021.0,othr_women_pov_pct,0.0,
24033801408,2021.0,othr_women_pov_pct,1.8867924528301887,
24033801409,2021.0,othr_women_pov_pct,6.315789473684211,
24033801410,2021.0,othr_women_pov_pct,24.456521739130437,
24033801411,2021.0,othr_women_pov_pct,0.5128205128205128,
24033801500,2021.0,othr_women_pov_pct,2.4630541871921183,
24033801600,2021.0,othr_women_pov_pct,14.102564102564102,
24033801701,2021.0,othr_women_pov_pct,0.0,
24033801702,2021.0,othr_women_pov_pct,0.0,
24033801704,2021.0,othr_women_pov_pct,73.96449704142012,
24033801707,2021.0,othr_women_pov_pct,22.39685658153241,
24033801709,2021.0,othr_women_pov_pct,7.297830374753452,
24033801801,2021.0,othr_women_pov_pct,30.0,
24033801802,2021.0,othr_women_pov_pct,0.0,
24033801807,2021.0,othr_women_pov_pct,0.0,
24033801808,2021.0,othr_women_pov_pct,13.924050632911392,
24033801809,2021.0,othr_women_pov_pct,0.0,
24033801901,2021.0,othr_women_pov_pct,32.53968253968254,
24033801904,2021.0,othr_women_pov_pct,23.00884955752212,
24033801905,2021.0,othr_women_pov_pct,0.0,
24033801906,2021.0,othr_women_pov_pct,22.115384615384617,
24033801907,2021.0,othr_women_pov_pct,34.88372093023256,
24033801908,2021.0,othr_women_pov_pct,0.0,
24033802001,2021.0,othr_women_pov_pct,45.39007092198582,
24033802002,2021.0,othr_women_pov_pct,15.827338129496402,
24033802103,2021.0,othr_women_pov_pct,0.0,
24033802104,2021.0,othr_women_pov_pct,53.75,
24033802106,2021.0,othr_women_pov_pct,14.705882352941176,
24033802107,2021.0,othr_women_pov_pct,0.0,
24033802201,2021.0,othr_women_pov_pct,2.840909090909091,
24033802203,2021.0,othr_women_pov_pct,0.0,
24033802204,2021.0,othr_women_pov_pct,25.46296296296296,
24033802301,2021.0,othr_women_pov_pct,0.0,
24033802404,2021.0,othr_women_pov_pct,0.0,
24033802405,2021.0,othr_women_pov_pct,0.0,
24033802406,2021.0,othr_women_pov_pct,39.583333333333336,
24033802407,2021.0,othr_women_pov_pct,0.0,
24033802408,2021.0,othr_women_pov_pct,11.224489795918368,
24033802501,2021.0,othr_women_pov_pct,58.333333333333336,
24033802502,2021.0,othr_women_pov_pct,0.0,
24033802600,2021.0,othr_women_pov_pct,3.061224489795918,
24033802700,2021.0,othr_women_pov_pct,0.0,
24033802803,2021.0,othr_women_pov_pct,51.89873417721519,
24033802804,2021.0,othr_women_pov_pct,0.0,
24033802805,2021.0,othr_women_pov_pct,0.0,
24033802901,2021.0,othr_women_pov_pct,10.218978102189782,
24033803001,2021.0,othr_women_pov_pct,18.0,
24033803002,2021.0,othr_women_pov_pct,0.0,
24033803100,2021.0,othr_women_pov_pct,20.43010752688172,
24033803200,2021.0,othr_women_pov_pct,8.994708994708995,
24033803300,2021.0,othr_women_pov_pct,9.398496240601505,
24033803403,2021.0,othr_women_pov_pct,29.680365296803654,
24033803508,2021.0,othr_women_pov_pct,27.94117647058824,
24033803509,2021.0,othr_women_pov_pct,45.78313253012048,
24033803512,2021.0,othr_women_pov_pct,44.79166666666666,
24033803513,2021.0,othr_women_pov_pct,0.0,
24033803514,2021.0,othr_women_pov_pct,23.76237623762376,
24033803516,2021.0,othr_women_pov_pct,6.806282722513089,
24033803519,2021.0,othr_women_pov_pct,0.0,
24033803520,2021.0,othr_women_pov_pct,4.092071611253197,
24033803521,2021.0,othr_women_pov_pct,16.666666666666668,
24033803524,2021.0,othr_women_pov_pct,0.0,
24033803525,2021.0,othr_women_pov_pct,,
24033803526,2021.0,othr_women_pov_pct,0.0,
24033803527,2021.0,othr_women_pov_pct,0.0,
24033803528,2021.0,othr_women_pov_pct,20.37037037037037,
24033803601,2021.0,othr_women_pov_pct,13.69047619047619,
24033803602,2021.0,othr_women_pov_pct,0.0,
24033803605,2021.0,othr_women_pov_pct,13.177159590043924,
24033803606,2021.0,othr_women_pov_pct,40.0,
24033803607,2021.0,othr_women_pov_pct,0.0,
24033803608,2021.0,othr_women_pov_pct,3.3216783216783217,
24033803610,2021.0,othr_women_pov_pct,0.0,
24033803612,2021.0,othr_women_pov_pct,21.764705882352946,
24033803613,2021.0,othr_women_pov_pct,11.246943765281172,
24033803700,2021.0,othr_women_pov_pct,6.852791878172589,
24033803801,2021.0,othr_women_pov_pct,5.447470817120623,
24033803803,2021.0,othr_women_pov_pct,6.358974358974359,
24033803900,2021.0,othr_women_pov_pct,11.254019292604502,
24033804001,2021.0,othr_women_pov_pct,18.4549356223176,
24033804002,2021.0,othr_women_pov_pct,24.324324324324323,
24033804101,2021.0,othr_women_pov_pct,18.4,
24033804102,2021.0,othr_women_pov_pct,11.711711711711713,
24033804200,2021.0,othr_women_pov_pct,0.0,
24033804300,2021.0,othr_women_pov_pct,5.928853754940712,
24033804400,2021.0,othr_women_pov_pct,5.2631578947368425,
24033804600,2021.0,othr_women_pov_pct,20.0,
24033804700,2021.0,othr_women_pov_pct,6.291390728476821,
24033804801,2021.0,othr_women_pov_pct,20.393120393120395,
24033804802,2021.0,othr_women_pov_pct,16.80672268907563,
24033804900,2021.0,othr_women_pov_pct,2.231237322515213,
24033805000,2021.0,othr_women_pov_pct,2.702702702702702,
24033805101,2021.0,othr_women_pov_pct,30.22284122562674,
24033805201,2021.0,othr_women_pov_pct,32.461355529131986,
24033805202,2021.0,othr_women_pov_pct,24.51923076923077,
24033805500,2021.0,othr_women_pov_pct,46.2041884816754,
24033805601,2021.0,othr_women_pov_pct,48.86877828054298,
24033805602,2021.0,othr_women_pov_pct,43.05816135084428,
24033805700,2021.0,othr_women_pov_pct,34.39613526570049,
24033805801,2021.0,othr_women_pov_pct,8.104738154613466,
24033805802,2021.0,othr_women_pov_pct,21.14803625377644,
24033805904,2021.0,othr_women_pov_pct,2.639751552795031,
24033805906,2021.0,othr_women_pov_pct,32.749562171628725,
24033805907,2021.0,othr_women_pov_pct,9.485530546623794,
24033805908,2021.0,othr_women_pov_pct,43.08510638297872,
24033805909,2021.0,othr_women_pov_pct,7.962529274004684,
24033806000,2021.0,othr_women_pov_pct,10.763569457221712,
24033806100,2021.0,othr_women_pov_pct,32.87981859410431,
24033806400,2021.0,othr_women_pov_pct,15.447154471544716,
24033806501,2021.0,othr_women_pov_pct,24.164133738601823,
24033806601,2021.0,othr_women_pov_pct,21.21212121212121,
24033806602,2021.0,othr_women_pov_pct,6.626506024096385,
24033806706,2021.0,othr_women_pov_pct,4.166666666666667,
24033806708,2021.0,othr_women_pov_pct,0.0,
24033806710,2021.0,othr_women_pov_pct,0.0,
24033806711,2021.0,othr_women_pov_pct,23.99150743099788,
24033806712,2021.0,othr_women_pov_pct,40.67796610169491,
24033806713,2021.0,othr_women_pov_pct,27.74390243902439,
24033806714,2021.0,othr_women_pov_pct,34.552845528455286,
24033806800,2021.0,othr_women_pov_pct,2.1604938271604937,
24033806900,2021.0,othr_women_pov_pct,5.342237061769616,
24033807000,2021.0,othr_women_pov_pct,33.50923482849604,
24033807102,2021.0,othr_women_pov_pct,0.0,
24033807301,2021.0,othr_women_pov_pct,11.62079510703364,
24033807304,2021.0,othr_women_pov_pct,14.761904761904765,
24033807305,2021.0,othr_women_pov_pct,27.251184834123222,
24033807404,2021.0,othr_women_pov_pct,3.552397868561279,
24033807405,2021.0,othr_women_pov_pct,0.0,
24033807407,2021.0,othr_women_pov_pct,44.5360824742268,
24033807408,2021.0,othr_women_pov_pct,0.0,
24033807409,2021.0,othr_women_pov_pct,22.298850574712645,
24033807410,2021.0,othr_women_pov_pct,14.948453608247425,
24033807500,2021.0,othr_women_pov_pct,13.477537437603994,
24033980000,2021.0,othr_women_pov_pct,42.19653179190752,
51013100100,2021.0,othr_women_pov_pct,0.4854368932038835,
51013100200,2021.0,othr_women_pov_pct,0.0,
51013100300,2021.0,othr_women_pov_pct,1.0309278350515465,
51013100400,2021.0,othr_women_pov_pct,0.0,
51013100500,2021.0,othr_women_pov_pct,0.0,
51013100600,2021.0,othr_women_pov_pct,5.825242718446602,
51013100700,2021.0,othr_women_pov_pct,0.0,
51013100800,2021.0,othr_women_pov_pct,0.0,
51013100900,2021.0,othr_women_pov_pct,0.0,
51013101000,2021.0,othr_women_pov_pct,32.6530612244898,
51013101100,2021.0,othr_women_pov_pct,20.642201834862384,
51013101200,2021.0,othr_women_pov_pct,0.0,
51013101300,2021.0,othr_women_pov_pct,10.699588477366255,
51013101401,2021.0,othr_women_pov_pct,33.333333333333336,
51013101402,2021.0,othr_women_pov_pct,38.372093023255815,
51013101405,2021.0,othr_women_pov_pct,0.0,
51013101406,2021.0,othr_women_pov_pct,0.0,
51013101407,2021.0,othr_women_pov_pct,12.396694214876034,
51013101408,2021.0,othr_women_pov_pct,,
51013101409,2021.0,othr_women_pov_pct,0.0,
51013101501,2021.0,othr_women_pov_pct,0.0,
51013101502,2021.0,othr_women_pov_pct,22.31404958677686,
51013101503,2021.0,othr_women_pov_pct,0.0,
51013101601,2021.0,othr_women_pov_pct,14.285714285714286,
51013101602,2021.0,othr_women_pov_pct,36.92307692307692,
51013101603,2021.0,othr_women_pov_pct,0.0,
51013101701,2021.0,othr_women_pov_pct,0.0,
51013101703,2021.0,othr_women_pov_pct,19.672131147540984,
51013101704,2021.0,othr_women_pov_pct,0.0,
51013101705,2021.0,othr_women_pov_pct,0.0,
51013101801,2021.0,othr_women_pov_pct,0.0,
51013101803,2021.0,othr_women_pov_pct,0.0,
51013101804,2021.0,othr_women_pov_pct,50.0,
51013101805,2021.0,othr_women_pov_pct,11.560693641618498,
51013101900,2021.0,othr_women_pov_pct,0.0,
51013102001,2021.0,othr_women_pov_pct,21.497584541062803,
51013102002,2021.0,othr_women_pov_pct,29.487179487179485,
51013102003,2021.0,othr_women_pov_pct,3.888888888888889,
51013102100,2021.0,othr_women_pov_pct,70.0,
51013102200,2021.0,othr_women_pov_pct,35.632183908045974,
51013102301,2021.0,othr_women_pov_pct,4.424778761061947,
51013102302,2021.0,othr_women_pov_pct,15.899581589958158,
51013102400,2021.0,othr_women_pov_pct,8.09968847352025,
51013102500,2021.0,othr_women_pov_pct,42.10526315789474,
51013102600,2021.0,othr_women_pov_pct,0.0,
51013102701,2021.0,othr_women_pov_pct,0.0,
51013102702,2021.0,othr_women_pov_pct,17.441860465116278,
51013102802,2021.0,othr_women_pov_pct,0.0,
51013102803,2021.0,othr_women_pov_pct,0.0,
51013102804,2021.0,othr_women_pov_pct,12.990196078431373,
51013102901,2021.0,othr_women_pov_pct,0.0,
51013102903,2021.0,othr_women_pov_pct,0.0,
51013102904,2021.0,othr_women_pov_pct,0.0,
51013103000,2021.0,othr_women_pov_pct,0.0,
51013103100,2021.0,othr_women_pov_pct,0.0,
51013103200,2021.0,othr_women_pov_pct,0.0,
51013103300,2021.0,othr_women_pov_pct,30.508474576271187,
51013103401,2021.0,othr_women_pov_pct,,
51013103403,2021.0,othr_women_pov_pct,0.0,
51013103404,2021.0,othr_women_pov_pct,0.0,
51013103405,2021.0,othr_women_pov_pct,0.0,
51013103501,2021.0,othr_women_pov_pct,35.13513513513514,
51013103503,2021.0,othr_women_pov_pct,22.535211267605632,
51013103504,2021.0,othr_women_pov_pct,32.432432432432435,
51013103505,2021.0,othr_women_pov_pct,22.06896551724138,
51013103601,2021.0,othr_women_pov_pct,6.481481481481482,
51013103602,2021.0,othr_women_pov_pct,24.444444444444443,
51013103700,2021.0,othr_women_pov_pct,63.793103448275865,
51013103800,2021.0,othr_women_pov_pct,11.042944785276074,
51013980100,2021.0,othr_women_pov_pct,,
51013980200,2021.0,othr_women_pov_pct,,
51059415100,2021.0,othr_women_pov_pct,0.0,
51059415200,2021.0,othr_women_pov_pct,0.0,
51059415300,2021.0,othr_women_pov_pct,0.0,
51059415401,2021.0,othr_women_pov_pct,12.401055408970976,
51059415402,2021.0,othr_women_pov_pct,25.88235294117647,
51059415500,2021.0,othr_women_pov_pct,28.24858757062147,
51059415600,2021.0,othr_women_pov_pct,0.0,
51059415700,2021.0,othr_women_pov_pct,0.0,
51059415800,2021.0,othr_women_pov_pct,15.909090909090908,
51059415900,2021.0,othr_women_pov_pct,0.0,
51059416000,2021.0,othr_women_pov_pct,6.887052341597796,
51059416100,2021.0,othr_women_pov_pct,8.928571428571429,
51059416200,2021.0,othr_women_pov_pct,0.4424778761061947,
51059416300,2021.0,othr_women_pov_pct,0.0,
51059420100,2021.0,othr_women_pov_pct,0.0,
51059420201,2021.0,othr_women_pov_pct,0.0,
51059420202,2021.0,othr_women_pov_pct,22.22222222222222,
51059420203,2021.0,othr_women_pov_pct,0.0,
51059420300,2021.0,othr_women_pov_pct,8.852459016393443,
51059420400,2021.0,othr_women_pov_pct,0.0,
51059420501,2021.0,othr_women_pov_pct,0.0,
51059420502,2021.0,othr_women_pov_pct,5.161290322580645,
51059420503,2021.0,othr_women_pov_pct,14.34108527131783,
51059420600,2021.0,othr_women_pov_pct,23.770491803278688,
51059420700,2021.0,othr_women_pov_pct,16.289592760180994,
51059420800,2021.0,othr_women_pov_pct,4.86322188449848,
51059421001,2021.0,othr_women_pov_pct,0.0,
51059421002,2021.0,othr_women_pov_pct,0.0,
51059421101,2021.0,othr_women_pov_pct,0.0,
51059421102,2021.0,othr_women_pov_pct,0.0,
51059421103,2021.0,othr_women_pov_pct,0.0,
51059421200,2021.0,othr_women_pov_pct,0.0,
51059421300,2021.0,othr_women_pov_pct,3.225806451612903,
51059421400,2021.0,othr_women_pov_pct,48.51752021563343,
51059421500,2021.0,othr_women_pov_pct,20.266666666666666,
51059421600,2021.0,othr_women_pov_pct,0.0,
51059421701,2021.0,othr_women_pov_pct,16.113744075829384,
51059421702,2021.0,othr_women_pov_pct,2.245508982035928,
51059421800,2021.0,othr_women_pov_pct,0.0,
51059421900,2021.0,othr_women_pov_pct,6.521739130434782,
51059422000,2021.0,othr_women_pov_pct,0.0,
51059422101,2021.0,othr_women_pov_pct,0.0,
51059422102,2021.0,othr_women_pov_pct,0.0,
51059422201,2021.0,othr_women_pov_pct,0.0,
51059422202,2021.0,othr_women_pov_pct,0.0,
51059422301,2021.0,othr_women_pov_pct,6.730769230769231,
51059422302,2021.0,othr_women_pov_pct,5.154639175257732,
51059422401,2021.0,othr_women_pov_pct,30.55555555555556,
51059422402,2021.0,othr_women_pov_pct,0.0,
51059422403,2021.0,othr_women_pov_pct,8.791208791208792,
51059430101,2021.0,othr_women_pov_pct,0.9009009009009008,
51059430102,2021.0,othr_women_pov_pct,18.64406779661017,
51059430201,2021.0,othr_women_pov_pct,0.0,
51059430202,2021.0,othr_women_pov_pct,0.0,
51059430203,2021.0,othr_women_pov_pct,0.0,
51059430400,2021.0,othr_women_pov_pct,0.0,
51059430500,2021.0,othr_women_pov_pct,0.0,
51059430600,2021.0,othr_women_pov_pct,26.91415313225058,
51059430700,2021.0,othr_women_pov_pct,7.5,
51059430801,2021.0,othr_women_pov_pct,0.0,
51059430802,2021.0,othr_women_pov_pct,9.448818897637794,
51059430901,2021.0,othr_women_pov_pct,7.667731629392971,
51059430902,2021.0,othr_women_pov_pct,0.0,
51059431001,2021.0,othr_women_pov_pct,3.8461538461538463,
51059431002,2021.0,othr_women_pov_pct,0.0,
51059431300,2021.0,othr_women_pov_pct,0.0,
51059431400,2021.0,othr_women_pov_pct,0.0,
51059431500,2021.0,othr_women_pov_pct,0.0,
51059431601,2021.0,othr_women_pov_pct,,
51059431602,2021.0,othr_women_pov_pct,25.365853658536587,
51059431801,2021.0,othr_women_pov_pct,22.875816993464053,
51059431802,2021.0,othr_women_pov_pct,0.0,
51059431900,2021.0,othr_women_pov_pct,0.0,
51059432000,2021.0,othr_women_pov_pct,0.0,
51059432100,2021.0,othr_women_pov_pct,15.827338129496402,
51059432201,2021.0,othr_women_pov_pct,31.060606060606062,
51059432202,2021.0,othr_women_pov_pct,0.0,
51059432300,2021.0,othr_women_pov_pct,0.0,
51059432401,2021.0,othr_women_pov_pct,0.0,
51059432402,2021.0,othr_women_pov_pct,7.092198581560283,
51059432500,2021.0,othr_women_pov_pct,12.716763005780347,
51059432600,2021.0,othr_women_pov_pct,0.0,
51059432701,2021.0,othr_women_pov_pct,0.0,
51059432702,2021.0,othr_women_pov_pct,0.0,
51059432800,2021.0,othr_women_pov_pct,0.0,
51059440100,2021.0,othr_women_pov_pct,0.0,
51059440201,2021.0,othr_women_pov_pct,0.0,
51059440202,2021.0,othr_women_pov_pct,0.0,
51059440300,2021.0,othr_women_pov_pct,7.594936708860759,
51059440501,2021.0,othr_women_pov_pct,9.0,
51059440503,2021.0,othr_women_pov_pct,0.0,
51059440504,2021.0,othr_women_pov_pct,,
51059440505,2021.0,othr_women_pov_pct,,
51059440600,2021.0,othr_women_pov_pct,0.0,
51059440701,2021.0,othr_women_pov_pct,0.0,
51059440702,2021.0,othr_women_pov_pct,0.0,
51059440800,2021.0,othr_women_pov_pct,0.0,
51059450100,2021.0,othr_women_pov_pct,6.091370558375634,
51059450200,2021.0,othr_women_pov_pct,4.358353510895884,
51059450300,2021.0,othr_women_pov_pct,4.338394793926248,
51059450400,2021.0,othr_women_pov_pct,0.0,
51059450500,2021.0,othr_women_pov_pct,0.0,
51059450601,2021.0,othr_women_pov_pct,9.44206008583691,
51059450602,2021.0,othr_women_pov_pct,34.11371237458194,
51059450701,2021.0,othr_women_pov_pct,0.0,
51059450702,2021.0,othr_women_pov_pct,27.57847533632287,
51059450800,2021.0,othr_women_pov_pct,27.36842105263158,
51059450900,2021.0,othr_women_pov_pct,0.0,
51059451000,2021.0,othr_women_pov_pct,12.76595744680851,
51059451100,2021.0,othr_women_pov_pct,0.0,
51059451200,2021.0,othr_women_pov_pct,0.0,
51059451300,2021.0,othr_women_pov_pct,46.93877551020408,
51059451400,2021.0,othr_women_pov_pct,14.921465968586388,
51059451501,2021.0,othr_women_pov_pct,56.08974358974359,
51059451502,2021.0,othr_women_pov_pct,31.166347992351817,
51059451601,2021.0,othr_women_pov_pct,57.12765957446808,
51059451602,2021.0,othr_women_pov_pct,22.485207100591715,
51059451800,2021.0,othr_women_pov_pct,12.452830188679243,
51059451900,2021.0,othr_women_pov_pct,0.0,
51059452000,2021.0,othr_women_pov_pct,0.0,
51059452101,2021.0,othr_women_pov_pct,2.0242914979757085,
51059452102,2021.0,othr_women_pov_pct,23.529411764705884,
51059452200,2021.0,othr_women_pov_pct,1.1947431302270013,
51059452301,2021.0,othr_women_pov_pct,41.73913043478261,
51059452302,2021.0,othr_women_pov_pct,10.676156583629894,
51059452400,2021.0,othr_women_pov_pct,14.545454545454543,
51059452501,2021.0,othr_women_pov_pct,7.207207207207207,
51059452502,2021.0,othr_women_pov_pct,40.07220216606498,
51059452600,2021.0,othr_women_pov_pct,0.0,
51059452700,2021.0,othr_women_pov_pct,8.849557522123893,
51059452801,2021.0,othr_women_pov_pct,33.944954128440365,
51059452802,2021.0,othr_women_pov_pct,11.822660098522167,
51059460100,2021.0,othr_women_pov_pct,89.65517241379311,
51059460200,2021.0,othr_women_pov_pct,0.0,
51059460300,2021.0,othr_women_pov_pct,0.0,
51059460400,2021.0,othr_women_pov_pct,0.0,
51059460501,2021.0,othr_women_pov_pct,0.0,
51059460503,2021.0,othr_women_pov_pct,0.0,
51059460504,2021.0,othr_women_pov_pct,32.323232323232325,
51059460600,2021.0,othr_women_pov_pct,17.006802721088434,
51059460701,2021.0,othr_women_pov_pct,4.310344827586207,
51059460702,2021.0,othr_women_pov_pct,0.0,
51059460800,2021.0,othr_women_pov_pct,0.0,
51059460900,2021.0,othr_women_pov_pct,0.0,
51059461000,2021.0,othr_women_pov_pct,0.0,
51059461100,2021.0,othr_women_pov_pct,12.658227848101266,
51059461201,2021.0,othr_women_pov_pct,13.432835820895525,
51059461202,2021.0,othr_women_pov_pct,33.5195530726257,
51059461500,2021.0,othr_women_pov_pct,0.0,
51059461603,2021.0,othr_women_pov_pct,0.0,
51059461604,2021.0,othr_women_pov_pct,36.0,
51059461605,2021.0,othr_women_pov_pct,0.0,
51059461606,2021.0,othr_women_pov_pct,0.0,
51059461700,2021.0,othr_women_pov_pct,23.01136363636364,
51059461801,2021.0,othr_women_pov_pct,0.0,
51059461802,2021.0,othr_women_pov_pct,19.387755102040817,
51059461901,2021.0,othr_women_pov_pct,16.071428571428573,
51059461902,2021.0,othr_women_pov_pct,11.764705882352942,
51059470100,2021.0,othr_women_pov_pct,0.0,
51059470300,2021.0,othr_women_pov_pct,0.0,
51059470400,2021.0,othr_women_pov_pct,0.0,
51059470500,2021.0,othr_women_pov_pct,0.0,
51059470600,2021.0,othr_women_pov_pct,1.7543859649122806,
51059470700,2021.0,othr_women_pov_pct,0.0,
51059470800,2021.0,othr_women_pov_pct,25.26315789473684,
51059470900,2021.0,othr_women_pov_pct,0.0,
51059471000,2021.0,othr_women_pov_pct,5.172413793103448,
51059471100,2021.0,othr_women_pov_pct,0.0,
51059471201,2021.0,othr_women_pov_pct,4.526748971193416,
51059471203,2021.0,othr_women_pov_pct,8.333333333333334,
51059471204,2021.0,othr_women_pov_pct,0.0,
51059471301,2021.0,othr_women_pov_pct,0.0,
51059471303,2021.0,othr_women_pov_pct,5.0,
51059471304,2021.0,othr_women_pov_pct,0.0,
51059471401,2021.0,othr_women_pov_pct,9.973753280839896,
51059471402,2021.0,othr_women_pov_pct,31.428571428571427,
51059480100,2021.0,othr_women_pov_pct,0.0,
51059480201,2021.0,othr_women_pov_pct,0.0,
51059480203,2021.0,othr_women_pov_pct,10.256410256410255,
51059480204,2021.0,othr_women_pov_pct,0.0,
51059480205,2021.0,othr_women_pov_pct,25.58139534883721,
51059480301,2021.0,othr_women_pov_pct,48.86363636363637,
51059480302,2021.0,othr_women_pov_pct,5.58659217877095,
51059480401,2021.0,othr_women_pov_pct,0.0,
51059480402,2021.0,othr_women_pov_pct,27.272727272727277,
51059480501,2021.0,othr_women_pov_pct,0.0,
51059480502,2021.0,othr_women_pov_pct,0.0,
51059480503,2021.0,othr_women_pov_pct,15.053763440860216,
51059480504,2021.0,othr_women_pov_pct,12.5,
51059480505,2021.0,othr_women_pov_pct,16.176470588235293,
51059480801,2021.0,othr_women_pov_pct,7.446808510638298,
51059480802,2021.0,othr_women_pov_pct,0.0,
51059480901,2021.0,othr_women_pov_pct,14.93411420204978,
51059480902,2021.0,othr_women_pov_pct,22.897196261682243,
51059480903,2021.0,othr_women_pov_pct,10.11904761904762,
51059481000,2021.0,othr_women_pov_pct,15.494791666666666,
51059481101,2021.0,othr_women_pov_pct,0.0,
51059481102,2021.0,othr_women_pov_pct,1.5151515151515151,
51059481103,2021.0,othr_women_pov_pct,0.0,
51059481104,2021.0,othr_women_pov_pct,0.0,
51059481105,2021.0,othr_women_pov_pct,0.0,
51059481106,2021.0,othr_women_pov_pct,12.280701754385966,
51059481201,2021.0,othr_women_pov_pct,0.0,
51059481202,2021.0,othr_women_pov_pct,17.094017094017094,
51059481400,2021.0,othr_women_pov_pct,0.0,
51059481500,2021.0,othr_women_pov_pct,32.0,
51059481600,2021.0,othr_women_pov_pct,0.0,
51059481701,2021.0,othr_women_pov_pct,0.0,
51059481702,2021.0,othr_women_pov_pct,0.0,
51059481900,2021.0,othr_women_pov_pct,0.0,
51059482001,2021.0,othr_women_pov_pct,0.0,
51059482002,2021.0,othr_women_pov_pct,0.0,
51059482100,2021.0,othr_women_pov_pct,36.58536585365854,
51059482201,2021.0,othr_women_pov_pct,14.634146341463415,
51059482203,2021.0,othr_women_pov_pct,1.7391304347826086,
51059482204,2021.0,othr_women_pov_pct,0.0,
51059482205,2021.0,othr_women_pov_pct,11.39240506329114,
51059482206,2021.0,othr_women_pov_pct,,
51059482301,2021.0,othr_women_pov_pct,31.067961165048544,
51059482302,2021.0,othr_women_pov_pct,16.666666666666668,
51059482303,2021.0,othr_women_pov_pct,0.0,
51059482400,2021.0,othr_women_pov_pct,0.0,
51059482502,2021.0,othr_women_pov_pct,0.0,
51059482503,2021.0,othr_women_pov_pct,0.0,
51059482504,2021.0,othr_women_pov_pct,0.0,
51059482505,2021.0,othr_women_pov_pct,0.0,
51059482506,2021.0,othr_women_pov_pct,0.0,
51059482507,2021.0,othr_women_pov_pct,40.625,
51059482601,2021.0,othr_women_pov_pct,0.0,
51059482603,2021.0,othr_women_pov_pct,0.0,
51059482604,2021.0,othr_women_pov_pct,0.0,
51059490101,2021.0,othr_women_pov_pct,0.5154639175257731,
51059490104,2021.0,othr_women_pov_pct,14.666666666666666,
51059490105,2021.0,othr_women_pov_pct,25.806451612903224,
51059490501,2021.0,othr_women_pov_pct,10.852713178294572,
51059490502,2021.0,othr_women_pov_pct,0.0,
51059491000,2021.0,othr_women_pov_pct,45.45454545454545,
51059491101,2021.0,othr_women_pov_pct,0.0,
51059491102,2021.0,othr_women_pov_pct,4.205607476635514,
51059491103,2021.0,othr_women_pov_pct,19.76744186046512,
51059491201,2021.0,othr_women_pov_pct,16.233766233766232,
51059491202,2021.0,othr_women_pov_pct,24.752475247524757,
51059491301,2021.0,othr_women_pov_pct,0.0,
51059491302,2021.0,othr_women_pov_pct,7.624633431085044,
51059491303,2021.0,othr_women_pov_pct,3.896103896103896,
51059491401,2021.0,othr_women_pov_pct,11.009174311926603,
51059491402,2021.0,othr_women_pov_pct,5.084745762711864,
51059491403,2021.0,othr_women_pov_pct,0.0,
51059491404,2021.0,othr_women_pov_pct,13.559322033898304,
51059491405,2021.0,othr_women_pov_pct,0.0,
51059491501,2021.0,othr_women_pov_pct,0.0,
51059491502,2021.0,othr_women_pov_pct,0.0,
51059491601,2021.0,othr_women_pov_pct,12.5,
51059491602,2021.0,othr_women_pov_pct,9.477124183006536,
51059491701,2021.0,othr_women_pov_pct,0.0,
51059491703,2021.0,othr_women_pov_pct,10.294117647058824,
51059491704,2021.0,othr_women_pov_pct,8.433734939759036,
51059491705,2021.0,othr_women_pov_pct,15.0,
51059491706,2021.0,othr_women_pov_pct,0.0,
51059491707,2021.0,othr_women_pov_pct,9.15032679738562,
51059491801,2021.0,othr_women_pov_pct,,
51059491802,2021.0,othr_women_pov_pct,0.0,
51059491803,2021.0,othr_women_pov_pct,0.0,
51059492000,2021.0,othr_women_pov_pct,0.0,
51059492100,2021.0,othr_women_pov_pct,0.0,
51059492201,2021.0,othr_women_pov_pct,0.0,
51059492202,2021.0,othr_women_pov_pct,0.0,
51059492203,2021.0,othr_women_pov_pct,0.0,
51059492300,2021.0,othr_women_pov_pct,0.0,
51059492400,2021.0,othr_women_pov_pct,29.765013054830288,
51059492500,2021.0,othr_women_pov_pct,0.0,
51059980100,2021.0,othr_women_pov_pct,,
51059980200,2021.0,othr_women_pov_pct,,
51059980300,2021.0,othr_women_pov_pct,,
51107610101,2021.0,othr_women_pov_pct,5.325443786982248,
51107610102,2021.0,othr_women_pov_pct,2.1739130434782608,
51107610201,2021.0,othr_women_pov_pct,0.0,
51107610202,2021.0,othr_women_pov_pct,0.0,
51107610300,2021.0,othr_women_pov_pct,0.0,
51107610400,2021.0,othr_women_pov_pct,20.48192771084337,
51107610503,2021.0,othr_women_pov_pct,31.986531986531983,
51107610504,2021.0,othr_women_pov_pct,0.0,
51107610505,2021.0,othr_women_pov_pct,1.6,
51107610506,2021.0,othr_women_pov_pct,6.896551724137931,
51107610507,2021.0,othr_women_pov_pct,18.75,
51107610601,2021.0,othr_women_pov_pct,19.02173913043478,
51107610602,2021.0,othr_women_pov_pct,3.4482758620689653,
51107610603,2021.0,othr_women_pov_pct,8.949416342412452,
51107610604,2021.0,othr_women_pov_pct,0.0,
51107610701,2021.0,othr_women_pov_pct,0.0,
51107610702,2021.0,othr_women_pov_pct,40.57971014492754,
51107610703,2021.0,othr_women_pov_pct,1.1976047904191616,
51107610800,2021.0,othr_women_pov_pct,0.0,
51107610900,2021.0,othr_women_pov_pct,15.09433962264151,
51107611002,2021.0,othr_women_pov_pct,56.40194489465154,
51107611004,2021.0,othr_women_pov_pct,0.0,
51107611005,2021.0,othr_women_pov_pct,0.0,
51107611006,2021.0,othr_women_pov_pct,14.685314685314683,
51107611009,2021.0,othr_women_pov_pct,19.753086419753085,
51107611010,2021.0,othr_women_pov_pct,0.0,
51107611011,2021.0,othr_women_pov_pct,0.0,
51107611012,2021.0,othr_women_pov_pct,7.142857142857143,
51107611013,2021.0,othr_women_pov_pct,23.28767123287671,
51107611014,2021.0,othr_women_pov_pct,0.0,
51107611015,2021.0,othr_women_pov_pct,0.0,
51107611016,2021.0,othr_women_pov_pct,6.382978723404255,
51107611017,2021.0,othr_women_pov_pct,0.0,
51107611018,2021.0,othr_women_pov_pct,0.0,
51107611019,2021.0,othr_women_pov_pct,19.469026548672566,
51107611020,2021.0,othr_women_pov_pct,0.0,
51107611022,2021.0,othr_women_pov_pct,0.0,
51107611023,2021.0,othr_women_pov_pct,0.0,
51107611026,2021.0,othr_women_pov_pct,9.170305676855897,
51107611027,2021.0,othr_women_pov_pct,0.0,
51107611028,2021.0,othr_women_pov_pct,0.0,
51107611029,2021.0,othr_women_pov_pct,9.770114942528735,
51107611030,2021.0,othr_women_pov_pct,0.0,
51107611031,2021.0,othr_women_pov_pct,0.0,
51107611032,2021.0,othr_women_pov_pct,0.0,
51107611101,2021.0,othr_women_pov_pct,9.58904109589041,
51107611102,2021.0,othr_women_pov_pct,14.285714285714286,
51107611202,2021.0,othr_women_pov_pct,3.5211267605633805,
51107611204,2021.0,othr_women_pov_pct,8.385093167701863,
51107611205,2021.0,othr_women_pov_pct,0.4728132387706856,
51107611206,2021.0,othr_women_pov_pct,45.2054794520548,
51107611207,2021.0,othr_women_pov_pct,0.0,
51107611208,2021.0,othr_women_pov_pct,0.0,
51107611209,2021.0,othr_women_pov_pct,0.0,
51107611300,2021.0,othr_women_pov_pct,38.41059602649007,
51107611400,2021.0,othr_women_pov_pct,27.286585365853657,
51107611501,2021.0,othr_women_pov_pct,42.45524296675192,
51107611502,2021.0,othr_women_pov_pct,6.057385759829968,
51107611601,2021.0,othr_women_pov_pct,7.926829268292683,
51107611602,2021.0,othr_women_pov_pct,1.488833746898263,
51107611701,2021.0,othr_women_pov_pct,15.450643776824034,
51107611702,2021.0,othr_women_pov_pct,0.0,
51107611803,2021.0,othr_women_pov_pct,9.49367088607595,
51107611804,2021.0,othr_women_pov_pct,14.285714285714286,
51107611805,2021.0,othr_women_pov_pct,0.0,
51107611807,2021.0,othr_women_pov_pct,23.10756972111554,
51107611808,2021.0,othr_women_pov_pct,0.0,
51107611809,2021.0,othr_women_pov_pct,0.0,
51107611810,2021.0,othr_women_pov_pct,0.0,
51107611811,2021.0,othr_women_pov_pct,0.0,
51107611812,2021.0,othr_women_pov_pct,6.751054852320675,
51107611813,2021.0,othr_women_pov_pct,0.0,
51107611901,2021.0,othr_women_pov_pct,9.25925925925926,
51107611902,2021.0,othr_women_pov_pct,29.21348314606741,
51107980100,2021.0,othr_women_pov_pct,,
51153900100,2021.0,othr_women_pov_pct,16.149068322981368,
51153900201,2021.0,othr_women_pov_pct,16.666666666666668,
51153900202,2021.0,othr_women_pov_pct,3.87243735763098,
51153900203,2021.0,othr_women_pov_pct,20.107719928186714,
51153900301,2021.0,othr_women_pov_pct,0.0,
51153900302,2021.0,othr_women_pov_pct,9.662921348314606,
51153900403,2021.0,othr_women_pov_pct,0.0,
51153900404,2021.0,othr_women_pov_pct,8.679245283018869,
51153900407,2021.0,othr_women_pov_pct,2.932551319648094,
51153900408,2021.0,othr_women_pov_pct,0.0,
51153900409,2021.0,othr_women_pov_pct,11.977715877437326,
51153900410,2021.0,othr_women_pov_pct,0.0,
51153900502,2021.0,othr_women_pov_pct,0.0,
51153900503,2021.0,othr_women_pov_pct,0.0,
51153900504,2021.0,othr_women_pov_pct,8.354755784061696,
51153900601,2021.0,othr_women_pov_pct,0.0,
51153900602,2021.0,othr_women_pov_pct,13.926940639269406,
51153900701,2021.0,othr_women_pov_pct,12.790697674418604,
51153900702,2021.0,othr_women_pov_pct,11.5,
51153900801,2021.0,othr_women_pov_pct,3.809523809523809,
51153900803,2021.0,othr_women_pov_pct,0.0,
51153900804,2021.0,othr_women_pov_pct,0.0,
51153900901,2021.0,othr_women_pov_pct,23.587223587223587,
51153900904,2021.0,othr_women_pov_pct,29.885057471264368,
51153900905,2021.0,othr_women_pov_pct,14.516129032258064,
51153901005,2021.0,othr_women_pov_pct,2.9411764705882355,
51153901009,2021.0,othr_women_pov_pct,0.0,
51153901010,2021.0,othr_women_pov_pct,8.609271523178808,
51153901011,2021.0,othr_women_pov_pct,11.897106109324758,
51153901012,2021.0,othr_women_pov_pct,0.0,
51153901013,2021.0,othr_women_pov_pct,19.831223628691983,
51153901014,2021.0,othr_women_pov_pct,0.0,
51153901015,2021.0,othr_women_pov_pct,66.66666666666667,
51153901016,2021.0,othr_women_pov_pct,0.0,
51153901101,2021.0,othr_women_pov_pct,0.0,
51153901102,2021.0,othr_women_pov_pct,0.0,
51153901203,2021.0,othr_women_pov_pct,17.01388888888889,
51153901208,2021.0,othr_women_pov_pct,12.446351931330472,
51153901209,2021.0,othr_women_pov_pct,20.47872340425532,
51153901211,2021.0,othr_women_pov_pct,29.038112522686024,
51153901212,2021.0,othr_women_pov_pct,11.756756756756756,
51153901219,2021.0,othr_women_pov_pct,0.0,
51153901221,2021.0,othr_women_pov_pct,0.0,
51153901222,2021.0,othr_women_pov_pct,0.0,
51153901223,2021.0,othr_women_pov_pct,6.488549618320611,
51153901224,2021.0,othr_women_pov_pct,1.827676240208877,
51153901225,2021.0,othr_women_pov_pct,6.134969325153374,
51153901226,2021.0,othr_women_pov_pct,0.0,
51153901227,2021.0,othr_women_pov_pct,0.0,
51153901228,2021.0,othr_women_pov_pct,6.395348837209302,
51153901229,2021.0,othr_women_pov_pct,2.972972972972973,
51153901230,2021.0,othr_women_pov_pct,0.9478672985781992,
51153901231,2021.0,othr_women_pov_pct,0.0,
51153901232,2021.0,othr_women_pov_pct,0.0,
51153901233,2021.0,othr_women_pov_pct,0.0,
51153901234,2021.0,othr_women_pov_pct,0.0,
51153901235,2021.0,othr_women_pov_pct,0.0,
51153901236,2021.0,othr_women_pov_pct,0.0,
51153901237,2021.0,othr_women_pov_pct,0.0,
51153901303,2021.0,othr_women_pov_pct,3.60655737704918,
51153901304,2021.0,othr_women_pov_pct,4.081632653061225,
51153901305,2021.0,othr_women_pov_pct,12.903225806451612,
51153901306,2021.0,othr_women_pov_pct,0.0,
51153901403,2021.0,othr_women_pov_pct,2.8350515463917527,
51153901407,2021.0,othr_women_pov_pct,10.27190332326284,
51153901409,2021.0,othr_women_pov_pct,3.4375,
51153901411,2021.0,othr_women_pov_pct,0.0,
51153901412,2021.0,othr_women_pov_pct,27.43682310469314,
51153901413,2021.0,othr_women_pov_pct,0.0,
51153901414,2021.0,othr_women_pov_pct,0.0,
51153901415,2021.0,othr_women_pov_pct,0.0,
51153901416,2021.0,othr_women_pov_pct,1.098901098901099,
51153901417,2021.0,othr_women_pov_pct,0.0,
51153901418,2021.0,othr_women_pov_pct,12.962962962962964,
51153901419,2021.0,othr_women_pov_pct,25.33333333333333,
51153901420,2021.0,othr_women_pov_pct,0.0,
51153901421,2021.0,othr_women_pov_pct,53.79746835443038,
51153901503,2021.0,othr_women_pov_pct,0.0,
51153901504,2021.0,othr_women_pov_pct,0.0,
51153901505,2021.0,othr_women_pov_pct,0.0,
51153901506,2021.0,othr_women_pov_pct,0.0,
51153901507,2021.0,othr_women_pov_pct,42.85714285714285,
51153901508,2021.0,othr_women_pov_pct,4.6875,
51153901509,2021.0,othr_women_pov_pct,0.0,
51153901510,2021.0,othr_women_pov_pct,0.0,
51153901511,2021.0,othr_women_pov_pct,0.0,
51153901601,2021.0,othr_women_pov_pct,29.18918918918919,
51153901602,2021.0,othr_women_pov_pct,0.0,
51153901702,2021.0,othr_women_pov_pct,3.917910447761194,
51153901703,2021.0,othr_women_pov_pct,24.435318275154003,
51153901704,2021.0,othr_women_pov_pct,12.16216216216216,
51153901900,2021.0,othr_women_pov_pct,10.267857142857142,
51153980100,2021.0,othr_women_pov_pct,,
51510200102,2021.0,othr_women_pov_pct,3.058103975535168,
51510200104,2021.0,othr_women_pov_pct,21.428571428571427,
51510200105,2021.0,othr_women_pov_pct,0.0,
51510200106,2021.0,othr_women_pov_pct,0.0,
51510200108,2021.0,othr_women_pov_pct,12.67605633802817,
51510200109,2021.0,othr_women_pov_pct,28.688524590163933,
51510200110,2021.0,othr_women_pov_pct,0.0,
51510200111,2021.0,othr_women_pov_pct,0.0,
51510200201,2021.0,othr_women_pov_pct,15.286624203821656,
51510200202,2021.0,othr_women_pov_pct,0.0,
51510200301,2021.0,othr_women_pov_pct,20.155038759689923,
51510200302,2021.0,othr_women_pov_pct,11.764705882352942,
51510200304,2021.0,othr_women_pov_pct,26.794258373205743,
51510200305,2021.0,othr_women_pov_pct,0.0,
51510200403,2021.0,othr_women_pov_pct,0.0,
51510200404,2021.0,othr_women_pov_pct,0.0,
51510200406,2021.0,othr_women_pov_pct,1.794871794871795,
51510200407,2021.0,othr_women_pov_pct,0.0,
51510200408,2021.0,othr_women_pov_pct,,
51510200409,2021.0,othr_women_pov_pct,75.49019607843137,
51510200500,2021.0,othr_women_pov_pct,43.39622641509434,
51510200600,2021.0,othr_women_pov_pct,0.0,
51510200701,2021.0,othr_women_pov_pct,0.0,
51510200703,2021.0,othr_women_pov_pct,0.0,
51510200704,2021.0,othr_women_pov_pct,0.0,
51510200705,2021.0,othr_women_pov_pct,0.0,
51510200801,2021.0,othr_women_pov_pct,0.0,
51510200802,2021.0,othr_women_pov_pct,19.387755102040817,
51510200900,2021.0,othr_women_pov_pct,0.0,
51510201000,2021.0,othr_women_pov_pct,20.0,
51510201100,2021.0,othr_women_pov_pct,30.89430894308943,
51510201202,2021.0,othr_women_pov_pct,7.317073170731708,
51510201204,2021.0,othr_women_pov_pct,8.0,
51510201205,2021.0,othr_women_pov_pct,0.0,
51510201206,2021.0,othr_women_pov_pct,37.76881720430107,
51510201300,2021.0,othr_women_pov_pct,5.747126436781609,
51510201400,2021.0,othr_women_pov_pct,34.78260869565217,
51510201500,2021.0,othr_women_pov_pct,0.0,
51510201601,2021.0,othr_women_pov_pct,54.91803278688525,
51510201602,2021.0,othr_women_pov_pct,0.0,
51510201802,2021.0,othr_women_pov_pct,0.0,
51510201803,2021.0,othr_women_pov_pct,0.0,
51510201804,2021.0,othr_women_pov_pct,0.0,
51510201805,2021.0,othr_women_pov_pct,22.78481012658228,
51510201900,2021.0,othr_women_pov_pct,0.0,
51510202001,2021.0,othr_women_pov_pct,0.0,
51510202002,2021.0,othr_women_pov_pct,0.0,
51510980000,2021.0,othr_women_pov_pct,,
51600300100,2021.0,othr_women_pov_pct,31.543624161073826,
51600300200,2021.0,othr_women_pov_pct,43.26923076923077,
51600300300,2021.0,othr_women_pov_pct,20.047732696897373,
51600300400,2021.0,othr_women_pov_pct,0.0,
51600300500,2021.0,othr_women_pov_pct,66.10169491525424,
51610500100,2021.0,othr_women_pov_pct,4.25531914893617,
51610500200,2021.0,othr_women_pov_pct,0.0,
51610500300,2021.0,othr_women_pov_pct,33.098591549295776,
51683910100,2021.0,othr_women_pov_pct,6.127450980392157,
51683910201,2021.0,othr_women_pov_pct,0.0,
51683910202,2021.0,othr_women_pov_pct,0.0,
51683910301,2021.0,othr_women_pov_pct,9.977324263038549,
51683910302,2021.0,othr_women_pov_pct,13.380281690140846,
51683910401,2021.0,othr_women_pov_pct,18.07017543859649,
51683910402,2021.0,othr_women_pov_pct,3.0434782608695654,
51685920100,2021.0,othr_women_pov_pct,3.2761310452418098,
51685920201,2021.0,othr_women_pov_pct,15.602836879432624,
51685920202,2021.0,othr_women_pov_pct,6.844106463878327,
