geoid,year,measure,value,moe
51_hd_01,2017.0,education_indicator,4.260170641846035,
51_hd_02,2017.0,education_indicator,2.927762579603552,
51_hd_03,2017.0,education_indicator,4.551643765193828,
51_hd_04,2017.0,education_indicator,2.204917226239232,
51_hd_05,2017.0,education_indicator,2.306990482441746,
51_hd_06,2017.0,education_indicator,3.067316596576186,
51_hd_07,2017.0,education_indicator,3.253024584578288,
51_hd_08,2017.0,education_indicator,3.3584176416346763,
51_hd_09,2017.0,education_indicator,1.5789006579074298,
51_hd_10,2017.0,education_indicator,1.232149788366634,
51_hd_11,2017.0,education_indicator,1.6938088228734556,
51_hd_12,2017.0,education_indicator,4.246536665685965,
51_hd_13,2017.0,education_indicator,2.6742945213019707,
51_hd_14,2017.0,education_indicator,3.373199865462411,
51_hd_15,2017.0,education_indicator,1.1893244739756368,
51_hd_16,2017.0,education_indicator,2.3766189384435696,
51_hd_17,2017.0,education_indicator,4.396453953726793,
51_hd_18,2017.0,education_indicator,1.6923012372355992,
51_hd_19,2017.0,education_indicator,3.1072785558359866,
51_hd_20,2017.0,education_indicator,2.571205931182656,
51_hd_21,2017.0,education_indicator,3.3135712601843386,
51_hd_22,2017.0,education_indicator,1.3841199625847689,
51_hd_23,2017.0,education_indicator,1.6557214505058673,
51_hd_24,2017.0,education_indicator,2.1241416848099144,
51_hd_25,2017.0,education_indicator,3.1641485935320377,
51_hd_26,2017.0,education_indicator,3.190937882143441,
51_hd_27,2017.0,education_indicator,2.649106265056085,
51_hd_28,2017.0,education_indicator,2.770408163265306,
51_hd_29,2017.0,education_indicator,2.152040734342988,
51_hd_30,2017.0,education_indicator,1.42277734640396,
51_hd_31,2017.0,education_indicator,3.4119266799140275,
51_hd_32,2017.0,education_indicator,2.2915937700021334,
51_hd_33,2017.0,education_indicator,3.4511317455344543,
51_hd_34,2017.0,education_indicator,1.5415462505468027,
51_hd_35,2017.0,education_indicator,2.4141927342764165,
51001,2017.0,education_indicator,1.71799634591961,
51003,2017.0,education_indicator,4.242652585509728,
51005,2017.0,education_indicator,1.8000516495577508,
51007,2017.0,education_indicator,1.0,
51009,2017.0,education_indicator,1.5851849523869386,
51011,2017.0,education_indicator,1.7211227525546502,
51013,2017.0,education_indicator,4.551643765193828,
51015,2017.0,education_indicator,2.0389702917058745,
51017,2017.0,education_indicator,2.0,
51019,2017.0,education_indicator,2.4854434227033457,
51021,2017.0,education_indicator,1.3963825873697118,
51023,2017.0,education_indicator,2.889559262722857,
51025,2017.0,education_indicator,1.1272893215698203,
51027,2017.0,education_indicator,1.0,
51029,2017.0,education_indicator,1.245366025340216,
51031,2017.0,education_indicator,1.98627578955002,
51033,2017.0,education_indicator,1.6614138980895985,
51035,2017.0,education_indicator,1.1336379211878926,
51036,2017.0,education_indicator,1.0,
51037,2017.0,education_indicator,1.4287943495400788,
51041,2017.0,education_indicator,3.3406139561493946,
51043,2017.0,education_indicator,3.0,
51045,2017.0,education_indicator,2.0,
51047,2017.0,education_indicator,2.09484888040968,
51049,2017.0,education_indicator,1.3937940185771154,
51051,2017.0,education_indicator,1.0,
51053,2017.0,education_indicator,1.528198908429351,
51057,2017.0,education_indicator,1.3054227194802852,
51059,2017.0,education_indicator,4.238359060038318,
51061,2017.0,education_indicator,3.3922901499868434,
51063,2017.0,education_indicator,1.643516737206618,
51065,2017.0,education_indicator,2.7208242368531925,
51067,2017.0,education_indicator,1.7397693551539706,
51069,2017.0,education_indicator,2.8750954836245586,
51071,2017.0,education_indicator,1.818462085729531,
51073,2017.0,education_indicator,2.6967733225327395,
51075,2017.0,education_indicator,3.743317681054722,
51077,2017.0,education_indicator,1.217850776674306,
51079,2017.0,education_indicator,2.507885286004268,
51081,2017.0,education_indicator,1.0,
51083,2017.0,education_indicator,1.6174421924065088,
51085,2017.0,education_indicator,3.50753744501928,
51087,2017.0,education_indicator,3.373199865462411,
51089,2017.0,education_indicator,1.4718608052967896,
51091,2017.0,education_indicator,2.0,
51093,2017.0,education_indicator,2.483236353560544,
51095,2017.0,education_indicator,4.108328312428109,
51097,2017.0,education_indicator,1.4103800340328985,
51099,2017.0,education_indicator,3.284579877953372,
51101,2017.0,education_indicator,2.207238655153408,
51103,2017.0,education_indicator,3.0761430678466075,
51105,2017.0,education_indicator,1.1706648108727689,
51107,2017.0,education_indicator,4.396453953726793,
51109,2017.0,education_indicator,2.0,
51111,2017.0,education_indicator,1.0,
51113,2017.0,education_indicator,2.0,
51115,2017.0,education_indicator,3.0,
51117,2017.0,education_indicator,1.3593785328983494,
51119,2017.0,education_indicator,2.976844070961718,
51121,2017.0,education_indicator,3.9562604921590303,
51125,2017.0,education_indicator,2.0047769629280765,
51127,2017.0,education_indicator,3.0,
51131,2017.0,education_indicator,1.6276046007667944,
51133,2017.0,education_indicator,2.456095968663293,
51135,2017.0,education_indicator,1.0015446997489863,
51137,2017.0,education_indicator,2.158173826740394,
51139,2017.0,education_indicator,1.0,
51141,2017.0,education_indicator,1.0,
51143,2017.0,education_indicator,1.551395836695175,
51145,2017.0,education_indicator,2.85329995769285,
51147,2017.0,education_indicator,2.1412042090555823,
51149,2017.0,education_indicator,2.2941067260768087,
51153,2017.0,education_indicator,3.287632303449928,
51155,2017.0,education_indicator,1.744654820856394,
51157,2017.0,education_indicator,3.0,
51159,2017.0,education_indicator,1.5872872760058605,
51161,2017.0,education_indicator,3.193451011036299,
51163,2017.0,education_indicator,2.274598930481284,
51165,2017.0,education_indicator,1.976339109760594,
51167,2017.0,education_indicator,1.2016230838593327,
51169,2017.0,education_indicator,1.0,
51171,2017.0,education_indicator,2.107294534932562,
51173,2017.0,education_indicator,1.2818071442264682,
51175,2017.0,education_indicator,1.5770357675935651,
51177,2017.0,education_indicator,2.882466829032184,
51179,2017.0,education_indicator,3.7288943673446258,
51181,2017.0,education_indicator,1.4403298350824587,
51183,2017.0,education_indicator,1.167485985338508,
51185,2017.0,education_indicator,1.4574949050106585,
51187,2017.0,education_indicator,2.1807340155420483,
51191,2017.0,education_indicator,2.163174614833722,
51193,2017.0,education_indicator,1.4757331211639009,
51195,2017.0,education_indicator,1.2246895470295152,
51197,2017.0,education_indicator,1.8640870283668407,
51199,2017.0,education_indicator,3.978808262396571,
51510,2017.0,education_indicator,4.260170641846035,
51520,2017.0,education_indicator,2.449317795865785,
51530,2017.0,education_indicator,1.0,
51540,2017.0,education_indicator,3.802740551121819,
51550,2017.0,education_indicator,3.067316596576186,
51570,2017.0,education_indicator,2.2260266181321806,
51580,2017.0,education_indicator,1.457797356828194,
51590,2017.0,education_indicator,1.8099782873231367,
51595,2017.0,education_indicator,1.0,
51600,2017.0,education_indicator,4.200254452926209,
51610,2017.0,education_indicator,5.0,
51620,2017.0,education_indicator,2.207823374130069,
51630,2017.0,education_indicator,3.4587524435756176,
51640,2017.0,education_indicator,1.0,
51650,2017.0,education_indicator,2.6742945213019707,
51660,2017.0,education_indicator,2.6953678576812905,
51670,2017.0,education_indicator,1.4747908558135374,
51678,2017.0,education_indicator,3.0,
51680,2017.0,education_indicator,2.760288753991191,
51683,2017.0,education_indicator,2.215060779622514,
51685,2017.0,education_indicator,2.1472358379351,
51690,2017.0,education_indicator,1.7067742908871455,
51700,2017.0,education_indicator,2.6812225141750794,
51710,2017.0,education_indicator,2.571205931182656,
51720,2017.0,education_indicator,2.0,
51730,2017.0,education_indicator,1.34094952710928,
51735,2017.0,education_indicator,3.291299284644818,
51740,2017.0,education_indicator,2.1241416848099144,
51750,2017.0,education_indicator,3.5908515535097814,
51760,2017.0,education_indicator,2.770408163265306,
51770,2017.0,education_indicator,2.152040734342988,
51775,2017.0,education_indicator,3.202656635711767,
51790,2017.0,education_indicator,2.7053928233016107,
51800,2017.0,education_indicator,2.57739873036783,
51810,2017.0,education_indicator,3.4511317455344543,
51820,2017.0,education_indicator,1.933117483811286,
51830,2017.0,education_indicator,4.112640885469394,
51840,2017.0,education_indicator,2.416557639191743,
51001090100,2017.0,education_indicator,3.0,
51001090200,2017.0,education_indicator,2.0,
51001090300,2017.0,education_indicator,1.0,
51001090400,2017.0,education_indicator,1.0,
51001090500,2017.0,education_indicator,2.0,
51001090600,2017.0,education_indicator,2.0,
51001090700,2017.0,education_indicator,2.0,
51001090800,2017.0,education_indicator,1.0,
51001980200,2017.0,education_indicator,1.0,
51003010100,2017.0,education_indicator,4.0,
51003010201,2017.0,education_indicator,4.0,
51003010202,2017.0,education_indicator,5.0,
51003010300,2017.0,education_indicator,5.0,
51003010401,2017.0,education_indicator,4.0,
51003010402,2017.0,education_indicator,5.0,
51003010500,2017.0,education_indicator,5.0,
51003010601,2017.0,education_indicator,4.0,
51003010602,2017.0,education_indicator,5.0,
51003010700,2017.0,education_indicator,4.0,
51003010800,2017.0,education_indicator,4.0,
51003010901,2017.0,education_indicator,5.0,
51003010902,2017.0,education_indicator,5.0,
51003010903,2017.0,education_indicator,5.0,
51003011000,2017.0,education_indicator,5.0,
51003011100,2017.0,education_indicator,4.0,
51003011201,2017.0,education_indicator,4.0,
51003011202,2017.0,education_indicator,5.0,
51003011301,2017.0,education_indicator,3.0,
51003011302,2017.0,education_indicator,3.0,
51003011303,2017.0,education_indicator,5.0,
51003011400,2017.0,education_indicator,2.0,
51005070100,2017.0,education_indicator,2.0,
51005080100,2017.0,education_indicator,1.0,
51005080201,2017.0,education_indicator,2.0,
51005080202,2017.0,education_indicator,2.0,
51005080301,2017.0,education_indicator,2.0,
51005080302,2017.0,education_indicator,2.0,
51007930100,2017.0,education_indicator,1.0,
51007930200,2017.0,education_indicator,1.0,
51009010100,2017.0,education_indicator,2.0,
51009010200,2017.0,education_indicator,1.0,
51009010300,2017.0,education_indicator,3.0,
51009010401,2017.0,education_indicator,1.0,
51009010402,2017.0,education_indicator,2.0,
51009010502,2017.0,education_indicator,1.0,
51009010503,2017.0,education_indicator,1.0,
51009010504,2017.0,education_indicator,2.0,
51009010600,2017.0,education_indicator,1.0,
51011040100,2017.0,education_indicator,2.0,
51011040200,2017.0,education_indicator,1.0,
51011040300,2017.0,education_indicator,2.0,
51013100100,2017.0,education_indicator,5.0,
51013100200,2017.0,education_indicator,5.0,
51013100300,2017.0,education_indicator,5.0,
51013100400,2017.0,education_indicator,5.0,
51013100500,2017.0,education_indicator,5.0,
51013100600,2017.0,education_indicator,5.0,
51013100700,2017.0,education_indicator,5.0,
51013100800,2017.0,education_indicator,3.0,
51013100900,2017.0,education_indicator,5.0,
51013101000,2017.0,education_indicator,5.0,
51013101100,2017.0,education_indicator,5.0,
51013101200,2017.0,education_indicator,5.0,
51013101300,2017.0,education_indicator,5.0,
51013101401,2017.0,education_indicator,5.0,
51013101402,2017.0,education_indicator,5.0,
51013101403,2017.0,education_indicator,5.0,
51013101404,2017.0,education_indicator,5.0,
51013101500,2017.0,education_indicator,5.0,
51013101601,2017.0,education_indicator,5.0,
51013101602,2017.0,education_indicator,5.0,
51013101603,2017.0,education_indicator,5.0,
51013101701,2017.0,education_indicator,5.0,
51013101702,2017.0,education_indicator,5.0,
51013101703,2017.0,education_indicator,5.0,
51013101801,2017.0,education_indicator,5.0,
51013101802,2017.0,education_indicator,5.0,
51013101803,2017.0,education_indicator,5.0,
51013101900,2017.0,education_indicator,5.0,
51013102001,2017.0,education_indicator,1.0,
51013102002,2017.0,education_indicator,4.0,
51013102003,2017.0,education_indicator,3.0,
51013102100,2017.0,education_indicator,4.0,
51013102200,2017.0,education_indicator,2.0,
51013102301,2017.0,education_indicator,5.0,
51013102302,2017.0,education_indicator,4.0,
51013102400,2017.0,education_indicator,5.0,
51013102500,2017.0,education_indicator,5.0,
51013102600,2017.0,education_indicator,3.0,
51013102701,2017.0,education_indicator,2.0,
51013102702,2017.0,education_indicator,4.0,
51013102801,2017.0,education_indicator,4.0,
51013102802,2017.0,education_indicator,5.0,
51013102901,2017.0,education_indicator,5.0,
51013102902,2017.0,education_indicator,5.0,
51013103000,2017.0,education_indicator,5.0,
51013103100,2017.0,education_indicator,3.0,
51013103200,2017.0,education_indicator,5.0,
51013103300,2017.0,education_indicator,5.0,
51013103401,2017.0,education_indicator,3.0,
51013103402,2017.0,education_indicator,5.0,
51013103501,2017.0,education_indicator,5.0,
51013103502,2017.0,education_indicator,5.0,
51013103503,2017.0,education_indicator,5.0,
51013103601,2017.0,education_indicator,5.0,
51013103602,2017.0,education_indicator,5.0,
51013103700,2017.0,education_indicator,5.0,
51013103800,2017.0,education_indicator,5.0,
51013980100,2017.0,education_indicator,1.0,
51013980200,2017.0,education_indicator,2.0,
51015070100,2017.0,education_indicator,1.0,
51015070200,2017.0,education_indicator,1.0,
51015070300,2017.0,education_indicator,3.0,
51015070400,2017.0,education_indicator,1.0,
51015070500,2017.0,education_indicator,2.0,
51015070600,2017.0,education_indicator,3.0,
51015070700,2017.0,education_indicator,2.0,
51015070800,2017.0,education_indicator,2.0,
51015070900,2017.0,education_indicator,2.0,
51015071000,2017.0,education_indicator,2.0,
51015071101,2017.0,education_indicator,2.0,
51015071102,2017.0,education_indicator,2.0,
51015071200,2017.0,education_indicator,2.0,
51017920100,2017.0,education_indicator,2.0,
51019030101,2017.0,education_indicator,4.0,
51019030103,2017.0,education_indicator,4.0,
51019030104,2017.0,education_indicator,4.0,
51019030201,2017.0,education_indicator,4.0,
51019030202,2017.0,education_indicator,2.0,
51019030300,2017.0,education_indicator,2.0,
51019030401,2017.0,education_indicator,2.0,
51019030402,2017.0,education_indicator,1.0,
51019030501,2017.0,education_indicator,1.0,
51019030503,2017.0,education_indicator,3.0,
51019030504,2017.0,education_indicator,2.0,
51019030601,2017.0,education_indicator,2.0,
51019030602,2017.0,education_indicator,2.0,
51019030603,2017.0,education_indicator,1.0,
51019030604,2017.0,education_indicator,1.0,
51019030605,2017.0,education_indicator,2.0,
51019050100,2017.0,education_indicator,2.0,
51021040100,2017.0,education_indicator,1.0,
51021040200,2017.0,education_indicator,2.0,
51023040100,2017.0,education_indicator,2.0,
51023040200,2017.0,education_indicator,2.0,
51023040301,2017.0,education_indicator,3.0,
51023040302,2017.0,education_indicator,4.0,
51023040401,2017.0,education_indicator,2.0,
51023040402,2017.0,education_indicator,3.0,
51023040501,2017.0,education_indicator,3.0,
51023040502,2017.0,education_indicator,2.0,
51025930100,2017.0,education_indicator,1.0,
51025930201,2017.0,education_indicator,2.0,
51025930202,2017.0,education_indicator,1.0,
51025930203,2017.0,education_indicator,1.0,
51025930300,2017.0,education_indicator,1.0,
51027010100,2017.0,education_indicator,1.0,
51027010200,2017.0,education_indicator,1.0,
51027010300,2017.0,education_indicator,1.0,
51027010400,2017.0,education_indicator,1.0,
51027010500,2017.0,education_indicator,1.0,
51027010600,2017.0,education_indicator,1.0,
51027010700,2017.0,education_indicator,1.0,
51029930101,2017.0,education_indicator,2.0,
51029930102,2017.0,education_indicator,1.0,
51029930201,2017.0,education_indicator,1.0,
51029930202,2017.0,education_indicator,1.0,
51031020101,2017.0,education_indicator,2.0,
51031020102,2017.0,education_indicator,2.0,
51031020200,2017.0,education_indicator,2.0,
51031020300,2017.0,education_indicator,3.0,
51031020401,2017.0,education_indicator,2.0,
51031020402,2017.0,education_indicator,3.0,
51031020403,2017.0,education_indicator,3.0,
51031020500,2017.0,education_indicator,2.0,
51031020600,2017.0,education_indicator,1.0,
51031020700,2017.0,education_indicator,1.0,
51031020800,2017.0,education_indicator,1.0,
51031020900,2017.0,education_indicator,1.0,
51033030100,2017.0,education_indicator,2.0,
51033030201,2017.0,education_indicator,2.0,
51033030202,2017.0,education_indicator,1.0,
51033030300,2017.0,education_indicator,1.0,
51033030400,2017.0,education_indicator,1.0,
51033030500,2017.0,education_indicator,2.0,
51033030600,2017.0,education_indicator,1.0,
51035080100,2017.0,education_indicator,1.0,
51035080200,2017.0,education_indicator,1.0,
51035080300,2017.0,education_indicator,1.0,
51035080400,2017.0,education_indicator,1.0,
51035080500,2017.0,education_indicator,1.0,
51035080601,2017.0,education_indicator,3.0,
51035080602,2017.0,education_indicator,1.0,
51036600100,2017.0,education_indicator,1.0,
51036600200,2017.0,education_indicator,1.0,
51036600300,2017.0,education_indicator,1.0,
51037930100,2017.0,education_indicator,2.0,
51037930200,2017.0,education_indicator,1.0,
51037930300,2017.0,education_indicator,1.0,
51041100106,2017.0,education_indicator,4.0,
51041100107,2017.0,education_indicator,2.0,
51041100205,2017.0,education_indicator,1.0,
51041100206,2017.0,education_indicator,3.0,
51041100208,2017.0,education_indicator,5.0,
51041100209,2017.0,education_indicator,4.0,
51041100210,2017.0,education_indicator,1.0,
51041100300,2017.0,education_indicator,1.0,
51041100403,2017.0,education_indicator,4.0,
51041100404,2017.0,education_indicator,1.0,
51041100405,2017.0,education_indicator,1.0,
51041100406,2017.0,education_indicator,1.0,
51041100407,2017.0,education_indicator,1.0,
51041100409,2017.0,education_indicator,2.0,
51041100410,2017.0,education_indicator,3.0,
51041100505,2017.0,education_indicator,3.0,
51041100506,2017.0,education_indicator,3.0,
51041100507,2017.0,education_indicator,4.0,
51041100508,2017.0,education_indicator,2.0,
51041100509,2017.0,education_indicator,4.0,
51041100510,2017.0,education_indicator,3.0,
51041100600,2017.0,education_indicator,3.0,
51041100701,2017.0,education_indicator,2.0,
51041100702,2017.0,education_indicator,3.0,
51041100703,2017.0,education_indicator,3.0,
51041100804,2017.0,education_indicator,3.0,
51041100805,2017.0,education_indicator,2.0,
51041100806,2017.0,education_indicator,2.0,
51041100807,2017.0,education_indicator,2.0,
51041100812,2017.0,education_indicator,3.0,
51041100814,2017.0,education_indicator,1.0,
51041100815,2017.0,education_indicator,3.0,
51041100816,2017.0,education_indicator,2.0,
51041100817,2017.0,education_indicator,2.0,
51041100818,2017.0,education_indicator,3.0,
51041100819,2017.0,education_indicator,3.0,
51041100820,2017.0,education_indicator,2.0,
51041100821,2017.0,education_indicator,4.0,
51041100822,2017.0,education_indicator,4.0,
51041100823,2017.0,education_indicator,4.0,
51041100902,2017.0,education_indicator,5.0,
51041100907,2017.0,education_indicator,3.0,
51041100910,2017.0,education_indicator,3.0,
51041100912,2017.0,education_indicator,4.0,
51041100915,2017.0,education_indicator,3.0,
51041100919,2017.0,education_indicator,3.0,
51041100920,2017.0,education_indicator,4.0,
51041100921,2017.0,education_indicator,3.0,
51041100922,2017.0,education_indicator,3.0,
51041100923,2017.0,education_indicator,4.0,
51041100924,2017.0,education_indicator,5.0,
51041100926,2017.0,education_indicator,5.0,
51041100927,2017.0,education_indicator,4.0,
51041100928,2017.0,education_indicator,4.0,
51041100929,2017.0,education_indicator,5.0,
51041100930,2017.0,education_indicator,5.0,
51041100931,2017.0,education_indicator,5.0,
51041100932,2017.0,education_indicator,4.0,
51041100933,2017.0,education_indicator,4.0,
51041100934,2017.0,education_indicator,2.0,
51041100935,2017.0,education_indicator,5.0,
51041100936,2017.0,education_indicator,5.0,
51041101003,2017.0,education_indicator,4.0,
51041101004,2017.0,education_indicator,3.0,
51041101007,2017.0,education_indicator,5.0,
51041101008,2017.0,education_indicator,5.0,
51041101009,2017.0,education_indicator,4.0,
51041101010,2017.0,education_indicator,4.0,
51041101011,2017.0,education_indicator,4.0,
51041101012,2017.0,education_indicator,4.0,
51041101013,2017.0,education_indicator,4.0,
51043010100,2017.0,education_indicator,3.0,
51043010200,2017.0,education_indicator,3.0,
51043010300,2017.0,education_indicator,3.0,
51045050100,2017.0,education_indicator,2.0,
51047930101,2017.0,education_indicator,1.0,
51047930102,2017.0,education_indicator,3.0,
51047930201,2017.0,education_indicator,3.0,
51047930202,2017.0,education_indicator,2.0,
51047930300,2017.0,education_indicator,1.0,
51047930400,2017.0,education_indicator,2.0,
51047930501,2017.0,education_indicator,2.0,
51047930502,2017.0,education_indicator,2.0,
51049930100,2017.0,education_indicator,1.0,
51049930200,2017.0,education_indicator,2.0,
51051040100,2017.0,education_indicator,1.0,
51051040200,2017.0,education_indicator,1.0,
51051040300,2017.0,education_indicator,1.0,
51051040400,2017.0,education_indicator,1.0,
51053840100,2017.0,education_indicator,1.0,
51053840200,2017.0,education_indicator,2.0,
51053840300,2017.0,education_indicator,2.0,
51053840400,2017.0,education_indicator,1.0,
51053840500,2017.0,education_indicator,2.0,
51053840600,2017.0,education_indicator,1.0,
51057950600,2017.0,education_indicator,2.0,
51057950700,2017.0,education_indicator,1.0,
51057950800,2017.0,education_indicator,1.0,
51059415100,2017.0,education_indicator,4.0,
51059415200,2017.0,education_indicator,5.0,
51059415300,2017.0,education_indicator,3.0,
51059415401,2017.0,education_indicator,3.0,
51059415402,2017.0,education_indicator,5.0,
51059415500,2017.0,education_indicator,4.0,
51059415600,2017.0,education_indicator,5.0,
51059415700,2017.0,education_indicator,5.0,
51059415800,2017.0,education_indicator,5.0,
51059415900,2017.0,education_indicator,5.0,
51059416000,2017.0,education_indicator,4.0,
51059416100,2017.0,education_indicator,5.0,
51059416200,2017.0,education_indicator,4.0,
51059416300,2017.0,education_indicator,5.0,
51059420100,2017.0,education_indicator,3.0,
51059420201,2017.0,education_indicator,5.0,
51059420202,2017.0,education_indicator,5.0,
51059420203,2017.0,education_indicator,5.0,
51059420300,2017.0,education_indicator,3.0,
51059420400,2017.0,education_indicator,5.0,
51059420501,2017.0,education_indicator,5.0,
51059420502,2017.0,education_indicator,5.0,
51059420503,2017.0,education_indicator,4.0,
51059420600,2017.0,education_indicator,3.0,
51059420700,2017.0,education_indicator,4.0,
51059420800,2017.0,education_indicator,4.0,
51059421001,2017.0,education_indicator,4.0,
51059421002,2017.0,education_indicator,4.0,
51059421101,2017.0,education_indicator,4.0,
51059421102,2017.0,education_indicator,5.0,
51059421103,2017.0,education_indicator,5.0,
51059421200,2017.0,education_indicator,5.0,
51059421300,2017.0,education_indicator,5.0,
51059421400,2017.0,education_indicator,1.0,
51059421500,2017.0,education_indicator,2.0,
51059421600,2017.0,education_indicator,1.0,
51059421701,2017.0,education_indicator,1.0,
51059421702,2017.0,education_indicator,2.0,
51059421800,2017.0,education_indicator,2.0,
51059421900,2017.0,education_indicator,4.0,
51059422000,2017.0,education_indicator,4.0,
51059422101,2017.0,education_indicator,4.0,
51059422102,2017.0,education_indicator,4.0,
51059422201,2017.0,education_indicator,5.0,
51059422202,2017.0,education_indicator,5.0,
51059422301,2017.0,education_indicator,5.0,
51059422302,2017.0,education_indicator,4.0,
51059422401,2017.0,education_indicator,5.0,
51059422402,2017.0,education_indicator,5.0,
51059422403,2017.0,education_indicator,5.0,
51059430101,2017.0,education_indicator,5.0,
51059430102,2017.0,education_indicator,4.0,
51059430201,2017.0,education_indicator,5.0,
51059430202,2017.0,education_indicator,4.0,
51059430203,2017.0,education_indicator,5.0,
51059430400,2017.0,education_indicator,4.0,
51059430500,2017.0,education_indicator,4.0,
51059430600,2017.0,education_indicator,1.0,
51059430700,2017.0,education_indicator,4.0,
51059430801,2017.0,education_indicator,5.0,
51059430802,2017.0,education_indicator,5.0,
51059430901,2017.0,education_indicator,4.0,
51059430902,2017.0,education_indicator,4.0,
51059431001,2017.0,education_indicator,4.0,
51059431002,2017.0,education_indicator,5.0,
51059431300,2017.0,education_indicator,5.0,
51059431400,2017.0,education_indicator,4.0,
51059431500,2017.0,education_indicator,5.0,
51059431600,2017.0,education_indicator,4.0,
51059431801,2017.0,education_indicator,5.0,
51059431802,2017.0,education_indicator,5.0,
51059431900,2017.0,education_indicator,5.0,
51059432000,2017.0,education_indicator,5.0,
51059432100,2017.0,education_indicator,5.0,
51059432201,2017.0,education_indicator,4.0,
51059432202,2017.0,education_indicator,4.0,
51059432300,2017.0,education_indicator,5.0,
51059432401,2017.0,education_indicator,5.0,
51059432402,2017.0,education_indicator,5.0,
51059432500,2017.0,education_indicator,5.0,
51059432600,2017.0,education_indicator,5.0,
51059432701,2017.0,education_indicator,5.0,
51059432702,2017.0,education_indicator,4.0,
51059432800,2017.0,education_indicator,4.0,
51059440100,2017.0,education_indicator,5.0,
51059440201,2017.0,education_indicator,4.0,
51059440202,2017.0,education_indicator,4.0,
51059440300,2017.0,education_indicator,5.0,
51059440501,2017.0,education_indicator,5.0,
51059440502,2017.0,education_indicator,4.0,
51059440600,2017.0,education_indicator,4.0,
51059440701,2017.0,education_indicator,5.0,
51059440702,2017.0,education_indicator,5.0,
51059440800,2017.0,education_indicator,5.0,
51059450100,2017.0,education_indicator,4.0,
51059450200,2017.0,education_indicator,2.0,
51059450300,2017.0,education_indicator,3.0,
51059450400,2017.0,education_indicator,4.0,
51059450500,2017.0,education_indicator,3.0,
51059450601,2017.0,education_indicator,4.0,
51059450602,2017.0,education_indicator,4.0,
51059450701,2017.0,education_indicator,4.0,
51059450702,2017.0,education_indicator,2.0,
51059450800,2017.0,education_indicator,3.0,
51059450900,2017.0,education_indicator,4.0,
51059451000,2017.0,education_indicator,4.0,
51059451100,2017.0,education_indicator,5.0,
51059451200,2017.0,education_indicator,5.0,
51059451300,2017.0,education_indicator,5.0,
51059451400,2017.0,education_indicator,1.0,
51059451501,2017.0,education_indicator,3.0,
51059451502,2017.0,education_indicator,3.0,
51059451601,2017.0,education_indicator,1.0,
51059451602,2017.0,education_indicator,4.0,
51059451800,2017.0,education_indicator,4.0,
51059451900,2017.0,education_indicator,4.0,
51059452000,2017.0,education_indicator,4.0,
51059452101,2017.0,education_indicator,4.0,
51059452102,2017.0,education_indicator,3.0,
51059452200,2017.0,education_indicator,2.0,
51059452301,2017.0,education_indicator,1.0,
51059452302,2017.0,education_indicator,3.0,
51059452400,2017.0,education_indicator,3.0,
51059452501,2017.0,education_indicator,4.0,
51059452502,2017.0,education_indicator,2.0,
51059452600,2017.0,education_indicator,3.0,
51059452700,2017.0,education_indicator,2.0,
51059452801,2017.0,education_indicator,4.0,
51059452802,2017.0,education_indicator,4.0,
51059460100,2017.0,education_indicator,5.0,
51059460200,2017.0,education_indicator,5.0,
51059460300,2017.0,education_indicator,5.0,
51059460400,2017.0,education_indicator,5.0,
51059460501,2017.0,education_indicator,5.0,
51059460502,2017.0,education_indicator,5.0,
51059460600,2017.0,education_indicator,5.0,
51059460701,2017.0,education_indicator,3.0,
51059460702,2017.0,education_indicator,5.0,
51059460800,2017.0,education_indicator,5.0,
51059460900,2017.0,education_indicator,5.0,
51059461000,2017.0,education_indicator,5.0,
51059461100,2017.0,education_indicator,5.0,
51059461201,2017.0,education_indicator,5.0,
51059461202,2017.0,education_indicator,5.0,
51059461500,2017.0,education_indicator,5.0,
51059461601,2017.0,education_indicator,5.0,
51059461602,2017.0,education_indicator,5.0,
51059461700,2017.0,education_indicator,5.0,
51059461801,2017.0,education_indicator,4.0,
51059461802,2017.0,education_indicator,5.0,
51059461901,2017.0,education_indicator,4.0,
51059461902,2017.0,education_indicator,3.0,
51059470100,2017.0,education_indicator,5.0,
51059470300,2017.0,education_indicator,5.0,
51059470400,2017.0,education_indicator,5.0,
51059470500,2017.0,education_indicator,5.0,
51059470600,2017.0,education_indicator,5.0,
51059470700,2017.0,education_indicator,5.0,
51059470800,2017.0,education_indicator,5.0,
51059470900,2017.0,education_indicator,5.0,
51059471000,2017.0,education_indicator,5.0,
51059471100,2017.0,education_indicator,4.0,
51059471201,2017.0,education_indicator,5.0,
51059471202,2017.0,education_indicator,5.0,
51059471301,2017.0,education_indicator,4.0,
51059471303,2017.0,education_indicator,5.0,
51059471304,2017.0,education_indicator,5.0,
51059471401,2017.0,education_indicator,4.0,
51059471402,2017.0,education_indicator,2.0,
51059480100,2017.0,education_indicator,5.0,
51059480201,2017.0,education_indicator,5.0,
51059480202,2017.0,education_indicator,5.0,
51059480203,2017.0,education_indicator,5.0,
51059480300,2017.0,education_indicator,5.0,
51059480401,2017.0,education_indicator,5.0,
51059480402,2017.0,education_indicator,5.0,
51059480501,2017.0,education_indicator,5.0,
51059480502,2017.0,education_indicator,5.0,
51059480503,2017.0,education_indicator,5.0,
51059480504,2017.0,education_indicator,5.0,
51059480505,2017.0,education_indicator,5.0,
51059480801,2017.0,education_indicator,3.0,
51059480802,2017.0,education_indicator,4.0,
51059480901,2017.0,education_indicator,2.0,
51059480902,2017.0,education_indicator,3.0,
51059480903,2017.0,education_indicator,4.0,
51059481000,2017.0,education_indicator,3.0,
51059481101,2017.0,education_indicator,5.0,
51059481102,2017.0,education_indicator,5.0,
51059481103,2017.0,education_indicator,5.0,
51059481104,2017.0,education_indicator,5.0,
51059481105,2017.0,education_indicator,5.0,
51059481106,2017.0,education_indicator,5.0,
51059481201,2017.0,education_indicator,5.0,
51059481202,2017.0,education_indicator,3.0,
51059481400,2017.0,education_indicator,5.0,
51059481500,2017.0,education_indicator,5.0,
51059481600,2017.0,education_indicator,5.0,
51059481701,2017.0,education_indicator,5.0,
51059481702,2017.0,education_indicator,5.0,
51059481900,2017.0,education_indicator,5.0,
51059482001,2017.0,education_indicator,5.0,
51059482002,2017.0,education_indicator,5.0,
51059482100,2017.0,education_indicator,4.0,
51059482201,2017.0,education_indicator,5.0,
51059482202,2017.0,education_indicator,5.0,
51059482203,2017.0,education_indicator,5.0,
51059482301,2017.0,education_indicator,5.0,
51059482302,2017.0,education_indicator,4.0,
51059482303,2017.0,education_indicator,5.0,
51059482400,2017.0,education_indicator,5.0,
51059482501,2017.0,education_indicator,5.0,
51059482502,2017.0,education_indicator,5.0,
51059482503,2017.0,education_indicator,5.0,
51059482504,2017.0,education_indicator,5.0,
51059482601,2017.0,education_indicator,5.0,
51059482602,2017.0,education_indicator,5.0,
51059490101,2017.0,education_indicator,4.0,
51059490103,2017.0,education_indicator,4.0,
51059490501,2017.0,education_indicator,4.0,
51059490502,2017.0,education_indicator,5.0,
51059491000,2017.0,education_indicator,5.0,
51059491101,2017.0,education_indicator,5.0,
51059491102,2017.0,education_indicator,4.0,
51059491103,2017.0,education_indicator,4.0,
51059491201,2017.0,education_indicator,4.0,
51059491202,2017.0,education_indicator,5.0,
51059491301,2017.0,education_indicator,4.0,
51059491302,2017.0,education_indicator,4.0,
51059491303,2017.0,education_indicator,3.0,
51059491401,2017.0,education_indicator,5.0,
51059491402,2017.0,education_indicator,4.0,
51059491403,2017.0,education_indicator,5.0,
51059491404,2017.0,education_indicator,5.0,
51059491405,2017.0,education_indicator,5.0,
51059491501,2017.0,education_indicator,5.0,
51059491502,2017.0,education_indicator,5.0,
51059491601,2017.0,education_indicator,4.0,
51059491602,2017.0,education_indicator,3.0,
51059491701,2017.0,education_indicator,5.0,
51059491702,2017.0,education_indicator,4.0,
51059491703,2017.0,education_indicator,5.0,
51059491704,2017.0,education_indicator,5.0,
51059491705,2017.0,education_indicator,4.0,
51059491801,2017.0,education_indicator,5.0,
51059491802,2017.0,education_indicator,5.0,
51059491803,2017.0,education_indicator,5.0,
51059492000,2017.0,education_indicator,5.0,
51059492100,2017.0,education_indicator,5.0,
51059492201,2017.0,education_indicator,5.0,
51059492202,2017.0,education_indicator,5.0,
51059492203,2017.0,education_indicator,5.0,
51059492300,2017.0,education_indicator,4.0,
51059492400,2017.0,education_indicator,4.0,
51059492500,2017.0,education_indicator,5.0,
51059980100,2017.0,education_indicator,1.0,
51059980300,2017.0,education_indicator,1.0,
51061930100,2017.0,education_indicator,3.0,
51061930203,2017.0,education_indicator,4.0,
51061930204,2017.0,education_indicator,4.0,
51061930205,2017.0,education_indicator,3.0,
51061930206,2017.0,education_indicator,3.0,
51061930207,2017.0,education_indicator,3.0,
51061930302,2017.0,education_indicator,4.0,
51061930303,2017.0,education_indicator,3.0,
51061930304,2017.0,education_indicator,4.0,
51061930401,2017.0,education_indicator,4.0,
51061930402,2017.0,education_indicator,4.0,
51061930403,2017.0,education_indicator,4.0,
51061930703,2017.0,education_indicator,3.0,
51061930704,2017.0,education_indicator,3.0,
51061930705,2017.0,education_indicator,3.0,
51061930706,2017.0,education_indicator,2.0,
51061930707,2017.0,education_indicator,2.0,
51063920101,2017.0,education_indicator,2.0,
51063920102,2017.0,education_indicator,2.0,
51063920200,2017.0,education_indicator,1.0,
51065020101,2017.0,education_indicator,2.0,
51065020102,2017.0,education_indicator,4.0,
51065020200,2017.0,education_indicator,2.0,
51065020300,2017.0,education_indicator,2.0,
51067020101,2017.0,education_indicator,4.0,
51067020102,2017.0,education_indicator,3.0,
51067020200,2017.0,education_indicator,1.0,
51067020300,2017.0,education_indicator,3.0,
51067020400,2017.0,education_indicator,1.0,
51067020500,2017.0,education_indicator,2.0,
51067020600,2017.0,education_indicator,1.0,
51067020700,2017.0,education_indicator,1.0,
51067020800,2017.0,education_indicator,1.0,
51067020900,2017.0,education_indicator,1.0,
51069050100,2017.0,education_indicator,2.0,
51069050200,2017.0,education_indicator,3.0,
51069050300,2017.0,education_indicator,3.0,
51069050400,2017.0,education_indicator,3.0,
51069050500,2017.0,education_indicator,2.0,
51069050600,2017.0,education_indicator,3.0,
51069050700,2017.0,education_indicator,2.0,
51069050801,2017.0,education_indicator,2.0,
51069050802,2017.0,education_indicator,4.0,
51069050803,2017.0,education_indicator,4.0,
51069050900,2017.0,education_indicator,3.0,
51069051000,2017.0,education_indicator,3.0,
51069051101,2017.0,education_indicator,4.0,
51069051102,2017.0,education_indicator,1.0,
51071930100,2017.0,education_indicator,3.0,
51071930200,2017.0,education_indicator,2.0,
51071930300,2017.0,education_indicator,2.0,
51071930400,2017.0,education_indicator,1.0,
51073100100,2017.0,education_indicator,3.0,
51073100201,2017.0,education_indicator,3.0,
51073100202,2017.0,education_indicator,3.0,
51073100203,2017.0,education_indicator,3.0,
51073100301,2017.0,education_indicator,3.0,
51073100302,2017.0,education_indicator,2.0,
51073100400,2017.0,education_indicator,2.0,
51073100500,2017.0,education_indicator,2.0,
51075400100,2017.0,education_indicator,5.0,
51075400200,2017.0,education_indicator,4.0,
51075400300,2017.0,education_indicator,1.0,
51075400400,2017.0,education_indicator,3.0,
51075400500,2017.0,education_indicator,3.0,
51077060101,2017.0,education_indicator,1.0,
51077060102,2017.0,education_indicator,1.0,
51077060201,2017.0,education_indicator,2.0,
51077060202,2017.0,education_indicator,1.0,
51077060300,2017.0,education_indicator,1.0,
51079030101,2017.0,education_indicator,2.0,
51079030102,2017.0,education_indicator,2.0,
51079030200,2017.0,education_indicator,3.0,
51081880101,2017.0,education_indicator,1.0,
51081880102,2017.0,education_indicator,1.0,
51081880200,2017.0,education_indicator,1.0,
51083930100,2017.0,education_indicator,1.0,
51083930201,2017.0,education_indicator,1.0,
51083930202,2017.0,education_indicator,1.0,
51083930301,2017.0,education_indicator,1.0,
51083930302,2017.0,education_indicator,2.0,
51083930400,2017.0,education_indicator,2.0,
51083930500,2017.0,education_indicator,2.0,
51083930600,2017.0,education_indicator,1.0,
51083930800,2017.0,education_indicator,3.0,
51085320100,2017.0,education_indicator,3.0,
51085320200,2017.0,education_indicator,3.0,
51085320300,2017.0,education_indicator,4.0,
51085320400,2017.0,education_indicator,3.0,
51085320500,2017.0,education_indicator,4.0,
51085320601,2017.0,education_indicator,3.0,
51085320602,2017.0,education_indicator,3.0,
51085320701,2017.0,education_indicator,4.0,
51085320702,2017.0,education_indicator,4.0,
51085320801,2017.0,education_indicator,4.0,
51085320803,2017.0,education_indicator,5.0,
51085320804,2017.0,education_indicator,4.0,
51085320805,2017.0,education_indicator,4.0,
51085320900,2017.0,education_indicator,4.0,
51085321001,2017.0,education_indicator,3.0,
51085321002,2017.0,education_indicator,4.0,
51085321100,2017.0,education_indicator,3.0,
51085321201,2017.0,education_indicator,3.0,
51085321202,2017.0,education_indicator,3.0,
51085321300,2017.0,education_indicator,3.0,
51085321401,2017.0,education_indicator,3.0,
51085321402,2017.0,education_indicator,3.0,
51085321403,2017.0,education_indicator,3.0,
51087200104,2017.0,education_indicator,4.0,
51087200105,2017.0,education_indicator,2.0,
51087200106,2017.0,education_indicator,3.0,
51087200107,2017.0,education_indicator,5.0,
51087200108,2017.0,education_indicator,5.0,
51087200109,2017.0,education_indicator,5.0,
51087200112,2017.0,education_indicator,4.0,
51087200116,2017.0,education_indicator,4.0,
51087200119,2017.0,education_indicator,5.0,
51087200120,2017.0,education_indicator,5.0,
51087200121,2017.0,education_indicator,5.0,
51087200122,2017.0,education_indicator,5.0,
51087200123,2017.0,education_indicator,3.0,
51087200124,2017.0,education_indicator,5.0,
51087200125,2017.0,education_indicator,5.0,
51087200126,2017.0,education_indicator,5.0,
51087200127,2017.0,education_indicator,4.0,
51087200128,2017.0,education_indicator,5.0,
51087200129,2017.0,education_indicator,5.0,
51087200130,2017.0,education_indicator,5.0,
51087200201,2017.0,education_indicator,4.0,
51087200202,2017.0,education_indicator,5.0,
51087200301,2017.0,education_indicator,4.0,
51087200302,2017.0,education_indicator,4.0,
51087200303,2017.0,education_indicator,4.0,
51087200305,2017.0,education_indicator,3.0,
51087200404,2017.0,education_indicator,3.0,
51087200406,2017.0,education_indicator,4.0,
51087200407,2017.0,education_indicator,2.0,
51087200409,2017.0,education_indicator,2.0,
51087200410,2017.0,education_indicator,1.0,
51087200411,2017.0,education_indicator,3.0,
51087200412,2017.0,education_indicator,1.0,
51087200413,2017.0,education_indicator,4.0,
51087200414,2017.0,education_indicator,4.0,
51087200501,2017.0,education_indicator,1.0,
51087200502,2017.0,education_indicator,3.0,
51087200503,2017.0,education_indicator,3.0,
51087200600,2017.0,education_indicator,3.0,
51087200700,2017.0,education_indicator,3.0,
51087200801,2017.0,education_indicator,3.0,
51087200802,2017.0,education_indicator,3.0,
51087200804,2017.0,education_indicator,1.0,
51087200805,2017.0,education_indicator,1.0,
51087200903,2017.0,education_indicator,3.0,
51087200904,2017.0,education_indicator,4.0,
51087200905,2017.0,education_indicator,4.0,
51087200906,2017.0,education_indicator,3.0,
51087201001,2017.0,education_indicator,3.0,
51087201002,2017.0,education_indicator,2.0,
51087201003,2017.0,education_indicator,2.0,
51087201101,2017.0,education_indicator,1.0,
51087201102,2017.0,education_indicator,2.0,
51087201201,2017.0,education_indicator,2.0,
51087201202,2017.0,education_indicator,1.0,
51087201401,2017.0,education_indicator,2.0,
51087201403,2017.0,education_indicator,2.0,
51087201404,2017.0,education_indicator,2.0,
51087201501,2017.0,education_indicator,3.0,
51087201502,2017.0,education_indicator,3.0,
51087201601,2017.0,education_indicator,3.0,
51087201602,2017.0,education_indicator,3.0,
51087201701,2017.0,education_indicator,2.0,
51089010100,2017.0,education_indicator,2.0,
51089010200,2017.0,education_indicator,2.0,
51089010300,2017.0,education_indicator,2.0,
51089010400,2017.0,education_indicator,1.0,
51089010500,2017.0,education_indicator,1.0,
51089010601,2017.0,education_indicator,2.0,
51089010602,2017.0,education_indicator,2.0,
51089010700,2017.0,education_indicator,2.0,
51089010800,2017.0,education_indicator,1.0,
51089010900,2017.0,education_indicator,1.0,
51089011000,2017.0,education_indicator,1.0,
51089011100,2017.0,education_indicator,1.0,
51089011200,2017.0,education_indicator,1.0,
51089011300,2017.0,education_indicator,1.0,
51091970100,2017.0,education_indicator,2.0,
51093280101,2017.0,education_indicator,3.0,
51093280103,2017.0,education_indicator,3.0,
51093280104,2017.0,education_indicator,4.0,
51093280105,2017.0,education_indicator,2.0,
51093280106,2017.0,education_indicator,4.0,
51093280200,2017.0,education_indicator,2.0,
51093280300,2017.0,education_indicator,1.0,
51093280400,2017.0,education_indicator,1.0,
51095080101,2017.0,education_indicator,5.0,
51095080102,2017.0,education_indicator,1.0,
51095080202,2017.0,education_indicator,4.0,
51095080203,2017.0,education_indicator,5.0,
51095080205,2017.0,education_indicator,3.0,
51095080206,2017.0,education_indicator,5.0,
51095080301,2017.0,education_indicator,3.0,
51095080303,2017.0,education_indicator,5.0,
51095080304,2017.0,education_indicator,5.0,
51095080401,2017.0,education_indicator,4.0,
51095080402,2017.0,education_indicator,4.0,
51097950400,2017.0,education_indicator,1.0,
51097950500,2017.0,education_indicator,2.0,
51099040100,2017.0,education_indicator,4.0,
51099040200,2017.0,education_indicator,3.0,
51099040300,2017.0,education_indicator,3.0,
51099040400,2017.0,education_indicator,4.0,
51099040500,2017.0,education_indicator,2.0,
51101950101,2017.0,education_indicator,2.0,
51101950102,2017.0,education_indicator,2.0,
51101950200,2017.0,education_indicator,2.0,
51101950300,2017.0,education_indicator,3.0,
51103030100,2017.0,education_indicator,2.0,
51103030200,2017.0,education_indicator,3.0,
51103030300,2017.0,education_indicator,4.0,
51105950100,2017.0,education_indicator,1.0,
51105950200,2017.0,education_indicator,2.0,
51105950300,2017.0,education_indicator,1.0,
51105950400,2017.0,education_indicator,1.0,
51105950500,2017.0,education_indicator,1.0,
51105950600,2017.0,education_indicator,1.0,
51107610101,2017.0,education_indicator,4.0,
51107610102,2017.0,education_indicator,4.0,
51107610201,2017.0,education_indicator,4.0,
51107610202,2017.0,education_indicator,5.0,
51107610300,2017.0,education_indicator,4.0,
51107610400,2017.0,education_indicator,4.0,
51107610503,2017.0,education_indicator,5.0,
51107610504,2017.0,education_indicator,4.0,
51107610505,2017.0,education_indicator,1.0,
51107610506,2017.0,education_indicator,3.0,
51107610507,2017.0,education_indicator,5.0,
51107610601,2017.0,education_indicator,5.0,
51107610602,2017.0,education_indicator,5.0,
51107610603,2017.0,education_indicator,3.0,
51107610604,2017.0,education_indicator,4.0,
51107610701,2017.0,education_indicator,5.0,
51107610702,2017.0,education_indicator,4.0,
51107610703,2017.0,education_indicator,4.0,
51107610800,2017.0,education_indicator,5.0,
51107610900,2017.0,education_indicator,4.0,
51107611002,2017.0,education_indicator,4.0,
51107611004,2017.0,education_indicator,5.0,
51107611005,2017.0,education_indicator,4.0,
51107611006,2017.0,education_indicator,5.0,
51107611009,2017.0,education_indicator,5.0,
51107611010,2017.0,education_indicator,4.0,
51107611011,2017.0,education_indicator,5.0,
51107611012,2017.0,education_indicator,5.0,
51107611013,2017.0,education_indicator,5.0,
51107611014,2017.0,education_indicator,5.0,
51107611015,2017.0,education_indicator,5.0,
51107611016,2017.0,education_indicator,5.0,
51107611017,2017.0,education_indicator,5.0,
51107611018,2017.0,education_indicator,4.0,
51107611019,2017.0,education_indicator,5.0,
51107611020,2017.0,education_indicator,5.0,
51107611021,2017.0,education_indicator,5.0,
51107611022,2017.0,education_indicator,5.0,
51107611023,2017.0,education_indicator,5.0,
51107611024,2017.0,education_indicator,5.0,
51107611025,2017.0,education_indicator,5.0,
51107611101,2017.0,education_indicator,4.0,
51107611102,2017.0,education_indicator,5.0,
51107611202,2017.0,education_indicator,5.0,
51107611204,2017.0,education_indicator,3.0,
51107611205,2017.0,education_indicator,4.0,
51107611206,2017.0,education_indicator,5.0,
51107611207,2017.0,education_indicator,5.0,
51107611208,2017.0,education_indicator,5.0,
51107611209,2017.0,education_indicator,5.0,
51107611300,2017.0,education_indicator,3.0,
51107611400,2017.0,education_indicator,2.0,
51107611501,2017.0,education_indicator,4.0,
51107611502,2017.0,education_indicator,3.0,
51107611601,2017.0,education_indicator,4.0,
51107611602,2017.0,education_indicator,1.0,
51107611700,2017.0,education_indicator,3.0,
51107611801,2017.0,education_indicator,4.0,
51107611802,2017.0,education_indicator,5.0,
51107611803,2017.0,education_indicator,5.0,
51107611804,2017.0,education_indicator,5.0,
51107611805,2017.0,education_indicator,5.0,
51107611806,2017.0,education_indicator,5.0,
51107611900,2017.0,education_indicator,5.0,
51107980100,2017.0,education_indicator,1.0,
51109950100,2017.0,education_indicator,2.0,
51109950201,2017.0,education_indicator,2.0,
51109950202,2017.0,education_indicator,2.0,
51109950300,2017.0,education_indicator,2.0,
51109950400,2017.0,education_indicator,2.0,
51109950500,2017.0,education_indicator,2.0,
51111930100,2017.0,education_indicator,1.0,
51111930200,2017.0,education_indicator,1.0,
51111930300,2017.0,education_indicator,1.0,
51113930100,2017.0,education_indicator,2.0,
51113930200,2017.0,education_indicator,2.0,
51115951300,2017.0,education_indicator,3.0,
51115951400,2017.0,education_indicator,3.0,
51117930101,2017.0,education_indicator,1.0,
51117930102,2017.0,education_indicator,2.0,
51117930200,2017.0,education_indicator,1.0,
51117930300,2017.0,education_indicator,1.0,
51117930400,2017.0,education_indicator,1.0,
51117930500,2017.0,education_indicator,2.0,
51117930600,2017.0,education_indicator,1.0,
51117930700,2017.0,education_indicator,2.0,
51117930800,2017.0,education_indicator,2.0,
51119950900,2017.0,education_indicator,3.0,
51119951000,2017.0,education_indicator,3.0,
51119951100,2017.0,education_indicator,2.0,
51119951200,2017.0,education_indicator,4.0,
51121020100,2017.0,education_indicator,5.0,
51121020201,2017.0,education_indicator,5.0,
51121020202,2017.0,education_indicator,3.0,
51121020300,2017.0,education_indicator,5.0,
51121020400,2017.0,education_indicator,5.0,
51121020500,2017.0,education_indicator,5.0,
51121020600,2017.0,education_indicator,5.0,
51121020700,2017.0,education_indicator,5.0,
51121020800,2017.0,education_indicator,2.0,
51121020900,2017.0,education_indicator,3.0,
51121021000,2017.0,education_indicator,4.0,
51121021100,2017.0,education_indicator,4.0,
51121021200,2017.0,education_indicator,3.0,
51121021300,2017.0,education_indicator,4.0,
51121021400,2017.0,education_indicator,1.0,
51121021500,2017.0,education_indicator,3.0,
51125950100,2017.0,education_indicator,1.0,
51125950200,2017.0,education_indicator,4.0,
51125950300,2017.0,education_indicator,1.0,
51127700100,2017.0,education_indicator,3.0,
51127700200,2017.0,education_indicator,3.0,
51127700300,2017.0,education_indicator,3.0,
51131930100,2017.0,education_indicator,1.0,
51131930200,2017.0,education_indicator,2.0,
51131930300,2017.0,education_indicator,2.0,
51133020100,2017.0,education_indicator,2.0,
51133020200,2017.0,education_indicator,2.0,
51133020300,2017.0,education_indicator,3.0,
51135000100,2017.0,education_indicator,1.0,
51135000200,2017.0,education_indicator,1.0,
51135000300,2017.0,education_indicator,1.0,
51135980100,2017.0,education_indicator,4.0,
51137110102,2017.0,education_indicator,1.0,
51137110103,2017.0,education_indicator,3.0,
51137110104,2017.0,education_indicator,3.0,
51137110200,2017.0,education_indicator,2.0,
51137110300,2017.0,education_indicator,2.0,
51139030100,2017.0,education_indicator,1.0,
51139030200,2017.0,education_indicator,1.0,
51139030300,2017.0,education_indicator,1.0,
51139030400,2017.0,education_indicator,1.0,
51139030500,2017.0,education_indicator,1.0,
51141030100,2017.0,education_indicator,1.0,
51141030200,2017.0,education_indicator,1.0,
51141030301,2017.0,education_indicator,1.0,
51141030302,2017.0,education_indicator,1.0,
51143010100,2017.0,education_indicator,1.0,
51143010200,2017.0,education_indicator,1.0,
51143010300,2017.0,education_indicator,1.0,
51143010400,2017.0,education_indicator,1.0,
51143010500,2017.0,education_indicator,2.0,
51143010600,2017.0,education_indicator,1.0,
51143010700,2017.0,education_indicator,2.0,
51143010801,2017.0,education_indicator,2.0,
51143010802,2017.0,education_indicator,2.0,
51143010900,2017.0,education_indicator,2.0,
51143011001,2017.0,education_indicator,1.0,
51143011002,2017.0,education_indicator,2.0,
51143011100,2017.0,education_indicator,2.0,
51143011200,2017.0,education_indicator,2.0,
51143011300,2017.0,education_indicator,2.0,
51143011400,2017.0,education_indicator,1.0,
51145500101,2017.0,education_indicator,4.0,
51145500102,2017.0,education_indicator,3.0,
51145500200,2017.0,education_indicator,3.0,
51145500300,2017.0,education_indicator,1.0,
51145500400,2017.0,education_indicator,2.0,
51147930100,2017.0,education_indicator,2.0,
51147930201,2017.0,education_indicator,4.0,
51147930202,2017.0,education_indicator,1.0,
51147930203,2017.0,education_indicator,2.0,
51147930300,2017.0,education_indicator,2.0,
51149850100,2017.0,education_indicator,1.0,
51149850200,2017.0,education_indicator,3.0,
51149850301,2017.0,education_indicator,2.0,
51149850302,2017.0,education_indicator,3.0,
51149850400,2017.0,education_indicator,2.0,
51149850501,2017.0,education_indicator,3.0,
51149850502,2017.0,education_indicator,2.0,
51153900100,2017.0,education_indicator,4.0,
51153900201,2017.0,education_indicator,2.0,
51153900202,2017.0,education_indicator,1.0,
51153900203,2017.0,education_indicator,1.0,
51153900300,2017.0,education_indicator,3.0,
51153900403,2017.0,education_indicator,2.0,
51153900404,2017.0,education_indicator,1.0,
51153900407,2017.0,education_indicator,2.0,
51153900408,2017.0,education_indicator,3.0,
51153900409,2017.0,education_indicator,2.0,
51153900410,2017.0,education_indicator,3.0,
51153900501,2017.0,education_indicator,1.0,
51153900502,2017.0,education_indicator,4.0,
51153900600,2017.0,education_indicator,1.0,
51153900701,2017.0,education_indicator,3.0,
51153900702,2017.0,education_indicator,2.0,
51153900801,2017.0,education_indicator,4.0,
51153900802,2017.0,education_indicator,3.0,
51153900901,2017.0,education_indicator,2.0,
51153900904,2017.0,education_indicator,3.0,
51153900905,2017.0,education_indicator,4.0,
51153901001,2017.0,education_indicator,3.0,
51153901005,2017.0,education_indicator,5.0,
51153901008,2017.0,education_indicator,3.0,
51153901009,2017.0,education_indicator,5.0,
51153901010,2017.0,education_indicator,4.0,
51153901011,2017.0,education_indicator,5.0,
51153901012,2017.0,education_indicator,4.0,
51153901100,2017.0,education_indicator,4.0,
51153901203,2017.0,education_indicator,2.0,
51153901208,2017.0,education_indicator,4.0,
51153901209,2017.0,education_indicator,3.0,
51153901211,2017.0,education_indicator,1.0,
51153901212,2017.0,education_indicator,3.0,
51153901219,2017.0,education_indicator,5.0,
51153901221,2017.0,education_indicator,5.0,
51153901222,2017.0,education_indicator,4.0,
51153901223,2017.0,education_indicator,4.0,
51153901224,2017.0,education_indicator,5.0,
51153901225,2017.0,education_indicator,4.0,
51153901226,2017.0,education_indicator,4.0,
51153901227,2017.0,education_indicator,2.0,
51153901228,2017.0,education_indicator,3.0,
51153901229,2017.0,education_indicator,4.0,
51153901230,2017.0,education_indicator,3.0,
51153901231,2017.0,education_indicator,4.0,
51153901232,2017.0,education_indicator,3.0,
51153901233,2017.0,education_indicator,4.0,
51153901234,2017.0,education_indicator,4.0,
51153901235,2017.0,education_indicator,5.0,
51153901236,2017.0,education_indicator,5.0,
51153901237,2017.0,education_indicator,4.0,
51153901303,2017.0,education_indicator,3.0,
51153901304,2017.0,education_indicator,3.0,
51153901305,2017.0,education_indicator,3.0,
51153901306,2017.0,education_indicator,4.0,
51153901403,2017.0,education_indicator,3.0,
51153901407,2017.0,education_indicator,1.0,
51153901408,2017.0,education_indicator,2.0,
51153901409,2017.0,education_indicator,4.0,
51153901410,2017.0,education_indicator,4.0,
51153901411,2017.0,education_indicator,5.0,
51153901412,2017.0,education_indicator,4.0,
51153901413,2017.0,education_indicator,5.0,
51153901414,2017.0,education_indicator,4.0,
51153901415,2017.0,education_indicator,5.0,
51153901416,2017.0,education_indicator,4.0,
51153901417,2017.0,education_indicator,3.0,
51153901503,2017.0,education_indicator,4.0,
51153901504,2017.0,education_indicator,5.0,
51153901505,2017.0,education_indicator,5.0,
51153901506,2017.0,education_indicator,4.0,
51153901507,2017.0,education_indicator,4.0,
51153901508,2017.0,education_indicator,4.0,
51153901509,2017.0,education_indicator,4.0,
51153901510,2017.0,education_indicator,5.0,
51153901511,2017.0,education_indicator,5.0,
51153901601,2017.0,education_indicator,2.0,
51153901602,2017.0,education_indicator,3.0,
51153901701,2017.0,education_indicator,1.0,
51153901702,2017.0,education_indicator,1.0,
51153901900,2017.0,education_indicator,2.0,
51155210100,2017.0,education_indicator,2.0,
51155210201,2017.0,education_indicator,1.0,
51155210202,2017.0,education_indicator,2.0,
51155210300,2017.0,education_indicator,2.0,
51155210400,2017.0,education_indicator,1.0,
51155210500,2017.0,education_indicator,2.0,
51155210600,2017.0,education_indicator,2.0,
51155210700,2017.0,education_indicator,2.0,
51157950100,2017.0,education_indicator,3.0,
51157950200,2017.0,education_indicator,3.0,
51159040100,2017.0,education_indicator,2.0,
51159040200,2017.0,education_indicator,1.0,
51161030100,2017.0,education_indicator,3.0,
51161030201,2017.0,education_indicator,3.0,
51161030203,2017.0,education_indicator,2.0,
51161030204,2017.0,education_indicator,2.0,
51161030205,2017.0,education_indicator,3.0,
51161030300,2017.0,education_indicator,2.0,
51161030500,2017.0,education_indicator,4.0,
51161030600,2017.0,education_indicator,4.0,
51161030701,2017.0,education_indicator,4.0,
51161030702,2017.0,education_indicator,4.0,
51161030801,2017.0,education_indicator,4.0,
51161030802,2017.0,education_indicator,4.0,
51161030900,2017.0,education_indicator,4.0,
51161031000,2017.0,education_indicator,2.0,
51161031101,2017.0,education_indicator,2.0,
51161031102,2017.0,education_indicator,2.0,
51161031201,2017.0,education_indicator,3.0,
51161031202,2017.0,education_indicator,4.0,
51163930100,2017.0,education_indicator,2.0,
51163930200,2017.0,education_indicator,3.0,
51163930300,2017.0,education_indicator,3.0,
51163930400,2017.0,education_indicator,1.0,
51165010100,2017.0,education_indicator,1.0,
51165010200,2017.0,education_indicator,1.0,
51165010300,2017.0,education_indicator,3.0,
51165010400,2017.0,education_indicator,2.0,
51165010500,2017.0,education_indicator,1.0,
51165010600,2017.0,education_indicator,2.0,
51165010700,2017.0,education_indicator,2.0,
51165010800,2017.0,education_indicator,1.0,
51165010900,2017.0,education_indicator,1.0,
51165011000,2017.0,education_indicator,1.0,
51165011100,2017.0,education_indicator,1.0,
51165011200,2017.0,education_indicator,1.0,
51165011400,2017.0,education_indicator,2.0,
51165011500,2017.0,education_indicator,3.0,
51165011600,2017.0,education_indicator,3.0,
51165011700,2017.0,education_indicator,2.0,
51165011800,2017.0,education_indicator,4.0,
51165011900,2017.0,education_indicator,3.0,
51165012000,2017.0,education_indicator,1.0,
51167030100,2017.0,education_indicator,1.0,
51167030200,2017.0,education_indicator,1.0,
51167030300,2017.0,education_indicator,1.0,
51167030401,2017.0,education_indicator,2.0,
51167030402,2017.0,education_indicator,1.0,
51167030500,2017.0,education_indicator,1.0,
51167030600,2017.0,education_indicator,1.0,
51169030100,2017.0,education_indicator,1.0,
51169030200,2017.0,education_indicator,1.0,
51169030300,2017.0,education_indicator,1.0,
51169030400,2017.0,education_indicator,1.0,
51169030500,2017.0,education_indicator,1.0,
51169030600,2017.0,education_indicator,1.0,
51171040100,2017.0,education_indicator,2.0,
51171040201,2017.0,education_indicator,2.0,
51171040202,2017.0,education_indicator,2.0,
51171040300,2017.0,education_indicator,2.0,
51171040400,2017.0,education_indicator,4.0,
51171040500,2017.0,education_indicator,2.0,
51171040600,2017.0,education_indicator,2.0,
51171040700,2017.0,education_indicator,2.0,
51171040800,2017.0,education_indicator,2.0,
51173030100,2017.0,education_indicator,1.0,
51173030200,2017.0,education_indicator,1.0,
51173030301,2017.0,education_indicator,2.0,
51173030302,2017.0,education_indicator,2.0,
51173030400,2017.0,education_indicator,2.0,
51173030500,2017.0,education_indicator,1.0,
51173030600,2017.0,education_indicator,1.0,
51173030701,2017.0,education_indicator,1.0,
51173030702,2017.0,education_indicator,1.0,
51175200100,2017.0,education_indicator,2.0,
51175200200,2017.0,education_indicator,1.0,
51175200300,2017.0,education_indicator,1.0,
51175200400,2017.0,education_indicator,2.0,
51175200500,2017.0,education_indicator,1.0,
51177020104,2017.0,education_indicator,4.0,
51177020105,2017.0,education_indicator,4.0,
51177020106,2017.0,education_indicator,3.0,
51177020107,2017.0,education_indicator,4.0,
51177020108,2017.0,education_indicator,2.0,
51177020109,2017.0,education_indicator,2.0,
51177020110,2017.0,education_indicator,2.0,
51177020111,2017.0,education_indicator,4.0,
51177020112,2017.0,education_indicator,3.0,
51177020113,2017.0,education_indicator,3.0,
51177020114,2017.0,education_indicator,3.0,
51177020201,2017.0,education_indicator,3.0,
51177020202,2017.0,education_indicator,3.0,
51177020203,2017.0,education_indicator,4.0,
51177020204,2017.0,education_indicator,4.0,
51177020205,2017.0,education_indicator,3.0,
51177020304,2017.0,education_indicator,3.0,
51177020305,2017.0,education_indicator,3.0,
51177020306,2017.0,education_indicator,3.0,
51177020307,2017.0,education_indicator,2.0,
51177020308,2017.0,education_indicator,3.0,
51177020309,2017.0,education_indicator,3.0,
51177020310,2017.0,education_indicator,3.0,
51177020311,2017.0,education_indicator,2.0,
51177020403,2017.0,education_indicator,1.0,
51177020404,2017.0,education_indicator,2.0,
51177020405,2017.0,education_indicator,3.0,
51177020406,2017.0,education_indicator,2.0,
51177020407,2017.0,education_indicator,3.0,
51177020408,2017.0,education_indicator,3.0,
51179010103,2017.0,education_indicator,4.0,
51179010105,2017.0,education_indicator,4.0,
51179010106,2017.0,education_indicator,4.0,
51179010107,2017.0,education_indicator,4.0,
51179010108,2017.0,education_indicator,3.0,
51179010201,2017.0,education_indicator,5.0,
51179010202,2017.0,education_indicator,4.0,
51179010204,2017.0,education_indicator,4.0,
51179010205,2017.0,education_indicator,4.0,
51179010206,2017.0,education_indicator,4.0,
51179010207,2017.0,education_indicator,3.0,
51179010210,2017.0,education_indicator,4.0,
51179010211,2017.0,education_indicator,4.0,
51179010212,2017.0,education_indicator,4.0,
51179010213,2017.0,education_indicator,5.0,
51179010214,2017.0,education_indicator,4.0,
51179010301,2017.0,education_indicator,3.0,
51179010303,2017.0,education_indicator,3.0,
51179010304,2017.0,education_indicator,3.0,
51179010305,2017.0,education_indicator,4.0,
51179010403,2017.0,education_indicator,3.0,
51179010404,2017.0,education_indicator,4.0,
51179010405,2017.0,education_indicator,4.0,
51179010406,2017.0,education_indicator,4.0,
51179010502,2017.0,education_indicator,4.0,
51179010503,2017.0,education_indicator,3.0,
51179010504,2017.0,education_indicator,3.0,
51181860100,2017.0,education_indicator,2.0,
51181860200,2017.0,education_indicator,1.0,
51183870100,2017.0,education_indicator,2.0,
51183870201,2017.0,education_indicator,1.0,
51183870202,2017.0,education_indicator,1.0,
51183870300,2017.0,education_indicator,1.0,
51183870400,2017.0,education_indicator,1.0,
51185020100,2017.0,education_indicator,1.0,
51185020200,2017.0,education_indicator,2.0,
51185020300,2017.0,education_indicator,1.0,
51185020400,2017.0,education_indicator,1.0,
51185020500,2017.0,education_indicator,1.0,
51185020600,2017.0,education_indicator,1.0,
51185020700,2017.0,education_indicator,2.0,
51185020800,2017.0,education_indicator,1.0,
51185020900,2017.0,education_indicator,1.0,
51185021000,2017.0,education_indicator,1.0,
51185021100,2017.0,education_indicator,3.0,
51187020100,2017.0,education_indicator,3.0,
51187020200,2017.0,education_indicator,3.0,
51187020300,2017.0,education_indicator,2.0,
51187020400,2017.0,education_indicator,2.0,
51187020500,2017.0,education_indicator,1.0,
51187020601,2017.0,education_indicator,2.0,
51187020602,2017.0,education_indicator,2.0,
51187020700,2017.0,education_indicator,2.0,
51191010100,2017.0,education_indicator,2.0,
51191010200,2017.0,education_indicator,2.0,
51191010300,2017.0,education_indicator,1.0,
51191010401,2017.0,education_indicator,5.0,
51191010402,2017.0,education_indicator,3.0,
51191010501,2017.0,education_indicator,3.0,
51191010502,2017.0,education_indicator,2.0,
51191010601,2017.0,education_indicator,3.0,
51191010602,2017.0,education_indicator,1.0,
51191010700,2017.0,education_indicator,2.0,
51191010800,2017.0,education_indicator,1.0,
51191010900,2017.0,education_indicator,2.0,
51191011000,2017.0,education_indicator,3.0,
51193010100,2017.0,education_indicator,2.0,
51193010200,2017.0,education_indicator,2.0,
51193010300,2017.0,education_indicator,1.0,
51193010400,2017.0,education_indicator,1.0,
51195930700,2017.0,education_indicator,1.0,
51195930800,2017.0,education_indicator,1.0,
51195930900,2017.0,education_indicator,2.0,
51195931000,2017.0,education_indicator,1.0,
51195931100,2017.0,education_indicator,1.0,
51195931200,2017.0,education_indicator,1.0,
51195931300,2017.0,education_indicator,1.0,
51195931400,2017.0,education_indicator,2.0,
51195931500,2017.0,education_indicator,1.0,
51195931600,2017.0,education_indicator,1.0,
51195931700,2017.0,education_indicator,1.0,
51197050100,2017.0,education_indicator,2.0,
51197050200,2017.0,education_indicator,2.0,
51197050301,2017.0,education_indicator,2.0,
51197050302,2017.0,education_indicator,2.0,
51197050401,2017.0,education_indicator,1.0,
51197050402,2017.0,education_indicator,2.0,
51199050203,2017.0,education_indicator,5.0,
51199050204,2017.0,education_indicator,4.0,
51199050205,2017.0,education_indicator,4.0,
51199050206,2017.0,education_indicator,4.0,
51199050303,2017.0,education_indicator,4.0,
51199050304,2017.0,education_indicator,4.0,
51199050305,2017.0,education_indicator,5.0,
51199050306,2017.0,education_indicator,3.0,
51199050401,2017.0,education_indicator,5.0,
51199050402,2017.0,education_indicator,4.0,
51199050500,2017.0,education_indicator,3.0,
51199050900,2017.0,education_indicator,3.0,
51199051000,2017.0,education_indicator,3.0,
51199051100,2017.0,education_indicator,4.0,
51510200102,2017.0,education_indicator,3.0,
51510200103,2017.0,education_indicator,3.0,
51510200104,2017.0,education_indicator,3.0,
51510200105,2017.0,education_indicator,3.0,
51510200106,2017.0,education_indicator,4.0,
51510200107,2017.0,education_indicator,5.0,
51510200201,2017.0,education_indicator,5.0,
51510200202,2017.0,education_indicator,5.0,
51510200301,2017.0,education_indicator,4.0,
51510200302,2017.0,education_indicator,4.0,
51510200303,2017.0,education_indicator,4.0,
51510200403,2017.0,education_indicator,5.0,
51510200404,2017.0,education_indicator,5.0,
51510200405,2017.0,education_indicator,5.0,
51510200406,2017.0,education_indicator,4.0,
51510200407,2017.0,education_indicator,5.0,
51510200500,2017.0,education_indicator,5.0,
51510200600,2017.0,education_indicator,3.0,
51510200701,2017.0,education_indicator,5.0,
51510200702,2017.0,education_indicator,5.0,
51510200703,2017.0,education_indicator,5.0,
51510200801,2017.0,education_indicator,5.0,
51510200802,2017.0,education_indicator,5.0,
51510200900,2017.0,education_indicator,5.0,
51510201000,2017.0,education_indicator,5.0,
51510201100,2017.0,education_indicator,5.0,
51510201202,2017.0,education_indicator,5.0,
51510201203,2017.0,education_indicator,1.0,
51510201204,2017.0,education_indicator,3.0,
51510201300,2017.0,education_indicator,5.0,
51510201400,2017.0,education_indicator,5.0,
51510201500,2017.0,education_indicator,5.0,
51510201600,2017.0,education_indicator,5.0,
51510201801,2017.0,education_indicator,5.0,
51510201802,2017.0,education_indicator,5.0,
51510201900,2017.0,education_indicator,5.0,
51510202001,2017.0,education_indicator,5.0,
51510202002,2017.0,education_indicator,5.0,
51520020100,2017.0,education_indicator,2.0,
51520020200,2017.0,education_indicator,3.0,
51520020300,2017.0,education_indicator,1.0,
51520020400,2017.0,education_indicator,3.0,
51530930600,2017.0,education_indicator,1.0,
51540000201,2017.0,education_indicator,4.0,
51540000202,2017.0,education_indicator,2.0,
51540000302,2017.0,education_indicator,4.0,
51540000401,2017.0,education_indicator,2.0,
51540000402,2017.0,education_indicator,3.0,
51540000501,2017.0,education_indicator,3.0,
51540000502,2017.0,education_indicator,5.0,
51540000600,2017.0,education_indicator,5.0,
51540000700,2017.0,education_indicator,5.0,
51540000800,2017.0,education_indicator,4.0,
51540000900,2017.0,education_indicator,4.0,
51540001000,2017.0,education_indicator,5.0,
51550020001,2017.0,education_indicator,1.0,
51550020002,2017.0,education_indicator,1.0,
51550020003,2017.0,education_indicator,2.0,
51550020100,2017.0,education_indicator,1.0,
51550020200,2017.0,education_indicator,1.0,
51550020300,2017.0,education_indicator,1.0,
51550020400,2017.0,education_indicator,1.0,
51550020500,2017.0,education_indicator,1.0,
51550020600,2017.0,education_indicator,2.0,
51550020700,2017.0,education_indicator,1.0,
51550020804,2017.0,education_indicator,4.0,
51550020805,2017.0,education_indicator,3.0,
51550020806,2017.0,education_indicator,4.0,
51550020807,2017.0,education_indicator,4.0,
51550020808,2017.0,education_indicator,4.0,
51550020809,2017.0,education_indicator,3.0,
51550020903,2017.0,education_indicator,2.0,
51550020904,2017.0,education_indicator,4.0,
51550020905,2017.0,education_indicator,2.0,
51550020906,2017.0,education_indicator,3.0,
51550021004,2017.0,education_indicator,4.0,
51550021005,2017.0,education_indicator,3.0,
51550021006,2017.0,education_indicator,4.0,
51550021009,2017.0,education_indicator,4.0,
51550021010,2017.0,education_indicator,4.0,
51550021011,2017.0,education_indicator,4.0,
51550021012,2017.0,education_indicator,4.0,
51550021013,2017.0,education_indicator,4.0,
51550021101,2017.0,education_indicator,4.0,
51550021102,2017.0,education_indicator,3.0,
51550021200,2017.0,education_indicator,3.0,
51550021301,2017.0,education_indicator,3.0,
51550021302,2017.0,education_indicator,4.0,
51550021401,2017.0,education_indicator,3.0,
51550021402,2017.0,education_indicator,3.0,
51550021403,2017.0,education_indicator,1.0,
51550021404,2017.0,education_indicator,2.0,
51550021501,2017.0,education_indicator,3.0,
51550021502,2017.0,education_indicator,3.0,
51550021601,2017.0,education_indicator,4.0,
51550021602,2017.0,education_indicator,3.0,
51570830100,2017.0,education_indicator,3.0,
51570830200,2017.0,education_indicator,1.0,
51570830300,2017.0,education_indicator,3.0,
51570830400,2017.0,education_indicator,2.0,
51570830500,2017.0,education_indicator,2.0,
51580060100,2017.0,education_indicator,1.0,
51580060200,2017.0,education_indicator,2.0,
51590000100,2017.0,education_indicator,3.0,
51590000200,2017.0,education_indicator,1.0,
51590000300,2017.0,education_indicator,1.0,
51590000400,2017.0,education_indicator,1.0,
51590000500,2017.0,education_indicator,1.0,
51590000600,2017.0,education_indicator,1.0,
51590000700,2017.0,education_indicator,4.0,
51590000800,2017.0,education_indicator,2.0,
51590000900,2017.0,education_indicator,2.0,
51590001000,2017.0,education_indicator,1.0,
51590001100,2017.0,education_indicator,2.0,
51590001200,2017.0,education_indicator,2.0,
51590001301,2017.0,education_indicator,1.0,
51590001302,2017.0,education_indicator,1.0,
51590001400,2017.0,education_indicator,2.0,
51590980100,2017.0,education_indicator,3.0,
51595890100,2017.0,education_indicator,1.0,
51595890200,2017.0,education_indicator,1.0,
51600300100,2017.0,education_indicator,4.0,
51600300200,2017.0,education_indicator,4.0,
51600300300,2017.0,education_indicator,5.0,
51600300400,2017.0,education_indicator,3.0,
51600300500,2017.0,education_indicator,5.0,
51610500100,2017.0,education_indicator,5.0,
51610500200,2017.0,education_indicator,5.0,
51610500300,2017.0,education_indicator,5.0,
51620090100,2017.0,education_indicator,3.0,
51620090200,2017.0,education_indicator,1.0,
51630000100,2017.0,education_indicator,5.0,
51630000200,2017.0,education_indicator,3.0,
51630000301,2017.0,education_indicator,4.0,
51630000302,2017.0,education_indicator,3.0,
51630000400,2017.0,education_indicator,2.0,
51630000500,2017.0,education_indicator,4.0,
51640070101,2017.0,education_indicator,1.0,
51640070102,2017.0,education_indicator,1.0,
51650010103,2017.0,education_indicator,3.0,
51650010104,2017.0,education_indicator,2.0,
51650010200,2017.0,education_indicator,4.0,
51650010304,2017.0,education_indicator,3.0,
51650010306,2017.0,education_indicator,2.0,
51650010307,2017.0,education_indicator,4.0,
51650010309,2017.0,education_indicator,3.0,
51650010310,2017.0,education_indicator,3.0,
51650010311,2017.0,education_indicator,4.0,
51650010312,2017.0,education_indicator,3.0,
51650010313,2017.0,education_indicator,3.0,
51650010314,2017.0,education_indicator,2.0,
51650010400,2017.0,education_indicator,2.0,
51650010501,2017.0,education_indicator,2.0,
51650010502,2017.0,education_indicator,3.0,
51650010601,2017.0,education_indicator,1.0,
51650010602,2017.0,education_indicator,2.0,
51650010701,2017.0,education_indicator,2.0,
51650010702,2017.0,education_indicator,2.0,
51650010703,2017.0,education_indicator,4.0,
51650010800,2017.0,education_indicator,3.0,
51650010900,2017.0,education_indicator,2.0,
51650011000,2017.0,education_indicator,2.0,
51650011100,2017.0,education_indicator,5.0,
51650011200,2017.0,education_indicator,2.0,
51650011300,2017.0,education_indicator,2.0,
51650011400,2017.0,education_indicator,1.0,
51650011500,2017.0,education_indicator,4.0,
51650011600,2017.0,education_indicator,3.0,
51650011800,2017.0,education_indicator,2.0,
51650011900,2017.0,education_indicator,2.0,
51650012000,2017.0,education_indicator,2.0,
51650012100,2017.0,education_indicator,4.0,
51660000101,2017.0,education_indicator,2.0,
51660000102,2017.0,education_indicator,4.0,
51660000203,2017.0,education_indicator,4.0,
51660000204,2017.0,education_indicator,2.0,
51660000205,2017.0,education_indicator,3.0,
51660000206,2017.0,education_indicator,2.0,
51660000207,2017.0,education_indicator,3.0,
51660000301,2017.0,education_indicator,3.0,
51660000302,2017.0,education_indicator,2.0,
51660000401,2017.0,education_indicator,4.0,
51660000402,2017.0,education_indicator,2.0,
51670820100,2017.0,education_indicator,1.0,
51670820300,2017.0,education_indicator,1.0,
51670820400,2017.0,education_indicator,2.0,
51670820500,2017.0,education_indicator,2.0,
51670820600,2017.0,education_indicator,1.0,
51670820700,2017.0,education_indicator,1.0,
51678930500,2017.0,education_indicator,3.0,
51680000100,2017.0,education_indicator,5.0,
51680000201,2017.0,education_indicator,5.0,
51680000202,2017.0,education_indicator,3.0,
51680000203,2017.0,education_indicator,3.0,
51680000300,2017.0,education_indicator,3.0,
51680000400,2017.0,education_indicator,2.0,
51680000500,2017.0,education_indicator,1.0,
51680000600,2017.0,education_indicator,1.0,
51680000700,2017.0,education_indicator,1.0,
51680000801,2017.0,education_indicator,2.0,
51680000802,2017.0,education_indicator,3.0,
51680000900,2017.0,education_indicator,3.0,
51680001000,2017.0,education_indicator,3.0,
51680001100,2017.0,education_indicator,1.0,
51680001400,2017.0,education_indicator,1.0,
51680001600,2017.0,education_indicator,3.0,
51680001700,2017.0,education_indicator,4.0,
51680001800,2017.0,education_indicator,3.0,
51680001900,2017.0,education_indicator,1.0,
51683910100,2017.0,education_indicator,3.0,
51683910201,2017.0,education_indicator,3.0,
51683910202,2017.0,education_indicator,2.0,
51683910301,2017.0,education_indicator,2.0,
51683910302,2017.0,education_indicator,1.0,
51683910401,2017.0,education_indicator,1.0,
51683910402,2017.0,education_indicator,4.0,
51685920100,2017.0,education_indicator,1.0,
51685920200,2017.0,education_indicator,3.0,
51690000100,2017.0,education_indicator,1.0,
51690000200,2017.0,education_indicator,1.0,
51690000300,2017.0,education_indicator,1.0,
51690000400,2017.0,education_indicator,1.0,
51690000500,2017.0,education_indicator,4.0,
51700030100,2017.0,education_indicator,1.0,
51700030300,2017.0,education_indicator,1.0,
51700030400,2017.0,education_indicator,1.0,
51700030500,2017.0,education_indicator,1.0,
51700030600,2017.0,education_indicator,1.0,
51700030800,2017.0,education_indicator,1.0,
51700030900,2017.0,education_indicator,1.0,
51700031100,2017.0,education_indicator,4.0,
51700031200,2017.0,education_indicator,1.0,
51700031300,2017.0,education_indicator,1.0,
51700031400,2017.0,education_indicator,2.0,
51700031500,2017.0,education_indicator,4.0,
51700031601,2017.0,education_indicator,3.0,
51700031602,2017.0,education_indicator,2.0,
51700031701,2017.0,education_indicator,4.0,
51700031702,2017.0,education_indicator,3.0,
51700031800,2017.0,education_indicator,5.0,
51700031901,2017.0,education_indicator,4.0,
51700031902,2017.0,education_indicator,4.0,
51700032001,2017.0,education_indicator,4.0,
51700032002,2017.0,education_indicator,4.0,
51700032005,2017.0,education_indicator,2.0,
51700032006,2017.0,education_indicator,2.0,
51700032007,2017.0,education_indicator,3.0,
51700032113,2017.0,education_indicator,3.0,
51700032114,2017.0,education_indicator,4.0,
51700032117,2017.0,education_indicator,3.0,
51700032123,2017.0,education_indicator,2.0,
51700032124,2017.0,education_indicator,3.0,
51700032126,2017.0,education_indicator,1.0,
51700032127,2017.0,education_indicator,4.0,
51700032128,2017.0,education_indicator,1.0,
51700032129,2017.0,education_indicator,3.0,
51700032130,2017.0,education_indicator,4.0,
51700032131,2017.0,education_indicator,4.0,
51700032132,2017.0,education_indicator,3.0,
51700032211,2017.0,education_indicator,3.0,
51700032212,2017.0,education_indicator,2.0,
51700032223,2017.0,education_indicator,3.0,
51700032224,2017.0,education_indicator,3.0,
51700032225,2017.0,education_indicator,2.0,
51700032226,2017.0,education_indicator,1.0,
51700032300,2017.0,education_indicator,3.0,
51700032400,2017.0,education_indicator,3.0,
51710000100,2017.0,education_indicator,3.0,
51710000201,2017.0,education_indicator,2.0,
51710000202,2017.0,education_indicator,3.0,
51710000300,2017.0,education_indicator,2.0,
51710000400,2017.0,education_indicator,3.0,
51710000500,2017.0,education_indicator,3.0,
51710000600,2017.0,education_indicator,2.0,
51710000700,2017.0,education_indicator,3.0,
51710000800,2017.0,education_indicator,2.0,
51710000901,2017.0,education_indicator,2.0,
51710000902,2017.0,education_indicator,3.0,
51710001100,2017.0,education_indicator,2.0,
51710001200,2017.0,education_indicator,4.0,
51710001300,2017.0,education_indicator,3.0,
51710001400,2017.0,education_indicator,3.0,
51710001500,2017.0,education_indicator,4.0,
51710001600,2017.0,education_indicator,3.0,
51710001700,2017.0,education_indicator,4.0,
51710002000,2017.0,education_indicator,3.0,
51710002100,2017.0,education_indicator,4.0,
51710002200,2017.0,education_indicator,5.0,
51710002300,2017.0,education_indicator,5.0,
51710002400,2017.0,education_indicator,5.0,
51710002500,2017.0,education_indicator,2.0,
51710002600,2017.0,education_indicator,4.0,
51710002700,2017.0,education_indicator,2.0,
51710002800,2017.0,education_indicator,5.0,
51710002900,2017.0,education_indicator,1.0,
51710003000,2017.0,education_indicator,4.0,
51710003100,2017.0,education_indicator,1.0,
51710003200,2017.0,education_indicator,1.0,
51710003300,2017.0,education_indicator,1.0,
51710003400,2017.0,education_indicator,2.0,
51710003501,2017.0,education_indicator,1.0,
51710003600,2017.0,education_indicator,5.0,
51710003700,2017.0,education_indicator,5.0,
51710003800,2017.0,education_indicator,5.0,
51710004001,2017.0,education_indicator,5.0,
51710004002,2017.0,education_indicator,5.0,
51710004100,2017.0,education_indicator,1.0,
51710004200,2017.0,education_indicator,1.0,
51710004300,2017.0,education_indicator,2.0,
51710004400,2017.0,education_indicator,2.0,
51710004500,2017.0,education_indicator,3.0,
51710004600,2017.0,education_indicator,1.0,
51710004700,2017.0,education_indicator,2.0,
51710004800,2017.0,education_indicator,1.0,
51710004900,2017.0,education_indicator,5.0,
51710005000,2017.0,education_indicator,1.0,
51710005100,2017.0,education_indicator,1.0,
51710005500,2017.0,education_indicator,1.0,
51710005601,2017.0,education_indicator,2.0,
51710005602,2017.0,education_indicator,2.0,
51710005701,2017.0,education_indicator,2.0,
51710005702,2017.0,education_indicator,2.0,
51710005800,2017.0,education_indicator,1.0,
51710005901,2017.0,education_indicator,2.0,
51710005902,2017.0,education_indicator,2.0,
51710005903,2017.0,education_indicator,2.0,
51710006000,2017.0,education_indicator,2.0,
51710006100,2017.0,education_indicator,2.0,
51710006200,2017.0,education_indicator,2.0,
51710006400,2017.0,education_indicator,2.0,
51710006501,2017.0,education_indicator,3.0,
51710006502,2017.0,education_indicator,4.0,
51710006601,2017.0,education_indicator,3.0,
51710006602,2017.0,education_indicator,2.0,
51710006603,2017.0,education_indicator,2.0,
51710006604,2017.0,education_indicator,1.0,
51710006605,2017.0,education_indicator,4.0,
51710006606,2017.0,education_indicator,3.0,
51710006607,2017.0,education_indicator,2.0,
51710006800,2017.0,education_indicator,3.0,
51710006901,2017.0,education_indicator,2.0,
51710006902,2017.0,education_indicator,2.0,
51710007001,2017.0,education_indicator,3.0,
51710007002,2017.0,education_indicator,2.0,
51710980200,2017.0,education_indicator,1.0,
51710980300,2017.0,education_indicator,1.0,
51720960100,2017.0,education_indicator,2.0,
51730810100,2017.0,education_indicator,1.0,
51730810300,2017.0,education_indicator,1.0,
51730810400,2017.0,education_indicator,1.0,
51730810500,2017.0,education_indicator,1.0,
51730810600,2017.0,education_indicator,1.0,
51730810700,2017.0,education_indicator,1.0,
51730810900,2017.0,education_indicator,2.0,
51730811000,2017.0,education_indicator,2.0,
51730811100,2017.0,education_indicator,2.0,
51730811200,2017.0,education_indicator,1.0,
51730811300,2017.0,education_indicator,1.0,
51735340100,2017.0,education_indicator,4.0,
51735340200,2017.0,education_indicator,3.0,
51735340300,2017.0,education_indicator,3.0,
51740210200,2017.0,education_indicator,2.0,
51740210300,2017.0,education_indicator,3.0,
51740210400,2017.0,education_indicator,4.0,
51740210500,2017.0,education_indicator,2.0,
51740210600,2017.0,education_indicator,3.0,
51740210900,2017.0,education_indicator,3.0,
51740211100,2017.0,education_indicator,1.0,
51740211400,2017.0,education_indicator,2.0,
51740211500,2017.0,education_indicator,1.0,
51740211600,2017.0,education_indicator,2.0,
51740211700,2017.0,education_indicator,1.0,
51740211800,2017.0,education_indicator,1.0,
51740211900,2017.0,education_indicator,2.0,
51740212000,2017.0,education_indicator,1.0,
51740212100,2017.0,education_indicator,1.0,
51740212300,2017.0,education_indicator,1.0,
51740212400,2017.0,education_indicator,1.0,
51740212500,2017.0,education_indicator,1.0,
51740212600,2017.0,education_indicator,2.0,
51740212701,2017.0,education_indicator,2.0,
51740212702,2017.0,education_indicator,2.0,
51740212801,2017.0,education_indicator,2.0,
51740212802,2017.0,education_indicator,2.0,
51740212900,2017.0,education_indicator,2.0,
51740213001,2017.0,education_indicator,4.0,
51740213002,2017.0,education_indicator,3.0,
51740213101,2017.0,education_indicator,2.0,
51740213103,2017.0,education_indicator,3.0,
51740213104,2017.0,education_indicator,3.0,
51740213200,2017.0,education_indicator,2.0,
51740980100,2017.0,education_indicator,1.0,
51750010101,2017.0,education_indicator,4.0,
51750010102,2017.0,education_indicator,4.0,
51750010200,2017.0,education_indicator,3.0,
51760010200,2017.0,education_indicator,4.0,
51760010300,2017.0,education_indicator,1.0,
51760010401,2017.0,education_indicator,5.0,
51760010402,2017.0,education_indicator,4.0,
51760010500,2017.0,education_indicator,3.0,
51760010600,2017.0,education_indicator,3.0,
51760010700,2017.0,education_indicator,2.0,
51760010800,2017.0,education_indicator,1.0,
51760010900,2017.0,education_indicator,1.0,
51760011000,2017.0,education_indicator,2.0,
51760011100,2017.0,education_indicator,3.0,
51760020100,2017.0,education_indicator,1.0,
51760020200,2017.0,education_indicator,1.0,
51760020300,2017.0,education_indicator,1.0,
51760020400,2017.0,education_indicator,1.0,
51760020500,2017.0,education_indicator,4.0,
51760020600,2017.0,education_indicator,4.0,
51760020700,2017.0,education_indicator,2.0,
51760020800,2017.0,education_indicator,5.0,
51760020900,2017.0,education_indicator,2.0,
51760021000,2017.0,education_indicator,2.0,
51760021100,2017.0,education_indicator,2.0,
51760021200,2017.0,education_indicator,1.0,
51760030100,2017.0,education_indicator,1.0,
51760030200,2017.0,education_indicator,4.0,
51760030500,2017.0,education_indicator,5.0,
51760040200,2017.0,education_indicator,2.0,
51760040300,2017.0,education_indicator,5.0,
51760040400,2017.0,education_indicator,4.0,
51760040500,2017.0,education_indicator,5.0,
51760040600,2017.0,education_indicator,5.0,
51760040700,2017.0,education_indicator,4.0,
51760040800,2017.0,education_indicator,4.0,
51760040900,2017.0,education_indicator,5.0,
51760041000,2017.0,education_indicator,5.0,
51760041100,2017.0,education_indicator,4.0,
51760041200,2017.0,education_indicator,4.0,
51760041300,2017.0,education_indicator,2.0,
51760041400,2017.0,education_indicator,3.0,
51760041600,2017.0,education_indicator,3.0,
51760050100,2017.0,education_indicator,5.0,
51760050200,2017.0,education_indicator,5.0,
51760050300,2017.0,education_indicator,5.0,
51760050400,2017.0,education_indicator,5.0,
51760050500,2017.0,education_indicator,5.0,
51760050600,2017.0,education_indicator,5.0,
51760060200,2017.0,education_indicator,1.0,
51760060400,2017.0,education_indicator,1.0,
51760060500,2017.0,education_indicator,3.0,
51760060600,2017.0,education_indicator,5.0,
51760060700,2017.0,education_indicator,1.0,
51760060800,2017.0,education_indicator,1.0,
51760060900,2017.0,education_indicator,1.0,
51760061000,2017.0,education_indicator,2.0,
51760070100,2017.0,education_indicator,5.0,
51760070300,2017.0,education_indicator,3.0,
51760070400,2017.0,education_indicator,5.0,
51760070601,2017.0,education_indicator,1.0,
51760070602,2017.0,education_indicator,1.0,
51760070700,2017.0,education_indicator,1.0,
51760070801,2017.0,education_indicator,1.0,
51760070802,2017.0,education_indicator,1.0,
51760070900,2017.0,education_indicator,1.0,
51760071001,2017.0,education_indicator,3.0,
51760071002,2017.0,education_indicator,1.0,
51760071100,2017.0,education_indicator,4.0,
51770000100,2017.0,education_indicator,1.0,
51770000300,2017.0,education_indicator,1.0,
51770000400,2017.0,education_indicator,2.0,
51770000500,2017.0,education_indicator,1.0,
51770000601,2017.0,education_indicator,2.0,
51770000602,2017.0,education_indicator,2.0,
51770000900,2017.0,education_indicator,1.0,
51770001000,2017.0,education_indicator,1.0,
51770001100,2017.0,education_indicator,4.0,
51770001200,2017.0,education_indicator,2.0,
51770001800,2017.0,education_indicator,4.0,
51770001900,2017.0,education_indicator,3.0,
51770002100,2017.0,education_indicator,4.0,
51770002200,2017.0,education_indicator,2.0,
51770002300,2017.0,education_indicator,2.0,
51770002400,2017.0,education_indicator,1.0,
51770002500,2017.0,education_indicator,1.0,
51770002600,2017.0,education_indicator,1.0,
51770002700,2017.0,education_indicator,1.0,
51770002800,2017.0,education_indicator,2.0,
51770002900,2017.0,education_indicator,5.0,
51770003000,2017.0,education_indicator,4.0,
51770003100,2017.0,education_indicator,4.0,
51775010100,2017.0,education_indicator,3.0,
51775010200,2017.0,education_indicator,4.0,
51775010300,2017.0,education_indicator,2.0,
51775010501,2017.0,education_indicator,4.0,
51775010502,2017.0,education_indicator,3.0,
51790000100,2017.0,education_indicator,4.0,
51790000200,2017.0,education_indicator,1.0,
51790000300,2017.0,education_indicator,3.0,
51790000400,2017.0,education_indicator,3.0,
51790000500,2017.0,education_indicator,4.0,
51790000600,2017.0,education_indicator,2.0,
51800065100,2017.0,education_indicator,1.0,
51800065200,2017.0,education_indicator,3.0,
51800065300,2017.0,education_indicator,2.0,
51800065400,2017.0,education_indicator,1.0,
51800065500,2017.0,education_indicator,1.0,
51800075101,2017.0,education_indicator,3.0,
51800075102,2017.0,education_indicator,5.0,
51800075201,2017.0,education_indicator,3.0,
51800075202,2017.0,education_indicator,3.0,
51800075203,2017.0,education_indicator,4.0,
51800075204,2017.0,education_indicator,2.0,
51800075301,2017.0,education_indicator,4.0,
51800075302,2017.0,education_indicator,2.0,
51800075401,2017.0,education_indicator,1.0,
51800075402,2017.0,education_indicator,3.0,
51800075403,2017.0,education_indicator,4.0,
51800075404,2017.0,education_indicator,4.0,
51800075405,2017.0,education_indicator,3.0,
51800075501,2017.0,education_indicator,2.0,
51800075502,2017.0,education_indicator,3.0,
51800075601,2017.0,education_indicator,2.0,
51800075602,2017.0,education_indicator,1.0,
51800075701,2017.0,education_indicator,2.0,
51800075702,2017.0,education_indicator,2.0,
51800075703,2017.0,education_indicator,2.0,
51800075801,2017.0,education_indicator,2.0,
51800075802,2017.0,education_indicator,1.0,
51800075803,2017.0,education_indicator,3.0,
51810040000,2017.0,education_indicator,3.0,
51810040200,2017.0,education_indicator,2.0,
51810040402,2017.0,education_indicator,3.0,
51810040403,2017.0,education_indicator,3.0,
51810040404,2017.0,education_indicator,5.0,
51810040600,2017.0,education_indicator,3.0,
51810040801,2017.0,education_indicator,2.0,
51810040802,2017.0,education_indicator,2.0,
51810041002,2017.0,education_indicator,2.0,
51810041003,2017.0,education_indicator,3.0,
51810041004,2017.0,education_indicator,1.0,
51810041200,2017.0,education_indicator,4.0,
51810041400,2017.0,education_indicator,5.0,
51810041600,2017.0,education_indicator,4.0,
51810041801,2017.0,education_indicator,4.0,
51810041802,2017.0,education_indicator,5.0,
51810042000,2017.0,education_indicator,5.0,
51810042201,2017.0,education_indicator,5.0,
51810042202,2017.0,education_indicator,4.0,
51810042400,2017.0,education_indicator,3.0,
51810042600,2017.0,education_indicator,4.0,
51810042801,2017.0,education_indicator,2.0,
51810042802,2017.0,education_indicator,3.0,
51810043002,2017.0,education_indicator,5.0,
51810043003,2017.0,education_indicator,4.0,
51810043004,2017.0,education_indicator,4.0,
51810043200,2017.0,education_indicator,3.0,
51810043400,2017.0,education_indicator,5.0,
51810043600,2017.0,education_indicator,5.0,
51810043800,2017.0,education_indicator,5.0,
51810044001,2017.0,education_indicator,4.0,
51810044003,2017.0,education_indicator,4.0,
51810044004,2017.0,education_indicator,4.0,
51810044200,2017.0,education_indicator,3.0,
51810044401,2017.0,education_indicator,5.0,
51810044402,2017.0,education_indicator,4.0,
51810044600,2017.0,education_indicator,4.0,
51810044805,2017.0,education_indicator,3.0,
51810044806,2017.0,education_indicator,2.0,
51810044807,2017.0,education_indicator,3.0,
51810044808,2017.0,education_indicator,3.0,
51810045000,2017.0,education_indicator,3.0,
51810045200,2017.0,education_indicator,3.0,
51810045405,2017.0,education_indicator,2.0,
51810045406,2017.0,education_indicator,3.0,
51810045407,2017.0,education_indicator,3.0,
51810045408,2017.0,education_indicator,3.0,
51810045412,2017.0,education_indicator,5.0,
51810045414,2017.0,education_indicator,2.0,
51810045415,2017.0,education_indicator,1.0,
51810045417,2017.0,education_indicator,4.0,
51810045420,2017.0,education_indicator,4.0,
51810045421,2017.0,education_indicator,4.0,
51810045422,2017.0,education_indicator,4.0,
51810045423,2017.0,education_indicator,4.0,
51810045424,2017.0,education_indicator,4.0,
51810045425,2017.0,education_indicator,4.0,
51810045426,2017.0,education_indicator,4.0,
51810045427,2017.0,education_indicator,3.0,
51810045428,2017.0,education_indicator,3.0,
51810045601,2017.0,education_indicator,4.0,
51810045603,2017.0,education_indicator,4.0,
51810045604,2017.0,education_indicator,3.0,
51810045801,2017.0,education_indicator,3.0,
51810045803,2017.0,education_indicator,4.0,
51810045805,2017.0,education_indicator,3.0,
51810045806,2017.0,education_indicator,2.0,
51810045807,2017.0,education_indicator,3.0,
51810045808,2017.0,education_indicator,3.0,
51810045809,2017.0,education_indicator,3.0,
51810045810,2017.0,education_indicator,2.0,
51810046002,2017.0,education_indicator,4.0,
51810046005,2017.0,education_indicator,4.0,
51810046006,2017.0,education_indicator,4.0,
51810046009,2017.0,education_indicator,3.0,
51810046010,2017.0,education_indicator,2.0,
51810046011,2017.0,education_indicator,3.0,
51810046012,2017.0,education_indicator,3.0,
51810046013,2017.0,education_indicator,3.0,
51810046014,2017.0,education_indicator,3.0,
51810046015,2017.0,education_indicator,3.0,
51810046016,2017.0,education_indicator,4.0,
51810046204,2017.0,education_indicator,3.0,
51810046206,2017.0,education_indicator,3.0,
51810046207,2017.0,education_indicator,4.0,
51810046211,2017.0,education_indicator,4.0,
51810046212,2017.0,education_indicator,4.0,
51810046213,2017.0,education_indicator,3.0,
51810046214,2017.0,education_indicator,4.0,
51810046216,2017.0,education_indicator,4.0,
51810046217,2017.0,education_indicator,4.0,
51810046219,2017.0,education_indicator,4.0,
51810046220,2017.0,education_indicator,3.0,
51810046221,2017.0,education_indicator,3.0,
51810046222,2017.0,education_indicator,4.0,
51810046223,2017.0,education_indicator,4.0,
51810046224,2017.0,education_indicator,3.0,
51810046225,2017.0,education_indicator,4.0,
51810046400,2017.0,education_indicator,3.0,
51820003100,2017.0,education_indicator,1.0,
51820003200,2017.0,education_indicator,1.0,
51820003300,2017.0,education_indicator,1.0,
51820003400,2017.0,education_indicator,3.0,
51820003500,2017.0,education_indicator,3.0,
51830370100,2017.0,education_indicator,5.0,
51830370200,2017.0,education_indicator,3.0,
51830370300,2017.0,education_indicator,4.0,
51840000100,2017.0,education_indicator,1.0,
51840000201,2017.0,education_indicator,4.0,
51840000202,2017.0,education_indicator,4.0,
51840000301,2017.0,education_indicator,1.0,
51840000302,2017.0,education_indicator,3.0,
